nohup: ignoring input
=== Execução 1 ===
Dataset: /home/nildaimon/gmnet/experiments/train_curl/Datasets/Sanders/twitter-sanders-apple3.csv
Dificuldade: metric=None, mode=None, top_k=None
Rodada: 1
Salvar resultados em: resultados_sanders
Dispositivo de treino: cpu
Carregando e processando dataset Twitter
Carregando embeddings do cache...
/home/nildaimon/gmnet/experiments/train_curl/train_sanders.py:89: FutureWarning: You are using `torch.load` with `weights_only=False` (the current default value), which uses the default pickle module implicitly. It is possible to construct malicious pickle data which will execute arbitrary code during unpickling (See https://github.com/pytorch/pytorch/blob/main/SECURITY.md#untrusted-models for more details). In a future release, the default value for `weights_only` will be flipped to `True`. This limits the functions that could be executed during unpickling. Arbitrary objects will no longer be allowed to be loaded via this mode unless they are explicitly allowlisted by the user via `torch.serialization.add_safe_globals`. We recommend you start setting `weights_only=True` for any use case where you don't have full control of the loaded file. Please open an issue on GitHub for any issues related to this experimental feature.
  embeddings = torch.load(EMBEDDING_CACHE)
/home/nildaimon/gmnet/experiments/train_curl/train_sanders.py:90: FutureWarning: You are using `torch.load` with `weights_only=False` (the current default value), which uses the default pickle module implicitly. It is possible to construct malicious pickle data which will execute arbitrary code during unpickling (See https://github.com/pytorch/pytorch/blob/main/SECURITY.md#untrusted-models for more details). In a future release, the default value for `weights_only` will be flipped to `True`. This limits the functions that could be executed during unpickling. Arbitrary objects will no longer be allowed to be loaded via this mode unless they are explicitly allowlisted by the user via `torch.serialization.add_safe_globals`. We recommend you start setting `weights_only=True` for any use case where you don't have full control of the loaded file. Please open an issue on GitHub for any issues related to this experimental feature.
  labels = torch.load(LABELS_CACHE)
Ignoring val_split as train and val datasets where given to fit function
We have two datasets: training 1092 examples. validation 100 examples.]
Using device cpu
/home/nildaimon/anaconda3/envs/gmnet/lib/python3.12/site-packages/torch/optim/lr_scheduler.py:62: UserWarning: The verbose parameter is deprecated. Please use get_last_lr() to access the learning rate.
  warnings.warn(
/home/nildaimon/gmnet/dlquantification/main.py:835: FutureWarning: `torch.cuda.amp.GradScaler(args...)` is deprecated. Please use `torch.amp.GradScaler('cuda', args...)` instead.
  scaler = torch.cuda.amp.GradScaler(enabled=self.use_fp16)
[Twitter] Starting epoch 0...
/home/nildaimon/gmnet/dlquantification/main.py:888: FutureWarning: `torch.cuda.amp.autocast(args...)` is deprecated. Please use `torch.amp.autocast('cuda', args...)` instead.
  with torch.cuda.amp.autocast(enabled=self.use_fp16):
[Twitter] Elapsed training time:5.39s
[Twitter] Starting validation...
[Twitter] Elapsed validation time:0.25s
[Twitter] [Epoch=000] Train Loss=[QuantLoss=0.05486]Val loss = [QuantLoss=0.02195][QuantReg:0.41260][saved best model in this epoch]
[Twitter] Starting epoch 1...
[Twitter] Elapsed training time:5.44s
[Twitter] Starting validation...
[Twitter] Elapsed validation time:0.25s
[Twitter] [Epoch=001] Train Loss=[QuantLoss=0.03537]Val loss = [QuantLoss=0.00542][QuantReg:0.42989][saved best model in this epoch]
[Twitter] Starting epoch 2...
[Twitter] Elapsed training time:5.44s
[Twitter] Starting validation...
[Twitter] Elapsed validation time:0.26s
[Twitter] [Epoch=002] Train Loss=[QuantLoss=0.03003]Val loss = [QuantLoss=0.03163][QuantReg:0.38961]
[Twitter] Starting epoch 3...
[Twitter] Elapsed training time:5.47s
[Twitter] Starting validation...
[Twitter] Elapsed validation time:0.27s
[Twitter] [Epoch=003] Train Loss=[QuantLoss=0.03077]Val loss = [QuantLoss=0.04356][QuantReg:0.39902]
[Twitter] Starting epoch 4...
[Twitter] Elapsed training time:5.58s
[Twitter] Starting validation...
[Twitter] Elapsed validation time:0.28s
[Twitter] [Epoch=004] Train Loss=[QuantLoss=0.02731]Val loss = [QuantLoss=0.02231][QuantReg:0.41106]
[Twitter] Starting epoch 5...
[Twitter] Elapsed training time:5.46s
[Twitter] Starting validation...
[Twitter] Elapsed validation time:0.28s
[Twitter] [Epoch=005] Train Loss=[QuantLoss=0.02621]Val loss = [QuantLoss=0.03236][QuantReg:0.41466]
[Twitter] Starting epoch 6...
[Twitter] Elapsed training time:5.54s
[Twitter] Starting validation...
[Twitter] Elapsed validation time:0.28s
[Twitter] [Epoch=006] Train Loss=[QuantLoss=0.02611]Val loss = [QuantLoss=0.00841][QuantReg:0.42305]
[Twitter] Starting epoch 7...
[Twitter] Elapsed training time:5.62s
[Twitter] Starting validation...
[Twitter] Elapsed validation time:0.27s
[Twitter] [Epoch=007] Train Loss=[QuantLoss=0.02683]Val loss = [QuantLoss=0.02348][QuantReg:0.45210]
[Twitter] Starting epoch 8...
[Twitter] Elapsed training time:5.56s
[Twitter] Starting validation...
[Twitter] Elapsed validation time:0.27s
[Twitter] [Epoch=008] Train Loss=[QuantLoss=0.02504]Val loss = [QuantLoss=0.01782][QuantReg:0.44539]
[Twitter] Starting epoch 9...
[Twitter] Elapsed training time:5.55s
[Twitter] Starting validation...
[Twitter] Elapsed validation time:0.25s
[Twitter] [Epoch=009] Train Loss=[QuantLoss=0.02433]Val loss = [QuantLoss=0.01965][QuantReg:0.41218]
[Twitter] Starting epoch 10...
[Twitter] Elapsed training time:5.44s
[Twitter] Starting validation...
[Twitter] Elapsed validation time:0.26s
[Twitter] [Epoch=010] Train Loss=[QuantLoss=0.02382]Val loss = [QuantLoss=0.03778][QuantReg:0.41458]
[Twitter] Starting epoch 11...
[Twitter] Elapsed training time:5.52s
[Twitter] Starting validation...
[Twitter] Elapsed validation time:0.26s
[Twitter] [Epoch=011] Train Loss=[QuantLoss=0.02146]Val loss = [QuantLoss=0.00994][QuantReg:0.44092]
[Twitter] Starting epoch 12...
[Twitter] Elapsed training time:5.48s
[Twitter] Starting validation...
[Twitter] Elapsed validation time:0.26s
[Twitter] [Epoch=012] Train Loss=[QuantLoss=0.02219]Val loss = [QuantLoss=0.01258][QuantReg:0.44865]
[Twitter] Starting epoch 13...
[Twitter] Elapsed training time:5.50s
[Twitter] Starting validation...
[Twitter] Elapsed validation time:0.26s
[Twitter] [Epoch=013] Train Loss=[QuantLoss=0.02243]Val loss = [QuantLoss=0.01966][QuantReg:0.42720]
[Twitter] Starting epoch 14...
[Twitter] Elapsed training time:5.57s
[Twitter] Starting validation...
[Twitter] Elapsed validation time:0.27s
[Twitter] [Epoch=014] Train Loss=[QuantLoss=0.02090]Val loss = [QuantLoss=0.04343][QuantReg:0.41998]
[Twitter] Starting epoch 15...
[Twitter] Elapsed training time:5.45s
[Twitter] Starting validation...
[Twitter] Elapsed validation time:0.26s
[Twitter] [Epoch=015] Train Loss=[QuantLoss=0.02011]Val loss = [QuantLoss=0.05092][QuantReg:0.40589]
[Twitter] Starting epoch 16...
[Twitter] Elapsed training time:5.52s
[Twitter] Starting validation...
[Twitter] Elapsed validation time:0.26s
[Twitter] [Epoch=016] Train Loss=[QuantLoss=0.02084]Val loss = [QuantLoss=0.01939][QuantReg:0.41194]
[Twitter] Starting epoch 17...
[Twitter] Elapsed training time:5.51s
[Twitter] Starting validation...
[Twitter] Elapsed validation time:0.26s
[Twitter] [Epoch=017] Train Loss=[QuantLoss=0.02273]Val loss = [QuantLoss=0.07633][QuantReg:0.40726]
[Twitter] Starting epoch 18...
[Twitter] Elapsed training time:5.57s
[Twitter] Starting validation...
[Twitter] Elapsed validation time:0.25s
[Twitter] [Epoch=018] Train Loss=[QuantLoss=0.02074]Val loss = [QuantLoss=0.02408][QuantReg:0.38734]
[Twitter] Starting epoch 19...
[Twitter] Elapsed training time:5.51s
[Twitter] Starting validation...
[Twitter] Elapsed validation time:0.25s
[Twitter] [Epoch=019] Train Loss=[QuantLoss=0.02229]Val loss = [QuantLoss=0.05854][QuantReg:0.39188]
[Twitter] Starting epoch 20...
[Twitter] Elapsed training time:5.46s
[Twitter] Starting validation...
[Twitter] Elapsed validation time:0.26s
[Twitter] [Epoch=020] Train Loss=[QuantLoss=0.02262]Val loss = [QuantLoss=0.01008][QuantReg:0.38817]
[Twitter] Starting epoch 21...
[Twitter] Elapsed training time:5.43s
[Twitter] Starting validation...
[Twitter] Elapsed validation time:0.27s
[Twitter] [Epoch=021] Train Loss=[QuantLoss=0.01929]Val loss = [QuantLoss=0.03700][QuantReg:0.37934]
[Twitter] Starting epoch 22...
[Twitter] Elapsed training time:5.46s
[Twitter] Starting validation...
[Twitter] Elapsed validation time:0.27s
[Twitter] [Epoch=022] Train Loss=[QuantLoss=0.02019]Val loss = [QuantLoss=0.07202][QuantReg:0.38396]
[Twitter] Starting epoch 23...
[Twitter] Elapsed training time:5.40s
[Twitter] Starting validation...
[Twitter] Elapsed validation time:0.27s
[Twitter] [Epoch=023] Train Loss=[QuantLoss=0.02111]Val loss = [QuantLoss=0.03318][QuantReg:0.38791]
[Twitter] Starting epoch 24...
[Twitter] Elapsed training time:5.47s
[Twitter] Starting validation...
[Twitter] Elapsed validation time:0.25s
[Twitter] [Epoch=024] Train Loss=[QuantLoss=0.01731]Val loss = [QuantLoss=0.04152][QuantReg:0.39106]
[Twitter] Starting epoch 25...
[Twitter] Elapsed training time:5.56s
[Twitter] Starting validation...
[Twitter] Elapsed validation time:0.37s
[Twitter] [Epoch=025] Train Loss=[QuantLoss=0.01727]Val loss = [QuantLoss=0.02345][QuantReg:0.38538]
[Twitter] Starting epoch 26...
[Twitter] Elapsed training time:5.54s
[Twitter] Starting validation...
[Twitter] Elapsed validation time:0.27s
[Twitter] [Epoch=026] Train Loss=[QuantLoss=0.01707]Val loss = [QuantLoss=0.01789][QuantReg:0.38122]
[Twitter] Starting epoch 27...
[Twitter] Elapsed training time:5.53s
[Twitter] Starting validation...
[Twitter] Elapsed validation time:0.43s
[Twitter] [Epoch=027] Train Loss=[QuantLoss=0.01754]Val loss = [QuantLoss=0.01511][QuantReg:0.38291]
[Twitter] Starting epoch 28...
[Twitter] Elapsed training time:5.58s
[Twitter] Starting validation...
[Twitter] Elapsed validation time:0.45s
[Twitter] [Epoch=028] Train Loss=[QuantLoss=0.01669]Val loss = [QuantLoss=0.00914][QuantReg:0.38473]
[Twitter] Starting epoch 29...
[Twitter] Elapsed training time:5.57s
[Twitter] Starting validation...
[Twitter] Elapsed validation time:0.40s
[Twitter] [Epoch=029] Train Loss=[QuantLoss=0.01649]Val loss = [QuantLoss=0.01033][QuantReg:0.38435]
[Twitter] Starting epoch 30...
[Twitter] Elapsed training time:5.50s
[Twitter] Starting validation...
[Twitter] Elapsed validation time:0.41s
[Twitter] [Epoch=030] Train Loss=[QuantLoss=0.01729]Val loss = [QuantLoss=0.01138][QuantReg:0.37713]
[Twitter] Starting epoch 31...
[Twitter] Elapsed training time:5.54s
[Twitter] Starting validation...
[Twitter] Elapsed validation time:0.38s
[Twitter] [Epoch=031] Train Loss=[QuantLoss=0.01664]Val loss = [QuantLoss=0.02446][QuantReg:0.37849]
[Twitter] Starting epoch 32...
[Twitter] Elapsed training time:5.54s
[Twitter] Starting validation...
[Twitter] Elapsed validation time:0.40s
[Twitter] [Epoch=032] Train Loss=[QuantLoss=0.01787]Val loss = [QuantLoss=0.01637][QuantReg:0.37882]
[Twitter] Starting epoch 33...
[Twitter] Elapsed training time:4.61s
[Twitter] Starting validation...
[Twitter] Elapsed validation time:0.34s
[Twitter] [Epoch=033] Train Loss=[QuantLoss=0.01473]Val loss = [QuantLoss=0.00541][QuantReg:0.38015][saved best model in this epoch]
[Twitter] Starting epoch 34...
[Twitter] Elapsed training time:4.76s
[Twitter] Starting validation...
[Twitter] Elapsed validation time:0.28s
[Twitter] [Epoch=034] Train Loss=[QuantLoss=0.01655]Val loss = [QuantLoss=0.01113][QuantReg:0.38453]
[Twitter] Starting epoch 35...
[Twitter] Elapsed training time:4.76s
[Twitter] Starting validation...
[Twitter] Elapsed validation time:0.28s
[Twitter] [Epoch=035] Train Loss=[QuantLoss=0.01673]Val loss = [QuantLoss=0.03215][QuantReg:0.38504]
[Twitter] Starting epoch 36...
[Twitter] Elapsed training time:4.44s
[Twitter] Starting validation...
[Twitter] Elapsed validation time:0.31s
[Twitter] [Epoch=036] Train Loss=[QuantLoss=0.01618]Val loss = [QuantLoss=0.02174][QuantReg:0.39378]
[Twitter] Starting epoch 37...
[Twitter] Elapsed training time:4.46s
[Twitter] Starting validation...
[Twitter] Elapsed validation time:0.29s
[Twitter] [Epoch=037] Train Loss=[QuantLoss=0.01634]Val loss = [QuantLoss=0.03677][QuantReg:0.38608]
[Twitter] Starting epoch 38...
[Twitter] Elapsed training time:4.88s
[Twitter] Starting validation...
[Twitter] Elapsed validation time:0.29s
[Twitter] [Epoch=038] Train Loss=[QuantLoss=0.01563]Val loss = [QuantLoss=0.01038][QuantReg:0.38343]
[Twitter] Starting epoch 39...
[Twitter] Elapsed training time:4.97s
[Twitter] Starting validation...
[Twitter] Elapsed validation time:0.33s
[Twitter] [Epoch=039] Train Loss=[QuantLoss=0.01495]Val loss = [QuantLoss=0.01976][QuantReg:0.38406]
[Twitter] Starting epoch 40...
[Twitter] Elapsed training time:5.00s
[Twitter] Starting validation...
[Twitter] Elapsed validation time:0.33s
[Twitter] [Epoch=040] Train Loss=[QuantLoss=0.01602]Val loss = [QuantLoss=0.02416][QuantReg:0.39820]
[Twitter] Starting epoch 41...
[Twitter] Elapsed training time:4.76s
[Twitter] Starting validation...
[Twitter] Elapsed validation time:0.32s
[Twitter] [Epoch=041] Train Loss=[QuantLoss=0.01709]Val loss = [QuantLoss=0.02681][QuantReg:0.39665]
[Twitter] Starting epoch 42...
[Twitter] Elapsed training time:4.66s
[Twitter] Starting validation...
[Twitter] Elapsed validation time:0.31s
[Twitter] [Epoch=042] Train Loss=[QuantLoss=0.01524]Val loss = [QuantLoss=0.01770][QuantReg:0.39037]
[Twitter] Starting epoch 43...
[Twitter] Elapsed training time:5.07s
[Twitter] Starting validation...
[Twitter] Elapsed validation time:0.30s
[Twitter] [Epoch=043] Train Loss=[QuantLoss=0.01441]Val loss = [QuantLoss=0.01441][QuantReg:0.39105]
[Twitter] Starting epoch 44...
[Twitter] Elapsed training time:4.89s
[Twitter] Starting validation...
[Twitter] Elapsed validation time:0.31s
[Twitter] [Epoch=044] Train Loss=[QuantLoss=0.01741]Val loss = [QuantLoss=0.01659][QuantReg:0.39881]
[Twitter] Starting epoch 45...
[Twitter] Elapsed training time:4.65s
[Twitter] Starting validation...
[Twitter] Elapsed validation time:0.31s
[Twitter] [Epoch=045] Train Loss=[QuantLoss=0.01560]Val loss = [QuantLoss=0.02204][QuantReg:0.39049]
[Twitter] Starting epoch 46...
[Twitter] Elapsed training time:4.74s
[Twitter] Starting validation...
[Twitter] Elapsed validation time:0.34s
[Twitter] [Epoch=046] Train Loss=[QuantLoss=0.01555]Val loss = [QuantLoss=0.01883][QuantReg:0.38899]
[Twitter] Starting epoch 47...
[Twitter] Elapsed training time:4.75s
[Twitter] Starting validation...
[Twitter] Elapsed validation time:0.30s
[Twitter] [Epoch=047] Train Loss=[QuantLoss=0.01646]Val loss = [QuantLoss=0.02617][QuantReg:0.38679]
[Twitter] Starting epoch 48...
[Twitter] Elapsed training time:4.75s
[Twitter] Starting validation...
[Twitter] Elapsed validation time:0.32s
[Twitter] [Epoch=048] Train Loss=[QuantLoss=0.01684]Val loss = [QuantLoss=0.01811][QuantReg:0.39413]
[Twitter] Starting epoch 49...
[Twitter] Elapsed training time:5.09s
[Twitter] Starting validation...
[Twitter] Elapsed validation time:0.32s
[Twitter] [Epoch=049] Train Loss=[QuantLoss=0.01524]Val loss = [QuantLoss=0.01402][QuantReg:0.40107]
[Twitter] Starting epoch 50...
[Twitter] Elapsed training time:4.72s
[Twitter] Starting validation...
[Twitter] Elapsed validation time:0.29s
[Twitter] [Epoch=050] Train Loss=[QuantLoss=0.01592]Val loss = [QuantLoss=0.02243][QuantReg:0.39599]
[Twitter] Starting epoch 51...
[Twitter] Elapsed training time:4.76s
[Twitter] Starting validation...
[Twitter] Elapsed validation time:0.30s
[Twitter] [Epoch=051] Train Loss=[QuantLoss=0.01499]Val loss = [QuantLoss=0.02228][QuantReg:0.39896]
[Twitter] Starting epoch 52...
[Twitter] Elapsed training time:4.59s
[Twitter] Starting validation...
[Twitter] Elapsed validation time:0.32s
[Twitter] [Epoch=052] Train Loss=[QuantLoss=0.01540]Val loss = [QuantLoss=0.02992][QuantReg:0.39699]
[Twitter] Starting epoch 53...
[Twitter] Elapsed training time:4.31s
[Twitter] Starting validation...
[Twitter] Elapsed validation time:0.36s
[Twitter] [Epoch=053] Train Loss=[QuantLoss=0.01614]Val loss = [QuantLoss=0.02702][QuantReg:0.39025]
[Twitter] Starting epoch 54...
[Twitter] Elapsed training time:4.16s
[Twitter] Starting validation...
[Twitter] Elapsed validation time:0.35s
[Twitter] [Epoch=054] Train Loss=[QuantLoss=0.01762]Val loss = [QuantLoss=0.01445][QuantReg:0.39323]
[Twitter] Starting epoch 55...
[Twitter] Elapsed training time:4.07s
[Twitter] Starting validation...
[Twitter] Elapsed validation time:0.33s
[Twitter] [Epoch=055] Train Loss=[QuantLoss=0.01485]Val loss = [QuantLoss=0.01760][QuantReg:0.39456]
[Twitter] Starting epoch 56...
[Twitter] Elapsed training time:4.18s
[Twitter] Starting validation...
[Twitter] Elapsed validation time:0.35s
[Twitter] [Epoch=056] Train Loss=[QuantLoss=0.01370]Val loss = [QuantLoss=0.01679][QuantReg:0.39210]
[Twitter] Starting epoch 57...
[Twitter] Elapsed training time:4.17s
[Twitter] Starting validation...
[Twitter] Elapsed validation time:0.36s
[Twitter] [Epoch=057] Train Loss=[QuantLoss=0.01503]Val loss = [QuantLoss=0.01457][QuantReg:0.39360]
[Twitter] Starting epoch 58...
[Twitter] Elapsed training time:4.25s
[Twitter] Starting validation...
[Twitter] Elapsed validation time:0.34s
[Twitter] [Epoch=058] Train Loss=[QuantLoss=0.01474]Val loss = [QuantLoss=0.02073][QuantReg:0.39526]
[Twitter] Starting epoch 59...
[Twitter] Elapsed training time:4.17s
[Twitter] Starting validation...
[Twitter] Elapsed validation time:0.37s
[Twitter] [Epoch=059] Train Loss=[QuantLoss=0.01373]Val loss = [QuantLoss=0.02046][QuantReg:0.39000]
[Twitter] Starting epoch 60...
[Twitter] Elapsed training time:4.28s
[Twitter] Starting validation...
[Twitter] Elapsed validation time:0.35s
[Twitter] [Epoch=060] Train Loss=[QuantLoss=0.01468]Val loss = [QuantLoss=0.01912][QuantReg:0.39281]
[Twitter] Starting epoch 61...
[Twitter] Elapsed training time:4.28s
[Twitter] Starting validation...
[Twitter] Elapsed validation time:0.34s
[Twitter] [Epoch=061] Train Loss=[QuantLoss=0.01475]Val loss = [QuantLoss=0.02422][QuantReg:0.39459]
[Twitter] Starting epoch 62...
[Twitter] Elapsed training time:4.28s
[Twitter] Starting validation...
[Twitter] Elapsed validation time:0.35s
[Twitter] [Epoch=062] Train Loss=[QuantLoss=0.01494]Val loss = [QuantLoss=0.02689][QuantReg:0.39356]
[Twitter] Starting epoch 63...
[Twitter] Elapsed training time:4.31s
[Twitter] Starting validation...
[Twitter] Elapsed validation time:0.34s
[Twitter] [Epoch=063] Train Loss=[QuantLoss=0.01415]Val loss = [QuantLoss=0.03318][QuantReg:0.39598]
[Twitter] Starting epoch 64...
[Twitter] Elapsed training time:4.44s
[Twitter] Starting validation...
[Twitter] Elapsed validation time:0.23s
[Twitter] [Epoch=064] Train Loss=[QuantLoss=0.01293]Val loss = [QuantLoss=0.02331][QuantReg:0.39468]
[Twitter] Starting epoch 65...
[Twitter] Elapsed training time:4.31s
[Twitter] Starting validation...
[Twitter] Elapsed validation time:0.23s
[Twitter] [Epoch=065] Train Loss=[QuantLoss=0.01462]Val loss = [QuantLoss=0.02731][QuantReg:0.39316]
[Twitter] Starting epoch 66...
[Twitter] Elapsed training time:4.25s
[Twitter] Starting validation...
[Twitter] Elapsed validation time:0.23s
[Twitter] [Epoch=066] Train Loss=[QuantLoss=0.01462]Val loss = [QuantLoss=0.02496][QuantReg:0.39825]
[Twitter] Starting epoch 67...
[Twitter] Elapsed training time:4.35s
[Twitter] Starting validation...
[Twitter] Elapsed validation time:0.24s
[Twitter] [Epoch=067] Train Loss=[QuantLoss=0.01424]Val loss = [QuantLoss=0.01792][QuantReg:0.39797]
[Twitter] Starting epoch 68...
[Twitter] Elapsed training time:4.36s
[Twitter] Starting validation...
[Twitter] Elapsed validation time:0.22s
[Twitter] [Epoch=068] Train Loss=[QuantLoss=0.01327]Val loss = [QuantLoss=0.02213][QuantReg:0.39619]
[Twitter] Starting epoch 69...
[Twitter] Elapsed training time:4.29s
[Twitter] Starting validation...
[Twitter] Elapsed validation time:0.22s
[Twitter] [Epoch=069] Train Loss=[QuantLoss=0.01391]Val loss = [QuantLoss=0.01721][QuantReg:0.39799]
[Twitter] Starting epoch 70...
[Twitter] Elapsed training time:4.44s
[Twitter] Starting validation...
[Twitter] Elapsed validation time:0.24s
[Twitter] [Epoch=070] Train Loss=[QuantLoss=0.01425]Val loss = [QuantLoss=0.02331][QuantReg:0.39853]
[Twitter] Starting epoch 71...
[Twitter] Elapsed training time:4.30s
[Twitter] Starting validation...
[Twitter] Elapsed validation time:0.23s
[Twitter] [Epoch=071] Train Loss=[QuantLoss=0.01356]Val loss = [QuantLoss=0.02396][QuantReg:0.39676]
[Twitter] Starting epoch 72...
[Twitter] Elapsed training time:4.19s
[Twitter] Starting validation...
[Twitter] Elapsed validation time:0.23s
[Twitter] [Epoch=072] Train Loss=[QuantLoss=0.01387]Val loss = [QuantLoss=0.02751][QuantReg:0.39886]
[Twitter] Starting epoch 73...
[Twitter] Elapsed training time:4.13s
[Twitter] Starting validation...
[Twitter] Elapsed validation time:0.23s
[Twitter] [Epoch=073] Train Loss=[QuantLoss=0.01441]Val loss = [QuantLoss=0.03118][QuantReg:0.39552]
[Twitter] Starting epoch 74...
[Twitter] Elapsed training time:4.23s
[Twitter] Starting validation...
[Twitter] Elapsed validation time:0.23s
[Twitter] [Epoch=074] Train Loss=[QuantLoss=0.01494]Val loss = [QuantLoss=0.02467][QuantReg:0.40202]
[Twitter] Starting epoch 75...
[Twitter] Elapsed training time:4.28s
[Twitter] Starting validation...
[Twitter] Elapsed validation time:0.22s
[Twitter] [Epoch=075] Train Loss=[QuantLoss=0.01404]Val loss = [QuantLoss=0.02309][QuantReg:0.40451]
[Twitter] Starting epoch 76...
[Twitter] Elapsed training time:4.22s
[Twitter] Starting validation...
[Twitter] Elapsed validation time:0.22s
[Twitter] [Epoch=076] Train Loss=[QuantLoss=0.01471]Val loss = [QuantLoss=0.02482][QuantReg:0.40315]
[Twitter] Starting epoch 77...
[Twitter] Elapsed training time:4.20s
[Twitter] Starting validation...
[Twitter] Elapsed validation time:0.24s
[Twitter] [Epoch=077] Train Loss=[QuantLoss=0.01352]Val loss = [QuantLoss=0.02219][QuantReg:0.39688]
[Twitter] Starting epoch 78...
[Twitter] Elapsed training time:4.27s
[Twitter] Starting validation...
[Twitter] Elapsed validation time:0.23s
[Twitter] [Epoch=078] Train Loss=[QuantLoss=0.01380]Val loss = [QuantLoss=0.02344][QuantReg:0.40041]
[Twitter] Starting epoch 79...
[Twitter] Elapsed training time:4.24s
[Twitter] Starting validation...
[Twitter] Elapsed validation time:0.24s
[Twitter] [Epoch=079] Train Loss=[QuantLoss=0.01497]Val loss = [QuantLoss=0.02675][QuantReg:0.40160]
[Twitter] Starting epoch 80...
[Twitter] Elapsed training time:4.28s
[Twitter] Starting validation...
[Twitter] Elapsed validation time:0.23s
[Twitter] [Epoch=080] Train Loss=[QuantLoss=0.01436]Val loss = [QuantLoss=0.01453][QuantReg:0.39936]
[Twitter] Starting epoch 81...
[Twitter] Elapsed training time:4.29s
[Twitter] Starting validation...
[Twitter] Elapsed validation time:0.22s
[Twitter] [Epoch=081] Train Loss=[QuantLoss=0.01304]Val loss = [QuantLoss=0.02621][QuantReg:0.39601]
[Twitter] Starting epoch 82...
[Twitter] Elapsed training time:4.20s
[Twitter] Starting validation...
[Twitter] Elapsed validation time:0.24s
[Twitter] [Epoch=082] Train Loss=[QuantLoss=0.01224]Val loss = [QuantLoss=0.02295][QuantReg:0.39487]
[Twitter] Starting epoch 83...
[Twitter] Elapsed training time:4.37s
[Twitter] Starting validation...
[Twitter] Elapsed validation time:0.24s
[Twitter] [Epoch=083] Train Loss=[QuantLoss=0.01418]Val loss = [QuantLoss=0.01805][QuantReg:0.39914]
[Twitter] Starting epoch 84...
[Twitter] Elapsed training time:4.40s
[Twitter] Starting validation...
[Twitter] Elapsed validation time:0.25s
[Twitter] [Epoch=084] Train Loss=[QuantLoss=0.01279]Val loss = [QuantLoss=0.01298][QuantReg:0.40250]
[Twitter] Starting epoch 85...
[Twitter] Elapsed training time:4.31s
[Twitter] Starting validation...
[Twitter] Elapsed validation time:0.24s
[Twitter] [Epoch=085] Train Loss=[QuantLoss=0.01331]Val loss = [QuantLoss=0.02568][QuantReg:0.39827]
[Twitter] Starting epoch 86...
[Twitter] Elapsed training time:4.24s
[Twitter] Starting validation...
[Twitter] Elapsed validation time:0.24s
[Twitter] [Epoch=086] Train Loss=[QuantLoss=0.01204]Val loss = [QuantLoss=0.03366][QuantReg:0.39892]
[Twitter] Starting epoch 87...
[Twitter] Elapsed training time:4.23s
[Twitter] Starting validation...
[Twitter] Elapsed validation time:0.24s
[Twitter] [Epoch=087] Train Loss=[QuantLoss=0.01237]Val loss = [QuantLoss=0.02981][QuantReg:0.40070]
[Twitter] Starting epoch 88...
[Twitter] Elapsed training time:4.25s
[Twitter] Starting validation...
[Twitter] Elapsed validation time:0.23s
[Twitter] [Epoch=088] Train Loss=[QuantLoss=0.01288]Val loss = [QuantLoss=0.03559][QuantReg:0.39684]
[Twitter] Starting epoch 89...
[Twitter] Elapsed training time:4.20s
[Twitter] Starting validation...
[Twitter] Elapsed validation time:0.24s
[Twitter] [Epoch=089] Train Loss=[QuantLoss=0.01294]Val loss = [QuantLoss=0.02578][QuantReg:0.39689]
[Twitter] Starting epoch 90...
[Twitter] Elapsed training time:4.27s
[Twitter] Starting validation...
[Twitter] Elapsed validation time:0.23s
[Twitter] [Epoch=090] Train Loss=[QuantLoss=0.01316]Val loss = [QuantLoss=0.01652][QuantReg:0.39662]
[Twitter] Starting epoch 91...
[Twitter] Elapsed training time:4.30s
[Twitter] Starting validation...
[Twitter] Elapsed validation time:0.23s
[Twitter] [Epoch=091] Train Loss=[QuantLoss=0.01198]Val loss = [QuantLoss=0.01831][QuantReg:0.39920]
[Twitter] Starting epoch 92...
[Twitter] Elapsed training time:4.25s
[Twitter] Starting validation...
[Twitter] Elapsed validation time:0.23s
[Twitter] [Epoch=092] Train Loss=[QuantLoss=0.01303]Val loss = [QuantLoss=0.02713][QuantReg:0.39987]
[Twitter] Starting epoch 93...
[Twitter] Elapsed training time:4.30s
[Twitter] Starting validation...
[Twitter] Elapsed validation time:0.25s
[Twitter] [Epoch=093] Train Loss=[QuantLoss=0.01328]Val loss = [QuantLoss=0.02315][QuantReg:0.40033]
[Twitter] Starting epoch 94...
[Twitter] Elapsed training time:4.34s
[Twitter] Starting validation...
[Twitter] Elapsed validation time:0.23s
[Twitter] [Epoch=094] Train Loss=[QuantLoss=0.01269]Val loss = [QuantLoss=0.02476][QuantReg:0.40462]
[Twitter] Starting epoch 95...
[Twitter] Elapsed training time:4.33s
[Twitter] Starting validation...
[Twitter] Elapsed validation time:0.24s
[Twitter] [Epoch=095] Train Loss=[QuantLoss=0.01296]Val loss = [QuantLoss=0.02384][QuantReg:0.40694]
[Twitter] Starting epoch 96...
[Twitter] Elapsed training time:4.44s
[Twitter] Starting validation...
[Twitter] Elapsed validation time:0.18s
[Twitter] [Epoch=096] Train Loss=[QuantLoss=0.01221]Val loss = [QuantLoss=0.02764][QuantReg:0.40325]
[Twitter] Starting epoch 97...
[Twitter] Elapsed training time:4.86s
[Twitter] Starting validation...
[Twitter] Elapsed validation time:0.19s
[Twitter] [Epoch=097] Train Loss=[QuantLoss=0.01275]Val loss = [QuantLoss=0.03591][QuantReg:0.39988]
[Twitter] Starting epoch 98...
[Twitter] Elapsed training time:4.80s
[Twitter] Starting validation...
[Twitter] Elapsed validation time:0.26s
[Twitter] [Epoch=098] Train Loss=[QuantLoss=0.01192]Val loss = [QuantLoss=0.03123][QuantReg:0.39812]
[Twitter] Starting epoch 99...
[Twitter] Elapsed training time:4.65s
[Twitter] Starting validation...
[Twitter] Elapsed validation time:0.33s
[Twitter] [Epoch=099] Train Loss=[QuantLoss=0.01225]Val loss = [QuantLoss=0.02835][QuantReg:0.39797]
[Twitter] Starting epoch 100...
[Twitter] Elapsed training time:4.76s
[Twitter] Starting validation...
[Twitter] Elapsed validation time:0.21s
[Twitter] [Epoch=100] Train Loss=[QuantLoss=0.01297]Val loss = [QuantLoss=0.02099][QuantReg:0.39795]
[Twitter] Starting epoch 101...
[Twitter] Elapsed training time:4.81s
[Twitter] Starting validation...
[Twitter] Elapsed validation time:0.29s
[Twitter] [Epoch=101] Train Loss=[QuantLoss=0.01254]Val loss = [QuantLoss=0.02185][QuantReg:0.39414]
[Twitter] Starting epoch 102...
[Twitter] Elapsed training time:4.70s
[Twitter] Starting validation...
[Twitter] Elapsed validation time:0.29s
[Twitter] [Epoch=102] Train Loss=[QuantLoss=0.01222]Val loss = [QuantLoss=0.02241][QuantReg:0.39357]
[Twitter] Starting epoch 103...
[Twitter] Elapsed training time:4.79s
[Twitter] Starting validation...
[Twitter] Elapsed validation time:0.30s
[Twitter] [Epoch=103] Train Loss=[QuantLoss=0.01200]Val loss = [QuantLoss=0.02246][QuantReg:0.39433]
[Twitter] Starting epoch 104...
[Twitter] Elapsed training time:4.69s
[Twitter] Starting validation...
[Twitter] Elapsed validation time:0.31s
[Twitter] [Epoch=104] Train Loss=[QuantLoss=0.01260]Val loss = [QuantLoss=0.02894][QuantReg:0.39572]
[Twitter] Starting epoch 105...
[Twitter] Elapsed training time:4.68s
[Twitter] Starting validation...
[Twitter] Elapsed validation time:0.30s
[Twitter] [Epoch=105] Train Loss=[QuantLoss=0.01208]Val loss = [QuantLoss=0.02134][QuantReg:0.39539]
[Twitter] Starting epoch 106...
[Twitter] Elapsed training time:4.82s
[Twitter] Starting validation...
[Twitter] Elapsed validation time:0.32s
[Twitter] [Epoch=106] Train Loss=[QuantLoss=0.01249]Val loss = [QuantLoss=0.02542][QuantReg:0.39613]
[Twitter] Starting epoch 107...
[Twitter] Elapsed training time:4.76s
[Twitter] Starting validation...
[Twitter] Elapsed validation time:0.29s
[Twitter] [Epoch=107] Train Loss=[QuantLoss=0.01203]Val loss = [QuantLoss=0.01986][QuantReg:0.39545]
[Twitter] Starting epoch 108...
[Twitter] Elapsed training time:4.79s
[Twitter] Starting validation...
[Twitter] Elapsed validation time:0.30s
[Twitter] [Epoch=108] Train Loss=[QuantLoss=0.01269]Val loss = [QuantLoss=0.02440][QuantReg:0.40011]
[Twitter] Starting epoch 109...
[Twitter] Elapsed training time:4.54s
[Twitter] Starting validation...
[Twitter] Elapsed validation time:0.30s
[Twitter] [Epoch=109] Train Loss=[QuantLoss=0.01188]Val loss = [QuantLoss=0.02495][QuantReg:0.39830]
[Twitter] Starting epoch 110...
[Twitter] Elapsed training time:4.71s
[Twitter] Starting validation...
[Twitter] Elapsed validation time:0.31s
[Twitter] [Epoch=110] Train Loss=[QuantLoss=0.01244]Val loss = [QuantLoss=0.02028][QuantReg:0.39860]
[Twitter] Starting epoch 111...
[Twitter] Elapsed training time:4.80s
[Twitter] Starting validation...
[Twitter] Elapsed validation time:0.31s
[Twitter] [Epoch=111] Train Loss=[QuantLoss=0.01195]Val loss = [QuantLoss=0.03093][QuantReg:0.39645]
[Twitter] Starting epoch 112...
[Twitter] Elapsed training time:4.69s
[Twitter] Starting validation...
[Twitter] Elapsed validation time:0.33s
[Twitter] [Epoch=112] Train Loss=[QuantLoss=0.01269]Val loss = [QuantLoss=0.02389][QuantReg:0.39447]
[Twitter] Starting epoch 113...
[Twitter] Elapsed training time:4.60s
[Twitter] Starting validation...
[Twitter] Elapsed validation time:0.29s
[Twitter] [Epoch=113] Train Loss=[QuantLoss=0.01211]Val loss = [QuantLoss=0.02910][QuantReg:0.39539]
[Twitter] Starting epoch 114...
[Twitter] Elapsed training time:4.57s
[Twitter] Starting validation...
[Twitter] Elapsed validation time:0.32s
[Twitter] [Epoch=114] Train Loss=[QuantLoss=0.01232]Val loss = [QuantLoss=0.02280][QuantReg:0.39171]
[Twitter] Starting epoch 115...
[Twitter] Elapsed training time:4.59s
[Twitter] Starting validation...
[Twitter] Elapsed validation time:0.30s
[Twitter] [Epoch=115] Train Loss=[QuantLoss=0.01214]Val loss = [QuantLoss=0.03157][QuantReg:0.39006]
[Twitter] Starting epoch 116...
[Twitter] Elapsed training time:4.55s
[Twitter] Starting validation...
[Twitter] Elapsed validation time:0.31s
[Twitter] [Epoch=116] Train Loss=[QuantLoss=0.01256]Val loss = [QuantLoss=0.02823][QuantReg:0.39149]
[Twitter] Starting epoch 117...
[Twitter] Elapsed training time:4.68s
[Twitter] Starting validation...
[Twitter] Elapsed validation time:0.32s
[Twitter] [Epoch=117] Train Loss=[QuantLoss=0.01232]Val loss = [QuantLoss=0.02125][QuantReg:0.39459]
[Twitter] Starting epoch 118...
[Twitter] Elapsed training time:4.72s
[Twitter] Starting validation...
[Twitter] Elapsed validation time:0.29s
[Twitter] [Epoch=118] Train Loss=[QuantLoss=0.01213]Val loss = [QuantLoss=0.01501][QuantReg:0.39382]
[Twitter] Starting epoch 119...
[Twitter] Elapsed training time:4.86s
[Twitter] Starting validation...
[Twitter] Elapsed validation time:0.31s
[Twitter] [Epoch=119] Train Loss=[QuantLoss=0.01218]Val loss = [QuantLoss=0.02016][QuantReg:0.39286]
[Twitter] Starting epoch 120...
[Twitter] Elapsed training time:4.62s
[Twitter] Starting validation...
[Twitter] Elapsed validation time:0.31s
[Twitter] [Epoch=120] Train Loss=[QuantLoss=0.01213]Val loss = [QuantLoss=0.01700][QuantReg:0.39388]
[Twitter] Starting epoch 121...
[Twitter] Elapsed training time:3.13s
[Twitter] Starting validation...
[Twitter] Elapsed validation time:0.28s
[Twitter] [Epoch=121] Train Loss=[QuantLoss=0.01153]Val loss = [QuantLoss=0.01720][QuantReg:0.39316]
[Twitter] Starting epoch 122...
[Twitter] Elapsed training time:4.30s
[Twitter] Starting validation...
[Twitter] Elapsed validation time:0.34s
[Twitter] [Epoch=122] Train Loss=[QuantLoss=0.01110]Val loss = [QuantLoss=0.01867][QuantReg:0.39360]
[Twitter] Starting epoch 123...
[Twitter] Elapsed training time:4.57s
[Twitter] Starting validation...
[Twitter] Elapsed validation time:0.36s
[Twitter] [Epoch=123] Train Loss=[QuantLoss=0.01211]Val loss = [QuantLoss=0.01585][QuantReg:0.39487]
[Twitter] Starting epoch 124...
[Twitter] Elapsed training time:4.80s
[Twitter] Starting validation...
[Twitter] Elapsed validation time:0.34s
[Twitter] [Epoch=124] Train Loss=[QuantLoss=0.01162]Val loss = [QuantLoss=0.01393][QuantReg:0.39289]
[Twitter] Starting epoch 125...
[Twitter] Elapsed training time:4.77s
[Twitter] Starting validation...
[Twitter] Elapsed validation time:0.29s
[Twitter] [Epoch=125] Train Loss=[QuantLoss=0.01084]Val loss = [QuantLoss=0.02137][QuantReg:0.39268]
[Twitter] Starting epoch 126...
[Twitter] Elapsed training time:4.61s
[Twitter] Starting validation...
[Twitter] Elapsed validation time:0.32s
[Twitter] [Epoch=126] Train Loss=[QuantLoss=0.01233]Val loss = [QuantLoss=0.02704][QuantReg:0.39146]
[Twitter] Starting epoch 127...
[Twitter] Elapsed training time:4.62s
[Twitter] Starting validation...
[Twitter] Elapsed validation time:0.29s
[Twitter] [Epoch=127] Train Loss=[QuantLoss=0.01179]Val loss = [QuantLoss=0.01890][QuantReg:0.39216]
[Twitter] Starting epoch 128...
[Twitter] Elapsed training time:4.43s
[Twitter] Starting validation...
[Twitter] Elapsed validation time:0.33s
[Twitter] [Epoch=128] Train Loss=[QuantLoss=0.01214]Val loss = [QuantLoss=0.01969][QuantReg:0.39328]
[Twitter] Starting epoch 129...
[Twitter] Elapsed training time:4.28s
[Twitter] Starting validation...
[Twitter] Elapsed validation time:0.35s
[Twitter] [Epoch=129] Train Loss=[QuantLoss=0.01155]Val loss = [QuantLoss=0.01829][QuantReg:0.39484]
[Twitter] Starting epoch 130...
[Twitter] Elapsed training time:4.37s
[Twitter] Starting validation...
[Twitter] Elapsed validation time:0.36s
[Twitter] [Epoch=130] Train Loss=[QuantLoss=0.01158]Val loss = [QuantLoss=0.02042][QuantReg:0.39414]
[Twitter] Starting epoch 131...
[Twitter] Elapsed training time:4.23s
[Twitter] Starting validation...
[Twitter] Elapsed validation time:0.35s
[Twitter] [Epoch=131] Train Loss=[QuantLoss=0.01088]Val loss = [QuantLoss=0.01706][QuantReg:0.39514]
[Twitter] Starting epoch 132...
[Twitter] Elapsed training time:4.20s
[Twitter] Starting validation...
[Twitter] Elapsed validation time:0.36s
[Twitter] [Epoch=132] Train Loss=[QuantLoss=0.01124]Val loss = [QuantLoss=0.01572][QuantReg:0.39727]
[Twitter] Starting epoch 133...
[Twitter] Elapsed training time:4.19s
[Twitter] Starting validation...
[Twitter] Elapsed validation time:0.33s
[Twitter] [Epoch=133] Train Loss=[QuantLoss=0.01184]Val loss = [QuantLoss=0.01440][QuantReg:0.39578]
[Twitter] Starting epoch 134...
[Twitter] Elapsed training time:4.22s
[Twitter] Starting validation...
[Twitter] Elapsed validation time:0.35s
[Twitter] [Epoch=134] Train Loss=[QuantLoss=0.01149]Val loss = [QuantLoss=0.01347][QuantReg:0.39479]
[Twitter] Starting epoch 135...
[Twitter] Elapsed training time:4.26s
[Twitter] Starting validation...
[Twitter] Elapsed validation time:0.34s
[Twitter] [Epoch=135] Train Loss=[QuantLoss=0.01113]Val loss = [QuantLoss=0.02030][QuantReg:0.39523]
[Twitter] Starting epoch 136...
[Twitter] Elapsed training time:4.29s
[Twitter] Starting validation...
[Twitter] Elapsed validation time:0.36s
[Twitter] [Epoch=136] Train Loss=[QuantLoss=0.01184]Val loss = [QuantLoss=0.01423][QuantReg:0.39477]
[Twitter] Starting epoch 137...
[Twitter] Elapsed training time:4.29s
[Twitter] Starting validation...
[Twitter] Elapsed validation time:0.34s
[Twitter] [Epoch=137] Train Loss=[QuantLoss=0.01227]Val loss = [QuantLoss=0.01593][QuantReg:0.39333]
[Twitter] Starting epoch 138...
[Twitter] Elapsed training time:4.41s
[Twitter] Starting validation...
[Twitter] Elapsed validation time:0.35s
[Twitter] [Epoch=138] Train Loss=[QuantLoss=0.01177]Val loss = [QuantLoss=0.01105][QuantReg:0.39293]
[Twitter] Early stopping in epoch 138!
[Twitter] Restoring best model...
MAE médio por bag: 0.0349 ± 0.0198
Salvo em resultados_sanders/resultados_twitter_bert_1.csv
Dataset: /home/nildaimon/gmnet/experiments/train_curl/Datasets/Sanders/twitter-sanders-apple3.csv
Dificuldade: metric=kl, mode=hardest, top_k=None
Rodada: 1
Salvar resultados em: resultados_sanders
Dispositivo de treino: cpu
Carregando e processando dataset Twitter
/home/nildaimon/gmnet/experiments/train_curl/train_sanders.py:89: FutureWarning: You are using `torch.load` with `weights_only=False` (the current default value), which uses the default pickle module implicitly. It is possible to construct malicious pickle data which will execute arbitrary code during unpickling (See https://github.com/pytorch/pytorch/blob/main/SECURITY.md#untrusted-models for more details). In a future release, the default value for `weights_only` will be flipped to `True`. This limits the functions that could be executed during unpickling. Arbitrary objects will no longer be allowed to be loaded via this mode unless they are explicitly allowlisted by the user via `torch.serialization.add_safe_globals`. We recommend you start setting `weights_only=True` for any use case where you don't have full control of the loaded file. Please open an issue on GitHub for any issues related to this experimental feature.
  embeddings = torch.load(EMBEDDING_CACHE)
Carregando embeddings do cache...
/home/nildaimon/gmnet/experiments/train_curl/train_sanders.py:90: FutureWarning: You are using `torch.load` with `weights_only=False` (the current default value), which uses the default pickle module implicitly. It is possible to construct malicious pickle data which will execute arbitrary code during unpickling (See https://github.com/pytorch/pytorch/blob/main/SECURITY.md#untrusted-models for more details). In a future release, the default value for `weights_only` will be flipped to `True`. This limits the functions that could be executed during unpickling. Arbitrary objects will no longer be allowed to be loaded via this mode unless they are explicitly allowlisted by the user via `torch.serialization.add_safe_globals`. We recommend you start setting `weights_only=True` for any use case where you don't have full control of the loaded file. Please open an issue on GitHub for any issues related to this experimental feature.
  labels = torch.load(LABELS_CACHE)
Ignoring val_split as train and val datasets where given to fit function
We have two datasets: training 1092 examples. validation 100 examples.]
Using device cpu
/home/nildaimon/anaconda3/envs/gmnet/lib/python3.12/site-packages/torch/optim/lr_scheduler.py:62: UserWarning: The verbose parameter is deprecated. Please use get_last_lr() to access the learning rate.
  warnings.warn(
/home/nildaimon/gmnet/dlquantification/main.py:835: FutureWarning: `torch.cuda.amp.GradScaler(args...)` is deprecated. Please use `torch.amp.GradScaler('cuda', args...)` instead.
  scaler = torch.cuda.amp.GradScaler(enabled=self.use_fp16)
[Twitter] Starting epoch 0...
/home/nildaimon/gmnet/dlquantification/main.py:888: FutureWarning: `torch.cuda.amp.autocast(args...)` is deprecated. Please use `torch.amp.autocast('cuda', args...)` instead.
  with torch.cuda.amp.autocast(enabled=self.use_fp16):
[Twitter] Elapsed training time:4.35s
[Twitter] Starting validation...
[Twitter] Elapsed validation time:0.22s
[Twitter] [Epoch=000] Train Loss=[QuantLoss=0.09043]Val loss = [QuantLoss=0.10776][QuantReg:0.62704][saved best model in this epoch]
[Twitter] Starting epoch 1...
[Twitter] Elapsed training time:4.51s
[Twitter] Starting validation...
[Twitter] Elapsed validation time:0.24s
[Twitter] [Epoch=001] Train Loss=[QuantLoss=0.09297]Val loss = [QuantLoss=0.10000][QuantReg:0.59796][saved best model in this epoch]
[Twitter] Starting epoch 2...
[Twitter] Elapsed training time:4.34s
[Twitter] Starting validation...
[Twitter] Elapsed validation time:0.24s
[Twitter] [Epoch=002] Train Loss=[QuantLoss=0.08923]Val loss = [QuantLoss=0.15983][QuantReg:0.55630]
[Twitter] Starting epoch 3...
[Twitter] Elapsed training time:4.42s
[Twitter] Starting validation...
[Twitter] Elapsed validation time:0.24s
[Twitter] [Epoch=003] Train Loss=[QuantLoss=0.08793]Val loss = [QuantLoss=0.10064][QuantReg:0.53230]
[Twitter] Starting epoch 4...
[Twitter] Elapsed training time:4.42s
[Twitter] Starting validation...
[Twitter] Elapsed validation time:0.25s
[Twitter] [Epoch=004] Train Loss=[QuantLoss=0.08057]Val loss = [QuantLoss=0.09223][QuantReg:0.56825][saved best model in this epoch]
[Twitter] Starting epoch 5...
[Twitter] Elapsed training time:4.38s
[Twitter] Starting validation...
[Twitter] Elapsed validation time:0.24s
[Twitter] [Epoch=005] Train Loss=[QuantLoss=0.07367]Val loss = [QuantLoss=0.05875][QuantReg:0.56922][saved best model in this epoch]
[Twitter] Starting epoch 6...
[Twitter] Elapsed training time:4.42s
[Twitter] Starting validation...
[Twitter] Elapsed validation time:0.24s
[Twitter] [Epoch=006] Train Loss=[QuantLoss=0.07230]Val loss = [QuantLoss=0.01689][QuantReg:0.56349][saved best model in this epoch]
[Twitter] Starting epoch 7...
[Twitter] Elapsed training time:4.54s
[Twitter] Starting validation...
[Twitter] Elapsed validation time:0.26s
[Twitter] [Epoch=007] Train Loss=[QuantLoss=0.07203]Val loss = [QuantLoss=0.07273][QuantReg:0.57879]
[Twitter] Starting epoch 8...
[Twitter] Elapsed training time:4.38s
[Twitter] Starting validation...
[Twitter] Elapsed validation time:0.25s
[Twitter] [Epoch=008] Train Loss=[QuantLoss=0.06602]Val loss = [QuantLoss=0.18080][QuantReg:0.56043]
[Twitter] Starting epoch 9...
[Twitter] Elapsed training time:4.40s
[Twitter] Starting validation...
[Twitter] Elapsed validation time:0.24s
[Twitter] [Epoch=009] Train Loss=[QuantLoss=0.06583]Val loss = [QuantLoss=0.08748][QuantReg:0.55824]
[Twitter] Starting epoch 10...
[Twitter] Elapsed training time:4.31s
[Twitter] Starting validation...
[Twitter] Elapsed validation time:0.25s
[Twitter] [Epoch=010] Train Loss=[QuantLoss=0.06860]Val loss = [QuantLoss=0.10148][QuantReg:0.57106]
[Twitter] Starting epoch 11...
[Twitter] Elapsed training time:4.25s
[Twitter] Starting validation...
[Twitter] Elapsed validation time:0.23s
[Twitter] [Epoch=011] Train Loss=[QuantLoss=0.07122]Val loss = [QuantLoss=0.10541][QuantReg:0.56069]
[Twitter] Starting epoch 12...
[Twitter] Elapsed training time:4.20s
[Twitter] Starting validation...
[Twitter] Elapsed validation time:0.22s
[Twitter] [Epoch=012] Train Loss=[QuantLoss=0.06829]Val loss = [QuantLoss=0.07750][QuantReg:0.56398]
[Twitter] Starting epoch 13...
[Twitter] Elapsed training time:4.23s
[Twitter] Starting validation...
[Twitter] Elapsed validation time:0.25s
[Twitter] [Epoch=013] Train Loss=[QuantLoss=0.06715]Val loss = [QuantLoss=0.12011][QuantReg:0.55691]
[Twitter] Starting epoch 14...
[Twitter] Elapsed training time:4.28s
[Twitter] Starting validation...
[Twitter] Elapsed validation time:0.25s
[Twitter] [Epoch=014] Train Loss=[QuantLoss=0.06731]Val loss = [QuantLoss=0.14860][QuantReg:0.55695]
[Twitter] Starting epoch 15...
[Twitter] Elapsed training time:4.25s
[Twitter] Starting validation...
[Twitter] Elapsed validation time:0.23s
[Twitter] [Epoch=015] Train Loss=[QuantLoss=0.06686]Val loss = [QuantLoss=0.17981][QuantReg:0.52943]
[Twitter] Starting epoch 16...
[Twitter] Elapsed training time:4.49s
[Twitter] Starting validation...
[Twitter] Elapsed validation time:0.22s
[Twitter] [Epoch=016] Train Loss=[QuantLoss=0.06875]Val loss = [QuantLoss=0.26999][QuantReg:0.50960]
[Twitter] Starting epoch 17...
[Twitter] Elapsed training time:4.61s
[Twitter] Starting validation...
[Twitter] Elapsed validation time:0.22s
[Twitter] [Epoch=017] Train Loss=[QuantLoss=0.06645]Val loss = [QuantLoss=0.17810][QuantReg:0.53109]
[Twitter] Starting epoch 18...
[Twitter] Elapsed training time:4.58s
[Twitter] Starting validation...
[Twitter] Elapsed validation time:0.24s
[Twitter] [Epoch=018] Train Loss=[QuantLoss=0.06205]Val loss = [QuantLoss=0.01655][QuantReg:0.53262][saved best model in this epoch]
[Twitter] Starting epoch 19...
[Twitter] Elapsed training time:4.72s
[Twitter] Starting validation...
[Twitter] Elapsed validation time:0.21s
[Twitter] [Epoch=019] Train Loss=[QuantLoss=0.06189]Val loss = [QuantLoss=0.02450][QuantReg:0.52488]
[Twitter] Starting epoch 20...
[Twitter] Elapsed training time:4.93s
[Twitter] Starting validation...
[Twitter] Elapsed validation time:0.27s
[Twitter] [Epoch=020] Train Loss=[QuantLoss=0.05780]Val loss = [QuantLoss=0.09745][QuantReg:0.54203]
[Twitter] Starting epoch 21...
[Twitter] Elapsed training time:5.01s
[Twitter] Starting validation...
[Twitter] Elapsed validation time:0.20s
[Twitter] [Epoch=021] Train Loss=[QuantLoss=0.05866]Val loss = [QuantLoss=0.02254][QuantReg:0.53122]
[Twitter] Starting epoch 22...
[Twitter] Elapsed training time:4.92s
[Twitter] Starting validation...
[Twitter] Elapsed validation time:0.29s
[Twitter] [Epoch=022] Train Loss=[QuantLoss=0.05658]Val loss = [QuantLoss=0.08049][QuantReg:0.51757]
[Twitter] Starting epoch 23...
[Twitter] Elapsed training time:4.85s
[Twitter] Starting validation...
[Twitter] Elapsed validation time:0.23s
[Twitter] [Epoch=023] Train Loss=[QuantLoss=0.05936]Val loss = [QuantLoss=0.03734][QuantReg:0.52610]
[Twitter] Starting epoch 24...
[Twitter] Elapsed training time:5.04s
[Twitter] Starting validation...
[Twitter] Elapsed validation time:0.20s
[Twitter] [Epoch=024] Train Loss=[QuantLoss=0.06463]Val loss = [QuantLoss=0.04819][QuantReg:0.53788]
[Twitter] Starting epoch 25...
[Twitter] Elapsed training time:4.55s
[Twitter] Starting validation...
[Twitter] Elapsed validation time:0.23s
[Twitter] [Epoch=025] Train Loss=[QuantLoss=0.05409]Val loss = [QuantLoss=0.32295][QuantReg:0.54774]
[Twitter] Starting epoch 26...
[Twitter] Elapsed training time:4.61s
[Twitter] Starting validation...
[Twitter] Elapsed validation time:0.37s
[Twitter] [Epoch=026] Train Loss=[QuantLoss=0.06011]Val loss = [QuantLoss=0.04654][QuantReg:0.54215]
[Twitter] Starting epoch 27...
[Twitter] Elapsed training time:4.51s
[Twitter] Starting validation...
[Twitter] Elapsed validation time:0.37s
[Twitter] [Epoch=027] Train Loss=[QuantLoss=0.05736]Val loss = [QuantLoss=0.45254][QuantReg:0.55771]
[Twitter] Starting epoch 28...
[Twitter] Elapsed training time:4.43s
[Twitter] Starting validation...
[Twitter] Elapsed validation time:0.40s
[Twitter] [Epoch=028] Train Loss=[QuantLoss=0.05658]Val loss = [QuantLoss=0.33384][QuantReg:0.55568]
[Twitter] Starting epoch 29...
[Twitter] Elapsed training time:4.40s
[Twitter] Starting validation...
[Twitter] Elapsed validation time:0.36s
[Twitter] [Epoch=029] Train Loss=[QuantLoss=0.06620]Val loss = [QuantLoss=0.06683][QuantReg:0.53542]
[Twitter] Starting epoch 30...
[Twitter] Elapsed training time:4.45s
[Twitter] Starting validation...
[Twitter] Elapsed validation time:0.35s
[Twitter] [Epoch=030] Train Loss=[QuantLoss=0.05680]Val loss = [QuantLoss=0.25034][QuantReg:0.54099]
[Twitter] Starting epoch 31...
[Twitter] Elapsed training time:4.38s
[Twitter] Starting validation...
[Twitter] Elapsed validation time:0.39s
[Twitter] [Epoch=031] Train Loss=[QuantLoss=0.06326]Val loss = [QuantLoss=0.10324][QuantReg:0.55649]
[Twitter] Starting epoch 32...
[Twitter] Elapsed training time:4.40s
[Twitter] Starting validation...
[Twitter] Elapsed validation time:0.35s
[Twitter] [Epoch=032] Train Loss=[QuantLoss=0.06295]Val loss = [QuantLoss=0.03448][QuantReg:0.55483]
[Twitter] Starting epoch 33...
[Twitter] Elapsed training time:4.44s
[Twitter] Starting validation...
[Twitter] Elapsed validation time:0.34s
[Twitter] [Epoch=033] Train Loss=[QuantLoss=0.05916]Val loss = [QuantLoss=0.03836][QuantReg:0.54944]
[Twitter] Starting epoch 34...
[Twitter] Elapsed training time:4.52s
[Twitter] Starting validation...
[Twitter] Elapsed validation time:0.33s
[Twitter] [Epoch=034] Train Loss=[QuantLoss=0.06182]Val loss = [QuantLoss=0.03142][QuantReg:0.55606]
[Twitter] Starting epoch 35...
[Twitter] Elapsed training time:4.61s
[Twitter] Starting validation...
[Twitter] Elapsed validation time:0.36s
[Twitter] [Epoch=035] Train Loss=[QuantLoss=0.05933]Val loss = [QuantLoss=0.04337][QuantReg:0.54286]
[Twitter] Starting epoch 36...
[Twitter] Elapsed training time:4.61s
[Twitter] Starting validation...
[Twitter] Elapsed validation time:0.36s
[Twitter] [Epoch=036] Train Loss=[QuantLoss=0.06632]Val loss = [QuantLoss=0.14366][QuantReg:0.55070]
[Twitter] Starting epoch 37...
[Twitter] Elapsed training time:4.49s
[Twitter] Starting validation...
[Twitter] Elapsed validation time:0.31s
[Twitter] [Epoch=037] Train Loss=[QuantLoss=0.05877]Val loss = [QuantLoss=0.04038][QuantReg:0.54192]
[Twitter] Starting epoch 38...
[Twitter] Elapsed training time:4.72s
[Twitter] Starting validation...
[Twitter] Elapsed validation time:0.32s
[Twitter] [Epoch=038] Train Loss=[QuantLoss=0.06533]Val loss = [QuantLoss=0.04398][QuantReg:0.54449]
[Twitter] Starting epoch 39...
[Twitter] Elapsed training time:4.82s
[Twitter] Starting validation...
[Twitter] Elapsed validation time:0.35s
[Twitter] [Epoch=039] Train Loss=[QuantLoss=0.05402]Val loss = [QuantLoss=0.14476][QuantReg:0.53566]
[Twitter] Starting epoch 40...
[Twitter] Elapsed training time:4.60s
[Twitter] Starting validation...
[Twitter] Elapsed validation time:0.32s
[Twitter] [Epoch=040] Train Loss=[QuantLoss=0.06854]Val loss = [QuantLoss=0.12721][QuantReg:0.53457]
[Twitter] Starting epoch 41...
[Twitter] Elapsed training time:5.15s
[Twitter] Starting validation...
[Twitter] Elapsed validation time:0.34s
[Twitter] [Epoch=041] Train Loss=[QuantLoss=0.06155]Val loss = [QuantLoss=0.13204][QuantReg:0.53092]
[Twitter] Starting epoch 42...
[Twitter] Elapsed training time:4.80s
[Twitter] Starting validation...
[Twitter] Elapsed validation time:0.34s
[Twitter] [Epoch=042] Train Loss=[QuantLoss=0.06173]Val loss = [QuantLoss=0.11882][QuantReg:0.53018]
[Twitter] Starting epoch 43...
[Twitter] Elapsed training time:4.81s
[Twitter] Starting validation...
[Twitter] Elapsed validation time:0.31s
[Twitter] [Epoch=043] Train Loss=[QuantLoss=0.05809]Val loss = [QuantLoss=0.09641][QuantReg:0.52793]
[Twitter] Starting epoch 44...
[Twitter] Elapsed training time:5.04s
[Twitter] Starting validation...
[Twitter] Elapsed validation time:0.33s
[Twitter] [Epoch=044] Train Loss=[QuantLoss=0.05268]Val loss = [QuantLoss=0.11189][QuantReg:0.52744]
[Twitter] Starting epoch 45...
[Twitter] Elapsed training time:4.85s
[Twitter] Starting validation...
[Twitter] Elapsed validation time:0.29s
[Twitter] [Epoch=045] Train Loss=[QuantLoss=0.05013]Val loss = [QuantLoss=0.09845][QuantReg:0.52552]
[Twitter] Starting epoch 46...
[Twitter] Elapsed training time:4.92s
[Twitter] Starting validation...
[Twitter] Elapsed validation time:0.32s
[Twitter] [Epoch=046] Train Loss=[QuantLoss=0.05173]Val loss = [QuantLoss=0.09551][QuantReg:0.52504]
[Twitter] Starting epoch 47...
[Twitter] Elapsed training time:4.75s
[Twitter] Starting validation...
[Twitter] Elapsed validation time:0.31s
[Twitter] [Epoch=047] Train Loss=[QuantLoss=0.05022]Val loss = [QuantLoss=0.13058][QuantReg:0.52512]
[Twitter] Starting epoch 48...
[Twitter] Elapsed training time:4.52s
[Twitter] Starting validation...
[Twitter] Elapsed validation time:0.31s
[Twitter] [Epoch=048] Train Loss=[QuantLoss=0.04850]Val loss = [QuantLoss=0.12897][QuantReg:0.52420]
[Twitter] Starting epoch 49...
[Twitter] Elapsed training time:4.32s
[Twitter] Starting validation...
[Twitter] Elapsed validation time:0.37s
[Twitter] [Epoch=049] Train Loss=[QuantLoss=0.04753]Val loss = [QuantLoss=0.15203][QuantReg:0.52523]
[Twitter] Starting epoch 50...
[Twitter] Elapsed training time:4.29s
[Twitter] Starting validation...
[Twitter] Elapsed validation time:0.37s
[Twitter] [Epoch=050] Train Loss=[QuantLoss=0.05309]Val loss = [QuantLoss=0.14979][QuantReg:0.52598]
[Twitter] Starting epoch 51...
[Twitter] Elapsed training time:4.32s
[Twitter] Starting validation...
[Twitter] Elapsed validation time:0.35s
[Twitter] [Epoch=051] Train Loss=[QuantLoss=0.04860]Val loss = [QuantLoss=0.11763][QuantReg:0.52576]
[Twitter] Starting epoch 52...
[Twitter] Elapsed training time:4.31s
[Twitter] Starting validation...
[Twitter] Elapsed validation time:0.36s
[Twitter] [Epoch=052] Train Loss=[QuantLoss=0.04717]Val loss = [QuantLoss=0.13487][QuantReg:0.52283]
[Twitter] Starting epoch 53...
[Twitter] Elapsed training time:4.53s
[Twitter] Starting validation...
[Twitter] Elapsed validation time:0.37s
[Twitter] [Epoch=053] Train Loss=[QuantLoss=0.04680]Val loss = [QuantLoss=0.17189][QuantReg:0.52452]
[Twitter] Starting epoch 54...
[Twitter] Elapsed training time:4.68s
[Twitter] Starting validation...
[Twitter] Elapsed validation time:0.36s
[Twitter] [Epoch=054] Train Loss=[QuantLoss=0.04840]Val loss = [QuantLoss=0.13254][QuantReg:0.52293]
[Twitter] Starting epoch 55...
[Twitter] Elapsed training time:4.54s
[Twitter] Starting validation...
[Twitter] Elapsed validation time:0.35s
[Twitter] [Epoch=055] Train Loss=[QuantLoss=0.04529]Val loss = [QuantLoss=0.28140][QuantReg:0.52128]
[Twitter] Starting epoch 56...
[Twitter] Elapsed training time:4.30s
[Twitter] Starting validation...
[Twitter] Elapsed validation time:0.38s
[Twitter] [Epoch=056] Train Loss=[QuantLoss=0.05006]Val loss = [QuantLoss=0.12608][QuantReg:0.52183]
[Twitter] Starting epoch 57...
[Twitter] Elapsed training time:4.33s
[Twitter] Starting validation...
[Twitter] Elapsed validation time:0.36s
[Twitter] [Epoch=057] Train Loss=[QuantLoss=0.04775]Val loss = [QuantLoss=0.10647][QuantReg:0.51682]
[Twitter] Starting epoch 58...
[Twitter] Elapsed training time:4.44s
[Twitter] Starting validation...
[Twitter] Elapsed validation time:0.39s
[Twitter] [Epoch=058] Train Loss=[QuantLoss=0.04616]Val loss = [QuantLoss=0.15799][QuantReg:0.52110]
[Twitter] Starting epoch 59...
[Twitter] Elapsed training time:4.38s
[Twitter] Starting validation...
[Twitter] Elapsed validation time:0.36s
[Twitter] [Epoch=059] Train Loss=[QuantLoss=0.04972]Val loss = [QuantLoss=0.13063][QuantReg:0.51427]
[Twitter] Starting epoch 60...
[Twitter] Elapsed training time:4.34s
[Twitter] Starting validation...
[Twitter] Elapsed validation time:0.37s
[Twitter] [Epoch=060] Train Loss=[QuantLoss=0.04815]Val loss = [QuantLoss=0.13078][QuantReg:0.51319]
[Twitter] Starting epoch 61...
[Twitter] Elapsed training time:4.46s
[Twitter] Starting validation...
[Twitter] Elapsed validation time:0.36s
[Twitter] [Epoch=061] Train Loss=[QuantLoss=0.04681]Val loss = [QuantLoss=0.14678][QuantReg:0.51188]
[Twitter] Starting epoch 62...
[Twitter] Elapsed training time:4.44s
[Twitter] Starting validation...
[Twitter] Elapsed validation time:0.25s
[Twitter] [Epoch=062] Train Loss=[QuantLoss=0.04633]Val loss = [QuantLoss=0.12885][QuantReg:0.51204]
[Twitter] Starting epoch 63...
[Twitter] Elapsed training time:4.33s
[Twitter] Starting validation...
[Twitter] Elapsed validation time:0.27s
[Twitter] [Epoch=063] Train Loss=[QuantLoss=0.04399]Val loss = [QuantLoss=0.12858][QuantReg:0.50907]
[Twitter] Starting epoch 64...
[Twitter] Elapsed training time:4.34s
[Twitter] Starting validation...
[Twitter] Elapsed validation time:0.26s
[Twitter] [Epoch=064] Train Loss=[QuantLoss=0.04239]Val loss = [QuantLoss=0.13748][QuantReg:0.50411]
[Twitter] Starting epoch 65...
[Twitter] Elapsed training time:4.38s
[Twitter] Starting validation...
[Twitter] Elapsed validation time:0.22s
[Twitter] [Epoch=065] Train Loss=[QuantLoss=0.04173]Val loss = [QuantLoss=0.11633][QuantReg:0.50704]
[Twitter] Starting epoch 66...
[Twitter] Elapsed training time:4.44s
[Twitter] Starting validation...
[Twitter] Elapsed validation time:0.23s
[Twitter] [Epoch=066] Train Loss=[QuantLoss=0.04242]Val loss = [QuantLoss=0.12816][QuantReg:0.50313]
[Twitter] Starting epoch 67...
[Twitter] Elapsed training time:4.47s
[Twitter] Starting validation...
[Twitter] Elapsed validation time:0.26s
[Twitter] [Epoch=067] Train Loss=[QuantLoss=0.04120]Val loss = [QuantLoss=0.16915][QuantReg:0.50436]
[Twitter] Starting epoch 68...
[Twitter] Elapsed training time:4.36s
[Twitter] Starting validation...
[Twitter] Elapsed validation time:0.24s
[Twitter] [Epoch=068] Train Loss=[QuantLoss=0.04141]Val loss = [QuantLoss=0.17515][QuantReg:0.50293]
[Twitter] Starting epoch 69...
[Twitter] Elapsed training time:4.52s
[Twitter] Starting validation...
[Twitter] Elapsed validation time:0.23s
[Twitter] [Epoch=069] Train Loss=[QuantLoss=0.04139]Val loss = [QuantLoss=0.17136][QuantReg:0.50416]
[Twitter] Starting epoch 70...
[Twitter] Elapsed training time:4.46s
[Twitter] Starting validation...
[Twitter] Elapsed validation time:0.24s
[Twitter] [Epoch=070] Train Loss=[QuantLoss=0.04168]Val loss = [QuantLoss=0.21701][QuantReg:0.50197]
[Twitter] Starting epoch 71...
[Twitter] Elapsed training time:4.46s
[Twitter] Starting validation...
[Twitter] Elapsed validation time:0.24s
[Twitter] [Epoch=071] Train Loss=[QuantLoss=0.04194]Val loss = [QuantLoss=0.20071][QuantReg:0.50091]
[Twitter] Starting epoch 72...
[Twitter] Elapsed training time:4.32s
[Twitter] Starting validation...
[Twitter] Elapsed validation time:0.25s
[Twitter] [Epoch=072] Train Loss=[QuantLoss=0.04116]Val loss = [QuantLoss=0.18248][QuantReg:0.50267]
[Twitter] Starting epoch 73...
[Twitter] Elapsed training time:4.36s
[Twitter] Starting validation...
[Twitter] Elapsed validation time:0.22s
[Twitter] [Epoch=073] Train Loss=[QuantLoss=0.04349]Val loss = [QuantLoss=0.17397][QuantReg:0.50116]
[Twitter] Starting epoch 74...
[Twitter] Elapsed training time:4.37s
[Twitter] Starting validation...
[Twitter] Elapsed validation time:0.22s
[Twitter] [Epoch=074] Train Loss=[QuantLoss=0.04119]Val loss = [QuantLoss=0.32698][QuantReg:0.50056]
[Twitter] Starting epoch 75...
[Twitter] Elapsed training time:4.34s
[Twitter] Starting validation...
[Twitter] Elapsed validation time:0.24s
[Twitter] [Epoch=075] Train Loss=[QuantLoss=0.04257]Val loss = [QuantLoss=0.26190][QuantReg:0.49878]
[Twitter] Starting epoch 76...
[Twitter] Elapsed training time:4.39s
[Twitter] Starting validation...
[Twitter] Elapsed validation time:0.27s
[Twitter] [Epoch=076] Train Loss=[QuantLoss=0.04143]Val loss = [QuantLoss=0.45205][QuantReg:0.50208]
[Twitter] Starting epoch 77...
[Twitter] Elapsed training time:4.61s
[Twitter] Starting validation...
[Twitter] Elapsed validation time:0.24s
[Twitter] [Epoch=077] Train Loss=[QuantLoss=0.04111]Val loss = [QuantLoss=0.18820][QuantReg:0.49821]
[Twitter] Starting epoch 78...
[Twitter] Elapsed training time:4.53s
[Twitter] Starting validation...
[Twitter] Elapsed validation time:0.25s
[Twitter] [Epoch=078] Train Loss=[QuantLoss=0.04015]Val loss = [QuantLoss=0.13304][QuantReg:0.49756]
[Twitter] Starting epoch 79...
[Twitter] Elapsed training time:4.42s
[Twitter] Starting validation...
[Twitter] Elapsed validation time:0.26s
[Twitter] [Epoch=079] Train Loss=[QuantLoss=0.04110]Val loss = [QuantLoss=0.13347][QuantReg:0.49652]
[Twitter] Starting epoch 80...
[Twitter] Elapsed training time:4.40s
[Twitter] Starting validation...
[Twitter] Elapsed validation time:0.25s
[Twitter] [Epoch=080] Train Loss=[QuantLoss=0.04219]Val loss = [QuantLoss=0.25727][QuantReg:0.49955]
[Twitter] Starting epoch 81...
[Twitter] Elapsed training time:4.38s
[Twitter] Starting validation...
[Twitter] Elapsed validation time:0.25s
[Twitter] [Epoch=081] Train Loss=[QuantLoss=0.04022]Val loss = [QuantLoss=0.11628][QuantReg:0.49919]
[Twitter] Starting epoch 82...
[Twitter] Elapsed training time:4.26s
[Twitter] Starting validation...
[Twitter] Elapsed validation time:0.24s
[Twitter] [Epoch=082] Train Loss=[QuantLoss=0.03795]Val loss = [QuantLoss=0.12182][QuantReg:0.49610]
[Twitter] Starting epoch 83...
[Twitter] Elapsed training time:4.36s
[Twitter] Starting validation...
[Twitter] Elapsed validation time:0.23s
[Twitter] [Epoch=083] Train Loss=[QuantLoss=0.03967]Val loss = [QuantLoss=0.12744][QuantReg:0.49570]
[Twitter] Starting epoch 84...
[Twitter] Elapsed training time:4.28s
[Twitter] Starting validation...
[Twitter] Elapsed validation time:0.23s
[Twitter] [Epoch=084] Train Loss=[QuantLoss=0.03916]Val loss = [QuantLoss=0.13409][QuantReg:0.49775]
[Twitter] Starting epoch 85...
[Twitter] Elapsed training time:4.39s
[Twitter] Starting validation...
[Twitter] Elapsed validation time:0.24s
[Twitter] [Epoch=085] Train Loss=[QuantLoss=0.03893]Val loss = [QuantLoss=0.10736][QuantReg:0.49790]
[Twitter] Starting epoch 86...
[Twitter] Elapsed training time:4.24s
[Twitter] Starting validation...
[Twitter] Elapsed validation time:0.25s
[Twitter] [Epoch=086] Train Loss=[QuantLoss=0.03904]Val loss = [QuantLoss=0.11807][QuantReg:0.49975]
[Twitter] Starting epoch 87...
[Twitter] Elapsed training time:4.28s
[Twitter] Starting validation...
[Twitter] Elapsed validation time:0.24s
[Twitter] [Epoch=087] Train Loss=[QuantLoss=0.03850]Val loss = [QuantLoss=0.10943][QuantReg:0.50271]
[Twitter] Starting epoch 88...
[Twitter] Elapsed training time:4.36s
[Twitter] Starting validation...
[Twitter] Elapsed validation time:0.23s
[Twitter] [Epoch=088] Train Loss=[QuantLoss=0.03917]Val loss = [QuantLoss=0.11593][QuantReg:0.49987]
[Twitter] Starting epoch 89...
[Twitter] Elapsed training time:4.42s
[Twitter] Starting validation...
[Twitter] Elapsed validation time:0.24s
[Twitter] [Epoch=089] Train Loss=[QuantLoss=0.04001]Val loss = [QuantLoss=0.13887][QuantReg:0.50300]
[Twitter] Starting epoch 90...
[Twitter] Elapsed training time:4.31s
[Twitter] Starting validation...
[Twitter] Elapsed validation time:0.23s
[Twitter] [Epoch=090] Train Loss=[QuantLoss=0.03713]Val loss = [QuantLoss=0.22165][QuantReg:0.50420]
[Twitter] Starting epoch 91...
[Twitter] Elapsed training time:4.20s
[Twitter] Starting validation...
[Twitter] Elapsed validation time:0.24s
[Twitter] [Epoch=091] Train Loss=[QuantLoss=0.03890]Val loss = [QuantLoss=0.21806][QuantReg:0.50384]
[Twitter] Starting epoch 92...
[Twitter] Elapsed training time:4.21s
[Twitter] Starting validation...
[Twitter] Elapsed validation time:0.22s
[Twitter] [Epoch=092] Train Loss=[QuantLoss=0.03799]Val loss = [QuantLoss=0.13088][QuantReg:0.50400]
[Twitter] Starting epoch 93...
[Twitter] Elapsed training time:4.30s
[Twitter] Starting validation...
[Twitter] Elapsed validation time:0.23s
[Twitter] [Epoch=093] Train Loss=[QuantLoss=0.03872]Val loss = [QuantLoss=0.13446][QuantReg:0.50079]
[Twitter] Starting epoch 94...
[Twitter] Elapsed training time:4.31s
[Twitter] Starting validation...
[Twitter] Elapsed validation time:0.25s
[Twitter] [Epoch=094] Train Loss=[QuantLoss=0.03805]Val loss = [QuantLoss=0.13934][QuantReg:0.50196]
[Twitter] Starting epoch 95...
[Twitter] Elapsed training time:4.38s
[Twitter] Starting validation...
[Twitter] Elapsed validation time:0.27s
[Twitter] [Epoch=095] Train Loss=[QuantLoss=0.03734]Val loss = [QuantLoss=0.11071][QuantReg:0.50330]
[Twitter] Starting epoch 96...
[Twitter] Elapsed training time:4.42s
[Twitter] Starting validation...
[Twitter] Elapsed validation time:0.21s
[Twitter] [Epoch=096] Train Loss=[QuantLoss=0.03871]Val loss = [QuantLoss=0.11903][QuantReg:0.50178]
[Twitter] Starting epoch 97...
[Twitter] Elapsed training time:4.70s
[Twitter] Starting validation...
[Twitter] Elapsed validation time:0.21s
[Twitter] [Epoch=097] Train Loss=[QuantLoss=0.03777]Val loss = [QuantLoss=0.10437][QuantReg:0.50208]
[Twitter] Starting epoch 98...
[Twitter] Elapsed training time:4.65s
[Twitter] Starting validation...
[Twitter] Elapsed validation time:0.21s
[Twitter] [Epoch=098] Train Loss=[QuantLoss=0.03973]Val loss = [QuantLoss=0.10695][QuantReg:0.50249]
[Twitter] Starting epoch 99...
[Twitter] Elapsed training time:4.73s
[Twitter] Starting validation...
[Twitter] Elapsed validation time:0.23s
[Twitter] [Epoch=099] Train Loss=[QuantLoss=0.03869]Val loss = [QuantLoss=0.11097][QuantReg:0.50128]
[Twitter] Starting epoch 100...
[Twitter] Elapsed training time:4.80s
[Twitter] Starting validation...
[Twitter] Elapsed validation time:0.24s
[Twitter] [Epoch=100] Train Loss=[QuantLoss=0.03724]Val loss = [QuantLoss=0.09946][QuantReg:0.50223]
[Twitter] Starting epoch 101...
[Twitter] Elapsed training time:4.58s
[Twitter] Starting validation...
[Twitter] Elapsed validation time:0.24s
[Twitter] [Epoch=101] Train Loss=[QuantLoss=0.03674]Val loss = [QuantLoss=0.09450][QuantReg:0.49883]
[Twitter] Starting epoch 102...
[Twitter] Elapsed training time:4.62s
[Twitter] Starting validation...
[Twitter] Elapsed validation time:0.35s
[Twitter] [Epoch=102] Train Loss=[QuantLoss=0.03651]Val loss = [QuantLoss=0.10463][QuantReg:0.50138]
[Twitter] Starting epoch 103...
[Twitter] Elapsed training time:4.46s
[Twitter] Starting validation...
[Twitter] Elapsed validation time:0.26s
[Twitter] [Epoch=103] Train Loss=[QuantLoss=0.03718]Val loss = [QuantLoss=0.09459][QuantReg:0.50156]
[Twitter] Starting epoch 104...
[Twitter] Elapsed training time:4.48s
[Twitter] Starting validation...
[Twitter] Elapsed validation time:0.35s
[Twitter] [Epoch=104] Train Loss=[QuantLoss=0.03623]Val loss = [QuantLoss=0.09934][QuantReg:0.50254]
[Twitter] Starting epoch 105...
[Twitter] Elapsed training time:4.31s
[Twitter] Starting validation...
[Twitter] Elapsed validation time:0.33s
[Twitter] [Epoch=105] Train Loss=[QuantLoss=0.03666]Val loss = [QuantLoss=0.09535][QuantReg:0.50131]
[Twitter] Starting epoch 106...
[Twitter] Elapsed training time:4.40s
[Twitter] Starting validation...
[Twitter] Elapsed validation time:0.38s
[Twitter] [Epoch=106] Train Loss=[QuantLoss=0.03751]Val loss = [QuantLoss=0.10457][QuantReg:0.50138]
[Twitter] Starting epoch 107...
[Twitter] Elapsed training time:4.43s
[Twitter] Starting validation...
[Twitter] Elapsed validation time:0.35s
[Twitter] [Epoch=107] Train Loss=[QuantLoss=0.03546]Val loss = [QuantLoss=0.10387][QuantReg:0.50127]
[Twitter] Starting epoch 108...
[Twitter] Elapsed training time:4.61s
[Twitter] Starting validation...
[Twitter] Elapsed validation time:0.32s
[Twitter] [Epoch=108] Train Loss=[QuantLoss=0.03684]Val loss = [QuantLoss=0.10800][QuantReg:0.50148]
[Twitter] Starting epoch 109...
[Twitter] Elapsed training time:4.35s
[Twitter] Starting validation...
[Twitter] Elapsed validation time:0.36s
[Twitter] [Epoch=109] Train Loss=[QuantLoss=0.03686]Val loss = [QuantLoss=0.10294][QuantReg:0.50183]
[Twitter] Starting epoch 110...
[Twitter] Elapsed training time:4.35s
[Twitter] Starting validation...
[Twitter] Elapsed validation time:0.35s
[Twitter] [Epoch=110] Train Loss=[QuantLoss=0.03658]Val loss = [QuantLoss=0.10703][QuantReg:0.50236]
[Twitter] Starting epoch 111...
[Twitter] Elapsed training time:4.45s
[Twitter] Starting validation...
[Twitter] Elapsed validation time:0.33s
[Twitter] [Epoch=111] Train Loss=[QuantLoss=0.03605]Val loss = [QuantLoss=0.08701][QuantReg:0.50119]
[Twitter] Starting epoch 112...
[Twitter] Elapsed training time:4.41s
[Twitter] Starting validation...
[Twitter] Elapsed validation time:0.37s
[Twitter] [Epoch=112] Train Loss=[QuantLoss=0.03725]Val loss = [QuantLoss=0.11026][QuantReg:0.49998]
[Twitter] Starting epoch 113...
[Twitter] Elapsed training time:4.29s
[Twitter] Starting validation...
[Twitter] Elapsed validation time:0.34s
[Twitter] [Epoch=113] Train Loss=[QuantLoss=0.03711]Val loss = [QuantLoss=0.12747][QuantReg:0.50078]
[Twitter] Starting epoch 114...
[Twitter] Elapsed training time:4.56s
[Twitter] Starting validation...
[Twitter] Elapsed validation time:0.32s
[Twitter] [Epoch=114] Train Loss=[QuantLoss=0.03718]Val loss = [QuantLoss=0.14342][QuantReg:0.49969]
[Twitter] Starting epoch 115...
[Twitter] Elapsed training time:4.79s
[Twitter] Starting validation...
[Twitter] Elapsed validation time:0.33s
[Twitter] [Epoch=115] Train Loss=[QuantLoss=0.03635]Val loss = [QuantLoss=0.13559][QuantReg:0.49938]
[Twitter] Starting epoch 116...
[Twitter] Elapsed training time:4.61s
[Twitter] Starting validation...
[Twitter] Elapsed validation time:0.33s
[Twitter] [Epoch=116] Train Loss=[QuantLoss=0.03524]Val loss = [QuantLoss=0.09853][QuantReg:0.49993]
[Twitter] Starting epoch 117...
[Twitter] Elapsed training time:4.85s
[Twitter] Starting validation...
[Twitter] Elapsed validation time:0.30s
[Twitter] [Epoch=117] Train Loss=[QuantLoss=0.03482]Val loss = [QuantLoss=0.09560][QuantReg:0.50183]
[Twitter] Starting epoch 118...
[Twitter] Elapsed training time:4.89s
[Twitter] Starting validation...
[Twitter] Elapsed validation time:0.29s
[Twitter] [Epoch=118] Train Loss=[QuantLoss=0.03587]Val loss = [QuantLoss=0.10380][QuantReg:0.50075]
[Twitter] Starting epoch 119...
[Twitter] Elapsed training time:4.97s
[Twitter] Starting validation...
[Twitter] Elapsed validation time:0.30s
[Twitter] [Epoch=119] Train Loss=[QuantLoss=0.03651]Val loss = [QuantLoss=0.10011][QuantReg:0.50206]
[Twitter] Starting epoch 120...
[Twitter] Elapsed training time:4.49s
[Twitter] Starting validation...
[Twitter] Elapsed validation time:0.40s
[Twitter] [Epoch=120] Train Loss=[QuantLoss=0.03564]Val loss = [QuantLoss=0.12132][QuantReg:0.50193]
[Twitter] Starting epoch 121...
[Twitter] Elapsed training time:4.31s
[Twitter] Starting validation...
[Twitter] Elapsed validation time:0.35s
[Twitter] [Epoch=121] Train Loss=[QuantLoss=0.03482]Val loss = [QuantLoss=0.12734][QuantReg:0.50007]
[Twitter] Starting epoch 122...
[Twitter] Elapsed training time:4.29s
[Twitter] Starting validation...
[Twitter] Elapsed validation time:0.34s
[Twitter] [Epoch=122] Train Loss=[QuantLoss=0.03549]Val loss = [QuantLoss=0.10630][QuantReg:0.50171]
[Twitter] Starting epoch 123...
[Twitter] Elapsed training time:4.24s
[Twitter] Starting validation...
[Twitter] Elapsed validation time:0.36s
[Twitter] [Epoch=123] Train Loss=[QuantLoss=0.03637]Val loss = [QuantLoss=0.11540][QuantReg:0.50578]
[Twitter] Starting epoch 124...
[Twitter] Elapsed training time:4.33s
[Twitter] Starting validation...
[Twitter] Elapsed validation time:0.34s
[Twitter] [Epoch=124] Train Loss=[QuantLoss=0.03586]Val loss = [QuantLoss=0.10174][QuantReg:0.50319]
[Twitter] Starting epoch 125...
[Twitter] Elapsed training time:4.28s
[Twitter] Starting validation...
[Twitter] Elapsed validation time:0.36s
[Twitter] [Epoch=125] Train Loss=[QuantLoss=0.03491]Val loss = [QuantLoss=0.10430][QuantReg:0.50271]
[Twitter] Starting epoch 126...
[Twitter] Elapsed training time:4.19s
[Twitter] Starting validation...
[Twitter] Elapsed validation time:0.27s
[Twitter] [Epoch=126] Train Loss=[QuantLoss=0.03462]Val loss = [QuantLoss=0.09944][QuantReg:0.50146]
[Twitter] Starting epoch 127...
[Twitter] Elapsed training time:3.61s
[Twitter] Starting validation...
[Twitter] Elapsed validation time:0.36s
[Twitter] [Epoch=127] Train Loss=[QuantLoss=0.03552]Val loss = [QuantLoss=0.09950][QuantReg:0.50128]
[Twitter] Starting epoch 128...
[Twitter] Elapsed training time:4.40s
[Twitter] Starting validation...
[Twitter] Elapsed validation time:0.34s
[Twitter] [Epoch=128] Train Loss=[QuantLoss=0.03506]Val loss = [QuantLoss=0.10676][QuantReg:0.50109]
[Twitter] Starting epoch 129...
[Twitter] Elapsed training time:4.51s
[Twitter] Starting validation...
[Twitter] Elapsed validation time:0.35s
[Twitter] [Epoch=129] Train Loss=[QuantLoss=0.03383]Val loss = [QuantLoss=0.11870][QuantReg:0.50170]
[Twitter] Starting epoch 130...
[Twitter] Elapsed training time:4.43s
[Twitter] Starting validation...
[Twitter] Elapsed validation time:0.37s
[Twitter] [Epoch=130] Train Loss=[QuantLoss=0.03458]Val loss = [QuantLoss=0.11398][QuantReg:0.50227]
[Twitter] Starting epoch 131...
[Twitter] Elapsed training time:4.54s
[Twitter] Starting validation...
[Twitter] Elapsed validation time:0.37s
[Twitter] [Epoch=131] Train Loss=[QuantLoss=0.03503]Val loss = [QuantLoss=0.10923][QuantReg:0.50090]
[Twitter] Starting epoch 132...
[Twitter] Elapsed training time:4.43s
[Twitter] Starting validation...
[Twitter] Elapsed validation time:0.36s
[Twitter] [Epoch=132] Train Loss=[QuantLoss=0.03369]Val loss = [QuantLoss=0.12992][QuantReg:0.50149]
[Twitter] Starting epoch 133...
[Twitter] Elapsed training time:4.47s
[Twitter] Starting validation...
[Twitter] Elapsed validation time:0.38s
[Twitter] [Epoch=133] Train Loss=[QuantLoss=0.03548]Val loss = [QuantLoss=0.12037][QuantReg:0.50173]
[Twitter] Starting epoch 134...
[Twitter] Elapsed training time:4.37s
[Twitter] Starting validation...
[Twitter] Elapsed validation time:0.38s
[Twitter] [Epoch=134] Train Loss=[QuantLoss=0.03429]Val loss = [QuantLoss=0.12117][QuantReg:0.50080]
[Twitter] Starting epoch 135...
[Twitter] Elapsed training time:4.49s
[Twitter] Starting validation...
[Twitter] Elapsed validation time:0.35s
[Twitter] [Epoch=135] Train Loss=[QuantLoss=0.03492]Val loss = [QuantLoss=0.12109][QuantReg:0.49970]
[Twitter] Starting epoch 136...
[Twitter] Elapsed training time:4.37s
[Twitter] Starting validation...
[Twitter] Elapsed validation time:0.37s
[Twitter] [Epoch=136] Train Loss=[QuantLoss=0.03484]Val loss = [QuantLoss=0.11221][QuantReg:0.49979]
[Twitter] Starting epoch 137...
[Twitter] Elapsed training time:4.40s
[Twitter] Starting validation...
[Twitter] Elapsed validation time:0.35s
[Twitter] [Epoch=137] Train Loss=[QuantLoss=0.03494]Val loss = [QuantLoss=0.11579][QuantReg:0.49792]
[Twitter] Starting epoch 138...
[Twitter] Elapsed training time:4.61s
[Twitter] Starting validation...
[Twitter] Elapsed validation time:0.35s
[Twitter] [Epoch=138] Train Loss=[QuantLoss=0.03498]Val loss = [QuantLoss=0.10889][QuantReg:0.49934]
[Twitter] Starting epoch 139...
[Twitter] Elapsed training time:4.59s
[Twitter] Starting validation...
[Twitter] Elapsed validation time:0.33s
[Twitter] [Epoch=139] Train Loss=[QuantLoss=0.03441]Val loss = [QuantLoss=0.10810][QuantReg:0.49954]
[Twitter] Starting epoch 140...
[Twitter] Elapsed training time:5.07s
[Twitter] Starting validation...
[Twitter] Elapsed validation time:0.34s
[Twitter] [Epoch=140] Train Loss=[QuantLoss=0.03414]Val loss = [QuantLoss=0.12068][QuantReg:0.49957]
[Twitter] Starting epoch 141...
[Twitter] Elapsed training time:4.86s
[Twitter] Starting validation...
[Twitter] Elapsed validation time:0.22s
[Twitter] [Epoch=141] Train Loss=[QuantLoss=0.03468]Val loss = [QuantLoss=0.12239][QuantReg:0.49869]
[Twitter] Starting epoch 142...
[Twitter] Elapsed training time:4.50s
[Twitter] Starting validation...
[Twitter] Elapsed validation time:0.24s
[Twitter] [Epoch=142] Train Loss=[QuantLoss=0.03483]Val loss = [QuantLoss=0.12536][QuantReg:0.49916]
[Twitter] Starting epoch 143...
[Twitter] Elapsed training time:4.85s
[Twitter] Starting validation...
[Twitter] Elapsed validation time:0.20s
[Twitter] [Epoch=143] Train Loss=[QuantLoss=0.03414]Val loss = [QuantLoss=0.11908][QuantReg:0.49738]
[Twitter] Starting epoch 144...
[Twitter] Elapsed training time:4.67s
[Twitter] Starting validation...
[Twitter] Elapsed validation time:0.23s
[Twitter] [Epoch=144] Train Loss=[QuantLoss=0.03577]Val loss = [QuantLoss=0.13062][QuantReg:0.49899]
[Twitter] Early stopping in epoch 144!
[Twitter] Restoring best model...
MAE médio por bag: 0.1548 ± 0.1137
Salvo em resultados_sanders/resultados_twitter_bert_kl_hardest_1.csv
Dataset: /home/nildaimon/gmnet/experiments/train_curl/Datasets/Sanders/twitter-sanders-apple3.csv
Dificuldade: metric=kl, mode=easiest, top_k=None
Rodada: 1
Salvar resultados em: resultados_sanders
Dispositivo de treino: cpu
Carregando e processando dataset Twitter
Carregando embeddings do cache...
/home/nildaimon/gmnet/experiments/train_curl/train_sanders.py:89: FutureWarning: You are using `torch.load` with `weights_only=False` (the current default value), which uses the default pickle module implicitly. It is possible to construct malicious pickle data which will execute arbitrary code during unpickling (See https://github.com/pytorch/pytorch/blob/main/SECURITY.md#untrusted-models for more details). In a future release, the default value for `weights_only` will be flipped to `True`. This limits the functions that could be executed during unpickling. Arbitrary objects will no longer be allowed to be loaded via this mode unless they are explicitly allowlisted by the user via `torch.serialization.add_safe_globals`. We recommend you start setting `weights_only=True` for any use case where you don't have full control of the loaded file. Please open an issue on GitHub for any issues related to this experimental feature.
  embeddings = torch.load(EMBEDDING_CACHE)
/home/nildaimon/gmnet/experiments/train_curl/train_sanders.py:90: FutureWarning: You are using `torch.load` with `weights_only=False` (the current default value), which uses the default pickle module implicitly. It is possible to construct malicious pickle data which will execute arbitrary code during unpickling (See https://github.com/pytorch/pytorch/blob/main/SECURITY.md#untrusted-models for more details). In a future release, the default value for `weights_only` will be flipped to `True`. This limits the functions that could be executed during unpickling. Arbitrary objects will no longer be allowed to be loaded via this mode unless they are explicitly allowlisted by the user via `torch.serialization.add_safe_globals`. We recommend you start setting `weights_only=True` for any use case where you don't have full control of the loaded file. Please open an issue on GitHub for any issues related to this experimental feature.
  labels = torch.load(LABELS_CACHE)
Ignoring val_split as train and val datasets where given to fit function
We have two datasets: training 1092 examples. validation 100 examples.]
Using device cpu
/home/nildaimon/anaconda3/envs/gmnet/lib/python3.12/site-packages/torch/optim/lr_scheduler.py:62: UserWarning: The verbose parameter is deprecated. Please use get_last_lr() to access the learning rate.
  warnings.warn(
/home/nildaimon/gmnet/dlquantification/main.py:835: FutureWarning: `torch.cuda.amp.GradScaler(args...)` is deprecated. Please use `torch.amp.GradScaler('cuda', args...)` instead.
  scaler = torch.cuda.amp.GradScaler(enabled=self.use_fp16)
[Twitter] Starting epoch 0...
/home/nildaimon/gmnet/dlquantification/main.py:888: FutureWarning: `torch.cuda.amp.autocast(args...)` is deprecated. Please use `torch.amp.autocast('cuda', args...)` instead.
  with torch.cuda.amp.autocast(enabled=self.use_fp16):
[Twitter] Elapsed training time:4.53s
[Twitter] Starting validation...
[Twitter] Elapsed validation time:0.23s
[Twitter] [Epoch=000] Train Loss=[QuantLoss=0.08508]Val loss = [QuantLoss=0.04216][QuantReg:0.50565][saved best model in this epoch]
[Twitter] Starting epoch 1...
[Twitter] Elapsed training time:4.42s
[Twitter] Starting validation...
[Twitter] Elapsed validation time:0.24s
[Twitter] [Epoch=001] Train Loss=[QuantLoss=0.09166]Val loss = [QuantLoss=0.11713][QuantReg:0.46812]
[Twitter] Starting epoch 2...
[Twitter] Elapsed training time:4.61s
[Twitter] Starting validation...
[Twitter] Elapsed validation time:0.25s
[Twitter] [Epoch=002] Train Loss=[QuantLoss=0.09542]Val loss = [QuantLoss=0.03015][QuantReg:0.45653][saved best model in this epoch]
[Twitter] Starting epoch 3...
[Twitter] Elapsed training time:4.52s
[Twitter] Starting validation...
[Twitter] Elapsed validation time:0.24s
[Twitter] [Epoch=003] Train Loss=[QuantLoss=0.07516]Val loss = [QuantLoss=0.04021][QuantReg:0.48609]
[Twitter] Starting epoch 4...
[Twitter] Elapsed training time:4.69s
[Twitter] Starting validation...
[Twitter] Elapsed validation time:0.24s
[Twitter] [Epoch=004] Train Loss=[QuantLoss=0.07170]Val loss = [QuantLoss=0.02633][QuantReg:0.46812][saved best model in this epoch]
[Twitter] Starting epoch 5...
[Twitter] Elapsed training time:5.06s
[Twitter] Starting validation...
[Twitter] Elapsed validation time:0.25s
[Twitter] [Epoch=005] Train Loss=[QuantLoss=0.06306]Val loss = [QuantLoss=0.08765][QuantReg:0.43758]
[Twitter] Starting epoch 6...
[Twitter] Elapsed training time:4.95s
[Twitter] Starting validation...
[Twitter] Elapsed validation time:0.22s
[Twitter] [Epoch=006] Train Loss=[QuantLoss=0.06879]Val loss = [QuantLoss=0.12653][QuantReg:0.44452]
[Twitter] Starting epoch 7...
[Twitter] Elapsed training time:5.05s
[Twitter] Starting validation...
[Twitter] Elapsed validation time:0.23s
[Twitter] [Epoch=007] Train Loss=[QuantLoss=0.06280]Val loss = [QuantLoss=0.09373][QuantReg:0.45888]
[Twitter] Starting epoch 8...
[Twitter] Elapsed training time:4.99s
[Twitter] Starting validation...
[Twitter] Elapsed validation time:0.23s
[Twitter] [Epoch=008] Train Loss=[QuantLoss=0.06273]Val loss = [QuantLoss=0.10530][QuantReg:0.44377]
[Twitter] Starting epoch 9...
[Twitter] Elapsed training time:4.92s
[Twitter] Starting validation...
[Twitter] Elapsed validation time:0.23s
[Twitter] [Epoch=009] Train Loss=[QuantLoss=0.06750]Val loss = [QuantLoss=0.11037][QuantReg:0.44422]
[Twitter] Starting epoch 10...
[Twitter] Elapsed training time:4.58s
[Twitter] Starting validation...
[Twitter] Elapsed validation time:0.24s
[Twitter] [Epoch=010] Train Loss=[QuantLoss=0.05832]Val loss = [QuantLoss=0.13728][QuantReg:0.41763]
[Twitter] Starting epoch 11...
[Twitter] Elapsed training time:4.26s
[Twitter] Starting validation...
[Twitter] Elapsed validation time:0.22s
[Twitter] [Epoch=011] Train Loss=[QuantLoss=0.06806]Val loss = [QuantLoss=0.10985][QuantReg:0.40607]
[Twitter] Starting epoch 12...
[Twitter] Elapsed training time:4.37s
[Twitter] Starting validation...
[Twitter] Elapsed validation time:0.25s
[Twitter] [Epoch=012] Train Loss=[QuantLoss=0.06614]Val loss = [QuantLoss=0.10690][QuantReg:0.41258]
[Twitter] Starting epoch 13...
[Twitter] Elapsed training time:4.33s
[Twitter] Starting validation...
[Twitter] Elapsed validation time:0.26s
[Twitter] [Epoch=013] Train Loss=[QuantLoss=0.06974]Val loss = [QuantLoss=0.12748][QuantReg:0.41667]
[Twitter] Starting epoch 14...
[Twitter] Elapsed training time:4.40s
[Twitter] Starting validation...
[Twitter] Elapsed validation time:0.25s
[Twitter] [Epoch=014] Train Loss=[QuantLoss=0.06487]Val loss = [QuantLoss=0.10112][QuantReg:0.40529]
[Twitter] Starting epoch 15...
[Twitter] Elapsed training time:4.41s
[Twitter] Starting validation...
[Twitter] Elapsed validation time:0.24s
[Twitter] [Epoch=015] Train Loss=[QuantLoss=0.06771]Val loss = [QuantLoss=0.11823][QuantReg:0.40430]
[Twitter] Starting epoch 16...
[Twitter] Elapsed training time:4.28s
[Twitter] Starting validation...
[Twitter] Elapsed validation time:0.23s
[Twitter] [Epoch=016] Train Loss=[QuantLoss=0.07338]Val loss = [QuantLoss=0.13843][QuantReg:0.41704]
[Twitter] Starting epoch 17...
[Twitter] Elapsed training time:4.44s
[Twitter] Starting validation...
[Twitter] Elapsed validation time:0.25s
[Twitter] [Epoch=017] Train Loss=[QuantLoss=0.06518]Val loss = [QuantLoss=0.15896][QuantReg:0.40206]
[Twitter] Starting epoch 18...
[Twitter] Elapsed training time:4.49s
[Twitter] Starting validation...
[Twitter] Elapsed validation time:0.24s
[Twitter] [Epoch=018] Train Loss=[QuantLoss=0.06781]Val loss = [QuantLoss=0.06625][QuantReg:0.40100]
[Twitter] Starting epoch 19...
[Twitter] Elapsed training time:4.38s
[Twitter] Starting validation...
[Twitter] Elapsed validation time:0.25s
[Twitter] [Epoch=019] Train Loss=[QuantLoss=0.05885]Val loss = [QuantLoss=0.14275][QuantReg:0.39245]
[Twitter] Starting epoch 20...
[Twitter] Elapsed training time:4.25s
[Twitter] Starting validation...
[Twitter] Elapsed validation time:0.23s
[Twitter] [Epoch=020] Train Loss=[QuantLoss=0.06345]Val loss = [QuantLoss=0.07380][QuantReg:0.40200]
[Twitter] Starting epoch 21...
[Twitter] Elapsed training time:4.23s
[Twitter] Starting validation...
[Twitter] Elapsed validation time:0.24s
[Twitter] [Epoch=021] Train Loss=[QuantLoss=0.06105]Val loss = [QuantLoss=0.09811][QuantReg:0.39533]
[Twitter] Starting epoch 22...
[Twitter] Elapsed training time:4.46s
[Twitter] Starting validation...
[Twitter] Elapsed validation time:0.24s
[Twitter] [Epoch=022] Train Loss=[QuantLoss=0.05638]Val loss = [QuantLoss=0.09385][QuantReg:0.38480]
[Twitter] Starting epoch 23...
[Twitter] Elapsed training time:4.45s
[Twitter] Starting validation...
[Twitter] Elapsed validation time:0.24s
[Twitter] [Epoch=023] Train Loss=[QuantLoss=0.06417]Val loss = [QuantLoss=0.08547][QuantReg:0.38874]
[Twitter] Starting epoch 24...
[Twitter] Elapsed training time:4.32s
[Twitter] Starting validation...
[Twitter] Elapsed validation time:0.24s
[Twitter] [Epoch=024] Train Loss=[QuantLoss=0.07110]Val loss = [QuantLoss=0.11148][QuantReg:0.38800]
[Twitter] Starting epoch 25...
[Twitter] Elapsed training time:4.28s
[Twitter] Starting validation...
[Twitter] Elapsed validation time:0.26s
[Twitter] [Epoch=025] Train Loss=[QuantLoss=0.05888]Val loss = [QuantLoss=0.11231][QuantReg:0.38626]
[Twitter] Starting epoch 26...
[Twitter] Elapsed training time:4.40s
[Twitter] Starting validation...
[Twitter] Elapsed validation time:0.37s
[Twitter] [Epoch=026] Train Loss=[QuantLoss=0.05642]Val loss = [QuantLoss=0.05851][QuantReg:0.38138]
[Twitter] Starting epoch 27...
[Twitter] Elapsed training time:4.50s
[Twitter] Starting validation...
[Twitter] Elapsed validation time:0.35s
[Twitter] [Epoch=027] Train Loss=[QuantLoss=0.05631]Val loss = [QuantLoss=0.07684][QuantReg:0.38037]
[Twitter] Starting epoch 28...
[Twitter] Elapsed training time:4.35s
[Twitter] Starting validation...
[Twitter] Elapsed validation time:0.36s
[Twitter] [Epoch=028] Train Loss=[QuantLoss=0.05286]Val loss = [QuantLoss=0.08736][QuantReg:0.39300]
[Twitter] Starting epoch 29...
[Twitter] Elapsed training time:4.29s
[Twitter] Starting validation...
[Twitter] Elapsed validation time:0.35s
[Twitter] [Epoch=029] Train Loss=[QuantLoss=0.05417]Val loss = [QuantLoss=0.12512][QuantReg:0.39671]
[Twitter] Starting epoch 30...
[Twitter] Elapsed training time:4.46s
[Twitter] Starting validation...
[Twitter] Elapsed validation time:0.37s
[Twitter] [Epoch=030] Train Loss=[QuantLoss=0.05234]Val loss = [QuantLoss=0.09686][QuantReg:0.38825]
[Twitter] Starting epoch 31...
[Twitter] Elapsed training time:4.49s
[Twitter] Starting validation...
[Twitter] Elapsed validation time:0.34s
[Twitter] [Epoch=031] Train Loss=[QuantLoss=0.04917]Val loss = [QuantLoss=0.12835][QuantReg:0.38590]
[Twitter] Starting epoch 32...
[Twitter] Elapsed training time:4.42s
[Twitter] Starting validation...
[Twitter] Elapsed validation time:0.39s
[Twitter] [Epoch=032] Train Loss=[QuantLoss=0.04909]Val loss = [QuantLoss=0.09159][QuantReg:0.38809]
[Twitter] Starting epoch 33...
[Twitter] Elapsed training time:4.21s
[Twitter] Starting validation...
[Twitter] Elapsed validation time:0.39s
[Twitter] [Epoch=033] Train Loss=[QuantLoss=0.05031]Val loss = [QuantLoss=0.08189][QuantReg:0.39160]
[Twitter] Starting epoch 34...
[Twitter] Elapsed training time:4.24s
[Twitter] Starting validation...
[Twitter] Elapsed validation time:0.35s
[Twitter] [Epoch=034] Train Loss=[QuantLoss=0.05788]Val loss = [QuantLoss=0.06431][QuantReg:0.39498]
[Twitter] Starting epoch 35...
[Twitter] Elapsed training time:4.26s
[Twitter] Starting validation...
[Twitter] Elapsed validation time:0.36s
[Twitter] [Epoch=035] Train Loss=[QuantLoss=0.04848]Val loss = [QuantLoss=0.07127][QuantReg:0.39468]
[Twitter] Starting epoch 36...
[Twitter] Elapsed training time:4.39s
[Twitter] Starting validation...
[Twitter] Elapsed validation time:0.37s
[Twitter] [Epoch=036] Train Loss=[QuantLoss=0.05082]Val loss = [QuantLoss=0.03355][QuantReg:0.39347]
[Twitter] Starting epoch 37...
[Twitter] Elapsed training time:4.32s
[Twitter] Starting validation...
[Twitter] Elapsed validation time:0.34s
[Twitter] [Epoch=037] Train Loss=[QuantLoss=0.04531]Val loss = [QuantLoss=0.09934][QuantReg:0.39552]
[Twitter] Starting epoch 38...
[Twitter] Elapsed training time:4.36s
[Twitter] Starting validation...
[Twitter] Elapsed validation time:0.38s
[Twitter] [Epoch=038] Train Loss=[QuantLoss=0.05468]Val loss = [QuantLoss=0.12283][QuantReg:0.39622]
[Twitter] Starting epoch 39...
[Twitter] Elapsed training time:4.34s
[Twitter] Starting validation...
[Twitter] Elapsed validation time:0.35s
[Twitter] [Epoch=039] Train Loss=[QuantLoss=0.04975]Val loss = [QuantLoss=0.08134][QuantReg:0.39677]
[Twitter] Starting epoch 40...
[Twitter] Elapsed training time:4.46s
[Twitter] Starting validation...
[Twitter] Elapsed validation time:0.34s
[Twitter] [Epoch=040] Train Loss=[QuantLoss=0.04700]Val loss = [QuantLoss=0.07128][QuantReg:0.39997]
[Twitter] Starting epoch 41...
[Twitter] Elapsed training time:4.55s
[Twitter] Starting validation...
[Twitter] Elapsed validation time:0.34s
[Twitter] [Epoch=041] Train Loss=[QuantLoss=0.04611]Val loss = [QuantLoss=0.08345][QuantReg:0.39565]
[Twitter] Starting epoch 42...
[Twitter] Elapsed training time:4.39s
[Twitter] Starting validation...
[Twitter] Elapsed validation time:0.34s
[Twitter] [Epoch=042] Train Loss=[QuantLoss=0.04460]Val loss = [QuantLoss=0.07159][QuantReg:0.38979]
[Twitter] Starting epoch 43...
[Twitter] Elapsed training time:4.35s
[Twitter] Starting validation...
[Twitter] Elapsed validation time:0.37s
[Twitter] [Epoch=043] Train Loss=[QuantLoss=0.04914]Val loss = [QuantLoss=0.12083][QuantReg:0.39389]
[Twitter] Starting epoch 44...
[Twitter] Elapsed training time:4.54s
[Twitter] Starting validation...
[Twitter] Elapsed validation time:0.34s
[Twitter] [Epoch=044] Train Loss=[QuantLoss=0.04691]Val loss = [QuantLoss=0.11794][QuantReg:0.39168]
[Twitter] Starting epoch 45...
[Twitter] Elapsed training time:4.49s
[Twitter] Starting validation...
[Twitter] Elapsed validation time:0.36s
[Twitter] [Epoch=045] Train Loss=[QuantLoss=0.05036]Val loss = [QuantLoss=0.11054][QuantReg:0.38996]
[Twitter] Starting epoch 46...
[Twitter] Elapsed training time:4.46s
[Twitter] Starting validation...
[Twitter] Elapsed validation time:0.35s
[Twitter] [Epoch=046] Train Loss=[QuantLoss=0.05045]Val loss = [QuantLoss=0.13345][QuantReg:0.39110]
[Twitter] Starting epoch 47...
[Twitter] Elapsed training time:4.51s
[Twitter] Starting validation...
[Twitter] Elapsed validation time:0.36s
[Twitter] [Epoch=047] Train Loss=[QuantLoss=0.05199]Val loss = [QuantLoss=0.05790][QuantReg:0.39121]
[Twitter] Starting epoch 48...
[Twitter] Elapsed training time:4.39s
[Twitter] Starting validation...
[Twitter] Elapsed validation time:0.36s
[Twitter] [Epoch=048] Train Loss=[QuantLoss=0.04677]Val loss = [QuantLoss=0.06633][QuantReg:0.39051]
[Twitter] Starting epoch 49...
[Twitter] Elapsed training time:4.44s
[Twitter] Starting validation...
[Twitter] Elapsed validation time:0.36s
[Twitter] [Epoch=049] Train Loss=[QuantLoss=0.04427]Val loss = [QuantLoss=0.06029][QuantReg:0.39065]
[Twitter] Starting epoch 50...
[Twitter] Elapsed training time:4.35s
[Twitter] Starting validation...
[Twitter] Elapsed validation time:0.39s
[Twitter] [Epoch=050] Train Loss=[QuantLoss=0.05198]Val loss = [QuantLoss=0.05314][QuantReg:0.38954]
[Twitter] Starting epoch 51...
[Twitter] Elapsed training time:4.59s
[Twitter] Starting validation...
[Twitter] Elapsed validation time:0.37s
[Twitter] [Epoch=051] Train Loss=[QuantLoss=0.04227]Val loss = [QuantLoss=0.05558][QuantReg:0.39117]
[Twitter] Starting epoch 52...
[Twitter] Elapsed training time:4.36s
[Twitter] Starting validation...
[Twitter] Elapsed validation time:0.40s
[Twitter] [Epoch=052] Train Loss=[QuantLoss=0.04394]Val loss = [QuantLoss=0.03432][QuantReg:0.39052]
[Twitter] Starting epoch 53...
[Twitter] Elapsed training time:4.49s
[Twitter] Starting validation...
[Twitter] Elapsed validation time:0.35s
[Twitter] [Epoch=053] Train Loss=[QuantLoss=0.04397]Val loss = [QuantLoss=0.05899][QuantReg:0.39047]
[Twitter] Starting epoch 54...
[Twitter] Elapsed training time:4.14s
[Twitter] Starting validation...
[Twitter] Elapsed validation time:0.35s
[Twitter] [Epoch=054] Train Loss=[QuantLoss=0.04481]Val loss = [QuantLoss=0.04647][QuantReg:0.39591]
[Twitter] Starting epoch 55...
[Twitter] Elapsed training time:4.15s
[Twitter] Starting validation...
[Twitter] Elapsed validation time:0.35s
[Twitter] [Epoch=055] Train Loss=[QuantLoss=0.04396]Val loss = [QuantLoss=0.05347][QuantReg:0.39952]
[Twitter] Starting epoch 56...
[Twitter] Elapsed training time:4.20s
[Twitter] Starting validation...
[Twitter] Elapsed validation time:0.35s
[Twitter] [Epoch=056] Train Loss=[QuantLoss=0.04104]Val loss = [QuantLoss=0.06657][QuantReg:0.39991]
[Twitter] Starting epoch 57...
[Twitter] Elapsed training time:4.21s
[Twitter] Starting validation...
[Twitter] Elapsed validation time:0.35s
[Twitter] [Epoch=057] Train Loss=[QuantLoss=0.04424]Val loss = [QuantLoss=0.08363][QuantReg:0.40028]
[Twitter] Starting epoch 58...
[Twitter] Elapsed training time:4.38s
[Twitter] Starting validation...
[Twitter] Elapsed validation time:0.30s
[Twitter] [Epoch=058] Train Loss=[QuantLoss=0.04193]Val loss = [QuantLoss=0.07417][QuantReg:0.39659]
[Twitter] Starting epoch 59...
[Twitter] Elapsed training time:4.14s
[Twitter] Starting validation...
[Twitter] Elapsed validation time:0.26s
[Twitter] [Epoch=059] Train Loss=[QuantLoss=0.04144]Val loss = [QuantLoss=0.07747][QuantReg:0.39810]
[Twitter] Starting epoch 60...
[Twitter] Elapsed training time:4.22s
[Twitter] Starting validation...
[Twitter] Elapsed validation time:0.26s
[Twitter] [Epoch=060] Train Loss=[QuantLoss=0.04059]Val loss = [QuantLoss=0.06375][QuantReg:0.40124]
[Twitter] Starting epoch 61...
[Twitter] Elapsed training time:4.23s
[Twitter] Starting validation...
[Twitter] Elapsed validation time:0.22s
[Twitter] [Epoch=061] Train Loss=[QuantLoss=0.04144]Val loss = [QuantLoss=0.02894][QuantReg:0.40090]
[Twitter] Starting epoch 62...
[Twitter] Elapsed training time:4.20s
[Twitter] Starting validation...
[Twitter] Elapsed validation time:0.24s
[Twitter] [Epoch=062] Train Loss=[QuantLoss=0.04171]Val loss = [QuantLoss=0.04181][QuantReg:0.40013]
[Twitter] Starting epoch 63...
[Twitter] Elapsed training time:4.18s
[Twitter] Starting validation...
[Twitter] Elapsed validation time:0.25s
[Twitter] [Epoch=063] Train Loss=[QuantLoss=0.04153]Val loss = [QuantLoss=0.07230][QuantReg:0.40027]
[Twitter] Starting epoch 64...
[Twitter] Elapsed training time:4.27s
[Twitter] Starting validation...
[Twitter] Elapsed validation time:0.23s
[Twitter] [Epoch=064] Train Loss=[QuantLoss=0.04000]Val loss = [QuantLoss=0.03331][QuantReg:0.39928]
[Twitter] Starting epoch 65...
[Twitter] Elapsed training time:4.22s
[Twitter] Starting validation...
[Twitter] Elapsed validation time:0.25s
[Twitter] [Epoch=065] Train Loss=[QuantLoss=0.03877]Val loss = [QuantLoss=0.09667][QuantReg:0.39920]
[Twitter] Starting epoch 66...
[Twitter] Elapsed training time:4.26s
[Twitter] Starting validation...
[Twitter] Elapsed validation time:0.24s
[Twitter] [Epoch=066] Train Loss=[QuantLoss=0.04103]Val loss = [QuantLoss=0.05721][QuantReg:0.39597]
[Twitter] Starting epoch 67...
[Twitter] Elapsed training time:4.39s
[Twitter] Starting validation...
[Twitter] Elapsed validation time:0.27s
[Twitter] [Epoch=067] Train Loss=[QuantLoss=0.04083]Val loss = [QuantLoss=0.09851][QuantReg:0.39328]
[Twitter] Starting epoch 68...
[Twitter] Elapsed training time:4.27s
[Twitter] Starting validation...
[Twitter] Elapsed validation time:0.24s
[Twitter] [Epoch=068] Train Loss=[QuantLoss=0.03911]Val loss = [QuantLoss=0.09118][QuantReg:0.39057]
[Twitter] Starting epoch 69...
[Twitter] Elapsed training time:4.30s
[Twitter] Starting validation...
[Twitter] Elapsed validation time:0.24s
[Twitter] [Epoch=069] Train Loss=[QuantLoss=0.03940]Val loss = [QuantLoss=0.10631][QuantReg:0.39050]
[Twitter] Starting epoch 70...
[Twitter] Elapsed training time:4.38s
[Twitter] Starting validation...
[Twitter] Elapsed validation time:0.25s
[Twitter] [Epoch=070] Train Loss=[QuantLoss=0.03801]Val loss = [QuantLoss=0.11289][QuantReg:0.39145]
[Twitter] Starting epoch 71...
[Twitter] Elapsed training time:4.63s
[Twitter] Starting validation...
[Twitter] Elapsed validation time:0.25s
[Twitter] [Epoch=071] Train Loss=[QuantLoss=0.03716]Val loss = [QuantLoss=0.09841][QuantReg:0.39331]
[Twitter] Starting epoch 72...
[Twitter] Elapsed training time:4.50s
[Twitter] Starting validation...
[Twitter] Elapsed validation time:0.24s
[Twitter] [Epoch=072] Train Loss=[QuantLoss=0.03940]Val loss = [QuantLoss=0.08174][QuantReg:0.39339]
[Twitter] Starting epoch 73...
[Twitter] Elapsed training time:4.46s
[Twitter] Starting validation...
[Twitter] Elapsed validation time:0.26s
[Twitter] [Epoch=073] Train Loss=[QuantLoss=0.04048]Val loss = [QuantLoss=0.08911][QuantReg:0.39407]
[Twitter] Starting epoch 74...
[Twitter] Elapsed training time:4.32s
[Twitter] Starting validation...
[Twitter] Elapsed validation time:0.23s
[Twitter] [Epoch=074] Train Loss=[QuantLoss=0.03882]Val loss = [QuantLoss=0.07775][QuantReg:0.39514]
[Twitter] Starting epoch 75...
[Twitter] Elapsed training time:4.38s
[Twitter] Starting validation...
[Twitter] Elapsed validation time:0.27s
[Twitter] [Epoch=075] Train Loss=[QuantLoss=0.03788]Val loss = [QuantLoss=0.07023][QuantReg:0.39585]
[Twitter] Starting epoch 76...
[Twitter] Elapsed training time:4.42s
[Twitter] Starting validation...
[Twitter] Elapsed validation time:0.24s
[Twitter] [Epoch=076] Train Loss=[QuantLoss=0.03760]Val loss = [QuantLoss=0.06564][QuantReg:0.39565]
[Twitter] Starting epoch 77...
[Twitter] Elapsed training time:4.37s
[Twitter] Starting validation...
[Twitter] Elapsed validation time:0.23s
[Twitter] [Epoch=077] Train Loss=[QuantLoss=0.04193]Val loss = [QuantLoss=0.08858][QuantReg:0.39339]
[Twitter] Starting epoch 78...
[Twitter] Elapsed training time:4.38s
[Twitter] Starting validation...
[Twitter] Elapsed validation time:0.26s
[Twitter] [Epoch=078] Train Loss=[QuantLoss=0.03686]Val loss = [QuantLoss=0.08738][QuantReg:0.39638]
[Twitter] Starting epoch 79...
[Twitter] Elapsed training time:4.28s
[Twitter] Starting validation...
[Twitter] Elapsed validation time:0.25s
[Twitter] [Epoch=079] Train Loss=[QuantLoss=0.03985]Val loss = [QuantLoss=0.08440][QuantReg:0.39442]
[Twitter] Starting epoch 80...
[Twitter] Elapsed training time:4.25s
[Twitter] Starting validation...
[Twitter] Elapsed validation time:0.27s
[Twitter] [Epoch=080] Train Loss=[QuantLoss=0.03714]Val loss = [QuantLoss=0.08525][QuantReg:0.39430]
[Twitter] Starting epoch 81...
[Twitter] Elapsed training time:4.29s
[Twitter] Starting validation...
[Twitter] Elapsed validation time:0.25s
[Twitter] [Epoch=081] Train Loss=[QuantLoss=0.03799]Val loss = [QuantLoss=0.08285][QuantReg:0.39450]
[Twitter] Starting epoch 82...
[Twitter] Elapsed training time:4.44s
[Twitter] Starting validation...
[Twitter] Elapsed validation time:0.23s
[Twitter] [Epoch=082] Train Loss=[QuantLoss=0.04417]Val loss = [QuantLoss=0.08298][QuantReg:0.39123]
[Twitter] Starting epoch 83...
[Twitter] Elapsed training time:4.50s
[Twitter] Starting validation...
[Twitter] Elapsed validation time:0.26s
[Twitter] [Epoch=083] Train Loss=[QuantLoss=0.03704]Val loss = [QuantLoss=0.09038][QuantReg:0.39027]
[Twitter] Starting epoch 84...
[Twitter] Elapsed training time:4.26s
[Twitter] Starting validation...
[Twitter] Elapsed validation time:0.23s
[Twitter] [Epoch=084] Train Loss=[QuantLoss=0.03913]Val loss = [QuantLoss=0.09712][QuantReg:0.39128]
[Twitter] Starting epoch 85...
[Twitter] Elapsed training time:4.46s
[Twitter] Starting validation...
[Twitter] Elapsed validation time:0.24s
[Twitter] [Epoch=085] Train Loss=[QuantLoss=0.03744]Val loss = [QuantLoss=0.07944][QuantReg:0.39087]
[Twitter] Starting epoch 86...
[Twitter] Elapsed training time:4.33s
[Twitter] Starting validation...
[Twitter] Elapsed validation time:0.24s
[Twitter] [Epoch=086] Train Loss=[QuantLoss=0.03553]Val loss = [QuantLoss=0.07924][QuantReg:0.39138]
[Twitter] Starting epoch 87...
[Twitter] Elapsed training time:4.36s
[Twitter] Starting validation...
[Twitter] Elapsed validation time:0.23s
[Twitter] [Epoch=087] Train Loss=[QuantLoss=0.03578]Val loss = [QuantLoss=0.06399][QuantReg:0.39268]
[Twitter] Starting epoch 88...
[Twitter] Elapsed training time:4.36s
[Twitter] Starting validation...
[Twitter] Elapsed validation time:0.25s
[Twitter] [Epoch=088] Train Loss=[QuantLoss=0.03651]Val loss = [QuantLoss=0.07684][QuantReg:0.39167]
[Twitter] Starting epoch 89...
[Twitter] Elapsed training time:4.62s
[Twitter] Starting validation...
[Twitter] Elapsed validation time:0.24s
[Twitter] [Epoch=089] Train Loss=[QuantLoss=0.03629]Val loss = [QuantLoss=0.05731][QuantReg:0.39260]
[Twitter] Starting epoch 90...
[Twitter] Elapsed training time:4.35s
[Twitter] Starting validation...
[Twitter] Elapsed validation time:0.24s
[Twitter] [Epoch=090] Train Loss=[QuantLoss=0.03306]Val loss = [QuantLoss=0.06568][QuantReg:0.39401]
[Twitter] Starting epoch 91...
[Twitter] Elapsed training time:4.48s
[Twitter] Starting validation...
[Twitter] Elapsed validation time:0.24s
[Twitter] [Epoch=091] Train Loss=[QuantLoss=0.03525]Val loss = [QuantLoss=0.05663][QuantReg:0.39553]
[Twitter] Starting epoch 92...
[Twitter] Elapsed training time:4.36s
[Twitter] Starting validation...
[Twitter] Elapsed validation time:0.23s
[Twitter] [Epoch=092] Train Loss=[QuantLoss=0.03593]Val loss = [QuantLoss=0.07087][QuantReg:0.39564]
[Twitter] Starting epoch 93...
[Twitter] Elapsed training time:4.40s
[Twitter] Starting validation...
[Twitter] Elapsed validation time:0.34s
[Twitter] [Epoch=093] Train Loss=[QuantLoss=0.03909]Val loss = [QuantLoss=0.05647][QuantReg:0.39494]
[Twitter] Starting epoch 94...
[Twitter] Elapsed training time:4.29s
[Twitter] Starting validation...
[Twitter] Elapsed validation time:0.24s
[Twitter] [Epoch=094] Train Loss=[QuantLoss=0.03553]Val loss = [QuantLoss=0.06989][QuantReg:0.39359]
[Twitter] Starting epoch 95...
[Twitter] Elapsed training time:4.20s
[Twitter] Starting validation...
[Twitter] Elapsed validation time:0.37s
[Twitter] [Epoch=095] Train Loss=[QuantLoss=0.03508]Val loss = [QuantLoss=0.07158][QuantReg:0.39475]
[Twitter] Starting epoch 96...
[Twitter] Elapsed training time:4.24s
[Twitter] Starting validation...
[Twitter] Elapsed validation time:0.34s
[Twitter] [Epoch=096] Train Loss=[QuantLoss=0.04167]Val loss = [QuantLoss=0.07390][QuantReg:0.39358]
[Twitter] Starting epoch 97...
[Twitter] Elapsed training time:4.29s
[Twitter] Starting validation...
[Twitter] Elapsed validation time:0.35s
[Twitter] [Epoch=097] Train Loss=[QuantLoss=0.04067]Val loss = [QuantLoss=0.06596][QuantReg:0.39241]
[Twitter] Starting epoch 98...
[Twitter] Elapsed training time:4.42s
[Twitter] Starting validation...
[Twitter] Elapsed validation time:0.36s
[Twitter] [Epoch=098] Train Loss=[QuantLoss=0.03624]Val loss = [QuantLoss=0.06490][QuantReg:0.39183]
[Twitter] Starting epoch 99...
[Twitter] Elapsed training time:4.23s
[Twitter] Starting validation...
[Twitter] Elapsed validation time:0.36s
[Twitter] [Epoch=099] Train Loss=[QuantLoss=0.03526]Val loss = [QuantLoss=0.05952][QuantReg:0.39400]
[Twitter] Starting epoch 100...
[Twitter] Elapsed training time:4.43s
[Twitter] Starting validation...
[Twitter] Elapsed validation time:0.35s
[Twitter] [Epoch=100] Train Loss=[QuantLoss=0.03418]Val loss = [QuantLoss=0.06358][QuantReg:0.39451]
[Twitter] Starting epoch 101...
[Twitter] Elapsed training time:4.33s
[Twitter] Starting validation...
[Twitter] Elapsed validation time:0.34s
[Twitter] [Epoch=101] Train Loss=[QuantLoss=0.03372]Val loss = [QuantLoss=0.05824][QuantReg:0.39421]
[Twitter] Starting epoch 102...
[Twitter] Elapsed training time:4.46s
[Twitter] Starting validation...
[Twitter] Elapsed validation time:0.35s
[Twitter] [Epoch=102] Train Loss=[QuantLoss=0.03515]Val loss = [QuantLoss=0.05809][QuantReg:0.39324]
[Twitter] Starting epoch 103...
[Twitter] Elapsed training time:4.46s
[Twitter] Starting validation...
[Twitter] Elapsed validation time:0.35s
[Twitter] [Epoch=103] Train Loss=[QuantLoss=0.03423]Val loss = [QuantLoss=0.06582][QuantReg:0.39264]
[Twitter] Starting epoch 104...
[Twitter] Elapsed training time:4.46s
[Twitter] Starting validation...
[Twitter] Elapsed validation time:0.35s
[Twitter] [Epoch=104] Train Loss=[QuantLoss=0.03425]Val loss = [QuantLoss=0.06440][QuantReg:0.39379]
[Twitter] Starting epoch 105...
[Twitter] Elapsed training time:4.33s
[Twitter] Starting validation...
[Twitter] Elapsed validation time:0.36s
[Twitter] [Epoch=105] Train Loss=[QuantLoss=0.03535]Val loss = [QuantLoss=0.07871][QuantReg:0.39192]
[Twitter] Starting epoch 106...
[Twitter] Elapsed training time:4.31s
[Twitter] Starting validation...
[Twitter] Elapsed validation time:0.36s
[Twitter] [Epoch=106] Train Loss=[QuantLoss=0.03570]Val loss = [QuantLoss=0.06752][QuantReg:0.39149]
[Twitter] Starting epoch 107...
[Twitter] Elapsed training time:4.26s
[Twitter] Starting validation...
[Twitter] Elapsed validation time:0.35s
[Twitter] [Epoch=107] Train Loss=[QuantLoss=0.03338]Val loss = [QuantLoss=0.07356][QuantReg:0.39064]
[Twitter] Starting epoch 108...
[Twitter] Elapsed training time:4.51s
[Twitter] Starting validation...
[Twitter] Elapsed validation time:0.33s
[Twitter] [Epoch=108] Train Loss=[QuantLoss=0.03477]Val loss = [QuantLoss=0.05745][QuantReg:0.39306]
[Twitter] Starting epoch 109...
[Twitter] Elapsed training time:4.28s
[Twitter] Starting validation...
[Twitter] Elapsed validation time:0.36s
[Twitter] [Epoch=109] Train Loss=[QuantLoss=0.03510]Val loss = [QuantLoss=0.06258][QuantReg:0.39160]
[Twitter] Starting epoch 110...
[Twitter] Elapsed training time:4.32s
[Twitter] Starting validation...
[Twitter] Elapsed validation time:0.36s
[Twitter] [Epoch=110] Train Loss=[QuantLoss=0.03309]Val loss = [QuantLoss=0.07164][QuantReg:0.39079]
[Twitter] Starting epoch 111...
[Twitter] Elapsed training time:4.44s
[Twitter] Starting validation...
[Twitter] Elapsed validation time:0.34s
[Twitter] [Epoch=111] Train Loss=[QuantLoss=0.03299]Val loss = [QuantLoss=0.06344][QuantReg:0.39096]
[Twitter] Starting epoch 112...
[Twitter] Elapsed training time:4.27s
[Twitter] Starting validation...
[Twitter] Elapsed validation time:0.27s
[Twitter] [Epoch=112] Train Loss=[QuantLoss=0.03399]Val loss = [QuantLoss=0.07220][QuantReg:0.38999]
[Twitter] Starting epoch 113...
[Twitter] Elapsed training time:3.61s
[Twitter] Starting validation...
[Twitter] Elapsed validation time:0.37s
[Twitter] [Epoch=113] Train Loss=[QuantLoss=0.03518]Val loss = [QuantLoss=0.06650][QuantReg:0.39136]
[Twitter] Starting epoch 114...
[Twitter] Elapsed training time:4.35s
[Twitter] Starting validation...
[Twitter] Elapsed validation time:0.36s
[Twitter] [Epoch=114] Train Loss=[QuantLoss=0.03470]Val loss = [QuantLoss=0.07072][QuantReg:0.39193]
[Twitter] Starting epoch 115...
[Twitter] Elapsed training time:4.34s
[Twitter] Starting validation...
[Twitter] Elapsed validation time:0.36s
[Twitter] [Epoch=115] Train Loss=[QuantLoss=0.03823]Val loss = [QuantLoss=0.08442][QuantReg:0.39127]
[Twitter] Starting epoch 116...
[Twitter] Elapsed training time:4.46s
[Twitter] Starting validation...
[Twitter] Elapsed validation time:0.36s
[Twitter] [Epoch=116] Train Loss=[QuantLoss=0.03966]Val loss = [QuantLoss=0.06602][QuantReg:0.39226]
[Twitter] Starting epoch 117...
[Twitter] Elapsed training time:4.49s
[Twitter] Starting validation...
[Twitter] Elapsed validation time:0.37s
[Twitter] [Epoch=117] Train Loss=[QuantLoss=0.03331]Val loss = [QuantLoss=0.07075][QuantReg:0.39299]
[Twitter] Starting epoch 118...
[Twitter] Elapsed training time:4.36s
[Twitter] Starting validation...
[Twitter] Elapsed validation time:0.36s
[Twitter] [Epoch=118] Train Loss=[QuantLoss=0.03328]Val loss = [QuantLoss=0.07041][QuantReg:0.39297]
[Twitter] Starting epoch 119...
[Twitter] Elapsed training time:4.40s
[Twitter] Starting validation...
[Twitter] Elapsed validation time:0.36s
[Twitter] [Epoch=119] Train Loss=[QuantLoss=0.03295]Val loss = [QuantLoss=0.06309][QuantReg:0.39203]
[Twitter] Starting epoch 120...
[Twitter] Elapsed training time:4.35s
[Twitter] Starting validation...
[Twitter] Elapsed validation time:0.37s
[Twitter] [Epoch=120] Train Loss=[QuantLoss=0.03281]Val loss = [QuantLoss=0.05900][QuantReg:0.39201]
[Twitter] Starting epoch 121...
[Twitter] Elapsed training time:4.41s
[Twitter] Starting validation...
[Twitter] Elapsed validation time:0.35s
[Twitter] [Epoch=121] Train Loss=[QuantLoss=0.03339]Val loss = [QuantLoss=0.05834][QuantReg:0.39143]
[Twitter] Starting epoch 122...
[Twitter] Elapsed training time:4.45s
[Twitter] Starting validation...
[Twitter] Elapsed validation time:0.38s
[Twitter] [Epoch=122] Train Loss=[QuantLoss=0.03297]Val loss = [QuantLoss=0.06841][QuantReg:0.39192]
[Twitter] Starting epoch 123...
[Twitter] Elapsed training time:4.54s
[Twitter] Starting validation...
[Twitter] Elapsed validation time:0.34s
[Twitter] [Epoch=123] Train Loss=[QuantLoss=0.03403]Val loss = [QuantLoss=0.06731][QuantReg:0.39358]
[Twitter] Starting epoch 124...
[Twitter] Elapsed training time:4.42s
[Twitter] Starting validation...
[Twitter] Elapsed validation time:0.35s
[Twitter] [Epoch=124] Train Loss=[QuantLoss=0.03331]Val loss = [QuantLoss=0.07601][QuantReg:0.39185]
[Twitter] Starting epoch 125...
[Twitter] Elapsed training time:4.75s
[Twitter] Starting validation...
[Twitter] Elapsed validation time:0.33s
[Twitter] [Epoch=125] Train Loss=[QuantLoss=0.03304]Val loss = [QuantLoss=0.06574][QuantReg:0.39090]
[Twitter] Starting epoch 126...
[Twitter] Elapsed training time:5.03s
[Twitter] Starting validation...
[Twitter] Elapsed validation time:0.34s
[Twitter] [Epoch=126] Train Loss=[QuantLoss=0.03280]Val loss = [QuantLoss=0.08411][QuantReg:0.39077]
[Twitter] Starting epoch 127...
[Twitter] Elapsed training time:4.89s
[Twitter] Starting validation...
[Twitter] Elapsed validation time:0.30s
[Twitter] [Epoch=127] Train Loss=[QuantLoss=0.03523]Val loss = [QuantLoss=0.08467][QuantReg:0.39173]
[Twitter] Starting epoch 128...
[Twitter] Elapsed training time:4.81s
[Twitter] Starting validation...
[Twitter] Elapsed validation time:0.30s
[Twitter] [Epoch=128] Train Loss=[QuantLoss=0.03356]Val loss = [QuantLoss=0.07946][QuantReg:0.39307]
[Twitter] Starting epoch 129...
[Twitter] Elapsed training time:4.51s
[Twitter] Starting validation...
[Twitter] Elapsed validation time:0.34s
[Twitter] [Epoch=129] Train Loss=[QuantLoss=0.03881]Val loss = [QuantLoss=0.07830][QuantReg:0.39328]
[Twitter] Starting epoch 130...
[Twitter] Elapsed training time:4.24s
[Twitter] Starting validation...
[Twitter] Elapsed validation time:0.36s
[Twitter] [Epoch=130] Train Loss=[QuantLoss=0.03250]Val loss = [QuantLoss=0.08403][QuantReg:0.39202]
[Twitter] Early stopping in epoch 130!
[Twitter] Restoring best model...
MAE médio por bag: 0.1091 ± 0.0810
Salvo em resultados_sanders/resultados_twitter_bert_kl_easiest_1.csv
Dataset: /home/nildaimon/gmnet/experiments/train_curl/Datasets/Sanders/twitter-sanders-apple3.csv
Dificuldade: metric=l1, mode=hardest, top_k=None
Rodada: 1
Salvar resultados em: resultados_sanders
Dispositivo de treino: cpu
Carregando e processando dataset Twitter
Carregando embeddings do cache...
/home/nildaimon/gmnet/experiments/train_curl/train_sanders.py:89: FutureWarning: You are using `torch.load` with `weights_only=False` (the current default value), which uses the default pickle module implicitly. It is possible to construct malicious pickle data which will execute arbitrary code during unpickling (See https://github.com/pytorch/pytorch/blob/main/SECURITY.md#untrusted-models for more details). In a future release, the default value for `weights_only` will be flipped to `True`. This limits the functions that could be executed during unpickling. Arbitrary objects will no longer be allowed to be loaded via this mode unless they are explicitly allowlisted by the user via `torch.serialization.add_safe_globals`. We recommend you start setting `weights_only=True` for any use case where you don't have full control of the loaded file. Please open an issue on GitHub for any issues related to this experimental feature.
  embeddings = torch.load(EMBEDDING_CACHE)
/home/nildaimon/gmnet/experiments/train_curl/train_sanders.py:90: FutureWarning: You are using `torch.load` with `weights_only=False` (the current default value), which uses the default pickle module implicitly. It is possible to construct malicious pickle data which will execute arbitrary code during unpickling (See https://github.com/pytorch/pytorch/blob/main/SECURITY.md#untrusted-models for more details). In a future release, the default value for `weights_only` will be flipped to `True`. This limits the functions that could be executed during unpickling. Arbitrary objects will no longer be allowed to be loaded via this mode unless they are explicitly allowlisted by the user via `torch.serialization.add_safe_globals`. We recommend you start setting `weights_only=True` for any use case where you don't have full control of the loaded file. Please open an issue on GitHub for any issues related to this experimental feature.
  labels = torch.load(LABELS_CACHE)
Ignoring val_split as train and val datasets where given to fit function
We have two datasets: training 1092 examples. validation 100 examples.]
Using device cpu
/home/nildaimon/anaconda3/envs/gmnet/lib/python3.12/site-packages/torch/optim/lr_scheduler.py:62: UserWarning: The verbose parameter is deprecated. Please use get_last_lr() to access the learning rate.
  warnings.warn(
/home/nildaimon/gmnet/dlquantification/main.py:835: FutureWarning: `torch.cuda.amp.GradScaler(args...)` is deprecated. Please use `torch.amp.GradScaler('cuda', args...)` instead.
  scaler = torch.cuda.amp.GradScaler(enabled=self.use_fp16)
[Twitter] Starting epoch 0...
/home/nildaimon/gmnet/dlquantification/main.py:888: FutureWarning: `torch.cuda.amp.autocast(args...)` is deprecated. Please use `torch.amp.autocast('cuda', args...)` instead.
  with torch.cuda.amp.autocast(enabled=self.use_fp16):
[Twitter] Elapsed training time:4.48s
[Twitter] Starting validation...
[Twitter] Elapsed validation time:0.19s
[Twitter] [Epoch=000] Train Loss=[QuantLoss=0.09185]Val loss = [QuantLoss=0.08095][QuantReg:0.62000][saved best model in this epoch]
[Twitter] Starting epoch 1...
[Twitter] Elapsed training time:4.62s
[Twitter] Starting validation...
[Twitter] Elapsed validation time:0.19s
[Twitter] [Epoch=001] Train Loss=[QuantLoss=0.08282]Val loss = [QuantLoss=0.16642][QuantReg:0.54713]
[Twitter] Starting epoch 2...
[Twitter] Elapsed training time:4.84s
[Twitter] Starting validation...
[Twitter] Elapsed validation time:0.20s
[Twitter] [Epoch=002] Train Loss=[QuantLoss=0.08553]Val loss = [QuantLoss=0.13110][QuantReg:0.53057]
[Twitter] Starting epoch 3...
[Twitter] Elapsed training time:4.75s
[Twitter] Starting validation...
[Twitter] Elapsed validation time:0.19s
[Twitter] [Epoch=003] Train Loss=[QuantLoss=0.08923]Val loss = [QuantLoss=0.07001][QuantReg:0.54441][saved best model in this epoch]
[Twitter] Starting epoch 4...
[Twitter] Elapsed training time:4.74s
[Twitter] Starting validation...
[Twitter] Elapsed validation time:0.19s
[Twitter] [Epoch=004] Train Loss=[QuantLoss=0.08825]Val loss = [QuantLoss=0.08444][QuantReg:0.52625]
[Twitter] Starting epoch 5...
[Twitter] Elapsed training time:4.54s
[Twitter] Starting validation...
[Twitter] Elapsed validation time:0.19s
[Twitter] [Epoch=005] Train Loss=[QuantLoss=0.07843]Val loss = [QuantLoss=0.06583][QuantReg:0.53781][saved best model in this epoch]
[Twitter] Starting epoch 6...
[Twitter] Elapsed training time:4.67s
[Twitter] Starting validation...
[Twitter] Elapsed validation time:0.23s
[Twitter] [Epoch=006] Train Loss=[QuantLoss=0.07466]Val loss = [QuantLoss=0.07478][QuantReg:0.51029]
[Twitter] Starting epoch 7...
[Twitter] Elapsed training time:4.68s
[Twitter] Starting validation...
[Twitter] Elapsed validation time:0.24s
[Twitter] [Epoch=007] Train Loss=[QuantLoss=0.08236]Val loss = [QuantLoss=0.05612][QuantReg:0.49776][saved best model in this epoch]
[Twitter] Starting epoch 8...
[Twitter] Elapsed training time:4.78s
[Twitter] Starting validation...
[Twitter] Elapsed validation time:0.22s
[Twitter] [Epoch=008] Train Loss=[QuantLoss=0.07004]Val loss = [QuantLoss=0.05823][QuantReg:0.47265]
[Twitter] Starting epoch 9...
[Twitter] Elapsed training time:4.78s
[Twitter] Starting validation...
[Twitter] Elapsed validation time:0.22s
[Twitter] [Epoch=009] Train Loss=[QuantLoss=0.07958]Val loss = [QuantLoss=0.03283][QuantReg:0.44471][saved best model in this epoch]
[Twitter] Starting epoch 10...
[Twitter] Elapsed training time:4.77s
[Twitter] Starting validation...
[Twitter] Elapsed validation time:0.20s
[Twitter] [Epoch=010] Train Loss=[QuantLoss=0.06950]Val loss = [QuantLoss=0.03152][QuantReg:0.46431][saved best model in this epoch]
[Twitter] Starting epoch 11...
[Twitter] Elapsed training time:4.98s
[Twitter] Starting validation...
[Twitter] Elapsed validation time:0.23s
[Twitter] [Epoch=011] Train Loss=[QuantLoss=0.06349]Val loss = [QuantLoss=0.01818][QuantReg:0.47584][saved best model in this epoch]
[Twitter] Starting epoch 12...
[Twitter] Elapsed training time:4.96s
[Twitter] Starting validation...
[Twitter] Elapsed validation time:0.21s
[Twitter] [Epoch=012] Train Loss=[QuantLoss=0.06136]Val loss = [QuantLoss=0.02422][QuantReg:0.45178]
[Twitter] Starting epoch 13...
[Twitter] Elapsed training time:4.74s
[Twitter] Starting validation...
[Twitter] Elapsed validation time:0.23s
[Twitter] [Epoch=013] Train Loss=[QuantLoss=0.05964]Val loss = [QuantLoss=0.03001][QuantReg:0.44858]
[Twitter] Starting epoch 14...
[Twitter] Elapsed training time:4.61s
[Twitter] Starting validation...
[Twitter] Elapsed validation time:0.24s
[Twitter] [Epoch=014] Train Loss=[QuantLoss=0.05817]Val loss = [QuantLoss=0.10338][QuantReg:0.44139]
[Twitter] Starting epoch 15...
[Twitter] Elapsed training time:4.63s
[Twitter] Starting validation...
[Twitter] Elapsed validation time:0.22s
[Twitter] [Epoch=015] Train Loss=[QuantLoss=0.05461]Val loss = [QuantLoss=0.03186][QuantReg:0.44382]
[Twitter] Starting epoch 16...
[Twitter] Elapsed training time:4.54s
[Twitter] Starting validation...
[Twitter] Elapsed validation time:0.24s
[Twitter] [Epoch=016] Train Loss=[QuantLoss=0.05236]Val loss = [QuantLoss=0.01356][QuantReg:0.43208][saved best model in this epoch]
[Twitter] Starting epoch 17...
[Twitter] Elapsed training time:4.56s
[Twitter] Starting validation...
[Twitter] Elapsed validation time:0.24s
[Twitter] [Epoch=017] Train Loss=[QuantLoss=0.04940]Val loss = [QuantLoss=0.07760][QuantReg:0.43465]
[Twitter] Starting epoch 18...
[Twitter] Elapsed training time:4.44s
[Twitter] Starting validation...
[Twitter] Elapsed validation time:0.24s
[Twitter] [Epoch=018] Train Loss=[QuantLoss=0.04992]Val loss = [QuantLoss=0.02707][QuantReg:0.44031]
[Twitter] Starting epoch 19...
[Twitter] Elapsed training time:4.59s
[Twitter] Starting validation...
[Twitter] Elapsed validation time:0.23s
[Twitter] [Epoch=019] Train Loss=[QuantLoss=0.05328]Val loss = [QuantLoss=0.02911][QuantReg:0.43641]
[Twitter] Starting epoch 20...
[Twitter] Elapsed training time:4.35s
[Twitter] Starting validation...
[Twitter] Elapsed validation time:0.26s
[Twitter] [Epoch=020] Train Loss=[QuantLoss=0.05049]Val loss = [QuantLoss=0.01871][QuantReg:0.43758]
[Twitter] Starting epoch 21...
[Twitter] Elapsed training time:4.21s
[Twitter] Starting validation...
[Twitter] Elapsed validation time:0.25s
[Twitter] [Epoch=021] Train Loss=[QuantLoss=0.05209]Val loss = [QuantLoss=0.09065][QuantReg:0.44748]
[Twitter] Starting epoch 22...
[Twitter] Elapsed training time:4.20s
[Twitter] Starting validation...
[Twitter] Elapsed validation time:0.25s
[Twitter] [Epoch=022] Train Loss=[QuantLoss=0.05713]Val loss = [QuantLoss=0.09993][QuantReg:0.42781]
[Twitter] Starting epoch 23...
[Twitter] Elapsed training time:4.28s
[Twitter] Starting validation...
[Twitter] Elapsed validation time:0.23s
[Twitter] [Epoch=023] Train Loss=[QuantLoss=0.05642]Val loss = [QuantLoss=0.05380][QuantReg:0.41001]
[Twitter] Starting epoch 24...
[Twitter] Elapsed training time:4.38s
[Twitter] Starting validation...
[Twitter] Elapsed validation time:0.23s
[Twitter] [Epoch=024] Train Loss=[QuantLoss=0.06283]Val loss = [QuantLoss=0.01570][QuantReg:0.41841]
[Twitter] Starting epoch 25...
[Twitter] Elapsed training time:4.44s
[Twitter] Starting validation...
[Twitter] Elapsed validation time:0.36s
[Twitter] [Epoch=025] Train Loss=[QuantLoss=0.05143]Val loss = [QuantLoss=0.04778][QuantReg:0.42186]
[Twitter] Starting epoch 26...
[Twitter] Elapsed training time:4.35s
[Twitter] Starting validation...
[Twitter] Elapsed validation time:0.24s
[Twitter] [Epoch=026] Train Loss=[QuantLoss=0.06544]Val loss = [QuantLoss=0.08605][QuantReg:0.40842]
[Twitter] Starting epoch 27...
[Twitter] Elapsed training time:4.47s
[Twitter] Starting validation...
[Twitter] Elapsed validation time:0.36s
[Twitter] [Epoch=027] Train Loss=[QuantLoss=0.05957]Val loss = [QuantLoss=0.12157][QuantReg:0.43827]
[Twitter] Starting epoch 28...
[Twitter] Elapsed training time:4.47s
[Twitter] Starting validation...
[Twitter] Elapsed validation time:0.24s
[Twitter] [Epoch=028] Train Loss=[QuantLoss=0.06580]Val loss = [QuantLoss=0.08630][QuantReg:0.45391]
[Twitter] Starting epoch 29...
[Twitter] Elapsed training time:4.37s
[Twitter] Starting validation...
[Twitter] Elapsed validation time:0.35s
[Twitter] [Epoch=029] Train Loss=[QuantLoss=0.06780]Val loss = [QuantLoss=0.13283][QuantReg:0.46222]
[Twitter] Starting epoch 30...
[Twitter] Elapsed training time:4.32s
[Twitter] Starting validation...
[Twitter] Elapsed validation time:0.38s
[Twitter] [Epoch=030] Train Loss=[QuantLoss=0.05835]Val loss = [QuantLoss=0.02381][QuantReg:0.45799]
[Twitter] Starting epoch 31...
[Twitter] Elapsed training time:4.48s
[Twitter] Starting validation...
[Twitter] Elapsed validation time:0.36s
[Twitter] [Epoch=031] Train Loss=[QuantLoss=0.05912]Val loss = [QuantLoss=0.06716][QuantReg:0.43417]
[Twitter] Starting epoch 32...
[Twitter] Elapsed training time:4.45s
[Twitter] Starting validation...
[Twitter] Elapsed validation time:0.36s
[Twitter] [Epoch=032] Train Loss=[QuantLoss=0.06252]Val loss = [QuantLoss=0.08977][QuantReg:0.43325]
[Twitter] Starting epoch 33...
[Twitter] Elapsed training time:4.43s
[Twitter] Starting validation...
[Twitter] Elapsed validation time:0.39s
[Twitter] [Epoch=033] Train Loss=[QuantLoss=0.06582]Val loss = [QuantLoss=0.02143][QuantReg:0.43566]
[Twitter] Starting epoch 34...
[Twitter] Elapsed training time:4.54s
[Twitter] Starting validation...
[Twitter] Elapsed validation time:0.34s
[Twitter] [Epoch=034] Train Loss=[QuantLoss=0.06126]Val loss = [QuantLoss=0.01528][QuantReg:0.43180]
[Twitter] Starting epoch 35...
[Twitter] Elapsed training time:4.46s
[Twitter] Starting validation...
[Twitter] Elapsed validation time:0.36s
[Twitter] [Epoch=035] Train Loss=[QuantLoss=0.05516]Val loss = [QuantLoss=0.01475][QuantReg:0.42337]
[Twitter] Starting epoch 36...
[Twitter] Elapsed training time:4.53s
[Twitter] Starting validation...
[Twitter] Elapsed validation time:0.36s
[Twitter] [Epoch=036] Train Loss=[QuantLoss=0.05644]Val loss = [QuantLoss=0.04093][QuantReg:0.42006]
[Twitter] Starting epoch 37...
[Twitter] Elapsed training time:4.62s
[Twitter] Starting validation...
[Twitter] Elapsed validation time:0.37s
[Twitter] [Epoch=037] Train Loss=[QuantLoss=0.05510]Val loss = [QuantLoss=0.06893][QuantReg:0.42099]
[Twitter] Starting epoch 38...
[Twitter] Elapsed training time:4.45s
[Twitter] Starting validation...
[Twitter] Elapsed validation time:0.36s
[Twitter] [Epoch=038] Train Loss=[QuantLoss=0.05344]Val loss = [QuantLoss=0.03683][QuantReg:0.41965]
[Twitter] Starting epoch 39...
[Twitter] Elapsed training time:4.25s
[Twitter] Starting validation...
[Twitter] Elapsed validation time:0.36s
[Twitter] [Epoch=039] Train Loss=[QuantLoss=0.05192]Val loss = [QuantLoss=0.02461][QuantReg:0.42024]
[Twitter] Starting epoch 40...
[Twitter] Elapsed training time:4.30s
[Twitter] Starting validation...
[Twitter] Elapsed validation time:0.35s
[Twitter] [Epoch=040] Train Loss=[QuantLoss=0.04744]Val loss = [QuantLoss=0.04028][QuantReg:0.41457]
[Twitter] Starting epoch 41...
[Twitter] Elapsed training time:4.26s
[Twitter] Starting validation...
[Twitter] Elapsed validation time:0.36s
[Twitter] [Epoch=041] Train Loss=[QuantLoss=0.04637]Val loss = [QuantLoss=0.02918][QuantReg:0.41811]
[Twitter] Starting epoch 42...
[Twitter] Elapsed training time:4.39s
[Twitter] Starting validation...
[Twitter] Elapsed validation time:0.36s
[Twitter] [Epoch=042] Train Loss=[QuantLoss=0.04587]Val loss = [QuantLoss=0.04102][QuantReg:0.41339]
[Twitter] Starting epoch 43...
[Twitter] Elapsed training time:4.53s
[Twitter] Starting validation...
[Twitter] Elapsed validation time:0.34s
[Twitter] [Epoch=043] Train Loss=[QuantLoss=0.04584]Val loss = [QuantLoss=0.04145][QuantReg:0.41187]
[Twitter] Starting epoch 44...
[Twitter] Elapsed training time:4.46s
[Twitter] Starting validation...
[Twitter] Elapsed validation time:0.36s
[Twitter] [Epoch=044] Train Loss=[QuantLoss=0.04604]Val loss = [QuantLoss=0.04135][QuantReg:0.41768]
[Twitter] Starting epoch 45...
[Twitter] Elapsed training time:4.68s
[Twitter] Starting validation...
[Twitter] Elapsed validation time:0.36s
[Twitter] [Epoch=045] Train Loss=[QuantLoss=0.04401]Val loss = [QuantLoss=0.06132][QuantReg:0.42420]
[Twitter] Starting epoch 46...
[Twitter] Elapsed training time:4.63s
[Twitter] Starting validation...
[Twitter] Elapsed validation time:0.36s
[Twitter] [Epoch=046] Train Loss=[QuantLoss=0.04609]Val loss = [QuantLoss=0.03078][QuantReg:0.42104]
[Twitter] Starting epoch 47...
[Twitter] Elapsed training time:4.45s
[Twitter] Starting validation...
[Twitter] Elapsed validation time:0.37s
[Twitter] [Epoch=047] Train Loss=[QuantLoss=0.04465]Val loss = [QuantLoss=0.04434][QuantReg:0.40679]
[Twitter] Starting epoch 48...
[Twitter] Elapsed training time:4.68s
[Twitter] Starting validation...
[Twitter] Elapsed validation time:0.35s
[Twitter] [Epoch=048] Train Loss=[QuantLoss=0.04437]Val loss = [QuantLoss=0.04511][QuantReg:0.40007]
[Twitter] Starting epoch 49...
[Twitter] Elapsed training time:4.36s
[Twitter] Starting validation...
[Twitter] Elapsed validation time:0.39s
[Twitter] [Epoch=049] Train Loss=[QuantLoss=0.04537]Val loss = [QuantLoss=0.03831][QuantReg:0.39824]
[Twitter] Starting epoch 50...
[Twitter] Elapsed training time:4.54s
[Twitter] Starting validation...
[Twitter] Elapsed validation time:0.35s
[Twitter] [Epoch=050] Train Loss=[QuantLoss=0.04592]Val loss = [QuantLoss=0.04525][QuantReg:0.39304]
[Twitter] Starting epoch 51...
[Twitter] Elapsed training time:4.87s
[Twitter] Starting validation...
[Twitter] Elapsed validation time:0.33s
[Twitter] [Epoch=051] Train Loss=[QuantLoss=0.04312]Val loss = [QuantLoss=0.05715][QuantReg:0.40245]
[Twitter] Starting epoch 52...
[Twitter] Elapsed training time:4.88s
[Twitter] Starting validation...
[Twitter] Elapsed validation time:0.34s
[Twitter] [Epoch=052] Train Loss=[QuantLoss=0.04216]Val loss = [QuantLoss=0.05314][QuantReg:0.40944]
[Twitter] Starting epoch 53...
[Twitter] Elapsed training time:4.77s
[Twitter] Starting validation...
[Twitter] Elapsed validation time:0.32s
[Twitter] [Epoch=053] Train Loss=[QuantLoss=0.04251]Val loss = [QuantLoss=0.06126][QuantReg:0.40110]
[Twitter] Starting epoch 54...
[Twitter] Elapsed training time:4.93s
[Twitter] Starting validation...
[Twitter] Elapsed validation time:0.29s
[Twitter] [Epoch=054] Train Loss=[QuantLoss=0.04371]Val loss = [QuantLoss=0.06409][QuantReg:0.39752]
[Twitter] Starting epoch 55...
[Twitter] Elapsed training time:4.47s
[Twitter] Starting validation...
[Twitter] Elapsed validation time:0.29s
[Twitter] [Epoch=055] Train Loss=[QuantLoss=0.04099]Val loss = [QuantLoss=0.03427][QuantReg:0.39474]
[Twitter] Starting epoch 56...
[Twitter] Elapsed training time:4.75s
[Twitter] Starting validation...
[Twitter] Elapsed validation time:0.30s
[Twitter] [Epoch=056] Train Loss=[QuantLoss=0.04338]Val loss = [QuantLoss=0.07662][QuantReg:0.39977]
[Twitter] Starting epoch 57...
[Twitter] Elapsed training time:4.39s
[Twitter] Starting validation...
[Twitter] Elapsed validation time:0.37s
[Twitter] [Epoch=057] Train Loss=[QuantLoss=0.04215]Val loss = [QuantLoss=0.06498][QuantReg:0.39905]
[Twitter] Starting epoch 58...
[Twitter] Elapsed training time:4.27s
[Twitter] Starting validation...
[Twitter] Elapsed validation time:0.36s
[Twitter] [Epoch=058] Train Loss=[QuantLoss=0.04244]Val loss = [QuantLoss=0.02965][QuantReg:0.39936]
[Twitter] Starting epoch 59...
[Twitter] Elapsed training time:4.30s
[Twitter] Starting validation...
[Twitter] Elapsed validation time:0.33s
[Twitter] [Epoch=059] Train Loss=[QuantLoss=0.04252]Val loss = [QuantLoss=0.07426][QuantReg:0.39662]
[Twitter] Starting epoch 60...
[Twitter] Elapsed training time:4.26s
[Twitter] Starting validation...
[Twitter] Elapsed validation time:0.35s
[Twitter] [Epoch=060] Train Loss=[QuantLoss=0.03954]Val loss = [QuantLoss=0.03780][QuantReg:0.39429]
[Twitter] Starting epoch 61...
[Twitter] Elapsed training time:4.36s
[Twitter] Starting validation...
[Twitter] Elapsed validation time:0.39s
[Twitter] [Epoch=061] Train Loss=[QuantLoss=0.03954]Val loss = [QuantLoss=0.06713][QuantReg:0.39441]
[Twitter] Starting epoch 62...
[Twitter] Elapsed training time:4.63s
[Twitter] Starting validation...
[Twitter] Elapsed validation time:0.36s
[Twitter] [Epoch=062] Train Loss=[QuantLoss=0.03968]Val loss = [QuantLoss=0.05174][QuantReg:0.39552]
[Twitter] Starting epoch 63...
[Twitter] Elapsed training time:4.38s
[Twitter] Starting validation...
[Twitter] Elapsed validation time:0.34s
[Twitter] [Epoch=063] Train Loss=[QuantLoss=0.03864]Val loss = [QuantLoss=0.08320][QuantReg:0.39753]
[Twitter] Starting epoch 64...
[Twitter] Elapsed training time:4.52s
[Twitter] Starting validation...
[Twitter] Elapsed validation time:0.36s
[Twitter] [Epoch=064] Train Loss=[QuantLoss=0.03686]Val loss = [QuantLoss=0.05406][QuantReg:0.39573]
[Twitter] Starting epoch 65...
[Twitter] Elapsed training time:4.45s
[Twitter] Starting validation...
[Twitter] Elapsed validation time:0.36s
[Twitter] [Epoch=065] Train Loss=[QuantLoss=0.03707]Val loss = [QuantLoss=0.06111][QuantReg:0.39800]
[Twitter] Starting epoch 66...
[Twitter] Elapsed training time:4.67s
[Twitter] Starting validation...
[Twitter] Elapsed validation time:0.25s
[Twitter] [Epoch=066] Train Loss=[QuantLoss=0.03666]Val loss = [QuantLoss=0.06641][QuantReg:0.39518]
[Twitter] Starting epoch 67...
[Twitter] Elapsed training time:4.25s
[Twitter] Starting validation...
[Twitter] Elapsed validation time:0.24s
[Twitter] [Epoch=067] Train Loss=[QuantLoss=0.03780]Val loss = [QuantLoss=0.06032][QuantReg:0.39677]
[Twitter] Starting epoch 68...
[Twitter] Elapsed training time:4.27s
[Twitter] Starting validation...
[Twitter] Elapsed validation time:0.24s
[Twitter] [Epoch=068] Train Loss=[QuantLoss=0.03755]Val loss = [QuantLoss=0.04332][QuantReg:0.39830]
[Twitter] Starting epoch 69...
[Twitter] Elapsed training time:4.38s
[Twitter] Starting validation...
[Twitter] Elapsed validation time:0.25s
[Twitter] [Epoch=069] Train Loss=[QuantLoss=0.03634]Val loss = [QuantLoss=0.04966][QuantReg:0.39503]
[Twitter] Starting epoch 70...
[Twitter] Elapsed training time:4.43s
[Twitter] Starting validation...
[Twitter] Elapsed validation time:0.26s
[Twitter] [Epoch=070] Train Loss=[QuantLoss=0.03756]Val loss = [QuantLoss=0.03276][QuantReg:0.39214]
[Twitter] Starting epoch 71...
[Twitter] Elapsed training time:4.48s
[Twitter] Starting validation...
[Twitter] Elapsed validation time:0.24s
[Twitter] [Epoch=071] Train Loss=[QuantLoss=0.03899]Val loss = [QuantLoss=0.05468][QuantReg:0.39160]
[Twitter] Starting epoch 72...
[Twitter] Elapsed training time:4.50s
[Twitter] Starting validation...
[Twitter] Elapsed validation time:0.26s
[Twitter] [Epoch=072] Train Loss=[QuantLoss=0.03745]Val loss = [QuantLoss=0.05210][QuantReg:0.39427]
[Twitter] Starting epoch 73...
[Twitter] Elapsed training time:4.36s
[Twitter] Starting validation...
[Twitter] Elapsed validation time:0.24s
[Twitter] [Epoch=073] Train Loss=[QuantLoss=0.03788]Val loss = [QuantLoss=0.05624][QuantReg:0.39217]
[Twitter] Starting epoch 74...
[Twitter] Elapsed training time:4.46s
[Twitter] Starting validation...
[Twitter] Elapsed validation time:0.24s
[Twitter] [Epoch=074] Train Loss=[QuantLoss=0.03813]Val loss = [QuantLoss=0.05048][QuantReg:0.39724]
[Twitter] Starting epoch 75...
[Twitter] Elapsed training time:4.54s
[Twitter] Starting validation...
[Twitter] Elapsed validation time:0.27s
[Twitter] [Epoch=075] Train Loss=[QuantLoss=0.03840]Val loss = [QuantLoss=0.05062][QuantReg:0.39862]
[Twitter] Starting epoch 76...
[Twitter] Elapsed training time:4.42s
[Twitter] Starting validation...
[Twitter] Elapsed validation time:0.27s
[Twitter] [Epoch=076] Train Loss=[QuantLoss=0.03724]Val loss = [QuantLoss=0.06036][QuantReg:0.39507]
[Twitter] Starting epoch 77...
[Twitter] Elapsed training time:4.37s
[Twitter] Starting validation...
[Twitter] Elapsed validation time:0.29s
[Twitter] [Epoch=077] Train Loss=[QuantLoss=0.03735]Val loss = [QuantLoss=0.05501][QuantReg:0.39480]
[Twitter] Starting epoch 78...
[Twitter] Elapsed training time:4.71s
[Twitter] Starting validation...
[Twitter] Elapsed validation time:0.24s
[Twitter] [Epoch=078] Train Loss=[QuantLoss=0.03747]Val loss = [QuantLoss=0.05971][QuantReg:0.39453]
[Twitter] Starting epoch 79...
[Twitter] Elapsed training time:4.46s
[Twitter] Starting validation...
[Twitter] Elapsed validation time:0.25s
[Twitter] [Epoch=079] Train Loss=[QuantLoss=0.03732]Val loss = [QuantLoss=0.05945][QuantReg:0.39420]
[Twitter] Starting epoch 80...
[Twitter] Elapsed training time:4.41s
[Twitter] Starting validation...
[Twitter] Elapsed validation time:0.23s
[Twitter] [Epoch=080] Train Loss=[QuantLoss=0.03856]Val loss = [QuantLoss=0.06166][QuantReg:0.39832]
[Twitter] Starting epoch 81...
[Twitter] Elapsed training time:4.37s
[Twitter] Starting validation...
[Twitter] Elapsed validation time:0.24s
[Twitter] [Epoch=081] Train Loss=[QuantLoss=0.03582]Val loss = [QuantLoss=0.04489][QuantReg:0.39808]
[Twitter] Starting epoch 82...
[Twitter] Elapsed training time:4.32s
[Twitter] Starting validation...
[Twitter] Elapsed validation time:0.25s
[Twitter] [Epoch=082] Train Loss=[QuantLoss=0.03426]Val loss = [QuantLoss=0.04710][QuantReg:0.39672]
[Twitter] Starting epoch 83...
[Twitter] Elapsed training time:4.39s
[Twitter] Starting validation...
[Twitter] Elapsed validation time:0.24s
[Twitter] [Epoch=083] Train Loss=[QuantLoss=0.03307]Val loss = [QuantLoss=0.04523][QuantReg:0.39737]
[Twitter] Starting epoch 84...
[Twitter] Elapsed training time:4.33s
[Twitter] Starting validation...
[Twitter] Elapsed validation time:0.25s
[Twitter] [Epoch=084] Train Loss=[QuantLoss=0.03501]Val loss = [QuantLoss=0.04378][QuantReg:0.39669]
[Twitter] Starting epoch 85...
[Twitter] Elapsed training time:4.33s
[Twitter] Starting validation...
[Twitter] Elapsed validation time:0.24s
[Twitter] [Epoch=085] Train Loss=[QuantLoss=0.03496]Val loss = [QuantLoss=0.04889][QuantReg:0.39678]
[Twitter] Starting epoch 86...
[Twitter] Elapsed training time:4.47s
[Twitter] Starting validation...
[Twitter] Elapsed validation time:0.26s
[Twitter] [Epoch=086] Train Loss=[QuantLoss=0.03506]Val loss = [QuantLoss=0.06355][QuantReg:0.39938]
[Twitter] Starting epoch 87...
[Twitter] Elapsed training time:4.55s
[Twitter] Starting validation...
[Twitter] Elapsed validation time:0.24s
[Twitter] [Epoch=087] Train Loss=[QuantLoss=0.03269]Val loss = [QuantLoss=0.07484][QuantReg:0.39718]
[Twitter] Starting epoch 88...
[Twitter] Elapsed training time:4.76s
[Twitter] Starting validation...
[Twitter] Elapsed validation time:0.20s
[Twitter] [Epoch=088] Train Loss=[QuantLoss=0.03401]Val loss = [QuantLoss=0.06432][QuantReg:0.39573]
[Twitter] Starting epoch 89...
[Twitter] Elapsed training time:4.64s
[Twitter] Starting validation...
[Twitter] Elapsed validation time:0.19s
[Twitter] [Epoch=089] Train Loss=[QuantLoss=0.03402]Val loss = [QuantLoss=0.06088][QuantReg:0.39665]
[Twitter] Starting epoch 90...
[Twitter] Elapsed training time:4.48s
[Twitter] Starting validation...
[Twitter] Elapsed validation time:0.20s
[Twitter] [Epoch=090] Train Loss=[QuantLoss=0.03459]Val loss = [QuantLoss=0.05204][QuantReg:0.39792]
[Twitter] Starting epoch 91...
[Twitter] Elapsed training time:4.63s
[Twitter] Starting validation...
[Twitter] Elapsed validation time:0.24s
[Twitter] [Epoch=091] Train Loss=[QuantLoss=0.03430]Val loss = [QuantLoss=0.05887][QuantReg:0.39628]
[Twitter] Starting epoch 92...
[Twitter] Elapsed training time:4.77s
[Twitter] Starting validation...
[Twitter] Elapsed validation time:0.22s
[Twitter] [Epoch=092] Train Loss=[QuantLoss=0.03356]Val loss = [QuantLoss=0.05169][QuantReg:0.39318]
[Twitter] Starting epoch 93...
[Twitter] Elapsed training time:4.80s
[Twitter] Starting validation...
[Twitter] Elapsed validation time:0.24s
[Twitter] [Epoch=093] Train Loss=[QuantLoss=0.03378]Val loss = [QuantLoss=0.04164][QuantReg:0.39423]
[Twitter] Starting epoch 94...
[Twitter] Elapsed training time:4.78s
[Twitter] Starting validation...
[Twitter] Elapsed validation time:0.21s
[Twitter] [Epoch=094] Train Loss=[QuantLoss=0.03361]Val loss = [QuantLoss=0.03265][QuantReg:0.39436]
[Twitter] Starting epoch 95...
[Twitter] Elapsed training time:4.66s
[Twitter] Starting validation...
[Twitter] Elapsed validation time:0.22s
[Twitter] [Epoch=095] Train Loss=[QuantLoss=0.03432]Val loss = [QuantLoss=0.03771][QuantReg:0.39460]
[Twitter] Starting epoch 96...
[Twitter] Elapsed training time:4.73s
[Twitter] Starting validation...
[Twitter] Elapsed validation time:0.20s
[Twitter] [Epoch=096] Train Loss=[QuantLoss=0.03454]Val loss = [QuantLoss=0.03719][QuantReg:0.39300]
[Twitter] Starting epoch 97...
[Twitter] Elapsed training time:4.38s
[Twitter] Starting validation...
[Twitter] Elapsed validation time:0.23s
[Twitter] [Epoch=097] Train Loss=[QuantLoss=0.03376]Val loss = [QuantLoss=0.03967][QuantReg:0.39113]
[Twitter] Starting epoch 98...
[Twitter] Elapsed training time:4.38s
[Twitter] Starting validation...
[Twitter] Elapsed validation time:0.24s
[Twitter] [Epoch=098] Train Loss=[QuantLoss=0.03346]Val loss = [QuantLoss=0.05337][QuantReg:0.39225]
[Twitter] Starting epoch 99...
[Twitter] Elapsed training time:4.31s
[Twitter] Starting validation...
[Twitter] Elapsed validation time:0.25s
[Twitter] [Epoch=099] Train Loss=[QuantLoss=0.03419]Val loss = [QuantLoss=0.04608][QuantReg:0.39565]
[Twitter] Starting epoch 100...
[Twitter] Elapsed training time:4.28s
[Twitter] Starting validation...
[Twitter] Elapsed validation time:0.23s
[Twitter] [Epoch=100] Train Loss=[QuantLoss=0.03436]Val loss = [QuantLoss=0.04316][QuantReg:0.39212]
[Twitter] Starting epoch 101...
[Twitter] Elapsed training time:4.26s
[Twitter] Starting validation...
[Twitter] Elapsed validation time:0.22s
[Twitter] [Epoch=101] Train Loss=[QuantLoss=0.03184]Val loss = [QuantLoss=0.03815][QuantReg:0.39007]
[Twitter] Starting epoch 102...
[Twitter] Elapsed training time:4.17s
[Twitter] Starting validation...
[Twitter] Elapsed validation time:0.35s
[Twitter] [Epoch=102] Train Loss=[QuantLoss=0.03232]Val loss = [QuantLoss=0.04263][QuantReg:0.38925]
[Twitter] Starting epoch 103...
[Twitter] Elapsed training time:4.27s
[Twitter] Starting validation...
[Twitter] Elapsed validation time:0.39s
[Twitter] [Epoch=103] Train Loss=[QuantLoss=0.03291]Val loss = [QuantLoss=0.04099][QuantReg:0.38885]
[Twitter] Starting epoch 104...
[Twitter] Elapsed training time:4.25s
[Twitter] Starting validation...
[Twitter] Elapsed validation time:0.36s
[Twitter] [Epoch=104] Train Loss=[QuantLoss=0.03127]Val loss = [QuantLoss=0.03899][QuantReg:0.39027]
[Twitter] Starting epoch 105...
[Twitter] Elapsed training time:4.24s
[Twitter] Starting validation...
[Twitter] Elapsed validation time:0.35s
[Twitter] [Epoch=105] Train Loss=[QuantLoss=0.03248]Val loss = [QuantLoss=0.04032][QuantReg:0.39120]
[Twitter] Starting epoch 106...
[Twitter] Elapsed training time:4.31s
[Twitter] Starting validation...
[Twitter] Elapsed validation time:0.36s
[Twitter] [Epoch=106] Train Loss=[QuantLoss=0.03224]Val loss = [QuantLoss=0.03509][QuantReg:0.39113]
[Twitter] Starting epoch 107...
[Twitter] Elapsed training time:4.29s
[Twitter] Starting validation...
[Twitter] Elapsed validation time:0.38s
[Twitter] [Epoch=107] Train Loss=[QuantLoss=0.03203]Val loss = [QuantLoss=0.04212][QuantReg:0.39196]
[Twitter] Starting epoch 108...
[Twitter] Elapsed training time:4.36s
[Twitter] Starting validation...
[Twitter] Elapsed validation time:0.35s
[Twitter] [Epoch=108] Train Loss=[QuantLoss=0.03298]Val loss = [QuantLoss=0.04194][QuantReg:0.39234]
[Twitter] Starting epoch 109...
[Twitter] Elapsed training time:4.37s
[Twitter] Starting validation...
[Twitter] Elapsed validation time:0.36s
[Twitter] [Epoch=109] Train Loss=[QuantLoss=0.03305]Val loss = [QuantLoss=0.04487][QuantReg:0.39131]
[Twitter] Starting epoch 110...
[Twitter] Elapsed training time:4.27s
[Twitter] Starting validation...
[Twitter] Elapsed validation time:0.35s
[Twitter] [Epoch=110] Train Loss=[QuantLoss=0.03169]Val loss = [QuantLoss=0.04614][QuantReg:0.39161]
[Twitter] Starting epoch 111...
[Twitter] Elapsed training time:4.43s
[Twitter] Starting validation...
[Twitter] Elapsed validation time:0.34s
[Twitter] [Epoch=111] Train Loss=[QuantLoss=0.03282]Val loss = [QuantLoss=0.04542][QuantReg:0.39178]
[Twitter] Starting epoch 112...
[Twitter] Elapsed training time:4.39s
[Twitter] Starting validation...
[Twitter] Elapsed validation time:0.34s
[Twitter] [Epoch=112] Train Loss=[QuantLoss=0.03260]Val loss = [QuantLoss=0.04300][QuantReg:0.39107]
[Twitter] Starting epoch 113...
[Twitter] Elapsed training time:4.51s
[Twitter] Starting validation...
[Twitter] Elapsed validation time:0.36s
[Twitter] [Epoch=113] Train Loss=[QuantLoss=0.03121]Val loss = [QuantLoss=0.04400][QuantReg:0.39287]
[Twitter] Starting epoch 114...
[Twitter] Elapsed training time:4.59s
[Twitter] Starting validation...
[Twitter] Elapsed validation time:0.35s
[Twitter] [Epoch=114] Train Loss=[QuantLoss=0.03317]Val loss = [QuantLoss=0.04543][QuantReg:0.39157]
[Twitter] Starting epoch 115...
[Twitter] Elapsed training time:4.32s
[Twitter] Starting validation...
[Twitter] Elapsed validation time:0.35s
[Twitter] [Epoch=115] Train Loss=[QuantLoss=0.03146]Val loss = [QuantLoss=0.04761][QuantReg:0.39094]
[Twitter] Starting epoch 116...
[Twitter] Elapsed training time:4.52s
[Twitter] Starting validation...
[Twitter] Elapsed validation time:0.33s
[Twitter] [Epoch=116] Train Loss=[QuantLoss=0.03118]Val loss = [QuantLoss=0.05610][QuantReg:0.38959]
[Twitter] Starting epoch 117...
[Twitter] Elapsed training time:5.04s
[Twitter] Starting validation...
[Twitter] Elapsed validation time:0.33s
[Twitter] [Epoch=117] Train Loss=[QuantLoss=0.03126]Val loss = [QuantLoss=0.05241][QuantReg:0.39032]
[Twitter] Starting epoch 118...
[Twitter] Elapsed training time:4.69s
[Twitter] Starting validation...
[Twitter] Elapsed validation time:0.30s
[Twitter] [Epoch=118] Train Loss=[QuantLoss=0.03024]Val loss = [QuantLoss=0.06446][QuantReg:0.39034]
[Twitter] Starting epoch 119...
[Twitter] Elapsed training time:4.63s
[Twitter] Starting validation...
[Twitter] Elapsed validation time:0.31s
[Twitter] [Epoch=119] Train Loss=[QuantLoss=0.03218]Val loss = [QuantLoss=0.05892][QuantReg:0.39013]
[Twitter] Starting epoch 120...
[Twitter] Elapsed training time:4.35s
[Twitter] Starting validation...
[Twitter] Elapsed validation time:0.36s
[Twitter] [Epoch=120] Train Loss=[QuantLoss=0.03172]Val loss = [QuantLoss=0.05629][QuantReg:0.38937]
[Twitter] Starting epoch 121...
[Twitter] Elapsed training time:4.20s
[Twitter] Starting validation...
[Twitter] Elapsed validation time:0.33s
[Twitter] [Epoch=121] Train Loss=[QuantLoss=0.03105]Val loss = [QuantLoss=0.04621][QuantReg:0.38988]
[Twitter] Starting epoch 122...
[Twitter] Elapsed training time:4.14s
[Twitter] Starting validation...
[Twitter] Elapsed validation time:0.34s
[Twitter] [Epoch=122] Train Loss=[QuantLoss=0.03180]Val loss = [QuantLoss=0.03977][QuantReg:0.39019]
[Twitter] Starting epoch 123...
[Twitter] Elapsed training time:4.19s
[Twitter] Starting validation...
[Twitter] Elapsed validation time:0.28s
[Twitter] [Epoch=123] Train Loss=[QuantLoss=0.03224]Val loss = [QuantLoss=0.04500][QuantReg:0.39147]
[Twitter] Starting epoch 124...
[Twitter] Elapsed training time:3.49s
[Twitter] Starting validation...
[Twitter] Elapsed validation time:0.36s
[Twitter] [Epoch=124] Train Loss=[QuantLoss=0.03058]Val loss = [QuantLoss=0.04210][QuantReg:0.39072]
[Twitter] Starting epoch 125...
[Twitter] Elapsed training time:4.25s
[Twitter] Starting validation...
[Twitter] Elapsed validation time:0.36s
[Twitter] [Epoch=125] Train Loss=[QuantLoss=0.03050]Val loss = [QuantLoss=0.04469][QuantReg:0.39005]
[Twitter] Starting epoch 126...
[Twitter] Elapsed training time:4.37s
[Twitter] Starting validation...
[Twitter] Elapsed validation time:0.35s
[Twitter] [Epoch=126] Train Loss=[QuantLoss=0.02948]Val loss = [QuantLoss=0.04318][QuantReg:0.38986]
[Twitter] Starting epoch 127...
[Twitter] Elapsed training time:4.46s
[Twitter] Starting validation...
[Twitter] Elapsed validation time:0.36s
[Twitter] [Epoch=127] Train Loss=[QuantLoss=0.03049]Val loss = [QuantLoss=0.04956][QuantReg:0.39073]
[Twitter] Starting epoch 128...
[Twitter] Elapsed training time:4.48s
[Twitter] Starting validation...
[Twitter] Elapsed validation time:0.36s
[Twitter] [Epoch=128] Train Loss=[QuantLoss=0.02963]Val loss = [QuantLoss=0.05157][QuantReg:0.39102]
[Twitter] Starting epoch 129...
[Twitter] Elapsed training time:4.29s
[Twitter] Starting validation...
[Twitter] Elapsed validation time:0.37s
[Twitter] [Epoch=129] Train Loss=[QuantLoss=0.02994]Val loss = [QuantLoss=0.04663][QuantReg:0.39211]
[Twitter] Starting epoch 130...
[Twitter] Elapsed training time:4.36s
[Twitter] Starting validation...
[Twitter] Elapsed validation time:0.35s
[Twitter] [Epoch=130] Train Loss=[QuantLoss=0.03062]Val loss = [QuantLoss=0.04642][QuantReg:0.39195]
[Twitter] Starting epoch 131...
[Twitter] Elapsed training time:4.39s
[Twitter] Starting validation...
[Twitter] Elapsed validation time:0.36s
[Twitter] [Epoch=131] Train Loss=[QuantLoss=0.02998]Val loss = [QuantLoss=0.04875][QuantReg:0.39146]
[Twitter] Starting epoch 132...
[Twitter] Elapsed training time:4.38s
[Twitter] Starting validation...
[Twitter] Elapsed validation time:0.35s
[Twitter] [Epoch=132] Train Loss=[QuantLoss=0.03058]Val loss = [QuantLoss=0.05290][QuantReg:0.39208]
[Twitter] Starting epoch 133...
[Twitter] Elapsed training time:4.38s
[Twitter] Starting validation...
[Twitter] Elapsed validation time:0.37s
[Twitter] [Epoch=133] Train Loss=[QuantLoss=0.03096]Val loss = [QuantLoss=0.05072][QuantReg:0.39267]
[Twitter] Starting epoch 134...
[Twitter] Elapsed training time:4.63s
[Twitter] Starting validation...
[Twitter] Elapsed validation time:0.33s
[Twitter] [Epoch=134] Train Loss=[QuantLoss=0.03075]Val loss = [QuantLoss=0.04847][QuantReg:0.39190]
[Twitter] Starting epoch 135...
[Twitter] Elapsed training time:4.55s
[Twitter] Starting validation...
[Twitter] Elapsed validation time:0.37s
[Twitter] [Epoch=135] Train Loss=[QuantLoss=0.02930]Val loss = [QuantLoss=0.04945][QuantReg:0.39211]
[Twitter] Starting epoch 136...
[Twitter] Elapsed training time:4.49s
[Twitter] Starting validation...
[Twitter] Elapsed validation time:0.33s
[Twitter] [Epoch=136] Train Loss=[QuantLoss=0.02962]Val loss = [QuantLoss=0.04973][QuantReg:0.39200]
[Twitter] Starting epoch 137...
[Twitter] Elapsed training time:4.50s
[Twitter] Starting validation...
[Twitter] Elapsed validation time:0.31s
[Twitter] [Epoch=137] Train Loss=[QuantLoss=0.03115]Val loss = [QuantLoss=0.05618][QuantReg:0.39041]
[Twitter] Starting epoch 138...
[Twitter] Elapsed training time:4.59s
[Twitter] Starting validation...
[Twitter] Elapsed validation time:0.30s
[Twitter] [Epoch=138] Train Loss=[QuantLoss=0.03171]Val loss = [QuantLoss=0.05235][QuantReg:0.39084]
[Twitter] Starting epoch 139...
[Twitter] Elapsed training time:4.35s
[Twitter] Starting validation...
[Twitter] Elapsed validation time:0.40s
[Twitter] [Epoch=139] Train Loss=[QuantLoss=0.03110]Val loss = [QuantLoss=0.05048][QuantReg:0.38999]
[Twitter] Starting epoch 140...
[Twitter] Elapsed training time:4.28s
[Twitter] Starting validation...
[Twitter] Elapsed validation time:0.35s
[Twitter] [Epoch=140] Train Loss=[QuantLoss=0.03162]Val loss = [QuantLoss=0.05243][QuantReg:0.38904]
[Twitter] Starting epoch 141...
[Twitter] Elapsed training time:4.21s
[Twitter] Starting validation...
[Twitter] Elapsed validation time:0.34s
[Twitter] [Epoch=141] Train Loss=[QuantLoss=0.03131]Val loss = [QuantLoss=0.05221][QuantReg:0.38937]
[Twitter] Starting epoch 142...
[Twitter] Elapsed training time:4.28s
[Twitter] Starting validation...
[Twitter] Elapsed validation time:0.37s
[Twitter] [Epoch=142] Train Loss=[QuantLoss=0.02981]Val loss = [QuantLoss=0.05652][QuantReg:0.39057]
[Twitter] Early stopping in epoch 142!
[Twitter] Restoring best model...
MAE médio por bag: 0.0468 ± 0.0223
Salvo em resultados_sanders/resultados_twitter_bert_l1_hardest_1.csv
Dataset: /home/nildaimon/gmnet/experiments/train_curl/Datasets/Sanders/twitter-sanders-apple3.csv
Dificuldade: metric=l1, mode=easiest, top_k=None
Rodada: 1
Salvar resultados em: resultados_sanders
Dispositivo de treino: cpu
Carregando e processando dataset Twitter
Carregando embeddings do cache...
/home/nildaimon/gmnet/experiments/train_curl/train_sanders.py:89: FutureWarning: You are using `torch.load` with `weights_only=False` (the current default value), which uses the default pickle module implicitly. It is possible to construct malicious pickle data which will execute arbitrary code during unpickling (See https://github.com/pytorch/pytorch/blob/main/SECURITY.md#untrusted-models for more details). In a future release, the default value for `weights_only` will be flipped to `True`. This limits the functions that could be executed during unpickling. Arbitrary objects will no longer be allowed to be loaded via this mode unless they are explicitly allowlisted by the user via `torch.serialization.add_safe_globals`. We recommend you start setting `weights_only=True` for any use case where you don't have full control of the loaded file. Please open an issue on GitHub for any issues related to this experimental feature.
  embeddings = torch.load(EMBEDDING_CACHE)
/home/nildaimon/gmnet/experiments/train_curl/train_sanders.py:90: FutureWarning: You are using `torch.load` with `weights_only=False` (the current default value), which uses the default pickle module implicitly. It is possible to construct malicious pickle data which will execute arbitrary code during unpickling (See https://github.com/pytorch/pytorch/blob/main/SECURITY.md#untrusted-models for more details). In a future release, the default value for `weights_only` will be flipped to `True`. This limits the functions that could be executed during unpickling. Arbitrary objects will no longer be allowed to be loaded via this mode unless they are explicitly allowlisted by the user via `torch.serialization.add_safe_globals`. We recommend you start setting `weights_only=True` for any use case where you don't have full control of the loaded file. Please open an issue on GitHub for any issues related to this experimental feature.
  labels = torch.load(LABELS_CACHE)
Ignoring val_split as train and val datasets where given to fit function
We have two datasets: training 1092 examples. validation 100 examples.]
Using device cpu
/home/nildaimon/anaconda3/envs/gmnet/lib/python3.12/site-packages/torch/optim/lr_scheduler.py:62: UserWarning: The verbose parameter is deprecated. Please use get_last_lr() to access the learning rate.
  warnings.warn(
/home/nildaimon/gmnet/dlquantification/main.py:835: FutureWarning: `torch.cuda.amp.GradScaler(args...)` is deprecated. Please use `torch.amp.GradScaler('cuda', args...)` instead.
  scaler = torch.cuda.amp.GradScaler(enabled=self.use_fp16)
[Twitter] Starting epoch 0...
/home/nildaimon/gmnet/dlquantification/main.py:888: FutureWarning: `torch.cuda.amp.autocast(args...)` is deprecated. Please use `torch.amp.autocast('cuda', args...)` instead.
  with torch.cuda.amp.autocast(enabled=self.use_fp16):
[Twitter] Elapsed training time:4.32s
[Twitter] Starting validation...
[Twitter] Elapsed validation time:0.24s
[Twitter] [Epoch=000] Train Loss=[QuantLoss=0.07876]Val loss = [QuantLoss=0.02965][QuantReg:0.41939][saved best model in this epoch]
[Twitter] Starting epoch 1...
[Twitter] Elapsed training time:4.25s
[Twitter] Starting validation...
[Twitter] Elapsed validation time:0.23s
[Twitter] [Epoch=001] Train Loss=[QuantLoss=0.07351]Val loss = [QuantLoss=0.07176][QuantReg:0.45114]
[Twitter] Starting epoch 2...
[Twitter] Elapsed training time:4.25s
[Twitter] Starting validation...
[Twitter] Elapsed validation time:0.24s
[Twitter] [Epoch=002] Train Loss=[QuantLoss=0.07414]Val loss = [QuantLoss=0.17016][QuantReg:0.46868]
[Twitter] Starting epoch 3...
[Twitter] Elapsed training time:4.31s
[Twitter] Starting validation...
[Twitter] Elapsed validation time:0.24s
[Twitter] [Epoch=003] Train Loss=[QuantLoss=0.07129]Val loss = [QuantLoss=0.18500][QuantReg:0.49325]
[Twitter] Starting epoch 4...
[Twitter] Elapsed training time:4.34s
[Twitter] Starting validation...
[Twitter] Elapsed validation time:0.24s
[Twitter] [Epoch=004] Train Loss=[QuantLoss=0.07263]Val loss = [QuantLoss=0.18744][QuantReg:0.48369]
[Twitter] Starting epoch 5...
[Twitter] Elapsed training time:4.24s
[Twitter] Starting validation...
[Twitter] Elapsed validation time:0.24s
[Twitter] [Epoch=005] Train Loss=[QuantLoss=0.06587]Val loss = [QuantLoss=0.04145][QuantReg:0.49699]
[Twitter] Starting epoch 6...
[Twitter] Elapsed training time:4.36s
[Twitter] Starting validation...
[Twitter] Elapsed validation time:0.27s
[Twitter] [Epoch=006] Train Loss=[QuantLoss=0.06538]Val loss = [QuantLoss=0.09950][QuantReg:0.46509]
[Twitter] Starting epoch 7...
[Twitter] Elapsed training time:4.28s
[Twitter] Starting validation...
[Twitter] Elapsed validation time:0.26s
[Twitter] [Epoch=007] Train Loss=[QuantLoss=0.06279]Val loss = [QuantLoss=0.11155][QuantReg:0.47768]
[Twitter] Starting epoch 8...
[Twitter] Elapsed training time:4.37s
[Twitter] Starting validation...
[Twitter] Elapsed validation time:0.24s
[Twitter] [Epoch=008] Train Loss=[QuantLoss=0.06326]Val loss = [QuantLoss=0.15603][QuantReg:0.44561]
[Twitter] Starting epoch 9...
[Twitter] Elapsed training time:4.43s
[Twitter] Starting validation...
[Twitter] Elapsed validation time:0.19s
[Twitter] [Epoch=009] Train Loss=[QuantLoss=0.05967]Val loss = [QuantLoss=0.13254][QuantReg:0.47468]
[Twitter] Starting epoch 10...
[Twitter] Elapsed training time:4.69s
[Twitter] Starting validation...
[Twitter] Elapsed validation time:0.22s
[Twitter] [Epoch=010] Train Loss=[QuantLoss=0.06414]Val loss = [QuantLoss=0.06607][QuantReg:0.48677]
[Twitter] Starting epoch 11...
[Twitter] Elapsed training time:4.77s
[Twitter] Starting validation...
[Twitter] Elapsed validation time:0.20s
[Twitter] [Epoch=011] Train Loss=[QuantLoss=0.05816]Val loss = [QuantLoss=0.08620][QuantReg:0.48867]
[Twitter] Starting epoch 12...
[Twitter] Elapsed training time:4.63s
[Twitter] Starting validation...
[Twitter] Elapsed validation time:0.21s
[Twitter] [Epoch=012] Train Loss=[QuantLoss=0.06145]Val loss = [QuantLoss=0.09456][QuantReg:0.49559]
[Twitter] Starting epoch 13...
[Twitter] Elapsed training time:4.57s
[Twitter] Starting validation...
[Twitter] Elapsed validation time:0.22s
[Twitter] [Epoch=013] Train Loss=[QuantLoss=0.06371]Val loss = [QuantLoss=0.07018][QuantReg:0.52912]
[Twitter] Starting epoch 14...
[Twitter] Elapsed training time:4.59s
[Twitter] Starting validation...
[Twitter] Elapsed validation time:0.23s
[Twitter] [Epoch=014] Train Loss=[QuantLoss=0.05963]Val loss = [QuantLoss=0.01160][QuantReg:0.53701][saved best model in this epoch]
[Twitter] Starting epoch 15...
[Twitter] Elapsed training time:4.45s
[Twitter] Starting validation...
[Twitter] Elapsed validation time:0.24s
[Twitter] [Epoch=015] Train Loss=[QuantLoss=0.06013]Val loss = [QuantLoss=0.07649][QuantReg:0.52260]
[Twitter] Starting epoch 16...
[Twitter] Elapsed training time:4.39s
[Twitter] Starting validation...
[Twitter] Elapsed validation time:0.23s
[Twitter] [Epoch=016] Train Loss=[QuantLoss=0.06627]Val loss = [QuantLoss=0.07344][QuantReg:0.51692]
[Twitter] Starting epoch 17...
[Twitter] Elapsed training time:4.42s
[Twitter] Starting validation...
[Twitter] Elapsed validation time:0.22s
[Twitter] [Epoch=017] Train Loss=[QuantLoss=0.05566]Val loss = [QuantLoss=0.04112][QuantReg:0.48358]
[Twitter] Starting epoch 18...
[Twitter] Elapsed training time:4.27s
[Twitter] Starting validation...
[Twitter] Elapsed validation time:0.23s
[Twitter] [Epoch=018] Train Loss=[QuantLoss=0.05493]Val loss = [QuantLoss=0.04346][QuantReg:0.48263]
[Twitter] Starting epoch 19...
[Twitter] Elapsed training time:4.23s
[Twitter] Starting validation...
[Twitter] Elapsed validation time:0.25s
[Twitter] [Epoch=019] Train Loss=[QuantLoss=0.05315]Val loss = [QuantLoss=0.06441][QuantReg:0.47874]
[Twitter] Starting epoch 20...
[Twitter] Elapsed training time:4.19s
[Twitter] Starting validation...
[Twitter] Elapsed validation time:0.23s
[Twitter] [Epoch=020] Train Loss=[QuantLoss=0.05006]Val loss = [QuantLoss=0.04909][QuantReg:0.45825]
[Twitter] Starting epoch 21...
[Twitter] Elapsed training time:4.23s
[Twitter] Starting validation...
[Twitter] Elapsed validation time:0.23s
[Twitter] [Epoch=021] Train Loss=[QuantLoss=0.05294]Val loss = [QuantLoss=0.03105][QuantReg:0.46905]
[Twitter] Starting epoch 22...
[Twitter] Elapsed training time:4.11s
[Twitter] Starting validation...
[Twitter] Elapsed validation time:0.23s
[Twitter] [Epoch=022] Train Loss=[QuantLoss=0.05299]Val loss = [QuantLoss=0.05719][QuantReg:0.47875]
[Twitter] Starting epoch 23...
[Twitter] Elapsed training time:4.17s
[Twitter] Starting validation...
[Twitter] Elapsed validation time:0.24s
[Twitter] [Epoch=023] Train Loss=[QuantLoss=0.05660]Val loss = [QuantLoss=0.06456][QuantReg:0.47441]
[Twitter] Starting epoch 24...
[Twitter] Elapsed training time:4.17s
[Twitter] Starting validation...
[Twitter] Elapsed validation time:0.24s
[Twitter] [Epoch=024] Train Loss=[QuantLoss=0.06463]Val loss = [QuantLoss=0.07309][QuantReg:0.47413]
[Twitter] Starting epoch 25...
[Twitter] Elapsed training time:4.16s
[Twitter] Starting validation...
[Twitter] Elapsed validation time:0.35s
[Twitter] [Epoch=025] Train Loss=[QuantLoss=0.05423]Val loss = [QuantLoss=0.05704][QuantReg:0.45734]
[Twitter] Starting epoch 26...
[Twitter] Elapsed training time:4.17s
[Twitter] Starting validation...
[Twitter] Elapsed validation time:0.24s
[Twitter] [Epoch=026] Train Loss=[QuantLoss=0.05642]Val loss = [QuantLoss=0.01955][QuantReg:0.44877]
[Twitter] Starting epoch 27...
[Twitter] Elapsed training time:4.22s
[Twitter] Starting validation...
[Twitter] Elapsed validation time:0.35s
[Twitter] [Epoch=027] Train Loss=[QuantLoss=0.05528]Val loss = [QuantLoss=0.09277][QuantReg:0.45058]
[Twitter] Starting epoch 28...
[Twitter] Elapsed training time:4.23s
[Twitter] Starting validation...
[Twitter] Elapsed validation time:0.24s
[Twitter] [Epoch=028] Train Loss=[QuantLoss=0.05661]Val loss = [QuantLoss=0.09921][QuantReg:0.45792]
[Twitter] Starting epoch 29...
[Twitter] Elapsed training time:4.19s
[Twitter] Starting validation...
[Twitter] Elapsed validation time:0.36s
[Twitter] [Epoch=029] Train Loss=[QuantLoss=0.05387]Val loss = [QuantLoss=0.08499][QuantReg:0.45669]
[Twitter] Starting epoch 30...
[Twitter] Elapsed training time:4.23s
[Twitter] Starting validation...
[Twitter] Elapsed validation time:0.34s
[Twitter] [Epoch=030] Train Loss=[QuantLoss=0.05885]Val loss = [QuantLoss=0.09166][QuantReg:0.44140]
[Twitter] Starting epoch 31...
[Twitter] Elapsed training time:4.46s
[Twitter] Starting validation...
[Twitter] Elapsed validation time:0.36s
[Twitter] [Epoch=031] Train Loss=[QuantLoss=0.05649]Val loss = [QuantLoss=0.06643][QuantReg:0.44549]
[Twitter] Starting epoch 32...
[Twitter] Elapsed training time:4.39s
[Twitter] Starting validation...
[Twitter] Elapsed validation time:0.35s
[Twitter] [Epoch=032] Train Loss=[QuantLoss=0.05406]Val loss = [QuantLoss=0.02454][QuantReg:0.45136]
[Twitter] Starting epoch 33...
[Twitter] Elapsed training time:4.39s
[Twitter] Starting validation...
[Twitter] Elapsed validation time:0.34s
[Twitter] [Epoch=033] Train Loss=[QuantLoss=0.05183]Val loss = [QuantLoss=0.09048][QuantReg:0.44187]
[Twitter] Starting epoch 34...
[Twitter] Elapsed training time:4.47s
[Twitter] Starting validation...
[Twitter] Elapsed validation time:0.36s
[Twitter] [Epoch=034] Train Loss=[QuantLoss=0.06133]Val loss = [QuantLoss=0.03666][QuantReg:0.44619]
[Twitter] Starting epoch 35...
[Twitter] Elapsed training time:4.53s
[Twitter] Starting validation...
[Twitter] Elapsed validation time:0.37s
[Twitter] [Epoch=035] Train Loss=[QuantLoss=0.05535]Val loss = [QuantLoss=0.04267][QuantReg:0.43906]
[Twitter] Starting epoch 36...
[Twitter] Elapsed training time:4.45s
[Twitter] Starting validation...
[Twitter] Elapsed validation time:0.34s
[Twitter] [Epoch=036] Train Loss=[QuantLoss=0.05049]Val loss = [QuantLoss=0.03905][QuantReg:0.43702]
[Twitter] Starting epoch 37...
[Twitter] Elapsed training time:4.50s
[Twitter] Starting validation...
[Twitter] Elapsed validation time:0.37s
[Twitter] [Epoch=037] Train Loss=[QuantLoss=0.04954]Val loss = [QuantLoss=0.09494][QuantReg:0.43257]
[Twitter] Starting epoch 38...
[Twitter] Elapsed training time:4.44s
[Twitter] Starting validation...
[Twitter] Elapsed validation time:0.37s
[Twitter] [Epoch=038] Train Loss=[QuantLoss=0.05602]Val loss = [QuantLoss=0.08314][QuantReg:0.43516]
[Twitter] Starting epoch 39...
[Twitter] Elapsed training time:4.35s
[Twitter] Starting validation...
[Twitter] Elapsed validation time:0.34s
[Twitter] [Epoch=039] Train Loss=[QuantLoss=0.05021]Val loss = [QuantLoss=0.03789][QuantReg:0.43350]
[Twitter] Starting epoch 40...
[Twitter] Elapsed training time:4.49s
[Twitter] Starting validation...
[Twitter] Elapsed validation time:0.35s
[Twitter] [Epoch=040] Train Loss=[QuantLoss=0.04363]Val loss = [QuantLoss=0.06347][QuantReg:0.43454]
[Twitter] Starting epoch 41...
[Twitter] Elapsed training time:4.39s
[Twitter] Starting validation...
[Twitter] Elapsed validation time:0.34s
[Twitter] [Epoch=041] Train Loss=[QuantLoss=0.04573]Val loss = [QuantLoss=0.07010][QuantReg:0.43359]
[Twitter] Starting epoch 42...
[Twitter] Elapsed training time:4.47s
[Twitter] Starting validation...
[Twitter] Elapsed validation time:0.36s
[Twitter] [Epoch=042] Train Loss=[QuantLoss=0.04523]Val loss = [QuantLoss=0.03632][QuantReg:0.43460]
[Twitter] Starting epoch 43...
[Twitter] Elapsed training time:4.37s
[Twitter] Starting validation...
[Twitter] Elapsed validation time:0.35s
[Twitter] [Epoch=043] Train Loss=[QuantLoss=0.04784]Val loss = [QuantLoss=0.08383][QuantReg:0.43245]
[Twitter] Starting epoch 44...
[Twitter] Elapsed training time:4.51s
[Twitter] Starting validation...
[Twitter] Elapsed validation time:0.35s
[Twitter] [Epoch=044] Train Loss=[QuantLoss=0.04396]Val loss = [QuantLoss=0.05678][QuantReg:0.43180]
[Twitter] Starting epoch 45...
[Twitter] Elapsed training time:4.49s
[Twitter] Starting validation...
[Twitter] Elapsed validation time:0.35s
[Twitter] [Epoch=045] Train Loss=[QuantLoss=0.04629]Val loss = [QuantLoss=0.06357][QuantReg:0.43081]
[Twitter] Starting epoch 46...
[Twitter] Elapsed training time:4.45s
[Twitter] Starting validation...
[Twitter] Elapsed validation time:0.36s
[Twitter] [Epoch=046] Train Loss=[QuantLoss=0.04428]Val loss = [QuantLoss=0.05465][QuantReg:0.43080]
[Twitter] Starting epoch 47...
[Twitter] Elapsed training time:4.34s
[Twitter] Starting validation...
[Twitter] Elapsed validation time:0.36s
[Twitter] [Epoch=047] Train Loss=[QuantLoss=0.04672]Val loss = [QuantLoss=0.05644][QuantReg:0.43069]
[Twitter] Starting epoch 48...
[Twitter] Elapsed training time:4.34s
[Twitter] Starting validation...
[Twitter] Elapsed validation time:0.36s
[Twitter] [Epoch=048] Train Loss=[QuantLoss=0.04597]Val loss = [QuantLoss=0.07400][QuantReg:0.44019]
[Twitter] Starting epoch 49...
[Twitter] Elapsed training time:4.34s
[Twitter] Starting validation...
[Twitter] Elapsed validation time:0.34s
[Twitter] [Epoch=049] Train Loss=[QuantLoss=0.04863]Val loss = [QuantLoss=0.04630][QuantReg:0.43342]
[Twitter] Starting epoch 50...
[Twitter] Elapsed training time:4.32s
[Twitter] Starting validation...
[Twitter] Elapsed validation time:0.35s
[Twitter] [Epoch=050] Train Loss=[QuantLoss=0.04831]Val loss = [QuantLoss=0.05140][QuantReg:0.42382]
[Twitter] Starting epoch 51...
[Twitter] Elapsed training time:4.40s
[Twitter] Starting validation...
[Twitter] Elapsed validation time:0.37s
[Twitter] [Epoch=051] Train Loss=[QuantLoss=0.04827]Val loss = [QuantLoss=0.09196][QuantReg:0.42104]
[Twitter] Starting epoch 52...
[Twitter] Elapsed training time:4.44s
[Twitter] Starting validation...
[Twitter] Elapsed validation time:0.40s
[Twitter] [Epoch=052] Train Loss=[QuantLoss=0.04960]Val loss = [QuantLoss=0.05109][QuantReg:0.41863]
[Twitter] Starting epoch 53...
[Twitter] Elapsed training time:4.74s
[Twitter] Starting validation...
[Twitter] Elapsed validation time:0.33s
[Twitter] [Epoch=053] Train Loss=[QuantLoss=0.04722]Val loss = [QuantLoss=0.07795][QuantReg:0.42895]
[Twitter] Starting epoch 54...
[Twitter] Elapsed training time:4.91s
[Twitter] Starting validation...
[Twitter] Elapsed validation time:0.31s
[Twitter] [Epoch=054] Train Loss=[QuantLoss=0.04878]Val loss = [QuantLoss=0.08054][QuantReg:0.42902]
[Twitter] Starting epoch 55...
[Twitter] Elapsed training time:4.91s
[Twitter] Starting validation...
[Twitter] Elapsed validation time:0.35s
[Twitter] [Epoch=055] Train Loss=[QuantLoss=0.04628]Val loss = [QuantLoss=0.09061][QuantReg:0.43347]
[Twitter] Starting epoch 56...
[Twitter] Elapsed training time:5.03s
[Twitter] Starting validation...
[Twitter] Elapsed validation time:0.34s
[Twitter] [Epoch=056] Train Loss=[QuantLoss=0.04602]Val loss = [QuantLoss=0.17197][QuantReg:0.43056]
[Twitter] Starting epoch 57...
[Twitter] Elapsed training time:4.93s
[Twitter] Starting validation...
[Twitter] Elapsed validation time:0.30s
[Twitter] [Epoch=057] Train Loss=[QuantLoss=0.04984]Val loss = [QuantLoss=0.14105][QuantReg:0.42372]
[Twitter] Starting epoch 58...
[Twitter] Elapsed training time:4.50s
[Twitter] Starting validation...
[Twitter] Elapsed validation time:0.32s
[Twitter] [Epoch=058] Train Loss=[QuantLoss=0.03939]Val loss = [QuantLoss=0.10098][QuantReg:0.42348]
[Twitter] Starting epoch 59...
[Twitter] Elapsed training time:4.41s
[Twitter] Starting validation...
[Twitter] Elapsed validation time:0.35s
[Twitter] [Epoch=059] Train Loss=[QuantLoss=0.04086]Val loss = [QuantLoss=0.08383][QuantReg:0.41798]
[Twitter] Starting epoch 60...
[Twitter] Elapsed training time:4.26s
[Twitter] Starting validation...
[Twitter] Elapsed validation time:0.37s
[Twitter] [Epoch=060] Train Loss=[QuantLoss=0.03901]Val loss = [QuantLoss=0.06110][QuantReg:0.41719]
[Twitter] Starting epoch 61...
[Twitter] Elapsed training time:4.19s
[Twitter] Starting validation...
[Twitter] Elapsed validation time:0.36s
[Twitter] [Epoch=061] Train Loss=[QuantLoss=0.03838]Val loss = [QuantLoss=0.06431][QuantReg:0.41799]
[Twitter] Starting epoch 62...
[Twitter] Elapsed training time:4.26s
[Twitter] Starting validation...
[Twitter] Elapsed validation time:0.35s
[Twitter] [Epoch=062] Train Loss=[QuantLoss=0.03882]Val loss = [QuantLoss=0.07695][QuantReg:0.41769]
[Twitter] Starting epoch 63...
[Twitter] Elapsed training time:4.23s
[Twitter] Starting validation...
[Twitter] Elapsed validation time:0.36s
[Twitter] [Epoch=063] Train Loss=[QuantLoss=0.04149]Val loss = [QuantLoss=0.09202][QuantReg:0.41423]
[Twitter] Starting epoch 64...
[Twitter] Elapsed training time:4.40s
[Twitter] Starting validation...
[Twitter] Elapsed validation time:0.38s
[Twitter] [Epoch=064] Train Loss=[QuantLoss=0.03869]Val loss = [QuantLoss=0.07198][QuantReg:0.40882]
[Twitter] Starting epoch 65...
[Twitter] Elapsed training time:4.27s
[Twitter] Starting validation...
[Twitter] Elapsed validation time:0.36s
[Twitter] [Epoch=065] Train Loss=[QuantLoss=0.03818]Val loss = [QuantLoss=0.18054][QuantReg:0.41031]
[Twitter] Starting epoch 66...
[Twitter] Elapsed training time:4.21s
[Twitter] Starting validation...
[Twitter] Elapsed validation time:0.34s
[Twitter] [Epoch=066] Train Loss=[QuantLoss=0.03887]Val loss = [QuantLoss=0.05641][QuantReg:0.41242]
[Twitter] Starting epoch 67...
[Twitter] Elapsed training time:4.31s
[Twitter] Starting validation...
[Twitter] Elapsed validation time:0.35s
[Twitter] [Epoch=067] Train Loss=[QuantLoss=0.04529]Val loss = [QuantLoss=0.06669][QuantReg:0.41520]
[Twitter] Starting epoch 68...
[Twitter] Elapsed training time:4.46s
[Twitter] Starting validation...
[Twitter] Elapsed validation time:0.21s
[Twitter] [Epoch=068] Train Loss=[QuantLoss=0.03631]Val loss = [QuantLoss=0.05370][QuantReg:0.41332]
[Twitter] Starting epoch 69...
[Twitter] Elapsed training time:4.30s
[Twitter] Starting validation...
[Twitter] Elapsed validation time:0.24s
[Twitter] [Epoch=069] Train Loss=[QuantLoss=0.03891]Val loss = [QuantLoss=0.08285][QuantReg:0.41162]
[Twitter] Starting epoch 70...
[Twitter] Elapsed training time:4.40s
[Twitter] Starting validation...
[Twitter] Elapsed validation time:0.24s
[Twitter] [Epoch=070] Train Loss=[QuantLoss=0.03926]Val loss = [QuantLoss=0.07745][QuantReg:0.41161]
[Twitter] Starting epoch 71...
[Twitter] Elapsed training time:4.36s
[Twitter] Starting validation...
[Twitter] Elapsed validation time:0.25s
[Twitter] [Epoch=071] Train Loss=[QuantLoss=0.03707]Val loss = [QuantLoss=0.05744][QuantReg:0.40734]
[Twitter] Starting epoch 72...
[Twitter] Elapsed training time:4.36s
[Twitter] Starting validation...
[Twitter] Elapsed validation time:0.23s
[Twitter] [Epoch=072] Train Loss=[QuantLoss=0.03812]Val loss = [QuantLoss=0.05913][QuantReg:0.40832]
[Twitter] Starting epoch 73...
[Twitter] Elapsed training time:4.33s
[Twitter] Starting validation...
[Twitter] Elapsed validation time:0.23s
[Twitter] [Epoch=073] Train Loss=[QuantLoss=0.03992]Val loss = [QuantLoss=0.06030][QuantReg:0.40804]
[Twitter] Starting epoch 74...
[Twitter] Elapsed training time:4.58s
[Twitter] Starting validation...
[Twitter] Elapsed validation time:0.25s
[Twitter] [Epoch=074] Train Loss=[QuantLoss=0.03891]Val loss = [QuantLoss=0.07644][QuantReg:0.40834]
[Twitter] Starting epoch 75...
[Twitter] Elapsed training time:4.43s
[Twitter] Starting validation...
[Twitter] Elapsed validation time:0.24s
[Twitter] [Epoch=075] Train Loss=[QuantLoss=0.03991]Val loss = [QuantLoss=0.05485][QuantReg:0.40635]
[Twitter] Starting epoch 76...
[Twitter] Elapsed training time:4.45s
[Twitter] Starting validation...
[Twitter] Elapsed validation time:0.24s
[Twitter] [Epoch=076] Train Loss=[QuantLoss=0.03682]Val loss = [QuantLoss=0.05991][QuantReg:0.40736]
[Twitter] Starting epoch 77...
[Twitter] Elapsed training time:4.55s
[Twitter] Starting validation...
[Twitter] Elapsed validation time:0.23s
[Twitter] [Epoch=077] Train Loss=[QuantLoss=0.04285]Val loss = [QuantLoss=0.08183][QuantReg:0.40642]
[Twitter] Starting epoch 78...
[Twitter] Elapsed training time:4.38s
[Twitter] Starting validation...
[Twitter] Elapsed validation time:0.24s
[Twitter] [Epoch=078] Train Loss=[QuantLoss=0.03960]Val loss = [QuantLoss=0.07436][QuantReg:0.40474]
[Twitter] Starting epoch 79...
[Twitter] Elapsed training time:4.44s
[Twitter] Starting validation...
[Twitter] Elapsed validation time:0.25s
[Twitter] [Epoch=079] Train Loss=[QuantLoss=0.03652]Val loss = [QuantLoss=0.06514][QuantReg:0.40234]
[Twitter] Starting epoch 80...
[Twitter] Elapsed training time:4.52s
[Twitter] Starting validation...
[Twitter] Elapsed validation time:0.24s
[Twitter] [Epoch=080] Train Loss=[QuantLoss=0.03603]Val loss = [QuantLoss=0.06089][QuantReg:0.40626]
[Twitter] Starting epoch 81...
[Twitter] Elapsed training time:4.50s
[Twitter] Starting validation...
[Twitter] Elapsed validation time:0.23s
[Twitter] [Epoch=081] Train Loss=[QuantLoss=0.03464]Val loss = [QuantLoss=0.07955][QuantReg:0.40587]
[Twitter] Starting epoch 82...
[Twitter] Elapsed training time:4.36s
[Twitter] Starting validation...
[Twitter] Elapsed validation time:0.24s
[Twitter] [Epoch=082] Train Loss=[QuantLoss=0.04185]Val loss = [QuantLoss=0.08016][QuantReg:0.40609]
[Twitter] Starting epoch 83...
[Twitter] Elapsed training time:4.37s
[Twitter] Starting validation...
[Twitter] Elapsed validation time:0.23s
[Twitter] [Epoch=083] Train Loss=[QuantLoss=0.03414]Val loss = [QuantLoss=0.08305][QuantReg:0.40536]
[Twitter] Starting epoch 84...
[Twitter] Elapsed training time:4.43s
[Twitter] Starting validation...
[Twitter] Elapsed validation time:0.23s
[Twitter] [Epoch=084] Train Loss=[QuantLoss=0.03870]Val loss = [QuantLoss=0.08160][QuantReg:0.40387]
[Twitter] Starting epoch 85...
[Twitter] Elapsed training time:4.30s
[Twitter] Starting validation...
[Twitter] Elapsed validation time:0.23s
[Twitter] [Epoch=085] Train Loss=[QuantLoss=0.03541]Val loss = [QuantLoss=0.07616][QuantReg:0.40048]
[Twitter] Starting epoch 86...
[Twitter] Elapsed training time:4.33s
[Twitter] Starting validation...
[Twitter] Elapsed validation time:0.23s
[Twitter] [Epoch=086] Train Loss=[QuantLoss=0.03428]Val loss = [QuantLoss=0.05546][QuantReg:0.40333]
[Twitter] Starting epoch 87...
[Twitter] Elapsed training time:4.26s
[Twitter] Starting validation...
[Twitter] Elapsed validation time:0.24s
[Twitter] [Epoch=087] Train Loss=[QuantLoss=0.03323]Val loss = [QuantLoss=0.07300][QuantReg:0.40208]
[Twitter] Starting epoch 88...
[Twitter] Elapsed training time:4.35s
[Twitter] Starting validation...
[Twitter] Elapsed validation time:0.21s
[Twitter] [Epoch=088] Train Loss=[QuantLoss=0.03478]Val loss = [QuantLoss=0.07960][QuantReg:0.39951]
[Twitter] Starting epoch 89...
[Twitter] Elapsed training time:4.42s
[Twitter] Starting validation...
[Twitter] Elapsed validation time:0.21s
[Twitter] [Epoch=089] Train Loss=[QuantLoss=0.03496]Val loss = [QuantLoss=0.08150][QuantReg:0.40360]
[Twitter] Starting epoch 90...
[Twitter] Elapsed training time:4.50s
[Twitter] Starting validation...
[Twitter] Elapsed validation time:0.22s
[Twitter] [Epoch=090] Train Loss=[QuantLoss=0.03322]Val loss = [QuantLoss=0.07532][QuantReg:0.40466]
[Twitter] Starting epoch 91...
[Twitter] Elapsed training time:4.77s
[Twitter] Starting validation...
[Twitter] Elapsed validation time:0.23s
[Twitter] [Epoch=091] Train Loss=[QuantLoss=0.03547]Val loss = [QuantLoss=0.07204][QuantReg:0.40433]
[Twitter] Starting epoch 92...
[Twitter] Elapsed training time:4.76s
[Twitter] Starting validation...
[Twitter] Elapsed validation time:0.24s
[Twitter] [Epoch=092] Train Loss=[QuantLoss=0.03245]Val loss = [QuantLoss=0.08580][QuantReg:0.40309]
[Twitter] Starting epoch 93...
[Twitter] Elapsed training time:4.91s
[Twitter] Starting validation...
[Twitter] Elapsed validation time:0.21s
[Twitter] [Epoch=093] Train Loss=[QuantLoss=0.03347]Val loss = [QuantLoss=0.07045][QuantReg:0.40546]
[Twitter] Starting epoch 94...
[Twitter] Elapsed training time:4.92s
[Twitter] Starting validation...
[Twitter] Elapsed validation time:0.20s
[Twitter] [Epoch=094] Train Loss=[QuantLoss=0.03346]Val loss = [QuantLoss=0.08081][QuantReg:0.40410]
[Twitter] Starting epoch 95...
[Twitter] Elapsed training time:4.95s
[Twitter] Starting validation...
[Twitter] Elapsed validation time:0.23s
[Twitter] [Epoch=095] Train Loss=[QuantLoss=0.03359]Val loss = [QuantLoss=0.07579][QuantReg:0.40478]
[Twitter] Starting epoch 96...
[Twitter] Elapsed training time:4.84s
[Twitter] Starting validation...
[Twitter] Elapsed validation time:0.22s
[Twitter] [Epoch=096] Train Loss=[QuantLoss=0.04122]Val loss = [QuantLoss=0.07881][QuantReg:0.40428]
[Twitter] Starting epoch 97...
[Twitter] Elapsed training time:4.48s
[Twitter] Starting validation...
[Twitter] Elapsed validation time:0.24s
[Twitter] [Epoch=097] Train Loss=[QuantLoss=0.03716]Val loss = [QuantLoss=0.07358][QuantReg:0.40371]
[Twitter] Starting epoch 98...
[Twitter] Elapsed training time:4.45s
[Twitter] Starting validation...
[Twitter] Elapsed validation time:0.26s
[Twitter] [Epoch=098] Train Loss=[QuantLoss=0.03365]Val loss = [QuantLoss=0.06698][QuantReg:0.40198]
[Twitter] Starting epoch 99...
[Twitter] Elapsed training time:4.25s
[Twitter] Starting validation...
[Twitter] Elapsed validation time:0.24s
[Twitter] [Epoch=099] Train Loss=[QuantLoss=0.03370]Val loss = [QuantLoss=0.06512][QuantReg:0.40303]
[Twitter] Starting epoch 100...
[Twitter] Elapsed training time:4.25s
[Twitter] Starting validation...
[Twitter] Elapsed validation time:0.25s
[Twitter] [Epoch=100] Train Loss=[QuantLoss=0.03220]Val loss = [QuantLoss=0.07693][QuantReg:0.40336]
[Twitter] Starting epoch 101...
[Twitter] Elapsed training time:4.25s
[Twitter] Starting validation...
[Twitter] Elapsed validation time:0.23s
[Twitter] [Epoch=101] Train Loss=[QuantLoss=0.03064]Val loss = [QuantLoss=0.06636][QuantReg:0.40352]
[Twitter] Starting epoch 102...
[Twitter] Elapsed training time:4.23s
[Twitter] Starting validation...
[Twitter] Elapsed validation time:0.24s
[Twitter] [Epoch=102] Train Loss=[QuantLoss=0.03133]Val loss = [QuantLoss=0.06890][QuantReg:0.40139]
[Twitter] Starting epoch 103...
[Twitter] Elapsed training time:4.26s
[Twitter] Starting validation...
[Twitter] Elapsed validation time:0.23s
[Twitter] [Epoch=103] Train Loss=[QuantLoss=0.03174]Val loss = [QuantLoss=0.06401][QuantReg:0.40274]
[Twitter] Starting epoch 104...
[Twitter] Elapsed training time:4.30s
[Twitter] Starting validation...
[Twitter] Elapsed validation time:0.23s
[Twitter] [Epoch=104] Train Loss=[QuantLoss=0.03118]Val loss = [QuantLoss=0.06807][QuantReg:0.40378]
[Twitter] Starting epoch 105...
[Twitter] Elapsed training time:4.21s
[Twitter] Starting validation...
[Twitter] Elapsed validation time:0.23s
[Twitter] [Epoch=105] Train Loss=[QuantLoss=0.03295]Val loss = [QuantLoss=0.07593][QuantReg:0.40371]
[Twitter] Starting epoch 106...
[Twitter] Elapsed training time:4.32s
[Twitter] Starting validation...
[Twitter] Elapsed validation time:0.34s
[Twitter] [Epoch=106] Train Loss=[QuantLoss=0.03217]Val loss = [QuantLoss=0.06404][QuantReg:0.40207]
[Twitter] Starting epoch 107...
[Twitter] Elapsed training time:4.28s
[Twitter] Starting validation...
[Twitter] Elapsed validation time:0.35s
[Twitter] [Epoch=107] Train Loss=[QuantLoss=0.03188]Val loss = [QuantLoss=0.07754][QuantReg:0.40293]
[Twitter] Starting epoch 108...
[Twitter] Elapsed training time:4.30s
[Twitter] Starting validation...
[Twitter] Elapsed validation time:0.35s
[Twitter] [Epoch=108] Train Loss=[QuantLoss=0.03143]Val loss = [QuantLoss=0.05903][QuantReg:0.40422]
[Twitter] Starting epoch 109...
[Twitter] Elapsed training time:4.33s
[Twitter] Starting validation...
[Twitter] Elapsed validation time:0.35s
[Twitter] [Epoch=109] Train Loss=[QuantLoss=0.03241]Val loss = [QuantLoss=0.06021][QuantReg:0.40378]
[Twitter] Starting epoch 110...
[Twitter] Elapsed training time:4.39s
[Twitter] Starting validation...
[Twitter] Elapsed validation time:0.36s
[Twitter] [Epoch=110] Train Loss=[QuantLoss=0.03119]Val loss = [QuantLoss=0.06236][QuantReg:0.40119]
[Twitter] Starting epoch 111...
[Twitter] Elapsed training time:4.51s
[Twitter] Starting validation...
[Twitter] Elapsed validation time:0.37s
[Twitter] [Epoch=111] Train Loss=[QuantLoss=0.03154]Val loss = [QuantLoss=0.06170][QuantReg:0.40127]
[Twitter] Starting epoch 112...
[Twitter] Elapsed training time:4.53s
[Twitter] Starting validation...
[Twitter] Elapsed validation time:0.34s
[Twitter] [Epoch=112] Train Loss=[QuantLoss=0.03259]Val loss = [QuantLoss=0.06721][QuantReg:0.40034]
[Twitter] Starting epoch 113...
[Twitter] Elapsed training time:4.47s
[Twitter] Starting validation...
[Twitter] Elapsed validation time:0.35s
[Twitter] [Epoch=113] Train Loss=[QuantLoss=0.03140]Val loss = [QuantLoss=0.05435][QuantReg:0.40146]
[Twitter] Starting epoch 114...
[Twitter] Elapsed training time:4.48s
[Twitter] Starting validation...
[Twitter] Elapsed validation time:0.36s
[Twitter] [Epoch=114] Train Loss=[QuantLoss=0.03449]Val loss = [QuantLoss=0.06264][QuantReg:0.40230]
[Twitter] Starting epoch 115...
[Twitter] Elapsed training time:4.55s
[Twitter] Starting validation...
[Twitter] Elapsed validation time:0.35s
[Twitter] [Epoch=115] Train Loss=[QuantLoss=0.03506]Val loss = [QuantLoss=0.06888][QuantReg:0.40088]
[Twitter] Starting epoch 116...
[Twitter] Elapsed training time:4.34s
[Twitter] Starting validation...
[Twitter] Elapsed validation time:0.35s
[Twitter] [Epoch=116] Train Loss=[QuantLoss=0.03316]Val loss = [QuantLoss=0.06585][QuantReg:0.40262]
[Twitter] Starting epoch 117...
[Twitter] Elapsed training time:4.54s
[Twitter] Starting validation...
[Twitter] Elapsed validation time:0.37s
[Twitter] [Epoch=117] Train Loss=[QuantLoss=0.03240]Val loss = [QuantLoss=0.06271][QuantReg:0.40146]
[Twitter] Starting epoch 118...
[Twitter] Elapsed training time:4.44s
[Twitter] Starting validation...
[Twitter] Elapsed validation time:0.36s
[Twitter] [Epoch=118] Train Loss=[QuantLoss=0.02993]Val loss = [QuantLoss=0.06777][QuantReg:0.40345]
[Twitter] Starting epoch 119...
[Twitter] Elapsed training time:4.36s
[Twitter] Starting validation...
[Twitter] Elapsed validation time:0.37s
[Twitter] [Epoch=119] Train Loss=[QuantLoss=0.03037]Val loss = [QuantLoss=0.06016][QuantReg:0.40293]
[Twitter] Starting epoch 120...
[Twitter] Elapsed training time:4.51s
[Twitter] Starting validation...
[Twitter] Elapsed validation time:0.34s
[Twitter] [Epoch=120] Train Loss=[QuantLoss=0.02992]Val loss = [QuantLoss=0.05974][QuantReg:0.40286]
[Twitter] Starting epoch 121...
[Twitter] Elapsed training time:3.88s
[Twitter] Starting validation...
[Twitter] Elapsed validation time:0.29s
[Twitter] [Epoch=121] Train Loss=[QuantLoss=0.03067]Val loss = [QuantLoss=0.06869][QuantReg:0.40135]
[Twitter] Starting epoch 122...
[Twitter] Elapsed training time:3.78s
[Twitter] Starting validation...
[Twitter] Elapsed validation time:0.38s
[Twitter] [Epoch=122] Train Loss=[QuantLoss=0.03168]Val loss = [QuantLoss=0.06830][QuantReg:0.40035]
[Twitter] Starting epoch 123...
[Twitter] Elapsed training time:4.38s
[Twitter] Starting validation...
[Twitter] Elapsed validation time:0.35s
[Twitter] [Epoch=123] Train Loss=[QuantLoss=0.03332]Val loss = [QuantLoss=0.06466][QuantReg:0.40116]
[Twitter] Starting epoch 124...
[Twitter] Elapsed training time:4.34s
[Twitter] Starting validation...
[Twitter] Elapsed validation time:0.35s
[Twitter] [Epoch=124] Train Loss=[QuantLoss=0.03057]Val loss = [QuantLoss=0.05886][QuantReg:0.40046]
[Twitter] Starting epoch 125...
[Twitter] Elapsed training time:4.43s
[Twitter] Starting validation...
[Twitter] Elapsed validation time:0.35s
[Twitter] [Epoch=125] Train Loss=[QuantLoss=0.03165]Val loss = [QuantLoss=0.05978][QuantReg:0.40132]
[Twitter] Starting epoch 126...
[Twitter] Elapsed training time:4.35s
[Twitter] Starting validation...
[Twitter] Elapsed validation time:0.35s
[Twitter] [Epoch=126] Train Loss=[QuantLoss=0.03114]Val loss = [QuantLoss=0.06287][QuantReg:0.40072]
[Twitter] Starting epoch 127...
[Twitter] Elapsed training time:4.40s
[Twitter] Starting validation...
[Twitter] Elapsed validation time:0.35s
[Twitter] [Epoch=127] Train Loss=[QuantLoss=0.03285]Val loss = [QuantLoss=0.06999][QuantReg:0.40177]
[Twitter] Starting epoch 128...
[Twitter] Elapsed training time:4.44s
[Twitter] Starting validation...
[Twitter] Elapsed validation time:0.39s
[Twitter] [Epoch=128] Train Loss=[QuantLoss=0.02931]Val loss = [QuantLoss=0.06183][QuantReg:0.40080]
[Twitter] Starting epoch 129...
[Twitter] Elapsed training time:4.44s
[Twitter] Starting validation...
[Twitter] Elapsed validation time:0.36s
[Twitter] [Epoch=129] Train Loss=[QuantLoss=0.03107]Val loss = [QuantLoss=0.06320][QuantReg:0.40157]
[Twitter] Starting epoch 130...
[Twitter] Elapsed training time:4.50s
[Twitter] Starting validation...
[Twitter] Elapsed validation time:0.36s
[Twitter] [Epoch=130] Train Loss=[QuantLoss=0.02993]Val loss = [QuantLoss=0.06165][QuantReg:0.40071]
[Twitter] Starting epoch 131...
[Twitter] Elapsed training time:4.67s
[Twitter] Starting validation...
[Twitter] Elapsed validation time:0.33s
[Twitter] [Epoch=131] Train Loss=[QuantLoss=0.03279]Val loss = [QuantLoss=0.06767][QuantReg:0.40024]
[Twitter] Starting epoch 132...
[Twitter] Elapsed training time:4.96s
[Twitter] Starting validation...
[Twitter] Elapsed validation time:0.34s
[Twitter] [Epoch=132] Train Loss=[QuantLoss=0.02987]Val loss = [QuantLoss=0.05218][QuantReg:0.40130]
[Twitter] Starting epoch 133...
[Twitter] Elapsed training time:4.87s
[Twitter] Starting validation...
[Twitter] Elapsed validation time:0.34s
[Twitter] [Epoch=133] Train Loss=[QuantLoss=0.03332]Val loss = [QuantLoss=0.06638][QuantReg:0.40185]
[Twitter] Starting epoch 134...
[Twitter] Elapsed training time:5.00s
[Twitter] Starting validation...
[Twitter] Elapsed validation time:0.32s
[Twitter] [Epoch=134] Train Loss=[QuantLoss=0.03009]Val loss = [QuantLoss=0.04711][QuantReg:0.40250]
[Twitter] Starting epoch 135...
[Twitter] Elapsed training time:4.79s
[Twitter] Starting validation...
[Twitter] Elapsed validation time:0.31s
[Twitter] [Epoch=135] Train Loss=[QuantLoss=0.02891]Val loss = [QuantLoss=0.05316][QuantReg:0.40168]
[Twitter] Starting epoch 136...
[Twitter] Elapsed training time:4.60s
[Twitter] Starting validation...
[Twitter] Elapsed validation time:0.31s
[Twitter] [Epoch=136] Train Loss=[QuantLoss=0.03009]Val loss = [QuantLoss=0.04765][QuantReg:0.40116]
[Twitter] Starting epoch 137...
[Twitter] Elapsed training time:4.74s
[Twitter] Starting validation...
[Twitter] Elapsed validation time:0.32s
[Twitter] [Epoch=137] Train Loss=[QuantLoss=0.03311]Val loss = [QuantLoss=0.06405][QuantReg:0.40123]
[Twitter] Starting epoch 138...
[Twitter] Elapsed training time:4.41s
[Twitter] Starting validation...
[Twitter] Elapsed validation time:0.35s
[Twitter] [Epoch=138] Train Loss=[QuantLoss=0.03251]Val loss = [QuantLoss=0.04993][QuantReg:0.40320]
[Twitter] Starting epoch 139...
[Twitter] Elapsed training time:4.40s
[Twitter] Starting validation...
[Twitter] Elapsed validation time:0.25s
[Twitter] [Epoch=139] Train Loss=[QuantLoss=0.03133]Val loss = [QuantLoss=0.05078][QuantReg:0.40258]
[Twitter] Starting epoch 140...
[Twitter] Elapsed training time:4.32s
[Twitter] Starting validation...
[Twitter] Elapsed validation time:0.24s
[Twitter] [Epoch=140] Train Loss=[QuantLoss=0.03065]Val loss = [QuantLoss=0.05934][QuantReg:0.40097]
[Twitter] Early stopping in epoch 140!
[Twitter] Restoring best model...
MAE médio por bag: 0.0561 ± 0.0281
Salvo em resultados_sanders/resultados_twitter_bert_l1_easiest_1.csv
=== Execução 2 ===
Dataset: /home/nildaimon/gmnet/experiments/train_curl/Datasets/Sanders/twitter-sanders-apple3.csv
Dificuldade: metric=None, mode=None, top_k=None
Rodada: 2
Salvar resultados em: resultados_sanders
Dispositivo de treino: cpu
Carregando e processando dataset Twitter
Carregando embeddings do cache...
/home/nildaimon/gmnet/experiments/train_curl/train_sanders.py:89: FutureWarning: You are using `torch.load` with `weights_only=False` (the current default value), which uses the default pickle module implicitly. It is possible to construct malicious pickle data which will execute arbitrary code during unpickling (See https://github.com/pytorch/pytorch/blob/main/SECURITY.md#untrusted-models for more details). In a future release, the default value for `weights_only` will be flipped to `True`. This limits the functions that could be executed during unpickling. Arbitrary objects will no longer be allowed to be loaded via this mode unless they are explicitly allowlisted by the user via `torch.serialization.add_safe_globals`. We recommend you start setting `weights_only=True` for any use case where you don't have full control of the loaded file. Please open an issue on GitHub for any issues related to this experimental feature.
  embeddings = torch.load(EMBEDDING_CACHE)
/home/nildaimon/gmnet/experiments/train_curl/train_sanders.py:90: FutureWarning: You are using `torch.load` with `weights_only=False` (the current default value), which uses the default pickle module implicitly. It is possible to construct malicious pickle data which will execute arbitrary code during unpickling (See https://github.com/pytorch/pytorch/blob/main/SECURITY.md#untrusted-models for more details). In a future release, the default value for `weights_only` will be flipped to `True`. This limits the functions that could be executed during unpickling. Arbitrary objects will no longer be allowed to be loaded via this mode unless they are explicitly allowlisted by the user via `torch.serialization.add_safe_globals`. We recommend you start setting `weights_only=True` for any use case where you don't have full control of the loaded file. Please open an issue on GitHub for any issues related to this experimental feature.
  labels = torch.load(LABELS_CACHE)
Ignoring val_split as train and val datasets where given to fit function
We have two datasets: training 1092 examples. validation 100 examples.]
Using device cpu
/home/nildaimon/anaconda3/envs/gmnet/lib/python3.12/site-packages/torch/optim/lr_scheduler.py:62: UserWarning: The verbose parameter is deprecated. Please use get_last_lr() to access the learning rate.
  warnings.warn(
/home/nildaimon/gmnet/dlquantification/main.py:835: FutureWarning: `torch.cuda.amp.GradScaler(args...)` is deprecated. Please use `torch.amp.GradScaler('cuda', args...)` instead.
  scaler = torch.cuda.amp.GradScaler(enabled=self.use_fp16)
[Twitter] Starting epoch 0...
/home/nildaimon/gmnet/dlquantification/main.py:888: FutureWarning: `torch.cuda.amp.autocast(args...)` is deprecated. Please use `torch.amp.autocast('cuda', args...)` instead.
  with torch.cuda.amp.autocast(enabled=self.use_fp16):
[Twitter] Elapsed training time:4.59s
[Twitter] Starting validation...
[Twitter] Elapsed validation time:0.20s
[Twitter] [Epoch=000] Train Loss=[QuantLoss=0.05486]Val loss = [QuantLoss=0.02195][QuantReg:0.41260][saved best model in this epoch]
[Twitter] Starting epoch 1...
[Twitter] Elapsed training time:4.42s
[Twitter] Starting validation...
[Twitter] Elapsed validation time:0.21s
[Twitter] [Epoch=001] Train Loss=[QuantLoss=0.03537]Val loss = [QuantLoss=0.00542][QuantReg:0.42989][saved best model in this epoch]
[Twitter] Starting epoch 2...
[Twitter] Elapsed training time:4.52s
[Twitter] Starting validation...
[Twitter] Elapsed validation time:0.20s
[Twitter] [Epoch=002] Train Loss=[QuantLoss=0.03003]Val loss = [QuantLoss=0.03163][QuantReg:0.38961]
[Twitter] Starting epoch 3...
[Twitter] Elapsed training time:4.46s
[Twitter] Starting validation...
[Twitter] Elapsed validation time:0.22s
[Twitter] [Epoch=003] Train Loss=[QuantLoss=0.03077]Val loss = [QuantLoss=0.04356][QuantReg:0.39902]
[Twitter] Starting epoch 4...
[Twitter] Elapsed training time:4.54s
[Twitter] Starting validation...
[Twitter] Elapsed validation time:0.20s
[Twitter] [Epoch=004] Train Loss=[QuantLoss=0.02731]Val loss = [QuantLoss=0.02231][QuantReg:0.41106]
[Twitter] Starting epoch 5...
[Twitter] Elapsed training time:4.47s
[Twitter] Starting validation...
[Twitter] Elapsed validation time:0.20s
[Twitter] [Epoch=005] Train Loss=[QuantLoss=0.02621]Val loss = [QuantLoss=0.03236][QuantReg:0.41466]
[Twitter] Starting epoch 6...
[Twitter] Elapsed training time:4.63s
[Twitter] Starting validation...
[Twitter] Elapsed validation time:0.21s
[Twitter] [Epoch=006] Train Loss=[QuantLoss=0.02611]Val loss = [QuantLoss=0.00841][QuantReg:0.42305]
[Twitter] Starting epoch 7...
[Twitter] Elapsed training time:4.50s
[Twitter] Starting validation...
[Twitter] Elapsed validation time:0.20s
[Twitter] [Epoch=007] Train Loss=[QuantLoss=0.02683]Val loss = [QuantLoss=0.02348][QuantReg:0.45210]
[Twitter] Starting epoch 8...
[Twitter] Elapsed training time:4.54s
[Twitter] Starting validation...
[Twitter] Elapsed validation time:0.22s
[Twitter] [Epoch=008] Train Loss=[QuantLoss=0.02504]Val loss = [QuantLoss=0.01782][QuantReg:0.44539]
[Twitter] Starting epoch 9...
[Twitter] Elapsed training time:4.98s
[Twitter] Starting validation...
[Twitter] Elapsed validation time:0.25s
[Twitter] [Epoch=009] Train Loss=[QuantLoss=0.02433]Val loss = [QuantLoss=0.01965][QuantReg:0.41218]
[Twitter] Starting epoch 10...
[Twitter] Elapsed training time:4.81s
[Twitter] Starting validation...
[Twitter] Elapsed validation time:0.21s
[Twitter] [Epoch=010] Train Loss=[QuantLoss=0.02382]Val loss = [QuantLoss=0.03778][QuantReg:0.41458]
[Twitter] Starting epoch 11...
[Twitter] Elapsed training time:4.79s
[Twitter] Starting validation...
[Twitter] Elapsed validation time:0.23s
[Twitter] [Epoch=011] Train Loss=[QuantLoss=0.02146]Val loss = [QuantLoss=0.00994][QuantReg:0.44092]
[Twitter] Starting epoch 12...
[Twitter] Elapsed training time:4.80s
[Twitter] Starting validation...
[Twitter] Elapsed validation time:0.21s
[Twitter] [Epoch=012] Train Loss=[QuantLoss=0.02219]Val loss = [QuantLoss=0.01258][QuantReg:0.44865]
[Twitter] Starting epoch 13...
[Twitter] Elapsed training time:4.43s
[Twitter] Starting validation...
[Twitter] Elapsed validation time:0.23s
[Twitter] [Epoch=013] Train Loss=[QuantLoss=0.02243]Val loss = [QuantLoss=0.01966][QuantReg:0.42720]
[Twitter] Starting epoch 14...
[Twitter] Elapsed training time:4.35s
[Twitter] Starting validation...
[Twitter] Elapsed validation time:0.23s
[Twitter] [Epoch=014] Train Loss=[QuantLoss=0.02090]Val loss = [QuantLoss=0.04343][QuantReg:0.41998]
[Twitter] Starting epoch 15...
[Twitter] Elapsed training time:4.24s
[Twitter] Starting validation...
[Twitter] Elapsed validation time:0.24s
[Twitter] [Epoch=015] Train Loss=[QuantLoss=0.02011]Val loss = [QuantLoss=0.05092][QuantReg:0.40589]
[Twitter] Starting epoch 16...
[Twitter] Elapsed training time:4.23s
[Twitter] Starting validation...
[Twitter] Elapsed validation time:0.24s
[Twitter] [Epoch=016] Train Loss=[QuantLoss=0.02084]Val loss = [QuantLoss=0.01939][QuantReg:0.41194]
[Twitter] Starting epoch 17...
[Twitter] Elapsed training time:4.19s
[Twitter] Starting validation...
[Twitter] Elapsed validation time:0.27s
[Twitter] [Epoch=017] Train Loss=[QuantLoss=0.02273]Val loss = [QuantLoss=0.07633][QuantReg:0.40726]
[Twitter] Starting epoch 18...
[Twitter] Elapsed training time:4.22s
[Twitter] Starting validation...
[Twitter] Elapsed validation time:0.23s
[Twitter] [Epoch=018] Train Loss=[QuantLoss=0.02074]Val loss = [QuantLoss=0.02408][QuantReg:0.38734]
[Twitter] Starting epoch 19...
[Twitter] Elapsed training time:4.28s
[Twitter] Starting validation...
[Twitter] Elapsed validation time:0.24s
[Twitter] [Epoch=019] Train Loss=[QuantLoss=0.02229]Val loss = [QuantLoss=0.05854][QuantReg:0.39188]
[Twitter] Starting epoch 20...
[Twitter] Elapsed training time:4.24s
[Twitter] Starting validation...
[Twitter] Elapsed validation time:0.23s
[Twitter] [Epoch=020] Train Loss=[QuantLoss=0.02262]Val loss = [QuantLoss=0.01008][QuantReg:0.38817]
[Twitter] Starting epoch 21...
[Twitter] Elapsed training time:4.26s
[Twitter] Starting validation...
[Twitter] Elapsed validation time:0.25s
[Twitter] [Epoch=021] Train Loss=[QuantLoss=0.01929]Val loss = [QuantLoss=0.03700][QuantReg:0.37934]
[Twitter] Starting epoch 22...
[Twitter] Elapsed training time:4.29s
[Twitter] Starting validation...
[Twitter] Elapsed validation time:0.24s
[Twitter] [Epoch=022] Train Loss=[QuantLoss=0.02019]Val loss = [QuantLoss=0.07202][QuantReg:0.38396]
[Twitter] Starting epoch 23...
[Twitter] Elapsed training time:4.25s
[Twitter] Starting validation...
[Twitter] Elapsed validation time:0.25s
[Twitter] [Epoch=023] Train Loss=[QuantLoss=0.02111]Val loss = [QuantLoss=0.03318][QuantReg:0.38791]
[Twitter] Starting epoch 24...
[Twitter] Elapsed training time:4.16s
[Twitter] Starting validation...
[Twitter] Elapsed validation time:0.23s
[Twitter] [Epoch=024] Train Loss=[QuantLoss=0.01731]Val loss = [QuantLoss=0.04152][QuantReg:0.39106]
[Twitter] Starting epoch 25...
[Twitter] Elapsed training time:4.20s
[Twitter] Starting validation...
[Twitter] Elapsed validation time:0.35s
[Twitter] [Epoch=025] Train Loss=[QuantLoss=0.01727]Val loss = [QuantLoss=0.02345][QuantReg:0.38538]
[Twitter] Starting epoch 26...
[Twitter] Elapsed training time:4.37s
[Twitter] Starting validation...
[Twitter] Elapsed validation time:0.23s
[Twitter] [Epoch=026] Train Loss=[QuantLoss=0.01707]Val loss = [QuantLoss=0.01789][QuantReg:0.38122]
[Twitter] Starting epoch 27...
[Twitter] Elapsed training time:4.37s
[Twitter] Starting validation...
[Twitter] Elapsed validation time:0.35s
[Twitter] [Epoch=027] Train Loss=[QuantLoss=0.01754]Val loss = [QuantLoss=0.01511][QuantReg:0.38291]
[Twitter] Starting epoch 28...
[Twitter] Elapsed training time:4.36s
[Twitter] Starting validation...
[Twitter] Elapsed validation time:0.22s
[Twitter] [Epoch=028] Train Loss=[QuantLoss=0.01669]Val loss = [QuantLoss=0.00914][QuantReg:0.38473]
[Twitter] Starting epoch 29...
[Twitter] Elapsed training time:4.25s
[Twitter] Starting validation...
[Twitter] Elapsed validation time:0.34s
[Twitter] [Epoch=029] Train Loss=[QuantLoss=0.01649]Val loss = [QuantLoss=0.01033][QuantReg:0.38435]
[Twitter] Starting epoch 30...
[Twitter] Elapsed training time:4.33s
[Twitter] Starting validation...
[Twitter] Elapsed validation time:0.35s
[Twitter] [Epoch=030] Train Loss=[QuantLoss=0.01729]Val loss = [QuantLoss=0.01138][QuantReg:0.37713]
[Twitter] Starting epoch 31...
[Twitter] Elapsed training time:4.25s
[Twitter] Starting validation...
[Twitter] Elapsed validation time:0.35s
[Twitter] [Epoch=031] Train Loss=[QuantLoss=0.01664]Val loss = [QuantLoss=0.02446][QuantReg:0.37849]
[Twitter] Starting epoch 32...
[Twitter] Elapsed training time:4.17s
[Twitter] Starting validation...
[Twitter] Elapsed validation time:0.36s
[Twitter] [Epoch=032] Train Loss=[QuantLoss=0.01787]Val loss = [QuantLoss=0.01637][QuantReg:0.37882]
[Twitter] Starting epoch 33...
[Twitter] Elapsed training time:4.19s
[Twitter] Starting validation...
[Twitter] Elapsed validation time:0.35s
[Twitter] [Epoch=033] Train Loss=[QuantLoss=0.01473]Val loss = [QuantLoss=0.00541][QuantReg:0.38015][saved best model in this epoch]
[Twitter] Starting epoch 34...
[Twitter] Elapsed training time:4.22s
[Twitter] Starting validation...
[Twitter] Elapsed validation time:0.33s
[Twitter] [Epoch=034] Train Loss=[QuantLoss=0.01655]Val loss = [QuantLoss=0.01113][QuantReg:0.38453]
[Twitter] Starting epoch 35...
[Twitter] Elapsed training time:4.30s
[Twitter] Starting validation...
[Twitter] Elapsed validation time:0.37s
[Twitter] [Epoch=035] Train Loss=[QuantLoss=0.01673]Val loss = [QuantLoss=0.03215][QuantReg:0.38504]
[Twitter] Starting epoch 36...
[Twitter] Elapsed training time:4.20s
[Twitter] Starting validation...
[Twitter] Elapsed validation time:0.35s
[Twitter] [Epoch=036] Train Loss=[QuantLoss=0.01618]Val loss = [QuantLoss=0.02174][QuantReg:0.39378]
[Twitter] Starting epoch 37...
[Twitter] Elapsed training time:4.36s
[Twitter] Starting validation...
[Twitter] Elapsed validation time:0.34s
[Twitter] [Epoch=037] Train Loss=[QuantLoss=0.01634]Val loss = [QuantLoss=0.03677][QuantReg:0.38608]
[Twitter] Starting epoch 38...
[Twitter] Elapsed training time:4.23s
[Twitter] Starting validation...
[Twitter] Elapsed validation time:0.35s
[Twitter] [Epoch=038] Train Loss=[QuantLoss=0.01563]Val loss = [QuantLoss=0.01038][QuantReg:0.38343]
[Twitter] Starting epoch 39...
[Twitter] Elapsed training time:4.35s
[Twitter] Starting validation...
[Twitter] Elapsed validation time:0.37s
[Twitter] [Epoch=039] Train Loss=[QuantLoss=0.01495]Val loss = [QuantLoss=0.01976][QuantReg:0.38406]
[Twitter] Starting epoch 40...
[Twitter] Elapsed training time:4.40s
[Twitter] Starting validation...
[Twitter] Elapsed validation time:0.36s
[Twitter] [Epoch=040] Train Loss=[QuantLoss=0.01602]Val loss = [QuantLoss=0.02416][QuantReg:0.39820]
[Twitter] Starting epoch 41...
[Twitter] Elapsed training time:4.45s
[Twitter] Starting validation...
[Twitter] Elapsed validation time:0.36s
[Twitter] [Epoch=041] Train Loss=[QuantLoss=0.01709]Val loss = [QuantLoss=0.02681][QuantReg:0.39665]
[Twitter] Starting epoch 42...
[Twitter] Elapsed training time:4.36s
[Twitter] Starting validation...
[Twitter] Elapsed validation time:0.37s
[Twitter] [Epoch=042] Train Loss=[QuantLoss=0.01524]Val loss = [QuantLoss=0.01770][QuantReg:0.39037]
[Twitter] Starting epoch 43...
[Twitter] Elapsed training time:4.41s
[Twitter] Starting validation...
[Twitter] Elapsed validation time:0.36s
[Twitter] [Epoch=043] Train Loss=[QuantLoss=0.01441]Val loss = [QuantLoss=0.01441][QuantReg:0.39105]
[Twitter] Starting epoch 44...
[Twitter] Elapsed training time:4.23s
[Twitter] Starting validation...
[Twitter] Elapsed validation time:0.37s
[Twitter] [Epoch=044] Train Loss=[QuantLoss=0.01741]Val loss = [QuantLoss=0.01659][QuantReg:0.39881]
[Twitter] Starting epoch 45...
[Twitter] Elapsed training time:4.45s
[Twitter] Starting validation...
[Twitter] Elapsed validation time:0.35s
[Twitter] [Epoch=045] Train Loss=[QuantLoss=0.01560]Val loss = [QuantLoss=0.02204][QuantReg:0.39049]
[Twitter] Starting epoch 46...
[Twitter] Elapsed training time:4.40s
[Twitter] Starting validation...
[Twitter] Elapsed validation time:0.34s
[Twitter] [Epoch=046] Train Loss=[QuantLoss=0.01555]Val loss = [QuantLoss=0.01883][QuantReg:0.38899]
[Twitter] Starting epoch 47...
[Twitter] Elapsed training time:4.32s
[Twitter] Starting validation...
[Twitter] Elapsed validation time:0.35s
[Twitter] [Epoch=047] Train Loss=[QuantLoss=0.01646]Val loss = [QuantLoss=0.02617][QuantReg:0.38679]
[Twitter] Starting epoch 48...
[Twitter] Elapsed training time:4.34s
[Twitter] Starting validation...
[Twitter] Elapsed validation time:0.37s
[Twitter] [Epoch=048] Train Loss=[QuantLoss=0.01684]Val loss = [QuantLoss=0.01811][QuantReg:0.39413]
[Twitter] Starting epoch 49...
[Twitter] Elapsed training time:4.28s
[Twitter] Starting validation...
[Twitter] Elapsed validation time:0.38s
[Twitter] [Epoch=049] Train Loss=[QuantLoss=0.01524]Val loss = [QuantLoss=0.01402][QuantReg:0.40107]
[Twitter] Starting epoch 50...
[Twitter] Elapsed training time:4.51s
[Twitter] Starting validation...
[Twitter] Elapsed validation time:0.37s
[Twitter] [Epoch=050] Train Loss=[QuantLoss=0.01592]Val loss = [QuantLoss=0.02243][QuantReg:0.39599]
[Twitter] Starting epoch 51...
[Twitter] Elapsed training time:4.35s
[Twitter] Starting validation...
[Twitter] Elapsed validation time:0.35s
[Twitter] [Epoch=051] Train Loss=[QuantLoss=0.01499]Val loss = [QuantLoss=0.02228][QuantReg:0.39896]
[Twitter] Starting epoch 52...
[Twitter] Elapsed training time:4.43s
[Twitter] Starting validation...
[Twitter] Elapsed validation time:0.36s
[Twitter] [Epoch=052] Train Loss=[QuantLoss=0.01540]Val loss = [QuantLoss=0.02992][QuantReg:0.39699]
[Twitter] Starting epoch 53...
[Twitter] Elapsed training time:4.34s
[Twitter] Starting validation...
[Twitter] Elapsed validation time:0.40s
[Twitter] [Epoch=053] Train Loss=[QuantLoss=0.01614]Val loss = [QuantLoss=0.02702][QuantReg:0.39025]
[Twitter] Starting epoch 54...
[Twitter] Elapsed training time:4.41s
[Twitter] Starting validation...
[Twitter] Elapsed validation time:0.38s
[Twitter] [Epoch=054] Train Loss=[QuantLoss=0.01762]Val loss = [QuantLoss=0.01445][QuantReg:0.39323]
[Twitter] Starting epoch 55...
[Twitter] Elapsed training time:4.46s
[Twitter] Starting validation...
[Twitter] Elapsed validation time:0.36s
[Twitter] [Epoch=055] Train Loss=[QuantLoss=0.01485]Val loss = [QuantLoss=0.01760][QuantReg:0.39456]
[Twitter] Starting epoch 56...
[Twitter] Elapsed training time:4.49s
[Twitter] Starting validation...
[Twitter] Elapsed validation time:0.35s
[Twitter] [Epoch=056] Train Loss=[QuantLoss=0.01370]Val loss = [QuantLoss=0.01679][QuantReg:0.39210]
[Twitter] Starting epoch 57...
[Twitter] Elapsed training time:4.44s
[Twitter] Starting validation...
[Twitter] Elapsed validation time:0.36s
[Twitter] [Epoch=057] Train Loss=[QuantLoss=0.01503]Val loss = [QuantLoss=0.01457][QuantReg:0.39360]
[Twitter] Starting epoch 58...
[Twitter] Elapsed training time:4.50s
[Twitter] Starting validation...
[Twitter] Elapsed validation time:0.40s
[Twitter] [Epoch=058] Train Loss=[QuantLoss=0.01474]Val loss = [QuantLoss=0.02073][QuantReg:0.39526]
[Twitter] Starting epoch 59...
[Twitter] Elapsed training time:4.35s
[Twitter] Starting validation...
[Twitter] Elapsed validation time:0.34s
[Twitter] [Epoch=059] Train Loss=[QuantLoss=0.01373]Val loss = [QuantLoss=0.02046][QuantReg:0.39000]
[Twitter] Starting epoch 60...
[Twitter] Elapsed training time:4.61s
[Twitter] Starting validation...
[Twitter] Elapsed validation time:0.26s
[Twitter] [Epoch=060] Train Loss=[QuantLoss=0.01468]Val loss = [QuantLoss=0.01912][QuantReg:0.39281]
[Twitter] Starting epoch 61...
[Twitter] Elapsed training time:4.51s
[Twitter] Starting validation...
[Twitter] Elapsed validation time:0.23s
[Twitter] [Epoch=061] Train Loss=[QuantLoss=0.01475]Val loss = [QuantLoss=0.02422][QuantReg:0.39459]
[Twitter] Starting epoch 62...
[Twitter] Elapsed training time:4.36s
[Twitter] Starting validation...
[Twitter] Elapsed validation time:0.23s
[Twitter] [Epoch=062] Train Loss=[QuantLoss=0.01494]Val loss = [QuantLoss=0.02689][QuantReg:0.39356]
[Twitter] Starting epoch 63...
[Twitter] Elapsed training time:4.24s
[Twitter] Starting validation...
[Twitter] Elapsed validation time:0.24s
[Twitter] [Epoch=063] Train Loss=[QuantLoss=0.01415]Val loss = [QuantLoss=0.03318][QuantReg:0.39598]
[Twitter] Starting epoch 64...
[Twitter] Elapsed training time:4.28s
[Twitter] Starting validation...
[Twitter] Elapsed validation time:0.23s
[Twitter] [Epoch=064] Train Loss=[QuantLoss=0.01293]Val loss = [QuantLoss=0.02331][QuantReg:0.39468]
[Twitter] Starting epoch 65...
[Twitter] Elapsed training time:4.31s
[Twitter] Starting validation...
[Twitter] Elapsed validation time:0.25s
[Twitter] [Epoch=065] Train Loss=[QuantLoss=0.01462]Val loss = [QuantLoss=0.02731][QuantReg:0.39316]
[Twitter] Starting epoch 66...
[Twitter] Elapsed training time:4.24s
[Twitter] Starting validation...
[Twitter] Elapsed validation time:0.27s
[Twitter] [Epoch=066] Train Loss=[QuantLoss=0.01462]Val loss = [QuantLoss=0.02496][QuantReg:0.39825]
[Twitter] Starting epoch 67...
[Twitter] Elapsed training time:4.29s
[Twitter] Starting validation...
[Twitter] Elapsed validation time:0.22s
[Twitter] [Epoch=067] Train Loss=[QuantLoss=0.01424]Val loss = [QuantLoss=0.01792][QuantReg:0.39797]
[Twitter] Starting epoch 68...
[Twitter] Elapsed training time:4.25s
[Twitter] Starting validation...
[Twitter] Elapsed validation time:0.22s
[Twitter] [Epoch=068] Train Loss=[QuantLoss=0.01327]Val loss = [QuantLoss=0.02213][QuantReg:0.39619]
[Twitter] Starting epoch 69...
[Twitter] Elapsed training time:4.40s
[Twitter] Starting validation...
[Twitter] Elapsed validation time:0.25s
[Twitter] [Epoch=069] Train Loss=[QuantLoss=0.01391]Val loss = [QuantLoss=0.01721][QuantReg:0.39799]
[Twitter] Starting epoch 70...
[Twitter] Elapsed training time:4.29s
[Twitter] Starting validation...
[Twitter] Elapsed validation time:0.25s
[Twitter] [Epoch=070] Train Loss=[QuantLoss=0.01425]Val loss = [QuantLoss=0.02331][QuantReg:0.39853]
[Twitter] Starting epoch 71...
[Twitter] Elapsed training time:4.33s
[Twitter] Starting validation...
[Twitter] Elapsed validation time:0.23s
[Twitter] [Epoch=071] Train Loss=[QuantLoss=0.01356]Val loss = [QuantLoss=0.02396][QuantReg:0.39676]
[Twitter] Starting epoch 72...
[Twitter] Elapsed training time:4.19s
[Twitter] Starting validation...
[Twitter] Elapsed validation time:0.24s
[Twitter] [Epoch=072] Train Loss=[QuantLoss=0.01387]Val loss = [QuantLoss=0.02751][QuantReg:0.39886]
[Twitter] Starting epoch 73...
[Twitter] Elapsed training time:4.28s
[Twitter] Starting validation...
[Twitter] Elapsed validation time:0.24s
[Twitter] [Epoch=073] Train Loss=[QuantLoss=0.01441]Val loss = [QuantLoss=0.03118][QuantReg:0.39552]
[Twitter] Starting epoch 74...
[Twitter] Elapsed training time:4.34s
[Twitter] Starting validation...
[Twitter] Elapsed validation time:0.25s
[Twitter] [Epoch=074] Train Loss=[QuantLoss=0.01494]Val loss = [QuantLoss=0.02467][QuantReg:0.40202]
[Twitter] Starting epoch 75...
[Twitter] Elapsed training time:4.33s
[Twitter] Starting validation...
[Twitter] Elapsed validation time:0.22s
[Twitter] [Epoch=075] Train Loss=[QuantLoss=0.01404]Val loss = [QuantLoss=0.02309][QuantReg:0.40451]
[Twitter] Starting epoch 76...
[Twitter] Elapsed training time:4.29s
[Twitter] Starting validation...
[Twitter] Elapsed validation time:0.23s
[Twitter] [Epoch=076] Train Loss=[QuantLoss=0.01471]Val loss = [QuantLoss=0.02482][QuantReg:0.40315]
[Twitter] Starting epoch 77...
[Twitter] Elapsed training time:4.20s
[Twitter] Starting validation...
[Twitter] Elapsed validation time:0.25s
[Twitter] [Epoch=077] Train Loss=[QuantLoss=0.01352]Val loss = [QuantLoss=0.02219][QuantReg:0.39688]
[Twitter] Starting epoch 78...
[Twitter] Elapsed training time:4.24s
[Twitter] Starting validation...
[Twitter] Elapsed validation time:0.25s
[Twitter] [Epoch=078] Train Loss=[QuantLoss=0.01380]Val loss = [QuantLoss=0.02344][QuantReg:0.40041]
[Twitter] Starting epoch 79...
[Twitter] Elapsed training time:4.20s
[Twitter] Starting validation...
[Twitter] Elapsed validation time:0.23s
[Twitter] [Epoch=079] Train Loss=[QuantLoss=0.01497]Val loss = [QuantLoss=0.02675][QuantReg:0.40160]
[Twitter] Starting epoch 80...
[Twitter] Elapsed training time:4.32s
[Twitter] Starting validation...
[Twitter] Elapsed validation time:0.25s
[Twitter] [Epoch=080] Train Loss=[QuantLoss=0.01436]Val loss = [QuantLoss=0.01453][QuantReg:0.39936]
[Twitter] Starting epoch 81...
[Twitter] Elapsed training time:4.38s
[Twitter] Starting validation...
[Twitter] Elapsed validation time:0.26s
[Twitter] [Epoch=081] Train Loss=[QuantLoss=0.01304]Val loss = [QuantLoss=0.02621][QuantReg:0.39601]
[Twitter] Starting epoch 82...
[Twitter] Elapsed training time:4.35s
[Twitter] Starting validation...
[Twitter] Elapsed validation time:0.25s
[Twitter] [Epoch=082] Train Loss=[QuantLoss=0.01224]Val loss = [QuantLoss=0.02295][QuantReg:0.39487]
[Twitter] Starting epoch 83...
[Twitter] Elapsed training time:4.30s
[Twitter] Starting validation...
[Twitter] Elapsed validation time:0.23s
[Twitter] [Epoch=083] Train Loss=[QuantLoss=0.01418]Val loss = [QuantLoss=0.01805][QuantReg:0.39914]
[Twitter] Starting epoch 84...
[Twitter] Elapsed training time:4.29s
[Twitter] Starting validation...
[Twitter] Elapsed validation time:0.23s
[Twitter] [Epoch=084] Train Loss=[QuantLoss=0.01279]Val loss = [QuantLoss=0.01298][QuantReg:0.40250]
[Twitter] Starting epoch 85...
[Twitter] Elapsed training time:4.39s
[Twitter] Starting validation...
[Twitter] Elapsed validation time:0.24s
[Twitter] [Epoch=085] Train Loss=[QuantLoss=0.01331]Val loss = [QuantLoss=0.02568][QuantReg:0.39827]
[Twitter] Starting epoch 86...
[Twitter] Elapsed training time:4.61s
[Twitter] Starting validation...
[Twitter] Elapsed validation time:0.25s
[Twitter] [Epoch=086] Train Loss=[QuantLoss=0.01204]Val loss = [QuantLoss=0.03366][QuantReg:0.39892]
[Twitter] Starting epoch 87...
[Twitter] Elapsed training time:4.44s
[Twitter] Starting validation...
[Twitter] Elapsed validation time:0.25s
[Twitter] [Epoch=087] Train Loss=[QuantLoss=0.01237]Val loss = [QuantLoss=0.02981][QuantReg:0.40070]
[Twitter] Starting epoch 88...
[Twitter] Elapsed training time:4.63s
[Twitter] Starting validation...
[Twitter] Elapsed validation time:0.23s
[Twitter] [Epoch=088] Train Loss=[QuantLoss=0.01288]Val loss = [QuantLoss=0.03559][QuantReg:0.39684]
[Twitter] Starting epoch 89...
[Twitter] Elapsed training time:4.56s
[Twitter] Starting validation...
[Twitter] Elapsed validation time:0.23s
[Twitter] [Epoch=089] Train Loss=[QuantLoss=0.01294]Val loss = [QuantLoss=0.02578][QuantReg:0.39689]
[Twitter] Starting epoch 90...
[Twitter] Elapsed training time:4.46s
[Twitter] Starting validation...
[Twitter] Elapsed validation time:0.34s
[Twitter] [Epoch=090] Train Loss=[QuantLoss=0.01316]Val loss = [QuantLoss=0.01652][QuantReg:0.39662]
[Twitter] Starting epoch 91...
[Twitter] Elapsed training time:4.23s
[Twitter] Starting validation...
[Twitter] Elapsed validation time:0.24s
[Twitter] [Epoch=091] Train Loss=[QuantLoss=0.01198]Val loss = [QuantLoss=0.01831][QuantReg:0.39920]
[Twitter] Starting epoch 92...
[Twitter] Elapsed training time:4.26s
[Twitter] Starting validation...
[Twitter] Elapsed validation time:0.38s
[Twitter] [Epoch=092] Train Loss=[QuantLoss=0.01303]Val loss = [QuantLoss=0.02713][QuantReg:0.39987]
[Twitter] Starting epoch 93...
[Twitter] Elapsed training time:4.52s
[Twitter] Starting validation...
[Twitter] Elapsed validation time:0.23s
[Twitter] [Epoch=093] Train Loss=[QuantLoss=0.01328]Val loss = [QuantLoss=0.02315][QuantReg:0.40033]
[Twitter] Starting epoch 94...
[Twitter] Elapsed training time:4.36s
[Twitter] Starting validation...
[Twitter] Elapsed validation time:0.36s
[Twitter] [Epoch=094] Train Loss=[QuantLoss=0.01269]Val loss = [QuantLoss=0.02476][QuantReg:0.40462]
[Twitter] Starting epoch 95...
[Twitter] Elapsed training time:4.25s
[Twitter] Starting validation...
[Twitter] Elapsed validation time:0.36s
[Twitter] [Epoch=095] Train Loss=[QuantLoss=0.01296]Val loss = [QuantLoss=0.02384][QuantReg:0.40694]
[Twitter] Starting epoch 96...
[Twitter] Elapsed training time:4.52s
[Twitter] Starting validation...
[Twitter] Elapsed validation time:0.35s
[Twitter] [Epoch=096] Train Loss=[QuantLoss=0.01221]Val loss = [QuantLoss=0.02764][QuantReg:0.40325]
[Twitter] Starting epoch 97...
[Twitter] Elapsed training time:4.51s
[Twitter] Starting validation...
[Twitter] Elapsed validation time:0.35s
[Twitter] [Epoch=097] Train Loss=[QuantLoss=0.01275]Val loss = [QuantLoss=0.03591][QuantReg:0.39988]
[Twitter] Starting epoch 98...
[Twitter] Elapsed training time:4.36s
[Twitter] Starting validation...
[Twitter] Elapsed validation time:0.35s
[Twitter] [Epoch=098] Train Loss=[QuantLoss=0.01192]Val loss = [QuantLoss=0.03123][QuantReg:0.39812]
[Twitter] Starting epoch 99...
[Twitter] Elapsed training time:4.50s
[Twitter] Starting validation...
[Twitter] Elapsed validation time:0.36s
[Twitter] [Epoch=099] Train Loss=[QuantLoss=0.01225]Val loss = [QuantLoss=0.02835][QuantReg:0.39797]
[Twitter] Starting epoch 100...
[Twitter] Elapsed training time:4.41s
[Twitter] Starting validation...
[Twitter] Elapsed validation time:0.37s
[Twitter] [Epoch=100] Train Loss=[QuantLoss=0.01297]Val loss = [QuantLoss=0.02099][QuantReg:0.39795]
[Twitter] Starting epoch 101...
[Twitter] Elapsed training time:4.47s
[Twitter] Starting validation...
[Twitter] Elapsed validation time:0.35s
[Twitter] [Epoch=101] Train Loss=[QuantLoss=0.01254]Val loss = [QuantLoss=0.02185][QuantReg:0.39414]
[Twitter] Starting epoch 102...
[Twitter] Elapsed training time:4.33s
[Twitter] Starting validation...
[Twitter] Elapsed validation time:0.38s
[Twitter] [Epoch=102] Train Loss=[QuantLoss=0.01222]Val loss = [QuantLoss=0.02241][QuantReg:0.39357]
[Twitter] Starting epoch 103...
[Twitter] Elapsed training time:4.46s
[Twitter] Starting validation...
[Twitter] Elapsed validation time:0.36s
[Twitter] [Epoch=103] Train Loss=[QuantLoss=0.01200]Val loss = [QuantLoss=0.02246][QuantReg:0.39433]
[Twitter] Starting epoch 104...
[Twitter] Elapsed training time:4.47s
[Twitter] Starting validation...
[Twitter] Elapsed validation time:0.37s
[Twitter] [Epoch=104] Train Loss=[QuantLoss=0.01260]Val loss = [QuantLoss=0.02894][QuantReg:0.39572]
[Twitter] Starting epoch 105...
[Twitter] Elapsed training time:4.48s
[Twitter] Starting validation...
[Twitter] Elapsed validation time:0.37s
[Twitter] [Epoch=105] Train Loss=[QuantLoss=0.01208]Val loss = [QuantLoss=0.02134][QuantReg:0.39539]
[Twitter] Starting epoch 106...
[Twitter] Elapsed training time:4.44s
[Twitter] Starting validation...
[Twitter] Elapsed validation time:0.37s
[Twitter] [Epoch=106] Train Loss=[QuantLoss=0.01249]Val loss = [QuantLoss=0.02542][QuantReg:0.39613]
[Twitter] Starting epoch 107...
[Twitter] Elapsed training time:4.43s
[Twitter] Starting validation...
[Twitter] Elapsed validation time:0.35s
[Twitter] [Epoch=107] Train Loss=[QuantLoss=0.01203]Val loss = [QuantLoss=0.01986][QuantReg:0.39545]
[Twitter] Starting epoch 108...
[Twitter] Elapsed training time:4.29s
[Twitter] Starting validation...
[Twitter] Elapsed validation time:0.35s
[Twitter] [Epoch=108] Train Loss=[QuantLoss=0.01269]Val loss = [QuantLoss=0.02440][QuantReg:0.40011]
[Twitter] Starting epoch 109...
[Twitter] Elapsed training time:4.31s
[Twitter] Starting validation...
[Twitter] Elapsed validation time:0.37s
[Twitter] [Epoch=109] Train Loss=[QuantLoss=0.01188]Val loss = [QuantLoss=0.02495][QuantReg:0.39830]
[Twitter] Starting epoch 110...
[Twitter] Elapsed training time:4.39s
[Twitter] Starting validation...
[Twitter] Elapsed validation time:0.35s
[Twitter] [Epoch=110] Train Loss=[QuantLoss=0.01244]Val loss = [QuantLoss=0.02028][QuantReg:0.39860]
[Twitter] Starting epoch 111...
[Twitter] Elapsed training time:4.33s
[Twitter] Starting validation...
[Twitter] Elapsed validation time:0.36s
[Twitter] [Epoch=111] Train Loss=[QuantLoss=0.01195]Val loss = [QuantLoss=0.03093][QuantReg:0.39645]
[Twitter] Starting epoch 112...
[Twitter] Elapsed training time:4.38s
[Twitter] Starting validation...
[Twitter] Elapsed validation time:0.37s
[Twitter] [Epoch=112] Train Loss=[QuantLoss=0.01269]Val loss = [QuantLoss=0.02389][QuantReg:0.39447]
[Twitter] Starting epoch 113...
[Twitter] Elapsed training time:4.29s
[Twitter] Starting validation...
[Twitter] Elapsed validation time:0.36s
[Twitter] [Epoch=113] Train Loss=[QuantLoss=0.01211]Val loss = [QuantLoss=0.02910][QuantReg:0.39539]
[Twitter] Starting epoch 114...
[Twitter] Elapsed training time:4.26s
[Twitter] Starting validation...
[Twitter] Elapsed validation time:0.36s
[Twitter] [Epoch=114] Train Loss=[QuantLoss=0.01232]Val loss = [QuantLoss=0.02280][QuantReg:0.39171]
[Twitter] Starting epoch 115...
[Twitter] Elapsed training time:4.26s
[Twitter] Starting validation...
[Twitter] Elapsed validation time:0.35s
[Twitter] [Epoch=115] Train Loss=[QuantLoss=0.01214]Val loss = [QuantLoss=0.03157][QuantReg:0.39006]
[Twitter] Starting epoch 116...
[Twitter] Elapsed training time:4.24s
[Twitter] Starting validation...
[Twitter] Elapsed validation time:0.36s
[Twitter] [Epoch=116] Train Loss=[QuantLoss=0.01256]Val loss = [QuantLoss=0.02823][QuantReg:0.39149]
[Twitter] Starting epoch 117...
[Twitter] Elapsed training time:4.30s
[Twitter] Starting validation...
[Twitter] Elapsed validation time:0.34s
[Twitter] [Epoch=117] Train Loss=[QuantLoss=0.01232]Val loss = [QuantLoss=0.02125][QuantReg:0.39459]
[Twitter] Starting epoch 118...
[Twitter] Elapsed training time:4.22s
[Twitter] Starting validation...
[Twitter] Elapsed validation time:0.36s
[Twitter] [Epoch=118] Train Loss=[QuantLoss=0.01213]Val loss = [QuantLoss=0.01501][QuantReg:0.39382]
[Twitter] Starting epoch 119...
[Twitter] Elapsed training time:3.85s
[Twitter] Starting validation...
[Twitter] Elapsed validation time:0.28s
[Twitter] [Epoch=119] Train Loss=[QuantLoss=0.01218]Val loss = [QuantLoss=0.02016][QuantReg:0.39286]
[Twitter] Starting epoch 120...
[Twitter] Elapsed training time:3.97s
[Twitter] Starting validation...
[Twitter] Elapsed validation time:0.35s
[Twitter] [Epoch=120] Train Loss=[QuantLoss=0.01213]Val loss = [QuantLoss=0.01700][QuantReg:0.39388]
[Twitter] Starting epoch 121...
[Twitter] Elapsed training time:4.22s
[Twitter] Starting validation...
[Twitter] Elapsed validation time:0.37s
[Twitter] [Epoch=121] Train Loss=[QuantLoss=0.01153]Val loss = [QuantLoss=0.01720][QuantReg:0.39316]
[Twitter] Starting epoch 122...
[Twitter] Elapsed training time:4.20s
[Twitter] Starting validation...
[Twitter] Elapsed validation time:0.37s
[Twitter] [Epoch=122] Train Loss=[QuantLoss=0.01110]Val loss = [QuantLoss=0.01867][QuantReg:0.39360]
[Twitter] Starting epoch 123...
[Twitter] Elapsed training time:4.29s
[Twitter] Starting validation...
[Twitter] Elapsed validation time:0.38s
[Twitter] [Epoch=123] Train Loss=[QuantLoss=0.01211]Val loss = [QuantLoss=0.01585][QuantReg:0.39487]
[Twitter] Starting epoch 124...
[Twitter] Elapsed training time:4.61s
[Twitter] Starting validation...
[Twitter] Elapsed validation time:0.33s
[Twitter] [Epoch=124] Train Loss=[QuantLoss=0.01162]Val loss = [QuantLoss=0.01393][QuantReg:0.39289]
[Twitter] Starting epoch 125...
[Twitter] Elapsed training time:4.82s
[Twitter] Starting validation...
[Twitter] Elapsed validation time:0.35s
[Twitter] [Epoch=125] Train Loss=[QuantLoss=0.01084]Val loss = [QuantLoss=0.02137][QuantReg:0.39268]
[Twitter] Starting epoch 126...
[Twitter] Elapsed training time:4.76s
[Twitter] Starting validation...
[Twitter] Elapsed validation time:0.32s
[Twitter] [Epoch=126] Train Loss=[QuantLoss=0.01233]Val loss = [QuantLoss=0.02704][QuantReg:0.39146]
[Twitter] Starting epoch 127...
[Twitter] Elapsed training time:4.72s
[Twitter] Starting validation...
[Twitter] Elapsed validation time:0.30s
[Twitter] [Epoch=127] Train Loss=[QuantLoss=0.01179]Val loss = [QuantLoss=0.01890][QuantReg:0.39216]
[Twitter] Starting epoch 128...
[Twitter] Elapsed training time:4.44s
[Twitter] Starting validation...
[Twitter] Elapsed validation time:0.32s
[Twitter] [Epoch=128] Train Loss=[QuantLoss=0.01214]Val loss = [QuantLoss=0.01969][QuantReg:0.39328]
[Twitter] Starting epoch 129...
[Twitter] Elapsed training time:4.31s
[Twitter] Starting validation...
[Twitter] Elapsed validation time:0.37s
[Twitter] [Epoch=129] Train Loss=[QuantLoss=0.01155]Val loss = [QuantLoss=0.01829][QuantReg:0.39484]
[Twitter] Starting epoch 130...
[Twitter] Elapsed training time:4.38s
[Twitter] Starting validation...
[Twitter] Elapsed validation time:0.26s
[Twitter] [Epoch=130] Train Loss=[QuantLoss=0.01158]Val loss = [QuantLoss=0.02042][QuantReg:0.39414]
[Twitter] Starting epoch 131...
[Twitter] Elapsed training time:4.30s
[Twitter] Starting validation...
[Twitter] Elapsed validation time:0.24s
[Twitter] [Epoch=131] Train Loss=[QuantLoss=0.01088]Val loss = [QuantLoss=0.01706][QuantReg:0.39514]
[Twitter] Starting epoch 132...
[Twitter] Elapsed training time:4.29s
[Twitter] Starting validation...
[Twitter] Elapsed validation time:0.25s
[Twitter] [Epoch=132] Train Loss=[QuantLoss=0.01124]Val loss = [QuantLoss=0.01572][QuantReg:0.39727]
[Twitter] Starting epoch 133...
[Twitter] Elapsed training time:4.38s
[Twitter] Starting validation...
[Twitter] Elapsed validation time:0.24s
[Twitter] [Epoch=133] Train Loss=[QuantLoss=0.01184]Val loss = [QuantLoss=0.01440][QuantReg:0.39578]
[Twitter] Starting epoch 134...
[Twitter] Elapsed training time:4.40s
[Twitter] Starting validation...
[Twitter] Elapsed validation time:0.25s
[Twitter] [Epoch=134] Train Loss=[QuantLoss=0.01149]Val loss = [QuantLoss=0.01347][QuantReg:0.39479]
[Twitter] Starting epoch 135...
[Twitter] Elapsed training time:4.43s
[Twitter] Starting validation...
[Twitter] Elapsed validation time:0.21s
[Twitter] [Epoch=135] Train Loss=[QuantLoss=0.01113]Val loss = [QuantLoss=0.02030][QuantReg:0.39523]
[Twitter] Starting epoch 136...
[Twitter] Elapsed training time:4.41s
[Twitter] Starting validation...
[Twitter] Elapsed validation time:0.21s
[Twitter] [Epoch=136] Train Loss=[QuantLoss=0.01184]Val loss = [QuantLoss=0.01423][QuantReg:0.39477]
[Twitter] Starting epoch 137...
[Twitter] Elapsed training time:4.46s
[Twitter] Starting validation...
[Twitter] Elapsed validation time:0.25s
[Twitter] [Epoch=137] Train Loss=[QuantLoss=0.01227]Val loss = [QuantLoss=0.01593][QuantReg:0.39333]
[Twitter] Starting epoch 138...
[Twitter] Elapsed training time:4.41s
[Twitter] Starting validation...
[Twitter] Elapsed validation time:0.23s
[Twitter] [Epoch=138] Train Loss=[QuantLoss=0.01177]Val loss = [QuantLoss=0.01105][QuantReg:0.39293]
[Twitter] Early stopping in epoch 138!
[Twitter] Restoring best model...
MAE médio por bag: 0.0349 ± 0.0198
Salvo em resultados_sanders/resultados_twitter_bert_2.csv
Dataset: /home/nildaimon/gmnet/experiments/train_curl/Datasets/Sanders/twitter-sanders-apple3.csv
Dificuldade: metric=kl, mode=hardest, top_k=None
Rodada: 2
Salvar resultados em: resultados_sanders
Dispositivo de treino: cpu
Carregando e processando dataset Twitter
/home/nildaimon/gmnet/experiments/train_curl/train_sanders.py:89: FutureWarning: You are using `torch.load` with `weights_only=False` (the current default value), which uses the default pickle module implicitly. It is possible to construct malicious pickle data which will execute arbitrary code during unpickling (See https://github.com/pytorch/pytorch/blob/main/SECURITY.md#untrusted-models for more details). In a future release, the default value for `weights_only` will be flipped to `True`. This limits the functions that could be executed during unpickling. Arbitrary objects will no longer be allowed to be loaded via this mode unless they are explicitly allowlisted by the user via `torch.serialization.add_safe_globals`. We recommend you start setting `weights_only=True` for any use case where you don't have full control of the loaded file. Please open an issue on GitHub for any issues related to this experimental feature.
  embeddings = torch.load(EMBEDDING_CACHE)
Carregando embeddings do cache...
/home/nildaimon/gmnet/experiments/train_curl/train_sanders.py:90: FutureWarning: You are using `torch.load` with `weights_only=False` (the current default value), which uses the default pickle module implicitly. It is possible to construct malicious pickle data which will execute arbitrary code during unpickling (See https://github.com/pytorch/pytorch/blob/main/SECURITY.md#untrusted-models for more details). In a future release, the default value for `weights_only` will be flipped to `True`. This limits the functions that could be executed during unpickling. Arbitrary objects will no longer be allowed to be loaded via this mode unless they are explicitly allowlisted by the user via `torch.serialization.add_safe_globals`. We recommend you start setting `weights_only=True` for any use case where you don't have full control of the loaded file. Please open an issue on GitHub for any issues related to this experimental feature.
  labels = torch.load(LABELS_CACHE)
Ignoring val_split as train and val datasets where given to fit function
We have two datasets: training 1092 examples. validation 100 examples.]
Using device cpu
/home/nildaimon/anaconda3/envs/gmnet/lib/python3.12/site-packages/torch/optim/lr_scheduler.py:62: UserWarning: The verbose parameter is deprecated. Please use get_last_lr() to access the learning rate.
  warnings.warn(
/home/nildaimon/gmnet/dlquantification/main.py:835: FutureWarning: `torch.cuda.amp.GradScaler(args...)` is deprecated. Please use `torch.amp.GradScaler('cuda', args...)` instead.
  scaler = torch.cuda.amp.GradScaler(enabled=self.use_fp16)
[Twitter] Starting epoch 0...
/home/nildaimon/gmnet/dlquantification/main.py:888: FutureWarning: `torch.cuda.amp.autocast(args...)` is deprecated. Please use `torch.amp.autocast('cuda', args...)` instead.
  with torch.cuda.amp.autocast(enabled=self.use_fp16):
[Twitter] Elapsed training time:4.60s
[Twitter] Starting validation...
[Twitter] Elapsed validation time:0.22s
[Twitter] [Epoch=000] Train Loss=[QuantLoss=0.09043]Val loss = [QuantLoss=0.10776][QuantReg:0.62704][saved best model in this epoch]
[Twitter] Starting epoch 1...
[Twitter] Elapsed training time:4.44s
[Twitter] Starting validation...
[Twitter] Elapsed validation time:0.20s
[Twitter] [Epoch=001] Train Loss=[QuantLoss=0.09297]Val loss = [QuantLoss=0.10000][QuantReg:0.59796][saved best model in this epoch]
[Twitter] Starting epoch 2...
[Twitter] Elapsed training time:4.47s
[Twitter] Starting validation...
[Twitter] Elapsed validation time:0.20s
[Twitter] [Epoch=002] Train Loss=[QuantLoss=0.08923]Val loss = [QuantLoss=0.15983][QuantReg:0.55630]
[Twitter] Starting epoch 3...
[Twitter] Elapsed training time:4.44s
[Twitter] Starting validation...
[Twitter] Elapsed validation time:0.25s
[Twitter] [Epoch=003] Train Loss=[QuantLoss=0.08793]Val loss = [QuantLoss=0.10064][QuantReg:0.53230]
[Twitter] Starting epoch 4...
[Twitter] Elapsed training time:4.40s
[Twitter] Starting validation...
[Twitter] Elapsed validation time:0.21s
[Twitter] [Epoch=004] Train Loss=[QuantLoss=0.08057]Val loss = [QuantLoss=0.09223][QuantReg:0.56825][saved best model in this epoch]
[Twitter] Starting epoch 5...
[Twitter] Elapsed training time:4.52s
[Twitter] Starting validation...
[Twitter] Elapsed validation time:0.20s
[Twitter] [Epoch=005] Train Loss=[QuantLoss=0.07367]Val loss = [QuantLoss=0.05875][QuantReg:0.56922][saved best model in this epoch]
[Twitter] Starting epoch 6...
[Twitter] Elapsed training time:4.43s
[Twitter] Starting validation...
[Twitter] Elapsed validation time:0.20s
[Twitter] [Epoch=006] Train Loss=[QuantLoss=0.07230]Val loss = [QuantLoss=0.01689][QuantReg:0.56349][saved best model in this epoch]
[Twitter] Starting epoch 7...
[Twitter] Elapsed training time:4.52s
[Twitter] Starting validation...
[Twitter] Elapsed validation time:0.24s
[Twitter] [Epoch=007] Train Loss=[QuantLoss=0.07203]Val loss = [QuantLoss=0.07273][QuantReg:0.57879]
[Twitter] Starting epoch 8...
[Twitter] Elapsed training time:4.79s
[Twitter] Starting validation...
[Twitter] Elapsed validation time:0.23s
[Twitter] [Epoch=008] Train Loss=[QuantLoss=0.06602]Val loss = [QuantLoss=0.18080][QuantReg:0.56043]
[Twitter] Starting epoch 9...
[Twitter] Elapsed training time:4.99s
[Twitter] Starting validation...
[Twitter] Elapsed validation time:0.20s
[Twitter] [Epoch=009] Train Loss=[QuantLoss=0.06583]Val loss = [QuantLoss=0.08748][QuantReg:0.55824]
[Twitter] Starting epoch 10...
[Twitter] Elapsed training time:5.04s
[Twitter] Starting validation...
[Twitter] Elapsed validation time:0.21s
[Twitter] [Epoch=010] Train Loss=[QuantLoss=0.06860]Val loss = [QuantLoss=0.10148][QuantReg:0.57106]
[Twitter] Starting epoch 11...
[Twitter] Elapsed training time:4.67s
[Twitter] Starting validation...
[Twitter] Elapsed validation time:0.25s
[Twitter] [Epoch=011] Train Loss=[QuantLoss=0.07122]Val loss = [QuantLoss=0.10541][QuantReg:0.56069]
[Twitter] Starting epoch 12...
[Twitter] Elapsed training time:4.51s
[Twitter] Starting validation...
[Twitter] Elapsed validation time:0.24s
[Twitter] [Epoch=012] Train Loss=[QuantLoss=0.06829]Val loss = [QuantLoss=0.07750][QuantReg:0.56398]
[Twitter] Starting epoch 13...
[Twitter] Elapsed training time:4.19s
[Twitter] Starting validation...
[Twitter] Elapsed validation time:0.24s
[Twitter] [Epoch=013] Train Loss=[QuantLoss=0.06715]Val loss = [QuantLoss=0.12011][QuantReg:0.55691]
[Twitter] Starting epoch 14...
[Twitter] Elapsed training time:4.32s
[Twitter] Starting validation...
[Twitter] Elapsed validation time:0.23s
[Twitter] [Epoch=014] Train Loss=[QuantLoss=0.06731]Val loss = [QuantLoss=0.14860][QuantReg:0.55695]
[Twitter] Starting epoch 15...
[Twitter] Elapsed training time:4.23s
[Twitter] Starting validation...
[Twitter] Elapsed validation time:0.23s
[Twitter] [Epoch=015] Train Loss=[QuantLoss=0.06686]Val loss = [QuantLoss=0.17981][QuantReg:0.52943]
[Twitter] Starting epoch 16...
[Twitter] Elapsed training time:4.25s
[Twitter] Starting validation...
[Twitter] Elapsed validation time:0.24s
[Twitter] [Epoch=016] Train Loss=[QuantLoss=0.06875]Val loss = [QuantLoss=0.26999][QuantReg:0.50960]
[Twitter] Starting epoch 17...
[Twitter] Elapsed training time:4.21s
[Twitter] Starting validation...
[Twitter] Elapsed validation time:0.23s
[Twitter] [Epoch=017] Train Loss=[QuantLoss=0.06645]Val loss = [QuantLoss=0.17810][QuantReg:0.53109]
[Twitter] Starting epoch 18...
[Twitter] Elapsed training time:4.12s
[Twitter] Starting validation...
[Twitter] Elapsed validation time:0.23s
[Twitter] [Epoch=018] Train Loss=[QuantLoss=0.06205]Val loss = [QuantLoss=0.01655][QuantReg:0.53262][saved best model in this epoch]
[Twitter] Starting epoch 19...
[Twitter] Elapsed training time:4.23s
[Twitter] Starting validation...
[Twitter] Elapsed validation time:0.28s
[Twitter] [Epoch=019] Train Loss=[QuantLoss=0.06189]Val loss = [QuantLoss=0.02450][QuantReg:0.52488]
[Twitter] Starting epoch 20...
[Twitter] Elapsed training time:4.27s
[Twitter] Starting validation...
[Twitter] Elapsed validation time:0.22s
[Twitter] [Epoch=020] Train Loss=[QuantLoss=0.05780]Val loss = [QuantLoss=0.09745][QuantReg:0.54203]
[Twitter] Starting epoch 21...
[Twitter] Elapsed training time:4.34s
[Twitter] Starting validation...
[Twitter] Elapsed validation time:0.24s
[Twitter] [Epoch=021] Train Loss=[QuantLoss=0.05866]Val loss = [QuantLoss=0.02254][QuantReg:0.53122]
[Twitter] Starting epoch 22...
[Twitter] Elapsed training time:4.30s
[Twitter] Starting validation...
[Twitter] Elapsed validation time:0.23s
[Twitter] [Epoch=022] Train Loss=[QuantLoss=0.05658]Val loss = [QuantLoss=0.08049][QuantReg:0.51757]
[Twitter] Starting epoch 23...
[Twitter] Elapsed training time:4.37s
[Twitter] Starting validation...
[Twitter] Elapsed validation time:0.25s
[Twitter] [Epoch=023] Train Loss=[QuantLoss=0.05936]Val loss = [QuantLoss=0.03734][QuantReg:0.52610]
[Twitter] Starting epoch 24...
[Twitter] Elapsed training time:4.50s
[Twitter] Starting validation...
[Twitter] Elapsed validation time:0.24s
[Twitter] [Epoch=024] Train Loss=[QuantLoss=0.06463]Val loss = [QuantLoss=0.04819][QuantReg:0.53788]
[Twitter] Starting epoch 25...
[Twitter] Elapsed training time:4.53s
[Twitter] Starting validation...
[Twitter] Elapsed validation time:0.23s
[Twitter] [Epoch=025] Train Loss=[QuantLoss=0.05409]Val loss = [QuantLoss=0.32295][QuantReg:0.54774]
[Twitter] Starting epoch 26...
[Twitter] Elapsed training time:4.18s
[Twitter] Starting validation...
[Twitter] Elapsed validation time:0.34s
[Twitter] [Epoch=026] Train Loss=[QuantLoss=0.06011]Val loss = [QuantLoss=0.04654][QuantReg:0.54215]
[Twitter] Starting epoch 27...
[Twitter] Elapsed training time:4.16s
[Twitter] Starting validation...
[Twitter] Elapsed validation time:0.37s
[Twitter] [Epoch=027] Train Loss=[QuantLoss=0.05736]Val loss = [QuantLoss=0.45254][QuantReg:0.55771]
[Twitter] Starting epoch 28...
[Twitter] Elapsed training time:4.33s
[Twitter] Starting validation...
[Twitter] Elapsed validation time:0.36s
[Twitter] [Epoch=028] Train Loss=[QuantLoss=0.05658]Val loss = [QuantLoss=0.33384][QuantReg:0.55568]
[Twitter] Starting epoch 29...
[Twitter] Elapsed training time:4.14s
[Twitter] Starting validation...
[Twitter] Elapsed validation time:0.36s
[Twitter] [Epoch=029] Train Loss=[QuantLoss=0.06620]Val loss = [QuantLoss=0.06683][QuantReg:0.53542]
[Twitter] Starting epoch 30...
[Twitter] Elapsed training time:4.25s
[Twitter] Starting validation...
[Twitter] Elapsed validation time:0.37s
[Twitter] [Epoch=030] Train Loss=[QuantLoss=0.05680]Val loss = [QuantLoss=0.25034][QuantReg:0.54099]
[Twitter] Starting epoch 31...
[Twitter] Elapsed training time:4.28s
[Twitter] Starting validation...
[Twitter] Elapsed validation time:0.36s
[Twitter] [Epoch=031] Train Loss=[QuantLoss=0.06326]Val loss = [QuantLoss=0.10324][QuantReg:0.55649]
[Twitter] Starting epoch 32...
[Twitter] Elapsed training time:4.27s
[Twitter] Starting validation...
[Twitter] Elapsed validation time:0.35s
[Twitter] [Epoch=032] Train Loss=[QuantLoss=0.06295]Val loss = [QuantLoss=0.03448][QuantReg:0.55483]
[Twitter] Starting epoch 33...
[Twitter] Elapsed training time:4.27s
[Twitter] Starting validation...
[Twitter] Elapsed validation time:0.35s
[Twitter] [Epoch=033] Train Loss=[QuantLoss=0.05916]Val loss = [QuantLoss=0.03836][QuantReg:0.54944]
[Twitter] Starting epoch 34...
[Twitter] Elapsed training time:4.27s
[Twitter] Starting validation...
[Twitter] Elapsed validation time:0.35s
[Twitter] [Epoch=034] Train Loss=[QuantLoss=0.06182]Val loss = [QuantLoss=0.03142][QuantReg:0.55606]
[Twitter] Starting epoch 35...
[Twitter] Elapsed training time:4.33s
[Twitter] Starting validation...
[Twitter] Elapsed validation time:0.36s
[Twitter] [Epoch=035] Train Loss=[QuantLoss=0.05933]Val loss = [QuantLoss=0.04337][QuantReg:0.54286]
[Twitter] Starting epoch 36...
[Twitter] Elapsed training time:4.34s
[Twitter] Starting validation...
[Twitter] Elapsed validation time:0.36s
[Twitter] [Epoch=036] Train Loss=[QuantLoss=0.06632]Val loss = [QuantLoss=0.14366][QuantReg:0.55070]
[Twitter] Starting epoch 37...
[Twitter] Elapsed training time:4.58s
[Twitter] Starting validation...
[Twitter] Elapsed validation time:0.35s
[Twitter] [Epoch=037] Train Loss=[QuantLoss=0.05877]Val loss = [QuantLoss=0.04038][QuantReg:0.54192]
[Twitter] Starting epoch 38...
[Twitter] Elapsed training time:4.27s
[Twitter] Starting validation...
[Twitter] Elapsed validation time:0.37s
[Twitter] [Epoch=038] Train Loss=[QuantLoss=0.06533]Val loss = [QuantLoss=0.04398][QuantReg:0.54449]
[Twitter] Starting epoch 39...
[Twitter] Elapsed training time:4.27s
[Twitter] Starting validation...
[Twitter] Elapsed validation time:0.38s
[Twitter] [Epoch=039] Train Loss=[QuantLoss=0.05402]Val loss = [QuantLoss=0.14476][QuantReg:0.53566]
[Twitter] Starting epoch 40...
[Twitter] Elapsed training time:4.37s
[Twitter] Starting validation...
[Twitter] Elapsed validation time:0.35s
[Twitter] [Epoch=040] Train Loss=[QuantLoss=0.06854]Val loss = [QuantLoss=0.12721][QuantReg:0.53457]
[Twitter] Starting epoch 41...
[Twitter] Elapsed training time:4.30s
[Twitter] Starting validation...
[Twitter] Elapsed validation time:0.36s
[Twitter] [Epoch=041] Train Loss=[QuantLoss=0.06155]Val loss = [QuantLoss=0.13204][QuantReg:0.53092]
[Twitter] Starting epoch 42...
[Twitter] Elapsed training time:4.39s
[Twitter] Starting validation...
[Twitter] Elapsed validation time:0.37s
[Twitter] [Epoch=042] Train Loss=[QuantLoss=0.06173]Val loss = [QuantLoss=0.11882][QuantReg:0.53018]
[Twitter] Starting epoch 43...
[Twitter] Elapsed training time:4.57s
[Twitter] Starting validation...
[Twitter] Elapsed validation time:0.36s
[Twitter] [Epoch=043] Train Loss=[QuantLoss=0.05809]Val loss = [QuantLoss=0.09641][QuantReg:0.52793]
[Twitter] Starting epoch 44...
[Twitter] Elapsed training time:4.29s
[Twitter] Starting validation...
[Twitter] Elapsed validation time:0.35s
[Twitter] [Epoch=044] Train Loss=[QuantLoss=0.05268]Val loss = [QuantLoss=0.11189][QuantReg:0.52744]
[Twitter] Starting epoch 45...
[Twitter] Elapsed training time:4.64s
[Twitter] Starting validation...
[Twitter] Elapsed validation time:0.38s
[Twitter] [Epoch=045] Train Loss=[QuantLoss=0.05013]Val loss = [QuantLoss=0.09845][QuantReg:0.52552]
[Twitter] Starting epoch 46...
[Twitter] Elapsed training time:4.45s
[Twitter] Starting validation...
[Twitter] Elapsed validation time:0.36s
[Twitter] [Epoch=046] Train Loss=[QuantLoss=0.05173]Val loss = [QuantLoss=0.09551][QuantReg:0.52504]
[Twitter] Starting epoch 47...
[Twitter] Elapsed training time:4.50s
[Twitter] Starting validation...
[Twitter] Elapsed validation time:0.36s
[Twitter] [Epoch=047] Train Loss=[QuantLoss=0.05022]Val loss = [QuantLoss=0.13058][QuantReg:0.52512]
[Twitter] Starting epoch 48...
[Twitter] Elapsed training time:4.51s
[Twitter] Starting validation...
[Twitter] Elapsed validation time:0.36s
[Twitter] [Epoch=048] Train Loss=[QuantLoss=0.04850]Val loss = [QuantLoss=0.12897][QuantReg:0.52420]
[Twitter] Starting epoch 49...
[Twitter] Elapsed training time:4.35s
[Twitter] Starting validation...
[Twitter] Elapsed validation time:0.35s
[Twitter] [Epoch=049] Train Loss=[QuantLoss=0.04753]Val loss = [QuantLoss=0.15203][QuantReg:0.52523]
[Twitter] Starting epoch 50...
[Twitter] Elapsed training time:4.45s
[Twitter] Starting validation...
[Twitter] Elapsed validation time:0.35s
[Twitter] [Epoch=050] Train Loss=[QuantLoss=0.05309]Val loss = [QuantLoss=0.14979][QuantReg:0.52598]
[Twitter] Starting epoch 51...
[Twitter] Elapsed training time:4.26s
[Twitter] Starting validation...
[Twitter] Elapsed validation time:0.37s
[Twitter] [Epoch=051] Train Loss=[QuantLoss=0.04860]Val loss = [QuantLoss=0.11763][QuantReg:0.52576]
[Twitter] Starting epoch 52...
[Twitter] Elapsed training time:4.39s
[Twitter] Starting validation...
[Twitter] Elapsed validation time:0.36s
[Twitter] [Epoch=052] Train Loss=[QuantLoss=0.04717]Val loss = [QuantLoss=0.13487][QuantReg:0.52283]
[Twitter] Starting epoch 53...
[Twitter] Elapsed training time:4.43s
[Twitter] Starting validation...
[Twitter] Elapsed validation time:0.35s
[Twitter] [Epoch=053] Train Loss=[QuantLoss=0.04680]Val loss = [QuantLoss=0.17189][QuantReg:0.52452]
[Twitter] Starting epoch 54...
[Twitter] Elapsed training time:4.37s
[Twitter] Starting validation...
[Twitter] Elapsed validation time:0.34s
[Twitter] [Epoch=054] Train Loss=[QuantLoss=0.04840]Val loss = [QuantLoss=0.13254][QuantReg:0.52293]
[Twitter] Starting epoch 55...
[Twitter] Elapsed training time:4.90s
[Twitter] Starting validation...
[Twitter] Elapsed validation time:0.34s
[Twitter] [Epoch=055] Train Loss=[QuantLoss=0.04529]Val loss = [QuantLoss=0.28140][QuantReg:0.52128]
[Twitter] Starting epoch 56...
[Twitter] Elapsed training time:4.86s
[Twitter] Starting validation...
[Twitter] Elapsed validation time:0.33s
[Twitter] [Epoch=056] Train Loss=[QuantLoss=0.05006]Val loss = [QuantLoss=0.12608][QuantReg:0.52183]
[Twitter] Starting epoch 57...
[Twitter] Elapsed training time:5.05s
[Twitter] Starting validation...
[Twitter] Elapsed validation time:0.37s
[Twitter] [Epoch=057] Train Loss=[QuantLoss=0.04775]Val loss = [QuantLoss=0.10647][QuantReg:0.51682]
[Twitter] Starting epoch 58...
[Twitter] Elapsed training time:4.47s
[Twitter] Starting validation...
[Twitter] Elapsed validation time:0.31s
[Twitter] [Epoch=058] Train Loss=[QuantLoss=0.04616]Val loss = [QuantLoss=0.15799][QuantReg:0.52110]
[Twitter] Starting epoch 59...
[Twitter] Elapsed training time:4.58s
[Twitter] Starting validation...
[Twitter] Elapsed validation time:0.32s
[Twitter] [Epoch=059] Train Loss=[QuantLoss=0.04972]Val loss = [QuantLoss=0.13063][QuantReg:0.51427]
[Twitter] Starting epoch 60...
[Twitter] Elapsed training time:4.45s
[Twitter] Starting validation...
[Twitter] Elapsed validation time:0.34s
[Twitter] [Epoch=060] Train Loss=[QuantLoss=0.04815]Val loss = [QuantLoss=0.13078][QuantReg:0.51319]
[Twitter] Starting epoch 61...
[Twitter] Elapsed training time:4.26s
[Twitter] Starting validation...
[Twitter] Elapsed validation time:0.36s
[Twitter] [Epoch=061] Train Loss=[QuantLoss=0.04681]Val loss = [QuantLoss=0.14678][QuantReg:0.51188]
[Twitter] Starting epoch 62...
[Twitter] Elapsed training time:4.23s
[Twitter] Starting validation...
[Twitter] Elapsed validation time:0.34s
[Twitter] [Epoch=062] Train Loss=[QuantLoss=0.04633]Val loss = [QuantLoss=0.12885][QuantReg:0.51204]
[Twitter] Starting epoch 63...
[Twitter] Elapsed training time:4.30s
[Twitter] Starting validation...
[Twitter] Elapsed validation time:0.26s
[Twitter] [Epoch=063] Train Loss=[QuantLoss=0.04399]Val loss = [QuantLoss=0.12858][QuantReg:0.50907]
[Twitter] Starting epoch 64...
[Twitter] Elapsed training time:4.24s
[Twitter] Starting validation...
[Twitter] Elapsed validation time:0.27s
[Twitter] [Epoch=064] Train Loss=[QuantLoss=0.04239]Val loss = [QuantLoss=0.13748][QuantReg:0.50411]
[Twitter] Starting epoch 65...
[Twitter] Elapsed training time:4.29s
[Twitter] Starting validation...
[Twitter] Elapsed validation time:0.23s
[Twitter] [Epoch=065] Train Loss=[QuantLoss=0.04173]Val loss = [QuantLoss=0.11633][QuantReg:0.50704]
[Twitter] Starting epoch 66...
[Twitter] Elapsed training time:4.10s
[Twitter] Starting validation...
[Twitter] Elapsed validation time:0.25s
[Twitter] [Epoch=066] Train Loss=[QuantLoss=0.04242]Val loss = [QuantLoss=0.12816][QuantReg:0.50313]
[Twitter] Starting epoch 67...
[Twitter] Elapsed training time:4.32s
[Twitter] Starting validation...
[Twitter] Elapsed validation time:0.23s
[Twitter] [Epoch=067] Train Loss=[QuantLoss=0.04120]Val loss = [QuantLoss=0.16915][QuantReg:0.50436]
[Twitter] Starting epoch 68...
[Twitter] Elapsed training time:4.32s
[Twitter] Starting validation...
[Twitter] Elapsed validation time:0.29s
[Twitter] [Epoch=068] Train Loss=[QuantLoss=0.04141]Val loss = [QuantLoss=0.17515][QuantReg:0.50293]
[Twitter] Starting epoch 69...
[Twitter] Elapsed training time:4.33s
[Twitter] Starting validation...
[Twitter] Elapsed validation time:0.26s
[Twitter] [Epoch=069] Train Loss=[QuantLoss=0.04139]Val loss = [QuantLoss=0.17136][QuantReg:0.50416]
[Twitter] Starting epoch 70...
[Twitter] Elapsed training time:4.35s
[Twitter] Starting validation...
[Twitter] Elapsed validation time:0.29s
[Twitter] [Epoch=070] Train Loss=[QuantLoss=0.04168]Val loss = [QuantLoss=0.21701][QuantReg:0.50197]
[Twitter] Starting epoch 71...
[Twitter] Elapsed training time:4.32s
[Twitter] Starting validation...
[Twitter] Elapsed validation time:0.31s
[Twitter] [Epoch=071] Train Loss=[QuantLoss=0.04194]Val loss = [QuantLoss=0.20071][QuantReg:0.50091]
[Twitter] Starting epoch 72...
[Twitter] Elapsed training time:4.34s
[Twitter] Starting validation...
[Twitter] Elapsed validation time:0.31s
[Twitter] [Epoch=072] Train Loss=[QuantLoss=0.04116]Val loss = [QuantLoss=0.18248][QuantReg:0.50267]
[Twitter] Starting epoch 73...
[Twitter] Elapsed training time:4.28s
[Twitter] Starting validation...
[Twitter] Elapsed validation time:0.25s
[Twitter] [Epoch=073] Train Loss=[QuantLoss=0.04349]Val loss = [QuantLoss=0.17397][QuantReg:0.50116]
[Twitter] Starting epoch 74...
[Twitter] Elapsed training time:4.46s
[Twitter] Starting validation...
[Twitter] Elapsed validation time:0.28s
[Twitter] [Epoch=074] Train Loss=[QuantLoss=0.04119]Val loss = [QuantLoss=0.32698][QuantReg:0.50056]
[Twitter] Starting epoch 75...
[Twitter] Elapsed training time:4.44s
[Twitter] Starting validation...
[Twitter] Elapsed validation time:0.25s
[Twitter] [Epoch=075] Train Loss=[QuantLoss=0.04257]Val loss = [QuantLoss=0.26190][QuantReg:0.49878]
[Twitter] Starting epoch 76...
[Twitter] Elapsed training time:4.43s
[Twitter] Starting validation...
[Twitter] Elapsed validation time:0.26s
[Twitter] [Epoch=076] Train Loss=[QuantLoss=0.04143]Val loss = [QuantLoss=0.45205][QuantReg:0.50208]
[Twitter] Starting epoch 77...
[Twitter] Elapsed training time:4.51s
[Twitter] Starting validation...
[Twitter] Elapsed validation time:0.25s
[Twitter] [Epoch=077] Train Loss=[QuantLoss=0.04111]Val loss = [QuantLoss=0.18820][QuantReg:0.49821]
[Twitter] Starting epoch 78...
[Twitter] Elapsed training time:4.36s
[Twitter] Starting validation...
[Twitter] Elapsed validation time:0.26s
[Twitter] [Epoch=078] Train Loss=[QuantLoss=0.04015]Val loss = [QuantLoss=0.13304][QuantReg:0.49756]
[Twitter] Starting epoch 79...
[Twitter] Elapsed training time:4.38s
[Twitter] Starting validation...
[Twitter] Elapsed validation time:0.22s
[Twitter] [Epoch=079] Train Loss=[QuantLoss=0.04110]Val loss = [QuantLoss=0.13347][QuantReg:0.49652]
[Twitter] Starting epoch 80...
[Twitter] Elapsed training time:4.45s
[Twitter] Starting validation...
[Twitter] Elapsed validation time:0.20s
[Twitter] [Epoch=080] Train Loss=[QuantLoss=0.04219]Val loss = [QuantLoss=0.25727][QuantReg:0.49955]
[Twitter] Starting epoch 81...
[Twitter] Elapsed training time:4.64s
[Twitter] Starting validation...
[Twitter] Elapsed validation time:0.19s
[Twitter] [Epoch=081] Train Loss=[QuantLoss=0.04022]Val loss = [QuantLoss=0.11628][QuantReg:0.49919]
[Twitter] Starting epoch 82...
[Twitter] Elapsed training time:4.70s
[Twitter] Starting validation...
[Twitter] Elapsed validation time:0.23s
[Twitter] [Epoch=082] Train Loss=[QuantLoss=0.03795]Val loss = [QuantLoss=0.12182][QuantReg:0.49610]
[Twitter] Starting epoch 83...
[Twitter] Elapsed training time:4.88s
[Twitter] Starting validation...
[Twitter] Elapsed validation time:0.23s
[Twitter] [Epoch=083] Train Loss=[QuantLoss=0.03967]Val loss = [QuantLoss=0.12744][QuantReg:0.49570]
[Twitter] Starting epoch 84...
[Twitter] Elapsed training time:5.31s
[Twitter] Starting validation...
[Twitter] Elapsed validation time:0.22s
[Twitter] [Epoch=084] Train Loss=[QuantLoss=0.03916]Val loss = [QuantLoss=0.13409][QuantReg:0.49775]
[Twitter] Starting epoch 85...
[Twitter] Elapsed training time:5.15s
[Twitter] Starting validation...
[Twitter] Elapsed validation time:0.20s
[Twitter] [Epoch=085] Train Loss=[QuantLoss=0.03893]Val loss = [QuantLoss=0.10736][QuantReg:0.49790]
[Twitter] Starting epoch 86...
[Twitter] Elapsed training time:5.10s
[Twitter] Starting validation...
[Twitter] Elapsed validation time:0.20s
[Twitter] [Epoch=086] Train Loss=[QuantLoss=0.03904]Val loss = [QuantLoss=0.11807][QuantReg:0.49975]
[Twitter] Starting epoch 87...
[Twitter] Elapsed training time:5.03s
[Twitter] Starting validation...
[Twitter] Elapsed validation time:0.25s
[Twitter] [Epoch=087] Train Loss=[QuantLoss=0.03850]Val loss = [QuantLoss=0.10943][QuantReg:0.50271]
[Twitter] Starting epoch 88...
[Twitter] Elapsed training time:4.71s
[Twitter] Starting validation...
[Twitter] Elapsed validation time:0.24s
[Twitter] [Epoch=088] Train Loss=[QuantLoss=0.03917]Val loss = [QuantLoss=0.11593][QuantReg:0.49987]
[Twitter] Starting epoch 89...
[Twitter] Elapsed training time:4.54s
[Twitter] Starting validation...
[Twitter] Elapsed validation time:0.22s
[Twitter] [Epoch=089] Train Loss=[QuantLoss=0.04001]Val loss = [QuantLoss=0.13887][QuantReg:0.50300]
[Twitter] Starting epoch 90...
[Twitter] Elapsed training time:4.37s
[Twitter] Starting validation...
[Twitter] Elapsed validation time:0.24s
[Twitter] [Epoch=090] Train Loss=[QuantLoss=0.03713]Val loss = [QuantLoss=0.22165][QuantReg:0.50420]
[Twitter] Starting epoch 91...
[Twitter] Elapsed training time:4.29s
[Twitter] Starting validation...
[Twitter] Elapsed validation time:0.23s
[Twitter] [Epoch=091] Train Loss=[QuantLoss=0.03890]Val loss = [QuantLoss=0.21806][QuantReg:0.50384]
[Twitter] Starting epoch 92...
[Twitter] Elapsed training time:4.28s
[Twitter] Starting validation...
[Twitter] Elapsed validation time:0.23s
[Twitter] [Epoch=092] Train Loss=[QuantLoss=0.03799]Val loss = [QuantLoss=0.13088][QuantReg:0.50400]
[Twitter] Starting epoch 93...
[Twitter] Elapsed training time:4.24s
[Twitter] Starting validation...
[Twitter] Elapsed validation time:0.27s
[Twitter] [Epoch=093] Train Loss=[QuantLoss=0.03872]Val loss = [QuantLoss=0.13446][QuantReg:0.50079]
[Twitter] Starting epoch 94...
[Twitter] Elapsed training time:4.24s
[Twitter] Starting validation...
[Twitter] Elapsed validation time:0.23s
[Twitter] [Epoch=094] Train Loss=[QuantLoss=0.03805]Val loss = [QuantLoss=0.13934][QuantReg:0.50196]
[Twitter] Starting epoch 95...
[Twitter] Elapsed training time:4.27s
[Twitter] Starting validation...
[Twitter] Elapsed validation time:0.31s
[Twitter] [Epoch=095] Train Loss=[QuantLoss=0.03734]Val loss = [QuantLoss=0.11071][QuantReg:0.50330]
[Twitter] Starting epoch 96...
[Twitter] Elapsed training time:4.25s
[Twitter] Starting validation...
[Twitter] Elapsed validation time:0.35s
[Twitter] [Epoch=096] Train Loss=[QuantLoss=0.03871]Val loss = [QuantLoss=0.11903][QuantReg:0.50178]
[Twitter] Starting epoch 97...
[Twitter] Elapsed training time:4.39s
[Twitter] Starting validation...
[Twitter] Elapsed validation time:0.24s
[Twitter] [Epoch=097] Train Loss=[QuantLoss=0.03777]Val loss = [QuantLoss=0.10437][QuantReg:0.50208]
[Twitter] Starting epoch 98...
[Twitter] Elapsed training time:4.38s
[Twitter] Starting validation...
[Twitter] Elapsed validation time:0.34s
[Twitter] [Epoch=098] Train Loss=[QuantLoss=0.03973]Val loss = [QuantLoss=0.10695][QuantReg:0.50249]
[Twitter] Starting epoch 99...
[Twitter] Elapsed training time:4.37s
[Twitter] Starting validation...
[Twitter] Elapsed validation time:0.28s
[Twitter] [Epoch=099] Train Loss=[QuantLoss=0.03869]Val loss = [QuantLoss=0.11097][QuantReg:0.50128]
[Twitter] Starting epoch 100...
[Twitter] Elapsed training time:4.39s
[Twitter] Starting validation...
[Twitter] Elapsed validation time:0.38s
[Twitter] [Epoch=100] Train Loss=[QuantLoss=0.03724]Val loss = [QuantLoss=0.09946][QuantReg:0.50223]
[Twitter] Starting epoch 101...
[Twitter] Elapsed training time:4.27s
[Twitter] Starting validation...
[Twitter] Elapsed validation time:0.37s
[Twitter] [Epoch=101] Train Loss=[QuantLoss=0.03674]Val loss = [QuantLoss=0.09450][QuantReg:0.49883]
[Twitter] Starting epoch 102...
[Twitter] Elapsed training time:4.31s
[Twitter] Starting validation...
[Twitter] Elapsed validation time:0.35s
[Twitter] [Epoch=102] Train Loss=[QuantLoss=0.03651]Val loss = [QuantLoss=0.10463][QuantReg:0.50138]
[Twitter] Starting epoch 103...
[Twitter] Elapsed training time:4.30s
[Twitter] Starting validation...
[Twitter] Elapsed validation time:0.36s
[Twitter] [Epoch=103] Train Loss=[QuantLoss=0.03718]Val loss = [QuantLoss=0.09459][QuantReg:0.50156]
[Twitter] Starting epoch 104...
[Twitter] Elapsed training time:4.35s
[Twitter] Starting validation...
[Twitter] Elapsed validation time:0.35s
[Twitter] [Epoch=104] Train Loss=[QuantLoss=0.03623]Val loss = [QuantLoss=0.09934][QuantReg:0.50254]
[Twitter] Starting epoch 105...
[Twitter] Elapsed training time:4.44s
[Twitter] Starting validation...
[Twitter] Elapsed validation time:0.35s
[Twitter] [Epoch=105] Train Loss=[QuantLoss=0.03666]Val loss = [QuantLoss=0.09535][QuantReg:0.50131]
[Twitter] Starting epoch 106...
[Twitter] Elapsed training time:4.36s
[Twitter] Starting validation...
[Twitter] Elapsed validation time:0.37s
[Twitter] [Epoch=106] Train Loss=[QuantLoss=0.03751]Val loss = [QuantLoss=0.10457][QuantReg:0.50138]
[Twitter] Starting epoch 107...
[Twitter] Elapsed training time:4.47s
[Twitter] Starting validation...
[Twitter] Elapsed validation time:0.34s
[Twitter] [Epoch=107] Train Loss=[QuantLoss=0.03546]Val loss = [QuantLoss=0.10387][QuantReg:0.50127]
[Twitter] Starting epoch 108...
[Twitter] Elapsed training time:4.55s
[Twitter] Starting validation...
[Twitter] Elapsed validation time:0.38s
[Twitter] [Epoch=108] Train Loss=[QuantLoss=0.03684]Val loss = [QuantLoss=0.10800][QuantReg:0.50148]
[Twitter] Starting epoch 109...
[Twitter] Elapsed training time:4.35s
[Twitter] Starting validation...
[Twitter] Elapsed validation time:0.34s
[Twitter] [Epoch=109] Train Loss=[QuantLoss=0.03686]Val loss = [QuantLoss=0.10294][QuantReg:0.50183]
[Twitter] Starting epoch 110...
[Twitter] Elapsed training time:4.43s
[Twitter] Starting validation...
[Twitter] Elapsed validation time:0.36s
[Twitter] [Epoch=110] Train Loss=[QuantLoss=0.03658]Val loss = [QuantLoss=0.10703][QuantReg:0.50236]
[Twitter] Starting epoch 111...
[Twitter] Elapsed training time:4.41s
[Twitter] Starting validation...
[Twitter] Elapsed validation time:0.35s
[Twitter] [Epoch=111] Train Loss=[QuantLoss=0.03605]Val loss = [QuantLoss=0.08701][QuantReg:0.50119]
[Twitter] Starting epoch 112...
[Twitter] Elapsed training time:4.36s
[Twitter] Starting validation...
[Twitter] Elapsed validation time:0.34s
[Twitter] [Epoch=112] Train Loss=[QuantLoss=0.03725]Val loss = [QuantLoss=0.11026][QuantReg:0.49998]
[Twitter] Starting epoch 113...
[Twitter] Elapsed training time:4.49s
[Twitter] Starting validation...
[Twitter] Elapsed validation time:0.37s
[Twitter] [Epoch=113] Train Loss=[QuantLoss=0.03711]Val loss = [QuantLoss=0.12747][QuantReg:0.50078]
[Twitter] Starting epoch 114...
[Twitter] Elapsed training time:4.43s
[Twitter] Starting validation...
[Twitter] Elapsed validation time:0.35s
[Twitter] [Epoch=114] Train Loss=[QuantLoss=0.03718]Val loss = [QuantLoss=0.14342][QuantReg:0.49969]
[Twitter] Starting epoch 115...
[Twitter] Elapsed training time:4.37s
[Twitter] Starting validation...
[Twitter] Elapsed validation time:0.37s
[Twitter] [Epoch=115] Train Loss=[QuantLoss=0.03635]Val loss = [QuantLoss=0.13559][QuantReg:0.49938]
[Twitter] Starting epoch 116...
[Twitter] Elapsed training time:4.54s
[Twitter] Starting validation...
[Twitter] Elapsed validation time:0.34s
[Twitter] [Epoch=116] Train Loss=[QuantLoss=0.03524]Val loss = [QuantLoss=0.09853][QuantReg:0.49993]
[Twitter] Starting epoch 117...
[Twitter] Elapsed training time:4.23s
[Twitter] Starting validation...
[Twitter] Elapsed validation time:0.38s
[Twitter] [Epoch=117] Train Loss=[QuantLoss=0.03482]Val loss = [QuantLoss=0.09560][QuantReg:0.50183]
[Twitter] Starting epoch 118...
[Twitter] Elapsed training time:4.61s
[Twitter] Starting validation...
[Twitter] Elapsed validation time:0.34s
[Twitter] [Epoch=118] Train Loss=[QuantLoss=0.03587]Val loss = [QuantLoss=0.10380][QuantReg:0.50075]
[Twitter] Starting epoch 119...
[Twitter] Elapsed training time:4.96s
[Twitter] Starting validation...
[Twitter] Elapsed validation time:0.33s
[Twitter] [Epoch=119] Train Loss=[QuantLoss=0.03651]Val loss = [QuantLoss=0.10011][QuantReg:0.50206]
[Twitter] Starting epoch 120...
[Twitter] Elapsed training time:4.79s
[Twitter] Starting validation...
[Twitter] Elapsed validation time:0.33s
[Twitter] [Epoch=120] Train Loss=[QuantLoss=0.03564]Val loss = [QuantLoss=0.12132][QuantReg:0.50193]
[Twitter] Starting epoch 121...
[Twitter] Elapsed training time:5.00s
[Twitter] Starting validation...
[Twitter] Elapsed validation time:0.29s
[Twitter] [Epoch=121] Train Loss=[QuantLoss=0.03482]Val loss = [QuantLoss=0.12734][QuantReg:0.50007]
[Twitter] Starting epoch 122...
[Twitter] Elapsed training time:4.74s
[Twitter] Starting validation...
[Twitter] Elapsed validation time:0.31s
[Twitter] [Epoch=122] Train Loss=[QuantLoss=0.03549]Val loss = [QuantLoss=0.10630][QuantReg:0.50171]
[Twitter] Starting epoch 123...
[Twitter] Elapsed training time:4.47s
[Twitter] Starting validation...
[Twitter] Elapsed validation time:0.36s
[Twitter] [Epoch=123] Train Loss=[QuantLoss=0.03637]Val loss = [QuantLoss=0.11540][QuantReg:0.50578]
[Twitter] Starting epoch 124...
[Twitter] Elapsed training time:4.44s
[Twitter] Starting validation...
[Twitter] Elapsed validation time:0.28s
[Twitter] [Epoch=124] Train Loss=[QuantLoss=0.03586]Val loss = [QuantLoss=0.10174][QuantReg:0.50319]
[Twitter] Starting epoch 125...
[Twitter] Elapsed training time:3.46s
[Twitter] Starting validation...
[Twitter] Elapsed validation time:0.37s
[Twitter] [Epoch=125] Train Loss=[QuantLoss=0.03491]Val loss = [QuantLoss=0.10430][QuantReg:0.50271]
[Twitter] Starting epoch 126...
[Twitter] Elapsed training time:4.33s
[Twitter] Starting validation...
[Twitter] Elapsed validation time:0.37s
[Twitter] [Epoch=126] Train Loss=[QuantLoss=0.03462]Val loss = [QuantLoss=0.09944][QuantReg:0.50146]
[Twitter] Starting epoch 127...
[Twitter] Elapsed training time:4.29s
[Twitter] Starting validation...
[Twitter] Elapsed validation time:0.36s
[Twitter] [Epoch=127] Train Loss=[QuantLoss=0.03552]Val loss = [QuantLoss=0.09950][QuantReg:0.50128]
[Twitter] Starting epoch 128...
[Twitter] Elapsed training time:4.38s
[Twitter] Starting validation...
[Twitter] Elapsed validation time:0.35s
[Twitter] [Epoch=128] Train Loss=[QuantLoss=0.03506]Val loss = [QuantLoss=0.10676][QuantReg:0.50109]
[Twitter] Starting epoch 129...
[Twitter] Elapsed training time:4.39s
[Twitter] Starting validation...
[Twitter] Elapsed validation time:0.38s
[Twitter] [Epoch=129] Train Loss=[QuantLoss=0.03383]Val loss = [QuantLoss=0.11870][QuantReg:0.50170]
[Twitter] Starting epoch 130...
[Twitter] Elapsed training time:4.58s
[Twitter] Starting validation...
[Twitter] Elapsed validation time:0.35s
[Twitter] [Epoch=130] Train Loss=[QuantLoss=0.03458]Val loss = [QuantLoss=0.11398][QuantReg:0.50227]
[Twitter] Starting epoch 131...
[Twitter] Elapsed training time:4.52s
[Twitter] Starting validation...
[Twitter] Elapsed validation time:0.36s
[Twitter] [Epoch=131] Train Loss=[QuantLoss=0.03503]Val loss = [QuantLoss=0.10923][QuantReg:0.50090]
[Twitter] Starting epoch 132...
[Twitter] Elapsed training time:4.42s
[Twitter] Starting validation...
[Twitter] Elapsed validation time:0.39s
[Twitter] [Epoch=132] Train Loss=[QuantLoss=0.03369]Val loss = [QuantLoss=0.12992][QuantReg:0.50149]
[Twitter] Starting epoch 133...
[Twitter] Elapsed training time:4.60s
[Twitter] Starting validation...
[Twitter] Elapsed validation time:0.40s
[Twitter] [Epoch=133] Train Loss=[QuantLoss=0.03548]Val loss = [QuantLoss=0.12037][QuantReg:0.50173]
[Twitter] Starting epoch 134...
[Twitter] Elapsed training time:4.43s
[Twitter] Starting validation...
[Twitter] Elapsed validation time:0.35s
[Twitter] [Epoch=134] Train Loss=[QuantLoss=0.03429]Val loss = [QuantLoss=0.12117][QuantReg:0.50080]
[Twitter] Starting epoch 135...
[Twitter] Elapsed training time:4.70s
[Twitter] Starting validation...
[Twitter] Elapsed validation time:0.36s
[Twitter] [Epoch=135] Train Loss=[QuantLoss=0.03492]Val loss = [QuantLoss=0.12109][QuantReg:0.49970]
[Twitter] Starting epoch 136...
[Twitter] Elapsed training time:4.61s
[Twitter] Starting validation...
[Twitter] Elapsed validation time:0.36s
[Twitter] [Epoch=136] Train Loss=[QuantLoss=0.03484]Val loss = [QuantLoss=0.11221][QuantReg:0.49979]
[Twitter] Starting epoch 137...
[Twitter] Elapsed training time:4.72s
[Twitter] Starting validation...
[Twitter] Elapsed validation time:0.37s
[Twitter] [Epoch=137] Train Loss=[QuantLoss=0.03494]Val loss = [QuantLoss=0.11579][QuantReg:0.49792]
[Twitter] Starting epoch 138...
[Twitter] Elapsed training time:4.98s
[Twitter] Starting validation...
[Twitter] Elapsed validation time:0.35s
[Twitter] [Epoch=138] Train Loss=[QuantLoss=0.03498]Val loss = [QuantLoss=0.10889][QuantReg:0.49934]
[Twitter] Starting epoch 139...
[Twitter] Elapsed training time:4.87s
[Twitter] Starting validation...
[Twitter] Elapsed validation time:0.21s
[Twitter] [Epoch=139] Train Loss=[QuantLoss=0.03441]Val loss = [QuantLoss=0.10810][QuantReg:0.49954]
[Twitter] Starting epoch 140...
[Twitter] Elapsed training time:4.49s
[Twitter] Starting validation...
[Twitter] Elapsed validation time:0.21s
[Twitter] [Epoch=140] Train Loss=[QuantLoss=0.03414]Val loss = [QuantLoss=0.12068][QuantReg:0.49957]
[Twitter] Starting epoch 141...
[Twitter] Elapsed training time:4.61s
[Twitter] Starting validation...
[Twitter] Elapsed validation time:0.23s
[Twitter] [Epoch=141] Train Loss=[QuantLoss=0.03468]Val loss = [QuantLoss=0.12239][QuantReg:0.49869]
[Twitter] Starting epoch 142...
[Twitter] Elapsed training time:4.75s
[Twitter] Starting validation...
[Twitter] Elapsed validation time:0.22s
[Twitter] [Epoch=142] Train Loss=[QuantLoss=0.03483]Val loss = [QuantLoss=0.12536][QuantReg:0.49916]
[Twitter] Starting epoch 143...
[Twitter] Elapsed training time:4.78s
[Twitter] Starting validation...
[Twitter] Elapsed validation time:0.22s
[Twitter] [Epoch=143] Train Loss=[QuantLoss=0.03414]Val loss = [QuantLoss=0.11908][QuantReg:0.49738]
[Twitter] Starting epoch 144...
[Twitter] Elapsed training time:4.60s
[Twitter] Starting validation...
[Twitter] Elapsed validation time:0.22s
[Twitter] [Epoch=144] Train Loss=[QuantLoss=0.03577]Val loss = [QuantLoss=0.13062][QuantReg:0.49899]
[Twitter] Early stopping in epoch 144!
[Twitter] Restoring best model...
MAE médio por bag: 0.1548 ± 0.1137
Salvo em resultados_sanders/resultados_twitter_bert_kl_hardest_2.csv
Dataset: /home/nildaimon/gmnet/experiments/train_curl/Datasets/Sanders/twitter-sanders-apple3.csv
Dificuldade: metric=kl, mode=easiest, top_k=None
Rodada: 2
Salvar resultados em: resultados_sanders
Dispositivo de treino: cpu
Carregando e processando dataset Twitter
Carregando embeddings do cache...
/home/nildaimon/gmnet/experiments/train_curl/train_sanders.py:89: FutureWarning: You are using `torch.load` with `weights_only=False` (the current default value), which uses the default pickle module implicitly. It is possible to construct malicious pickle data which will execute arbitrary code during unpickling (See https://github.com/pytorch/pytorch/blob/main/SECURITY.md#untrusted-models for more details). In a future release, the default value for `weights_only` will be flipped to `True`. This limits the functions that could be executed during unpickling. Arbitrary objects will no longer be allowed to be loaded via this mode unless they are explicitly allowlisted by the user via `torch.serialization.add_safe_globals`. We recommend you start setting `weights_only=True` for any use case where you don't have full control of the loaded file. Please open an issue on GitHub for any issues related to this experimental feature.
  embeddings = torch.load(EMBEDDING_CACHE)
/home/nildaimon/gmnet/experiments/train_curl/train_sanders.py:90: FutureWarning: You are using `torch.load` with `weights_only=False` (the current default value), which uses the default pickle module implicitly. It is possible to construct malicious pickle data which will execute arbitrary code during unpickling (See https://github.com/pytorch/pytorch/blob/main/SECURITY.md#untrusted-models for more details). In a future release, the default value for `weights_only` will be flipped to `True`. This limits the functions that could be executed during unpickling. Arbitrary objects will no longer be allowed to be loaded via this mode unless they are explicitly allowlisted by the user via `torch.serialization.add_safe_globals`. We recommend you start setting `weights_only=True` for any use case where you don't have full control of the loaded file. Please open an issue on GitHub for any issues related to this experimental feature.
  labels = torch.load(LABELS_CACHE)
Ignoring val_split as train and val datasets where given to fit function
We have two datasets: training 1092 examples. validation 100 examples.]
Using device cpu
/home/nildaimon/anaconda3/envs/gmnet/lib/python3.12/site-packages/torch/optim/lr_scheduler.py:62: UserWarning: The verbose parameter is deprecated. Please use get_last_lr() to access the learning rate.
  warnings.warn(
/home/nildaimon/gmnet/dlquantification/main.py:835: FutureWarning: `torch.cuda.amp.GradScaler(args...)` is deprecated. Please use `torch.amp.GradScaler('cuda', args...)` instead.
  scaler = torch.cuda.amp.GradScaler(enabled=self.use_fp16)
[Twitter] Starting epoch 0...
/home/nildaimon/gmnet/dlquantification/main.py:888: FutureWarning: `torch.cuda.amp.autocast(args...)` is deprecated. Please use `torch.amp.autocast('cuda', args...)` instead.
  with torch.cuda.amp.autocast(enabled=self.use_fp16):
[Twitter] Elapsed training time:4.78s
[Twitter] Starting validation...
[Twitter] Elapsed validation time:0.19s
[Twitter] [Epoch=000] Train Loss=[QuantLoss=0.08508]Val loss = [QuantLoss=0.04216][QuantReg:0.50565][saved best model in this epoch]
[Twitter] Starting epoch 1...
[Twitter] Elapsed training time:4.70s
[Twitter] Starting validation...
[Twitter] Elapsed validation time:0.25s
[Twitter] [Epoch=001] Train Loss=[QuantLoss=0.09166]Val loss = [QuantLoss=0.11713][QuantReg:0.46812]
[Twitter] Starting epoch 2...
[Twitter] Elapsed training time:4.91s
[Twitter] Starting validation...
[Twitter] Elapsed validation time:0.22s
[Twitter] [Epoch=002] Train Loss=[QuantLoss=0.09542]Val loss = [QuantLoss=0.03015][QuantReg:0.45653][saved best model in this epoch]
[Twitter] Starting epoch 3...
[Twitter] Elapsed training time:5.08s
[Twitter] Starting validation...
[Twitter] Elapsed validation time:0.20s
[Twitter] [Epoch=003] Train Loss=[QuantLoss=0.07516]Val loss = [QuantLoss=0.04021][QuantReg:0.48609]
[Twitter] Starting epoch 4...
[Twitter] Elapsed training time:5.26s
[Twitter] Starting validation...
[Twitter] Elapsed validation time:0.28s
[Twitter] [Epoch=004] Train Loss=[QuantLoss=0.07170]Val loss = [QuantLoss=0.02633][QuantReg:0.46812][saved best model in this epoch]
[Twitter] Starting epoch 5...
[Twitter] Elapsed training time:4.72s
[Twitter] Starting validation...
[Twitter] Elapsed validation time:0.21s
[Twitter] [Epoch=005] Train Loss=[QuantLoss=0.06306]Val loss = [QuantLoss=0.08765][QuantReg:0.43758]
[Twitter] Starting epoch 6...
[Twitter] Elapsed training time:5.07s
[Twitter] Starting validation...
[Twitter] Elapsed validation time:0.22s
[Twitter] [Epoch=006] Train Loss=[QuantLoss=0.06879]Val loss = [QuantLoss=0.12653][QuantReg:0.44452]
[Twitter] Starting epoch 7...
[Twitter] Elapsed training time:4.95s
[Twitter] Starting validation...
[Twitter] Elapsed validation time:0.23s
[Twitter] [Epoch=007] Train Loss=[QuantLoss=0.06280]Val loss = [QuantLoss=0.09373][QuantReg:0.45888]
[Twitter] Starting epoch 8...
[Twitter] Elapsed training time:4.72s
[Twitter] Starting validation...
[Twitter] Elapsed validation time:0.26s
[Twitter] [Epoch=008] Train Loss=[QuantLoss=0.06273]Val loss = [QuantLoss=0.10530][QuantReg:0.44377]
[Twitter] Starting epoch 9...
[Twitter] Elapsed training time:4.54s
[Twitter] Starting validation...
[Twitter] Elapsed validation time:0.22s
[Twitter] [Epoch=009] Train Loss=[QuantLoss=0.06750]Val loss = [QuantLoss=0.11037][QuantReg:0.44422]
[Twitter] Starting epoch 10...
[Twitter] Elapsed training time:4.54s
[Twitter] Starting validation...
[Twitter] Elapsed validation time:0.26s
[Twitter] [Epoch=010] Train Loss=[QuantLoss=0.05832]Val loss = [QuantLoss=0.13728][QuantReg:0.41763]
[Twitter] Starting epoch 11...
[Twitter] Elapsed training time:4.28s
[Twitter] Starting validation...
[Twitter] Elapsed validation time:0.23s
[Twitter] [Epoch=011] Train Loss=[QuantLoss=0.06806]Val loss = [QuantLoss=0.10985][QuantReg:0.40607]
[Twitter] Starting epoch 12...
[Twitter] Elapsed training time:4.24s
[Twitter] Starting validation...
[Twitter] Elapsed validation time:0.29s
[Twitter] [Epoch=012] Train Loss=[QuantLoss=0.06614]Val loss = [QuantLoss=0.10690][QuantReg:0.41258]
[Twitter] Starting epoch 13...
[Twitter] Elapsed training time:4.24s
[Twitter] Starting validation...
[Twitter] Elapsed validation time:0.24s
[Twitter] [Epoch=013] Train Loss=[QuantLoss=0.06974]Val loss = [QuantLoss=0.12748][QuantReg:0.41667]
[Twitter] Starting epoch 14...
[Twitter] Elapsed training time:4.21s
[Twitter] Starting validation...
[Twitter] Elapsed validation time:0.26s
[Twitter] [Epoch=014] Train Loss=[QuantLoss=0.06487]Val loss = [QuantLoss=0.10112][QuantReg:0.40529]
[Twitter] Starting epoch 15...
[Twitter] Elapsed training time:4.28s
[Twitter] Starting validation...
[Twitter] Elapsed validation time:0.25s
[Twitter] [Epoch=015] Train Loss=[QuantLoss=0.06771]Val loss = [QuantLoss=0.11823][QuantReg:0.40430]
[Twitter] Starting epoch 16...
[Twitter] Elapsed training time:4.25s
[Twitter] Starting validation...
[Twitter] Elapsed validation time:0.24s
[Twitter] [Epoch=016] Train Loss=[QuantLoss=0.07338]Val loss = [QuantLoss=0.13843][QuantReg:0.41704]
[Twitter] Starting epoch 17...
[Twitter] Elapsed training time:4.24s
[Twitter] Starting validation...
[Twitter] Elapsed validation time:0.25s
[Twitter] [Epoch=017] Train Loss=[QuantLoss=0.06518]Val loss = [QuantLoss=0.15896][QuantReg:0.40206]
[Twitter] Starting epoch 18...
[Twitter] Elapsed training time:4.32s
[Twitter] Starting validation...
[Twitter] Elapsed validation time:0.24s
[Twitter] [Epoch=018] Train Loss=[QuantLoss=0.06781]Val loss = [QuantLoss=0.06625][QuantReg:0.40100]
[Twitter] Starting epoch 19...
[Twitter] Elapsed training time:4.33s
[Twitter] Starting validation...
[Twitter] Elapsed validation time:0.25s
[Twitter] [Epoch=019] Train Loss=[QuantLoss=0.05885]Val loss = [QuantLoss=0.14275][QuantReg:0.39245]
[Twitter] Starting epoch 20...
[Twitter] Elapsed training time:4.32s
[Twitter] Starting validation...
[Twitter] Elapsed validation time:0.24s
[Twitter] [Epoch=020] Train Loss=[QuantLoss=0.06345]Val loss = [QuantLoss=0.07380][QuantReg:0.40200]
[Twitter] Starting epoch 21...
[Twitter] Elapsed training time:4.26s
[Twitter] Starting validation...
[Twitter] Elapsed validation time:0.24s
[Twitter] [Epoch=021] Train Loss=[QuantLoss=0.06105]Val loss = [QuantLoss=0.09811][QuantReg:0.39533]
[Twitter] Starting epoch 22...
[Twitter] Elapsed training time:4.33s
[Twitter] Starting validation...
[Twitter] Elapsed validation time:0.27s
[Twitter] [Epoch=022] Train Loss=[QuantLoss=0.05638]Val loss = [QuantLoss=0.09385][QuantReg:0.38480]
[Twitter] Starting epoch 23...
[Twitter] Elapsed training time:4.34s
[Twitter] Starting validation...
[Twitter] Elapsed validation time:0.23s
[Twitter] [Epoch=023] Train Loss=[QuantLoss=0.06417]Val loss = [QuantLoss=0.08547][QuantReg:0.38874]
[Twitter] Starting epoch 24...
[Twitter] Elapsed training time:4.32s
[Twitter] Starting validation...
[Twitter] Elapsed validation time:0.28s
[Twitter] [Epoch=024] Train Loss=[QuantLoss=0.07110]Val loss = [QuantLoss=0.11148][QuantReg:0.38800]
[Twitter] Starting epoch 25...
[Twitter] Elapsed training time:4.37s
[Twitter] Starting validation...
[Twitter] Elapsed validation time:0.23s
[Twitter] [Epoch=025] Train Loss=[QuantLoss=0.05888]Val loss = [QuantLoss=0.11231][QuantReg:0.38626]
[Twitter] Starting epoch 26...
[Twitter] Elapsed training time:4.48s
[Twitter] Starting validation...
[Twitter] Elapsed validation time:0.23s
[Twitter] [Epoch=026] Train Loss=[QuantLoss=0.05642]Val loss = [QuantLoss=0.05851][QuantReg:0.38138]
[Twitter] Starting epoch 27...
[Twitter] Elapsed training time:4.37s
[Twitter] Starting validation...
[Twitter] Elapsed validation time:0.37s
[Twitter] [Epoch=027] Train Loss=[QuantLoss=0.05631]Val loss = [QuantLoss=0.07684][QuantReg:0.38037]
[Twitter] Starting epoch 28...
[Twitter] Elapsed training time:4.24s
[Twitter] Starting validation...
[Twitter] Elapsed validation time:0.21s
[Twitter] [Epoch=028] Train Loss=[QuantLoss=0.05286]Val loss = [QuantLoss=0.08736][QuantReg:0.39300]
[Twitter] Starting epoch 29...
[Twitter] Elapsed training time:4.14s
[Twitter] Starting validation...
[Twitter] Elapsed validation time:0.40s
[Twitter] [Epoch=029] Train Loss=[QuantLoss=0.05417]Val loss = [QuantLoss=0.12512][QuantReg:0.39671]
[Twitter] Starting epoch 30...
[Twitter] Elapsed training time:4.22s
[Twitter] Starting validation...
[Twitter] Elapsed validation time:0.40s
[Twitter] [Epoch=030] Train Loss=[QuantLoss=0.05234]Val loss = [QuantLoss=0.09686][QuantReg:0.38825]
[Twitter] Starting epoch 31...
[Twitter] Elapsed training time:4.24s
[Twitter] Starting validation...
[Twitter] Elapsed validation time:0.36s
[Twitter] [Epoch=031] Train Loss=[QuantLoss=0.04917]Val loss = [QuantLoss=0.12835][QuantReg:0.38590]
[Twitter] Starting epoch 32...
[Twitter] Elapsed training time:4.33s
[Twitter] Starting validation...
[Twitter] Elapsed validation time:0.39s
[Twitter] [Epoch=032] Train Loss=[QuantLoss=0.04909]Val loss = [QuantLoss=0.09159][QuantReg:0.38809]
[Twitter] Starting epoch 33...
[Twitter] Elapsed training time:4.27s
[Twitter] Starting validation...
[Twitter] Elapsed validation time:0.36s
[Twitter] [Epoch=033] Train Loss=[QuantLoss=0.05031]Val loss = [QuantLoss=0.08189][QuantReg:0.39160]
[Twitter] Starting epoch 34...
[Twitter] Elapsed training time:4.28s
[Twitter] Starting validation...
[Twitter] Elapsed validation time:0.36s
[Twitter] [Epoch=034] Train Loss=[QuantLoss=0.05788]Val loss = [QuantLoss=0.06431][QuantReg:0.39498]
[Twitter] Starting epoch 35...
[Twitter] Elapsed training time:4.28s
[Twitter] Starting validation...
[Twitter] Elapsed validation time:0.34s
[Twitter] [Epoch=035] Train Loss=[QuantLoss=0.04848]Val loss = [QuantLoss=0.07127][QuantReg:0.39468]
[Twitter] Starting epoch 36...
[Twitter] Elapsed training time:4.62s
[Twitter] Starting validation...
[Twitter] Elapsed validation time:0.31s
[Twitter] [Epoch=036] Train Loss=[QuantLoss=0.05082]Val loss = [QuantLoss=0.03355][QuantReg:0.39347]
[Twitter] Starting epoch 37...
[Twitter] Elapsed training time:4.69s
[Twitter] Starting validation...
[Twitter] Elapsed validation time:0.30s
[Twitter] [Epoch=037] Train Loss=[QuantLoss=0.04531]Val loss = [QuantLoss=0.09934][QuantReg:0.39552]
[Twitter] Starting epoch 38...
[Twitter] Elapsed training time:4.52s
[Twitter] Starting validation...
[Twitter] Elapsed validation time:0.30s
[Twitter] [Epoch=038] Train Loss=[QuantLoss=0.05468]Val loss = [QuantLoss=0.12283][QuantReg:0.39622]
[Twitter] Starting epoch 39...
[Twitter] Elapsed training time:4.44s
[Twitter] Starting validation...
[Twitter] Elapsed validation time:0.30s
[Twitter] [Epoch=039] Train Loss=[QuantLoss=0.04975]Val loss = [QuantLoss=0.08134][QuantReg:0.39677]
[Twitter] Starting epoch 40...
[Twitter] Elapsed training time:4.41s
[Twitter] Starting validation...
[Twitter] Elapsed validation time:0.34s
[Twitter] [Epoch=040] Train Loss=[QuantLoss=0.04700]Val loss = [QuantLoss=0.07128][QuantReg:0.39997]
[Twitter] Starting epoch 41...
[Twitter] Elapsed training time:4.68s
[Twitter] Starting validation...
[Twitter] Elapsed validation time:0.30s
[Twitter] [Epoch=041] Train Loss=[QuantLoss=0.04611]Val loss = [QuantLoss=0.08345][QuantReg:0.39565]
[Twitter] Starting epoch 42...
[Twitter] Elapsed training time:4.73s
[Twitter] Starting validation...
[Twitter] Elapsed validation time:0.30s
[Twitter] [Epoch=042] Train Loss=[QuantLoss=0.04460]Val loss = [QuantLoss=0.07159][QuantReg:0.38979]
[Twitter] Starting epoch 43...
[Twitter] Elapsed training time:4.52s
[Twitter] Starting validation...
[Twitter] Elapsed validation time:0.30s
[Twitter] [Epoch=043] Train Loss=[QuantLoss=0.04914]Val loss = [QuantLoss=0.12083][QuantReg:0.39389]
[Twitter] Starting epoch 44...
[Twitter] Elapsed training time:4.45s
[Twitter] Starting validation...
[Twitter] Elapsed validation time:0.35s
[Twitter] [Epoch=044] Train Loss=[QuantLoss=0.04691]Val loss = [QuantLoss=0.11794][QuantReg:0.39168]
[Twitter] Starting epoch 45...
[Twitter] Elapsed training time:4.50s
[Twitter] Starting validation...
[Twitter] Elapsed validation time:0.31s
[Twitter] [Epoch=045] Train Loss=[QuantLoss=0.05036]Val loss = [QuantLoss=0.11054][QuantReg:0.38996]
[Twitter] Starting epoch 46...
[Twitter] Elapsed training time:4.53s
[Twitter] Starting validation...
[Twitter] Elapsed validation time:0.34s
[Twitter] [Epoch=046] Train Loss=[QuantLoss=0.05045]Val loss = [QuantLoss=0.13345][QuantReg:0.39110]
[Twitter] Starting epoch 47...
[Twitter] Elapsed training time:4.27s
[Twitter] Starting validation...
[Twitter] Elapsed validation time:0.37s
[Twitter] [Epoch=047] Train Loss=[QuantLoss=0.05199]Val loss = [QuantLoss=0.05790][QuantReg:0.39121]
[Twitter] Starting epoch 48...
[Twitter] Elapsed training time:4.21s
[Twitter] Starting validation...
[Twitter] Elapsed validation time:0.35s
[Twitter] [Epoch=048] Train Loss=[QuantLoss=0.04677]Val loss = [QuantLoss=0.06633][QuantReg:0.39051]
[Twitter] Starting epoch 49...
[Twitter] Elapsed training time:4.16s
[Twitter] Starting validation...
[Twitter] Elapsed validation time:0.34s
[Twitter] [Epoch=049] Train Loss=[QuantLoss=0.04427]Val loss = [QuantLoss=0.06029][QuantReg:0.39065]
[Twitter] Starting epoch 50...
[Twitter] Elapsed training time:4.22s
[Twitter] Starting validation...
[Twitter] Elapsed validation time:0.36s
[Twitter] [Epoch=050] Train Loss=[QuantLoss=0.05198]Val loss = [QuantLoss=0.05314][QuantReg:0.38954]
[Twitter] Starting epoch 51...
[Twitter] Elapsed training time:4.27s
[Twitter] Starting validation...
[Twitter] Elapsed validation time:0.34s
[Twitter] [Epoch=051] Train Loss=[QuantLoss=0.04227]Val loss = [QuantLoss=0.05558][QuantReg:0.39117]
[Twitter] Starting epoch 52...
[Twitter] Elapsed training time:4.18s
[Twitter] Starting validation...
[Twitter] Elapsed validation time:0.35s
[Twitter] [Epoch=052] Train Loss=[QuantLoss=0.04394]Val loss = [QuantLoss=0.03432][QuantReg:0.39052]
[Twitter] Starting epoch 53...
[Twitter] Elapsed training time:4.33s
[Twitter] Starting validation...
[Twitter] Elapsed validation time:0.37s
[Twitter] [Epoch=053] Train Loss=[QuantLoss=0.04397]Val loss = [QuantLoss=0.05899][QuantReg:0.39047]
[Twitter] Starting epoch 54...
[Twitter] Elapsed training time:4.22s
[Twitter] Starting validation...
[Twitter] Elapsed validation time:0.35s
[Twitter] [Epoch=054] Train Loss=[QuantLoss=0.04481]Val loss = [QuantLoss=0.04647][QuantReg:0.39591]
[Twitter] Starting epoch 55...
[Twitter] Elapsed training time:4.27s
[Twitter] Starting validation...
[Twitter] Elapsed validation time:0.34s
[Twitter] [Epoch=055] Train Loss=[QuantLoss=0.04396]Val loss = [QuantLoss=0.05347][QuantReg:0.39952]
[Twitter] Starting epoch 56...
[Twitter] Elapsed training time:4.37s
[Twitter] Starting validation...
[Twitter] Elapsed validation time:0.36s
[Twitter] [Epoch=056] Train Loss=[QuantLoss=0.04104]Val loss = [QuantLoss=0.06657][QuantReg:0.39991]
[Twitter] Starting epoch 57...
[Twitter] Elapsed training time:4.38s
[Twitter] Starting validation...
[Twitter] Elapsed validation time:0.37s
[Twitter] [Epoch=057] Train Loss=[QuantLoss=0.04424]Val loss = [QuantLoss=0.08363][QuantReg:0.40028]
[Twitter] Starting epoch 58...
[Twitter] Elapsed training time:4.38s
[Twitter] Starting validation...
[Twitter] Elapsed validation time:0.33s
[Twitter] [Epoch=058] Train Loss=[QuantLoss=0.04193]Val loss = [QuantLoss=0.07417][QuantReg:0.39659]
[Twitter] Starting epoch 59...
[Twitter] Elapsed training time:4.37s
[Twitter] Starting validation...
[Twitter] Elapsed validation time:0.37s
[Twitter] [Epoch=059] Train Loss=[QuantLoss=0.04144]Val loss = [QuantLoss=0.07747][QuantReg:0.39810]
[Twitter] Starting epoch 60...
[Twitter] Elapsed training time:4.44s
[Twitter] Starting validation...
[Twitter] Elapsed validation time:0.39s
[Twitter] [Epoch=060] Train Loss=[QuantLoss=0.04059]Val loss = [QuantLoss=0.06375][QuantReg:0.40124]
[Twitter] Starting epoch 61...
[Twitter] Elapsed training time:4.44s
[Twitter] Starting validation...
[Twitter] Elapsed validation time:0.35s
[Twitter] [Epoch=061] Train Loss=[QuantLoss=0.04144]Val loss = [QuantLoss=0.02894][QuantReg:0.40090]
[Twitter] Starting epoch 62...
[Twitter] Elapsed training time:4.34s
[Twitter] Starting validation...
[Twitter] Elapsed validation time:0.36s
[Twitter] [Epoch=062] Train Loss=[QuantLoss=0.04171]Val loss = [QuantLoss=0.04181][QuantReg:0.40013]
[Twitter] Starting epoch 63...
[Twitter] Elapsed training time:4.48s
[Twitter] Starting validation...
[Twitter] Elapsed validation time:0.36s
[Twitter] [Epoch=063] Train Loss=[QuantLoss=0.04153]Val loss = [QuantLoss=0.07230][QuantReg:0.40027]
[Twitter] Starting epoch 64...
[Twitter] Elapsed training time:4.72s
[Twitter] Starting validation...
[Twitter] Elapsed validation time:0.32s
[Twitter] [Epoch=064] Train Loss=[QuantLoss=0.04000]Val loss = [QuantLoss=0.03331][QuantReg:0.39928]
[Twitter] Starting epoch 65...
[Twitter] Elapsed training time:4.65s
[Twitter] Starting validation...
[Twitter] Elapsed validation time:0.31s
[Twitter] [Epoch=065] Train Loss=[QuantLoss=0.03877]Val loss = [QuantLoss=0.09667][QuantReg:0.39920]
[Twitter] Starting epoch 66...
[Twitter] Elapsed training time:4.77s
[Twitter] Starting validation...
[Twitter] Elapsed validation time:0.34s
[Twitter] [Epoch=066] Train Loss=[QuantLoss=0.04103]Val loss = [QuantLoss=0.05721][QuantReg:0.39597]
[Twitter] Starting epoch 67...
[Twitter] Elapsed training time:4.94s
[Twitter] Starting validation...
[Twitter] Elapsed validation time:0.23s
[Twitter] [Epoch=067] Train Loss=[QuantLoss=0.04083]Val loss = [QuantLoss=0.09851][QuantReg:0.39328]
[Twitter] Starting epoch 68...
[Twitter] Elapsed training time:4.83s
[Twitter] Starting validation...
[Twitter] Elapsed validation time:0.23s
[Twitter] [Epoch=068] Train Loss=[QuantLoss=0.03911]Val loss = [QuantLoss=0.09118][QuantReg:0.39057]
[Twitter] Starting epoch 69...
[Twitter] Elapsed training time:4.52s
[Twitter] Starting validation...
[Twitter] Elapsed validation time:0.23s
[Twitter] [Epoch=069] Train Loss=[QuantLoss=0.03940]Val loss = [QuantLoss=0.10631][QuantReg:0.39050]
[Twitter] Starting epoch 70...
[Twitter] Elapsed training time:4.75s
[Twitter] Starting validation...
[Twitter] Elapsed validation time:0.24s
[Twitter] [Epoch=070] Train Loss=[QuantLoss=0.03801]Val loss = [QuantLoss=0.11289][QuantReg:0.39145]
[Twitter] Starting epoch 71...
[Twitter] Elapsed training time:4.77s
[Twitter] Starting validation...
[Twitter] Elapsed validation time:0.25s
[Twitter] [Epoch=071] Train Loss=[QuantLoss=0.03716]Val loss = [QuantLoss=0.09841][QuantReg:0.39331]
[Twitter] Starting epoch 72...
[Twitter] Elapsed training time:4.79s
[Twitter] Starting validation...
[Twitter] Elapsed validation time:0.20s
[Twitter] [Epoch=072] Train Loss=[QuantLoss=0.03940]Val loss = [QuantLoss=0.08174][QuantReg:0.39339]
[Twitter] Starting epoch 73...
[Twitter] Elapsed training time:5.01s
[Twitter] Starting validation...
[Twitter] Elapsed validation time:0.23s
[Twitter] [Epoch=073] Train Loss=[QuantLoss=0.04048]Val loss = [QuantLoss=0.08911][QuantReg:0.39407]
[Twitter] Starting epoch 74...
[Twitter] Elapsed training time:4.96s
[Twitter] Starting validation...
[Twitter] Elapsed validation time:0.21s
[Twitter] [Epoch=074] Train Loss=[QuantLoss=0.03882]Val loss = [QuantLoss=0.07775][QuantReg:0.39514]
[Twitter] Starting epoch 75...
[Twitter] Elapsed training time:4.88s
[Twitter] Starting validation...
[Twitter] Elapsed validation time:0.22s
[Twitter] [Epoch=075] Train Loss=[QuantLoss=0.03788]Val loss = [QuantLoss=0.07023][QuantReg:0.39585]
[Twitter] Starting epoch 76...
[Twitter] Elapsed training time:4.80s
[Twitter] Starting validation...
[Twitter] Elapsed validation time:0.23s
[Twitter] [Epoch=076] Train Loss=[QuantLoss=0.03760]Val loss = [QuantLoss=0.06564][QuantReg:0.39565]
[Twitter] Starting epoch 77...
[Twitter] Elapsed training time:4.80s
[Twitter] Starting validation...
[Twitter] Elapsed validation time:0.26s
[Twitter] [Epoch=077] Train Loss=[QuantLoss=0.04193]Val loss = [QuantLoss=0.08858][QuantReg:0.39339]
[Twitter] Starting epoch 78...
[Twitter] Elapsed training time:4.91s
[Twitter] Starting validation...
[Twitter] Elapsed validation time:0.23s
[Twitter] [Epoch=078] Train Loss=[QuantLoss=0.03686]Val loss = [QuantLoss=0.08738][QuantReg:0.39638]
[Twitter] Starting epoch 79...
[Twitter] Elapsed training time:5.04s
[Twitter] Starting validation...
[Twitter] Elapsed validation time:0.22s
[Twitter] [Epoch=079] Train Loss=[QuantLoss=0.03985]Val loss = [QuantLoss=0.08440][QuantReg:0.39442]
[Twitter] Starting epoch 80...
[Twitter] Elapsed training time:4.90s
[Twitter] Starting validation...
[Twitter] Elapsed validation time:0.20s
[Twitter] [Epoch=080] Train Loss=[QuantLoss=0.03714]Val loss = [QuantLoss=0.08525][QuantReg:0.39430]
[Twitter] Starting epoch 81...
[Twitter] Elapsed training time:4.77s
[Twitter] Starting validation...
[Twitter] Elapsed validation time:0.20s
[Twitter] [Epoch=081] Train Loss=[QuantLoss=0.03799]Val loss = [QuantLoss=0.08285][QuantReg:0.39450]
[Twitter] Starting epoch 82...
[Twitter] Elapsed training time:4.80s
[Twitter] Starting validation...
[Twitter] Elapsed validation time:0.21s
[Twitter] [Epoch=082] Train Loss=[QuantLoss=0.04417]Val loss = [QuantLoss=0.08298][QuantReg:0.39123]
[Twitter] Starting epoch 83...
[Twitter] Elapsed training time:4.42s
[Twitter] Starting validation...
[Twitter] Elapsed validation time:0.24s
[Twitter] [Epoch=083] Train Loss=[QuantLoss=0.03704]Val loss = [QuantLoss=0.09038][QuantReg:0.39027]
[Twitter] Starting epoch 84...
[Twitter] Elapsed training time:4.46s
[Twitter] Starting validation...
[Twitter] Elapsed validation time:0.24s
[Twitter] [Epoch=084] Train Loss=[QuantLoss=0.03913]Val loss = [QuantLoss=0.09712][QuantReg:0.39128]
[Twitter] Starting epoch 85...
[Twitter] Elapsed training time:4.33s
[Twitter] Starting validation...
[Twitter] Elapsed validation time:0.26s
[Twitter] [Epoch=085] Train Loss=[QuantLoss=0.03744]Val loss = [QuantLoss=0.07944][QuantReg:0.39087]
[Twitter] Starting epoch 86...
[Twitter] Elapsed training time:4.26s
[Twitter] Starting validation...
[Twitter] Elapsed validation time:0.22s
[Twitter] [Epoch=086] Train Loss=[QuantLoss=0.03553]Val loss = [QuantLoss=0.07924][QuantReg:0.39138]
[Twitter] Starting epoch 87...
[Twitter] Elapsed training time:4.27s
[Twitter] Starting validation...
[Twitter] Elapsed validation time:0.23s
[Twitter] [Epoch=087] Train Loss=[QuantLoss=0.03578]Val loss = [QuantLoss=0.06399][QuantReg:0.39268]
[Twitter] Starting epoch 88...
[Twitter] Elapsed training time:4.22s
[Twitter] Starting validation...
[Twitter] Elapsed validation time:0.24s
[Twitter] [Epoch=088] Train Loss=[QuantLoss=0.03651]Val loss = [QuantLoss=0.07684][QuantReg:0.39167]
[Twitter] Starting epoch 89...
[Twitter] Elapsed training time:4.20s
[Twitter] Starting validation...
[Twitter] Elapsed validation time:0.23s
[Twitter] [Epoch=089] Train Loss=[QuantLoss=0.03629]Val loss = [QuantLoss=0.05731][QuantReg:0.39260]
[Twitter] Starting epoch 90...
[Twitter] Elapsed training time:4.17s
[Twitter] Starting validation...
[Twitter] Elapsed validation time:0.24s
[Twitter] [Epoch=090] Train Loss=[QuantLoss=0.03306]Val loss = [QuantLoss=0.06568][QuantReg:0.39401]
[Twitter] Starting epoch 91...
[Twitter] Elapsed training time:4.24s
[Twitter] Starting validation...
[Twitter] Elapsed validation time:0.24s
[Twitter] [Epoch=091] Train Loss=[QuantLoss=0.03525]Val loss = [QuantLoss=0.05663][QuantReg:0.39553]
[Twitter] Starting epoch 92...
[Twitter] Elapsed training time:4.23s
[Twitter] Starting validation...
[Twitter] Elapsed validation time:0.26s
[Twitter] [Epoch=092] Train Loss=[QuantLoss=0.03593]Val loss = [QuantLoss=0.07087][QuantReg:0.39564]
[Twitter] Starting epoch 93...
[Twitter] Elapsed training time:4.32s
[Twitter] Starting validation...
[Twitter] Elapsed validation time:0.23s
[Twitter] [Epoch=093] Train Loss=[QuantLoss=0.03909]Val loss = [QuantLoss=0.05647][QuantReg:0.39494]
[Twitter] Starting epoch 94...
[Twitter] Elapsed training time:4.26s
[Twitter] Starting validation...
[Twitter] Elapsed validation time:0.23s
[Twitter] [Epoch=094] Train Loss=[QuantLoss=0.03553]Val loss = [QuantLoss=0.06989][QuantReg:0.39359]
[Twitter] Starting epoch 95...
[Twitter] Elapsed training time:4.29s
[Twitter] Starting validation...
[Twitter] Elapsed validation time:0.24s
[Twitter] [Epoch=095] Train Loss=[QuantLoss=0.03508]Val loss = [QuantLoss=0.07158][QuantReg:0.39475]
[Twitter] Starting epoch 96...
[Twitter] Elapsed training time:4.42s
[Twitter] Starting validation...
[Twitter] Elapsed validation time:0.24s
[Twitter] [Epoch=096] Train Loss=[QuantLoss=0.04167]Val loss = [QuantLoss=0.07390][QuantReg:0.39358]
[Twitter] Starting epoch 97...
[Twitter] Elapsed training time:4.41s
[Twitter] Starting validation...
[Twitter] Elapsed validation time:0.23s
[Twitter] [Epoch=097] Train Loss=[QuantLoss=0.04067]Val loss = [QuantLoss=0.06596][QuantReg:0.39241]
[Twitter] Starting epoch 98...
[Twitter] Elapsed training time:4.35s
[Twitter] Starting validation...
[Twitter] Elapsed validation time:0.24s
[Twitter] [Epoch=098] Train Loss=[QuantLoss=0.03624]Val loss = [QuantLoss=0.06490][QuantReg:0.39183]
[Twitter] Starting epoch 99...
[Twitter] Elapsed training time:4.32s
[Twitter] Starting validation...
[Twitter] Elapsed validation time:0.23s
[Twitter] [Epoch=099] Train Loss=[QuantLoss=0.03526]Val loss = [QuantLoss=0.05952][QuantReg:0.39400]
[Twitter] Starting epoch 100...
[Twitter] Elapsed training time:4.10s
[Twitter] Starting validation...
[Twitter] Elapsed validation time:0.23s
[Twitter] [Epoch=100] Train Loss=[QuantLoss=0.03418]Val loss = [QuantLoss=0.06358][QuantReg:0.39451]
[Twitter] Starting epoch 101...
[Twitter] Elapsed training time:4.12s
[Twitter] Starting validation...
[Twitter] Elapsed validation time:0.21s
[Twitter] [Epoch=101] Train Loss=[QuantLoss=0.03372]Val loss = [QuantLoss=0.05824][QuantReg:0.39421]
[Twitter] Starting epoch 102...
[Twitter] Elapsed training time:4.14s
[Twitter] Starting validation...
[Twitter] Elapsed validation time:0.25s
[Twitter] [Epoch=102] Train Loss=[QuantLoss=0.03515]Val loss = [QuantLoss=0.05809][QuantReg:0.39324]
[Twitter] Starting epoch 103...
[Twitter] Elapsed training time:4.30s
[Twitter] Starting validation...
[Twitter] Elapsed validation time:0.36s
[Twitter] [Epoch=103] Train Loss=[QuantLoss=0.03423]Val loss = [QuantLoss=0.06582][QuantReg:0.39264]
[Twitter] Starting epoch 104...
[Twitter] Elapsed training time:4.23s
[Twitter] Starting validation...
[Twitter] Elapsed validation time:0.20s
[Twitter] [Epoch=104] Train Loss=[QuantLoss=0.03425]Val loss = [QuantLoss=0.06440][QuantReg:0.39379]
[Twitter] Starting epoch 105...
[Twitter] Elapsed training time:4.36s
[Twitter] Starting validation...
[Twitter] Elapsed validation time:0.32s
[Twitter] [Epoch=105] Train Loss=[QuantLoss=0.03535]Val loss = [QuantLoss=0.07871][QuantReg:0.39192]
[Twitter] Starting epoch 106...
[Twitter] Elapsed training time:4.35s
[Twitter] Starting validation...
[Twitter] Elapsed validation time:0.29s
[Twitter] [Epoch=106] Train Loss=[QuantLoss=0.03570]Val loss = [QuantLoss=0.06752][QuantReg:0.39149]
[Twitter] Starting epoch 107...
[Twitter] Elapsed training time:4.37s
[Twitter] Starting validation...
[Twitter] Elapsed validation time:0.32s
[Twitter] [Epoch=107] Train Loss=[QuantLoss=0.03338]Val loss = [QuantLoss=0.07356][QuantReg:0.39064]
[Twitter] Starting epoch 108...
[Twitter] Elapsed training time:4.36s
[Twitter] Starting validation...
[Twitter] Elapsed validation time:0.31s
[Twitter] [Epoch=108] Train Loss=[QuantLoss=0.03477]Val loss = [QuantLoss=0.05745][QuantReg:0.39306]
[Twitter] Starting epoch 109...
[Twitter] Elapsed training time:4.35s
[Twitter] Starting validation...
[Twitter] Elapsed validation time:0.31s
[Twitter] [Epoch=109] Train Loss=[QuantLoss=0.03510]Val loss = [QuantLoss=0.06258][QuantReg:0.39160]
[Twitter] Starting epoch 110...
[Twitter] Elapsed training time:4.52s
[Twitter] Starting validation...
[Twitter] Elapsed validation time:0.32s
[Twitter] [Epoch=110] Train Loss=[QuantLoss=0.03309]Val loss = [QuantLoss=0.07164][QuantReg:0.39079]
[Twitter] Starting epoch 111...
[Twitter] Elapsed training time:3.15s
[Twitter] Starting validation...
[Twitter] Elapsed validation time:0.39s
[Twitter] [Epoch=111] Train Loss=[QuantLoss=0.03299]Val loss = [QuantLoss=0.06344][QuantReg:0.39096]
[Twitter] Starting epoch 112...
[Twitter] Elapsed training time:4.19s
[Twitter] Starting validation...
[Twitter] Elapsed validation time:0.33s
[Twitter] [Epoch=112] Train Loss=[QuantLoss=0.03399]Val loss = [QuantLoss=0.07220][QuantReg:0.38999]
[Twitter] Starting epoch 113...
[Twitter] Elapsed training time:4.14s
[Twitter] Starting validation...
[Twitter] Elapsed validation time:0.37s
[Twitter] [Epoch=113] Train Loss=[QuantLoss=0.03518]Val loss = [QuantLoss=0.06650][QuantReg:0.39136]
[Twitter] Starting epoch 114...
[Twitter] Elapsed training time:4.19s
[Twitter] Starting validation...
[Twitter] Elapsed validation time:0.36s
[Twitter] [Epoch=114] Train Loss=[QuantLoss=0.03470]Val loss = [QuantLoss=0.07072][QuantReg:0.39193]
[Twitter] Starting epoch 115...
[Twitter] Elapsed training time:4.20s
[Twitter] Starting validation...
[Twitter] Elapsed validation time:0.34s
[Twitter] [Epoch=115] Train Loss=[QuantLoss=0.03823]Val loss = [QuantLoss=0.08442][QuantReg:0.39127]
[Twitter] Starting epoch 116...
[Twitter] Elapsed training time:4.31s
[Twitter] Starting validation...
[Twitter] Elapsed validation time:0.37s
[Twitter] [Epoch=116] Train Loss=[QuantLoss=0.03966]Val loss = [QuantLoss=0.06602][QuantReg:0.39226]
[Twitter] Starting epoch 117...
[Twitter] Elapsed training time:4.27s
[Twitter] Starting validation...
[Twitter] Elapsed validation time:0.36s
[Twitter] [Epoch=117] Train Loss=[QuantLoss=0.03331]Val loss = [QuantLoss=0.07075][QuantReg:0.39299]
[Twitter] Starting epoch 118...
[Twitter] Elapsed training time:4.34s
[Twitter] Starting validation...
[Twitter] Elapsed validation time:0.36s
[Twitter] [Epoch=118] Train Loss=[QuantLoss=0.03328]Val loss = [QuantLoss=0.07041][QuantReg:0.39297]
[Twitter] Starting epoch 119...
[Twitter] Elapsed training time:4.29s
[Twitter] Starting validation...
[Twitter] Elapsed validation time:0.33s
[Twitter] [Epoch=119] Train Loss=[QuantLoss=0.03295]Val loss = [QuantLoss=0.06309][QuantReg:0.39203]
[Twitter] Starting epoch 120...
[Twitter] Elapsed training time:4.29s
[Twitter] Starting validation...
[Twitter] Elapsed validation time:0.35s
[Twitter] [Epoch=120] Train Loss=[QuantLoss=0.03281]Val loss = [QuantLoss=0.05900][QuantReg:0.39201]
[Twitter] Starting epoch 121...
[Twitter] Elapsed training time:4.34s
[Twitter] Starting validation...
[Twitter] Elapsed validation time:0.36s
[Twitter] [Epoch=121] Train Loss=[QuantLoss=0.03339]Val loss = [QuantLoss=0.05834][QuantReg:0.39143]
[Twitter] Starting epoch 122...
[Twitter] Elapsed training time:4.40s
[Twitter] Starting validation...
[Twitter] Elapsed validation time:0.36s
[Twitter] [Epoch=122] Train Loss=[QuantLoss=0.03297]Val loss = [QuantLoss=0.06841][QuantReg:0.39192]
[Twitter] Starting epoch 123...
[Twitter] Elapsed training time:4.42s
[Twitter] Starting validation...
[Twitter] Elapsed validation time:0.35s
[Twitter] [Epoch=123] Train Loss=[QuantLoss=0.03403]Val loss = [QuantLoss=0.06731][QuantReg:0.39358]
[Twitter] Starting epoch 124...
[Twitter] Elapsed training time:4.45s
[Twitter] Starting validation...
[Twitter] Elapsed validation time:0.35s
[Twitter] [Epoch=124] Train Loss=[QuantLoss=0.03331]Val loss = [QuantLoss=0.07601][QuantReg:0.39185]
[Twitter] Starting epoch 125...
[Twitter] Elapsed training time:4.38s
[Twitter] Starting validation...
[Twitter] Elapsed validation time:0.37s
[Twitter] [Epoch=125] Train Loss=[QuantLoss=0.03304]Val loss = [QuantLoss=0.06574][QuantReg:0.39090]
[Twitter] Starting epoch 126...
[Twitter] Elapsed training time:4.38s
[Twitter] Starting validation...
[Twitter] Elapsed validation time:0.39s
[Twitter] [Epoch=126] Train Loss=[QuantLoss=0.03280]Val loss = [QuantLoss=0.08411][QuantReg:0.39077]
[Twitter] Starting epoch 127...
[Twitter] Elapsed training time:4.41s
[Twitter] Starting validation...
[Twitter] Elapsed validation time:0.38s
[Twitter] [Epoch=127] Train Loss=[QuantLoss=0.03523]Val loss = [QuantLoss=0.08467][QuantReg:0.39173]
[Twitter] Starting epoch 128...
[Twitter] Elapsed training time:4.48s
[Twitter] Starting validation...
[Twitter] Elapsed validation time:0.34s
[Twitter] [Epoch=128] Train Loss=[QuantLoss=0.03356]Val loss = [QuantLoss=0.07946][QuantReg:0.39307]
[Twitter] Starting epoch 129...
[Twitter] Elapsed training time:4.78s
[Twitter] Starting validation...
[Twitter] Elapsed validation time:0.34s
[Twitter] [Epoch=129] Train Loss=[QuantLoss=0.03881]Val loss = [QuantLoss=0.07830][QuantReg:0.39328]
[Twitter] Starting epoch 130...
[Twitter] Elapsed training time:4.77s
[Twitter] Starting validation...
[Twitter] Elapsed validation time:0.36s
[Twitter] [Epoch=130] Train Loss=[QuantLoss=0.03250]Val loss = [QuantLoss=0.08403][QuantReg:0.39202]
[Twitter] Early stopping in epoch 130!
[Twitter] Restoring best model...
MAE médio por bag: 0.1091 ± 0.0810
Salvo em resultados_sanders/resultados_twitter_bert_kl_easiest_2.csv
Dataset: /home/nildaimon/gmnet/experiments/train_curl/Datasets/Sanders/twitter-sanders-apple3.csv
Dificuldade: metric=l1, mode=hardest, top_k=None
Rodada: 2
Salvar resultados em: resultados_sanders
Dispositivo de treino: cpu
Carregando e processando dataset Twitter
Carregando embeddings do cache...
/home/nildaimon/gmnet/experiments/train_curl/train_sanders.py:89: FutureWarning: You are using `torch.load` with `weights_only=False` (the current default value), which uses the default pickle module implicitly. It is possible to construct malicious pickle data which will execute arbitrary code during unpickling (See https://github.com/pytorch/pytorch/blob/main/SECURITY.md#untrusted-models for more details). In a future release, the default value for `weights_only` will be flipped to `True`. This limits the functions that could be executed during unpickling. Arbitrary objects will no longer be allowed to be loaded via this mode unless they are explicitly allowlisted by the user via `torch.serialization.add_safe_globals`. We recommend you start setting `weights_only=True` for any use case where you don't have full control of the loaded file. Please open an issue on GitHub for any issues related to this experimental feature.
  embeddings = torch.load(EMBEDDING_CACHE)
/home/nildaimon/gmnet/experiments/train_curl/train_sanders.py:90: FutureWarning: You are using `torch.load` with `weights_only=False` (the current default value), which uses the default pickle module implicitly. It is possible to construct malicious pickle data which will execute arbitrary code during unpickling (See https://github.com/pytorch/pytorch/blob/main/SECURITY.md#untrusted-models for more details). In a future release, the default value for `weights_only` will be flipped to `True`. This limits the functions that could be executed during unpickling. Arbitrary objects will no longer be allowed to be loaded via this mode unless they are explicitly allowlisted by the user via `torch.serialization.add_safe_globals`. We recommend you start setting `weights_only=True` for any use case where you don't have full control of the loaded file. Please open an issue on GitHub for any issues related to this experimental feature.
  labels = torch.load(LABELS_CACHE)
Ignoring val_split as train and val datasets where given to fit function
We have two datasets: training 1092 examples. validation 100 examples.]
Using device cpu
/home/nildaimon/anaconda3/envs/gmnet/lib/python3.12/site-packages/torch/optim/lr_scheduler.py:62: UserWarning: The verbose parameter is deprecated. Please use get_last_lr() to access the learning rate.
  warnings.warn(
/home/nildaimon/gmnet/dlquantification/main.py:835: FutureWarning: `torch.cuda.amp.GradScaler(args...)` is deprecated. Please use `torch.amp.GradScaler('cuda', args...)` instead.
  scaler = torch.cuda.amp.GradScaler(enabled=self.use_fp16)
[Twitter] Starting epoch 0...
/home/nildaimon/gmnet/dlquantification/main.py:888: FutureWarning: `torch.cuda.amp.autocast(args...)` is deprecated. Please use `torch.amp.autocast('cuda', args...)` instead.
  with torch.cuda.amp.autocast(enabled=self.use_fp16):
[Twitter] Elapsed training time:4.62s
[Twitter] Starting validation...
[Twitter] Elapsed validation time:0.23s
[Twitter] [Epoch=000] Train Loss=[QuantLoss=0.09185]Val loss = [QuantLoss=0.08095][QuantReg:0.62000][saved best model in this epoch]
[Twitter] Starting epoch 1...
[Twitter] Elapsed training time:4.68s
[Twitter] Starting validation...
[Twitter] Elapsed validation time:0.24s
[Twitter] [Epoch=001] Train Loss=[QuantLoss=0.08282]Val loss = [QuantLoss=0.16642][QuantReg:0.54713]
[Twitter] Starting epoch 2...
[Twitter] Elapsed training time:4.84s
[Twitter] Starting validation...
[Twitter] Elapsed validation time:0.23s
[Twitter] [Epoch=002] Train Loss=[QuantLoss=0.08553]Val loss = [QuantLoss=0.13110][QuantReg:0.53057]
[Twitter] Starting epoch 3...
[Twitter] Elapsed training time:4.58s
[Twitter] Starting validation...
[Twitter] Elapsed validation time:0.26s
[Twitter] [Epoch=003] Train Loss=[QuantLoss=0.08923]Val loss = [QuantLoss=0.07001][QuantReg:0.54441][saved best model in this epoch]
[Twitter] Starting epoch 4...
[Twitter] Elapsed training time:4.60s
[Twitter] Starting validation...
[Twitter] Elapsed validation time:0.22s
[Twitter] [Epoch=004] Train Loss=[QuantLoss=0.08825]Val loss = [QuantLoss=0.08444][QuantReg:0.52625]
[Twitter] Starting epoch 5...
[Twitter] Elapsed training time:4.30s
[Twitter] Starting validation...
[Twitter] Elapsed validation time:0.24s
[Twitter] [Epoch=005] Train Loss=[QuantLoss=0.07843]Val loss = [QuantLoss=0.06583][QuantReg:0.53781][saved best model in this epoch]
[Twitter] Starting epoch 6...
[Twitter] Elapsed training time:4.49s
[Twitter] Starting validation...
[Twitter] Elapsed validation time:0.24s
[Twitter] [Epoch=006] Train Loss=[QuantLoss=0.07466]Val loss = [QuantLoss=0.07478][QuantReg:0.51029]
[Twitter] Starting epoch 7...
[Twitter] Elapsed training time:4.44s
[Twitter] Starting validation...
[Twitter] Elapsed validation time:0.28s
[Twitter] [Epoch=007] Train Loss=[QuantLoss=0.08236]Val loss = [QuantLoss=0.05612][QuantReg:0.49776][saved best model in this epoch]
[Twitter] Starting epoch 8...
[Twitter] Elapsed training time:4.50s
[Twitter] Starting validation...
[Twitter] Elapsed validation time:0.24s
[Twitter] [Epoch=008] Train Loss=[QuantLoss=0.07004]Val loss = [QuantLoss=0.05823][QuantReg:0.47265]
[Twitter] Starting epoch 9...
[Twitter] Elapsed training time:4.27s
[Twitter] Starting validation...
[Twitter] Elapsed validation time:0.26s
[Twitter] [Epoch=009] Train Loss=[QuantLoss=0.07958]Val loss = [QuantLoss=0.03283][QuantReg:0.44471][saved best model in this epoch]
[Twitter] Starting epoch 10...
[Twitter] Elapsed training time:4.28s
[Twitter] Starting validation...
[Twitter] Elapsed validation time:0.24s
[Twitter] [Epoch=010] Train Loss=[QuantLoss=0.06950]Val loss = [QuantLoss=0.03152][QuantReg:0.46431][saved best model in this epoch]
[Twitter] Starting epoch 11...
[Twitter] Elapsed training time:4.23s
[Twitter] Starting validation...
[Twitter] Elapsed validation time:0.23s
[Twitter] [Epoch=011] Train Loss=[QuantLoss=0.06349]Val loss = [QuantLoss=0.01818][QuantReg:0.47584][saved best model in this epoch]
[Twitter] Starting epoch 12...
[Twitter] Elapsed training time:4.16s
[Twitter] Starting validation...
[Twitter] Elapsed validation time:0.25s
[Twitter] [Epoch=012] Train Loss=[QuantLoss=0.06136]Val loss = [QuantLoss=0.02422][QuantReg:0.45178]
[Twitter] Starting epoch 13...
[Twitter] Elapsed training time:4.36s
[Twitter] Starting validation...
[Twitter] Elapsed validation time:0.23s
[Twitter] [Epoch=013] Train Loss=[QuantLoss=0.05964]Val loss = [QuantLoss=0.03001][QuantReg:0.44858]
[Twitter] Starting epoch 14...
[Twitter] Elapsed training time:4.33s
[Twitter] Starting validation...
[Twitter] Elapsed validation time:0.23s
[Twitter] [Epoch=014] Train Loss=[QuantLoss=0.05817]Val loss = [QuantLoss=0.10338][QuantReg:0.44139]
[Twitter] Starting epoch 15...
[Twitter] Elapsed training time:4.29s
[Twitter] Starting validation...
[Twitter] Elapsed validation time:0.24s
[Twitter] [Epoch=015] Train Loss=[QuantLoss=0.05461]Val loss = [QuantLoss=0.03186][QuantReg:0.44382]
[Twitter] Starting epoch 16...
[Twitter] Elapsed training time:4.26s
[Twitter] Starting validation...
[Twitter] Elapsed validation time:0.24s
[Twitter] [Epoch=016] Train Loss=[QuantLoss=0.05236]Val loss = [QuantLoss=0.01356][QuantReg:0.43208][saved best model in this epoch]
[Twitter] Starting epoch 17...
[Twitter] Elapsed training time:4.34s
[Twitter] Starting validation...
[Twitter] Elapsed validation time:0.24s
[Twitter] [Epoch=017] Train Loss=[QuantLoss=0.04940]Val loss = [QuantLoss=0.07760][QuantReg:0.43465]
[Twitter] Starting epoch 18...
[Twitter] Elapsed training time:4.28s
[Twitter] Starting validation...
[Twitter] Elapsed validation time:0.23s
[Twitter] [Epoch=018] Train Loss=[QuantLoss=0.04992]Val loss = [QuantLoss=0.02707][QuantReg:0.44031]
[Twitter] Starting epoch 19...
[Twitter] Elapsed training time:4.10s
[Twitter] Starting validation...
[Twitter] Elapsed validation time:0.24s
[Twitter] [Epoch=019] Train Loss=[QuantLoss=0.05328]Val loss = [QuantLoss=0.02911][QuantReg:0.43641]
[Twitter] Starting epoch 20...
[Twitter] Elapsed training time:4.15s
[Twitter] Starting validation...
[Twitter] Elapsed validation time:0.24s
[Twitter] [Epoch=020] Train Loss=[QuantLoss=0.05049]Val loss = [QuantLoss=0.01871][QuantReg:0.43758]
[Twitter] Starting epoch 21...
[Twitter] Elapsed training time:4.14s
[Twitter] Starting validation...
[Twitter] Elapsed validation time:0.22s
[Twitter] [Epoch=021] Train Loss=[QuantLoss=0.05209]Val loss = [QuantLoss=0.09065][QuantReg:0.44748]
[Twitter] Starting epoch 22...
[Twitter] Elapsed training time:4.17s
[Twitter] Starting validation...
[Twitter] Elapsed validation time:0.24s
[Twitter] [Epoch=022] Train Loss=[QuantLoss=0.05713]Val loss = [QuantLoss=0.09993][QuantReg:0.42781]
[Twitter] Starting epoch 23...
[Twitter] Elapsed training time:4.15s
[Twitter] Starting validation...
[Twitter] Elapsed validation time:0.27s
[Twitter] [Epoch=023] Train Loss=[QuantLoss=0.05642]Val loss = [QuantLoss=0.05380][QuantReg:0.41001]
[Twitter] Starting epoch 24...
[Twitter] Elapsed training time:4.19s
[Twitter] Starting validation...
[Twitter] Elapsed validation time:0.22s
[Twitter] [Epoch=024] Train Loss=[QuantLoss=0.06283]Val loss = [QuantLoss=0.01570][QuantReg:0.41841]
[Twitter] Starting epoch 25...
[Twitter] Elapsed training time:4.18s
[Twitter] Starting validation...
[Twitter] Elapsed validation time:0.34s
[Twitter] [Epoch=025] Train Loss=[QuantLoss=0.05143]Val loss = [QuantLoss=0.04778][QuantReg:0.42186]
[Twitter] Starting epoch 26...
[Twitter] Elapsed training time:4.27s
[Twitter] Starting validation...
[Twitter] Elapsed validation time:0.23s
[Twitter] [Epoch=026] Train Loss=[QuantLoss=0.06544]Val loss = [QuantLoss=0.08605][QuantReg:0.40842]
[Twitter] Starting epoch 27...
[Twitter] Elapsed training time:4.22s
[Twitter] Starting validation...
[Twitter] Elapsed validation time:0.35s
[Twitter] [Epoch=027] Train Loss=[QuantLoss=0.05957]Val loss = [QuantLoss=0.12157][QuantReg:0.43827]
[Twitter] Starting epoch 28...
[Twitter] Elapsed training time:4.32s
[Twitter] Starting validation...
[Twitter] Elapsed validation time:0.35s
[Twitter] [Epoch=028] Train Loss=[QuantLoss=0.06580]Val loss = [QuantLoss=0.08630][QuantReg:0.45391]
[Twitter] Starting epoch 29...
[Twitter] Elapsed training time:4.26s
[Twitter] Starting validation...
[Twitter] Elapsed validation time:0.38s
[Twitter] [Epoch=029] Train Loss=[QuantLoss=0.06780]Val loss = [QuantLoss=0.13283][QuantReg:0.46222]
[Twitter] Starting epoch 30...
[Twitter] Elapsed training time:4.32s
[Twitter] Starting validation...
[Twitter] Elapsed validation time:0.35s
[Twitter] [Epoch=030] Train Loss=[QuantLoss=0.05835]Val loss = [QuantLoss=0.02381][QuantReg:0.45799]
[Twitter] Starting epoch 31...
[Twitter] Elapsed training time:4.41s
[Twitter] Starting validation...
[Twitter] Elapsed validation time:0.36s
[Twitter] [Epoch=031] Train Loss=[QuantLoss=0.05912]Val loss = [QuantLoss=0.06716][QuantReg:0.43417]
[Twitter] Starting epoch 32...
[Twitter] Elapsed training time:4.44s
[Twitter] Starting validation...
[Twitter] Elapsed validation time:0.36s
[Twitter] [Epoch=032] Train Loss=[QuantLoss=0.06252]Val loss = [QuantLoss=0.08977][QuantReg:0.43325]
[Twitter] Starting epoch 33...
[Twitter] Elapsed training time:4.41s
[Twitter] Starting validation...
[Twitter] Elapsed validation time:0.35s
[Twitter] [Epoch=033] Train Loss=[QuantLoss=0.06582]Val loss = [QuantLoss=0.02143][QuantReg:0.43566]
[Twitter] Starting epoch 34...
[Twitter] Elapsed training time:4.49s
[Twitter] Starting validation...
[Twitter] Elapsed validation time:0.34s
[Twitter] [Epoch=034] Train Loss=[QuantLoss=0.06126]Val loss = [QuantLoss=0.01528][QuantReg:0.43180]
[Twitter] Starting epoch 35...
[Twitter] Elapsed training time:4.50s
[Twitter] Starting validation...
[Twitter] Elapsed validation time:0.34s
[Twitter] [Epoch=035] Train Loss=[QuantLoss=0.05516]Val loss = [QuantLoss=0.01475][QuantReg:0.42337]
[Twitter] Starting epoch 36...
[Twitter] Elapsed training time:4.39s
[Twitter] Starting validation...
[Twitter] Elapsed validation time:0.29s
[Twitter] [Epoch=036] Train Loss=[QuantLoss=0.05644]Val loss = [QuantLoss=0.04093][QuantReg:0.42006]
[Twitter] Starting epoch 37...
[Twitter] Elapsed training time:4.49s
[Twitter] Starting validation...
[Twitter] Elapsed validation time:0.30s
[Twitter] [Epoch=037] Train Loss=[QuantLoss=0.05510]Val loss = [QuantLoss=0.06893][QuantReg:0.42099]
[Twitter] Starting epoch 38...
[Twitter] Elapsed training time:4.63s
[Twitter] Starting validation...
[Twitter] Elapsed validation time:0.30s
[Twitter] [Epoch=038] Train Loss=[QuantLoss=0.05344]Val loss = [QuantLoss=0.03683][QuantReg:0.41965]
[Twitter] Starting epoch 39...
[Twitter] Elapsed training time:4.56s
[Twitter] Starting validation...
[Twitter] Elapsed validation time:0.29s
[Twitter] [Epoch=039] Train Loss=[QuantLoss=0.05192]Val loss = [QuantLoss=0.02461][QuantReg:0.42024]
[Twitter] Starting epoch 40...
[Twitter] Elapsed training time:4.83s
[Twitter] Starting validation...
[Twitter] Elapsed validation time:0.31s
[Twitter] [Epoch=040] Train Loss=[QuantLoss=0.04744]Val loss = [QuantLoss=0.04028][QuantReg:0.41457]
[Twitter] Starting epoch 41...
[Twitter] Elapsed training time:4.91s
[Twitter] Starting validation...
[Twitter] Elapsed validation time:0.31s
[Twitter] [Epoch=041] Train Loss=[QuantLoss=0.04637]Val loss = [QuantLoss=0.02918][QuantReg:0.41811]
[Twitter] Starting epoch 42...
[Twitter] Elapsed training time:5.03s
[Twitter] Starting validation...
[Twitter] Elapsed validation time:0.30s
[Twitter] [Epoch=042] Train Loss=[QuantLoss=0.04587]Val loss = [QuantLoss=0.04102][QuantReg:0.41339]
[Twitter] Starting epoch 43...
[Twitter] Elapsed training time:4.91s
[Twitter] Starting validation...
[Twitter] Elapsed validation time:0.30s
[Twitter] [Epoch=043] Train Loss=[QuantLoss=0.04584]Val loss = [QuantLoss=0.04145][QuantReg:0.41187]
[Twitter] Starting epoch 44...
[Twitter] Elapsed training time:4.77s
[Twitter] Starting validation...
[Twitter] Elapsed validation time:0.30s
[Twitter] [Epoch=044] Train Loss=[QuantLoss=0.04604]Val loss = [QuantLoss=0.04135][QuantReg:0.41768]
[Twitter] Starting epoch 45...
[Twitter] Elapsed training time:5.00s
[Twitter] Starting validation...
[Twitter] Elapsed validation time:0.31s
[Twitter] [Epoch=045] Train Loss=[QuantLoss=0.04401]Val loss = [QuantLoss=0.06132][QuantReg:0.42420]
[Twitter] Starting epoch 46...
[Twitter] Elapsed training time:4.60s
[Twitter] Starting validation...
[Twitter] Elapsed validation time:0.30s
[Twitter] [Epoch=046] Train Loss=[QuantLoss=0.04609]Val loss = [QuantLoss=0.03078][QuantReg:0.42104]
[Twitter] Starting epoch 47...
[Twitter] Elapsed training time:4.82s
[Twitter] Starting validation...
[Twitter] Elapsed validation time:0.29s
[Twitter] [Epoch=047] Train Loss=[QuantLoss=0.04465]Val loss = [QuantLoss=0.04434][QuantReg:0.40679]
[Twitter] Starting epoch 48...
[Twitter] Elapsed training time:5.09s
[Twitter] Starting validation...
[Twitter] Elapsed validation time:0.30s
[Twitter] [Epoch=048] Train Loss=[QuantLoss=0.04437]Val loss = [QuantLoss=0.04511][QuantReg:0.40007]
[Twitter] Starting epoch 49...
[Twitter] Elapsed training time:4.87s
[Twitter] Starting validation...
[Twitter] Elapsed validation time:0.30s
[Twitter] [Epoch=049] Train Loss=[QuantLoss=0.04537]Val loss = [QuantLoss=0.03831][QuantReg:0.39824]
[Twitter] Starting epoch 50...
[Twitter] Elapsed training time:4.71s
[Twitter] Starting validation...
[Twitter] Elapsed validation time:0.29s
[Twitter] [Epoch=050] Train Loss=[QuantLoss=0.04592]Val loss = [QuantLoss=0.04525][QuantReg:0.39304]
[Twitter] Starting epoch 51...
[Twitter] Elapsed training time:4.47s
[Twitter] Starting validation...
[Twitter] Elapsed validation time:0.34s
[Twitter] [Epoch=051] Train Loss=[QuantLoss=0.04312]Val loss = [QuantLoss=0.05715][QuantReg:0.40245]
[Twitter] Starting epoch 52...
[Twitter] Elapsed training time:4.38s
[Twitter] Starting validation...
[Twitter] Elapsed validation time:0.35s
[Twitter] [Epoch=052] Train Loss=[QuantLoss=0.04216]Val loss = [QuantLoss=0.05314][QuantReg:0.40944]
[Twitter] Starting epoch 53...
[Twitter] Elapsed training time:4.34s
[Twitter] Starting validation...
[Twitter] Elapsed validation time:0.34s
[Twitter] [Epoch=053] Train Loss=[QuantLoss=0.04251]Val loss = [QuantLoss=0.06126][QuantReg:0.40110]
[Twitter] Starting epoch 54...
[Twitter] Elapsed training time:4.35s
[Twitter] Starting validation...
[Twitter] Elapsed validation time:0.39s
[Twitter] [Epoch=054] Train Loss=[QuantLoss=0.04371]Val loss = [QuantLoss=0.06409][QuantReg:0.39752]
[Twitter] Starting epoch 55...
[Twitter] Elapsed training time:4.39s
[Twitter] Starting validation...
[Twitter] Elapsed validation time:0.36s
[Twitter] [Epoch=055] Train Loss=[QuantLoss=0.04099]Val loss = [QuantLoss=0.03427][QuantReg:0.39474]
[Twitter] Starting epoch 56...
[Twitter] Elapsed training time:4.33s
[Twitter] Starting validation...
[Twitter] Elapsed validation time:0.36s
[Twitter] [Epoch=056] Train Loss=[QuantLoss=0.04338]Val loss = [QuantLoss=0.07662][QuantReg:0.39977]
[Twitter] Starting epoch 57...
[Twitter] Elapsed training time:4.60s
[Twitter] Starting validation...
[Twitter] Elapsed validation time:0.36s
[Twitter] [Epoch=057] Train Loss=[QuantLoss=0.04215]Val loss = [QuantLoss=0.06498][QuantReg:0.39905]
[Twitter] Starting epoch 58...
[Twitter] Elapsed training time:4.46s
[Twitter] Starting validation...
[Twitter] Elapsed validation time:0.36s
[Twitter] [Epoch=058] Train Loss=[QuantLoss=0.04244]Val loss = [QuantLoss=0.02965][QuantReg:0.39936]
[Twitter] Starting epoch 59...
[Twitter] Elapsed training time:4.74s
[Twitter] Starting validation...
[Twitter] Elapsed validation time:0.36s
[Twitter] [Epoch=059] Train Loss=[QuantLoss=0.04252]Val loss = [QuantLoss=0.07426][QuantReg:0.39662]
[Twitter] Starting epoch 60...
[Twitter] Elapsed training time:4.53s
[Twitter] Starting validation...
[Twitter] Elapsed validation time:0.36s
[Twitter] [Epoch=060] Train Loss=[QuantLoss=0.03954]Val loss = [QuantLoss=0.03780][QuantReg:0.39429]
[Twitter] Starting epoch 61...
[Twitter] Elapsed training time:4.48s
[Twitter] Starting validation...
[Twitter] Elapsed validation time:0.35s
[Twitter] [Epoch=061] Train Loss=[QuantLoss=0.03954]Val loss = [QuantLoss=0.06713][QuantReg:0.39441]
[Twitter] Starting epoch 62...
[Twitter] Elapsed training time:4.33s
[Twitter] Starting validation...
[Twitter] Elapsed validation time:0.35s
[Twitter] [Epoch=062] Train Loss=[QuantLoss=0.03968]Val loss = [QuantLoss=0.05174][QuantReg:0.39552]
[Twitter] Starting epoch 63...
[Twitter] Elapsed training time:4.35s
[Twitter] Starting validation...
[Twitter] Elapsed validation time:0.37s
[Twitter] [Epoch=063] Train Loss=[QuantLoss=0.03864]Val loss = [QuantLoss=0.08320][QuantReg:0.39753]
[Twitter] Starting epoch 64...
[Twitter] Elapsed training time:4.60s
[Twitter] Starting validation...
[Twitter] Elapsed validation time:0.25s
[Twitter] [Epoch=064] Train Loss=[QuantLoss=0.03686]Val loss = [QuantLoss=0.05406][QuantReg:0.39573]
[Twitter] Starting epoch 65...
[Twitter] Elapsed training time:4.52s
[Twitter] Starting validation...
[Twitter] Elapsed validation time:0.25s
[Twitter] [Epoch=065] Train Loss=[QuantLoss=0.03707]Val loss = [QuantLoss=0.06111][QuantReg:0.39800]
[Twitter] Starting epoch 66...
[Twitter] Elapsed training time:4.52s
[Twitter] Starting validation...
[Twitter] Elapsed validation time:0.23s
[Twitter] [Epoch=066] Train Loss=[QuantLoss=0.03666]Val loss = [QuantLoss=0.06641][QuantReg:0.39518]
[Twitter] Starting epoch 67...
[Twitter] Elapsed training time:4.56s
[Twitter] Starting validation...
[Twitter] Elapsed validation time:0.24s
[Twitter] [Epoch=067] Train Loss=[QuantLoss=0.03780]Val loss = [QuantLoss=0.06032][QuantReg:0.39677]
[Twitter] Starting epoch 68...
[Twitter] Elapsed training time:4.44s
[Twitter] Starting validation...
[Twitter] Elapsed validation time:0.23s
[Twitter] [Epoch=068] Train Loss=[QuantLoss=0.03755]Val loss = [QuantLoss=0.04332][QuantReg:0.39830]
[Twitter] Starting epoch 69...
[Twitter] Elapsed training time:4.49s
[Twitter] Starting validation...
[Twitter] Elapsed validation time:0.24s
[Twitter] [Epoch=069] Train Loss=[QuantLoss=0.03634]Val loss = [QuantLoss=0.04966][QuantReg:0.39503]
[Twitter] Starting epoch 70...
[Twitter] Elapsed training time:4.23s
[Twitter] Starting validation...
[Twitter] Elapsed validation time:0.23s
[Twitter] [Epoch=070] Train Loss=[QuantLoss=0.03756]Val loss = [QuantLoss=0.03276][QuantReg:0.39214]
[Twitter] Starting epoch 71...
[Twitter] Elapsed training time:4.29s
[Twitter] Starting validation...
[Twitter] Elapsed validation time:0.25s
[Twitter] [Epoch=071] Train Loss=[QuantLoss=0.03899]Val loss = [QuantLoss=0.05468][QuantReg:0.39160]
[Twitter] Starting epoch 72...
[Twitter] Elapsed training time:4.39s
[Twitter] Starting validation...
[Twitter] Elapsed validation time:0.24s
[Twitter] [Epoch=072] Train Loss=[QuantLoss=0.03745]Val loss = [QuantLoss=0.05210][QuantReg:0.39427]
[Twitter] Starting epoch 73...
[Twitter] Elapsed training time:4.49s
[Twitter] Starting validation...
[Twitter] Elapsed validation time:0.23s
[Twitter] [Epoch=073] Train Loss=[QuantLoss=0.03788]Val loss = [QuantLoss=0.05624][QuantReg:0.39217]
[Twitter] Starting epoch 74...
[Twitter] Elapsed training time:4.51s
[Twitter] Starting validation...
[Twitter] Elapsed validation time:0.23s
[Twitter] [Epoch=074] Train Loss=[QuantLoss=0.03813]Val loss = [QuantLoss=0.05048][QuantReg:0.39724]
[Twitter] Starting epoch 75...
[Twitter] Elapsed training time:4.45s
[Twitter] Starting validation...
[Twitter] Elapsed validation time:0.24s
[Twitter] [Epoch=075] Train Loss=[QuantLoss=0.03840]Val loss = [QuantLoss=0.05062][QuantReg:0.39862]
[Twitter] Starting epoch 76...
[Twitter] Elapsed training time:4.39s
[Twitter] Starting validation...
[Twitter] Elapsed validation time:0.26s
[Twitter] [Epoch=076] Train Loss=[QuantLoss=0.03724]Val loss = [QuantLoss=0.06036][QuantReg:0.39507]
[Twitter] Starting epoch 77...
[Twitter] Elapsed training time:4.41s
[Twitter] Starting validation...
[Twitter] Elapsed validation time:0.23s
[Twitter] [Epoch=077] Train Loss=[QuantLoss=0.03735]Val loss = [QuantLoss=0.05501][QuantReg:0.39480]
[Twitter] Starting epoch 78...
[Twitter] Elapsed training time:4.46s
[Twitter] Starting validation...
[Twitter] Elapsed validation time:0.23s
[Twitter] [Epoch=078] Train Loss=[QuantLoss=0.03747]Val loss = [QuantLoss=0.05971][QuantReg:0.39453]
[Twitter] Starting epoch 79...
[Twitter] Elapsed training time:4.37s
[Twitter] Starting validation...
[Twitter] Elapsed validation time:0.22s
[Twitter] [Epoch=079] Train Loss=[QuantLoss=0.03732]Val loss = [QuantLoss=0.05945][QuantReg:0.39420]
[Twitter] Starting epoch 80...
[Twitter] Elapsed training time:4.25s
[Twitter] Starting validation...
[Twitter] Elapsed validation time:0.26s
[Twitter] [Epoch=080] Train Loss=[QuantLoss=0.03856]Val loss = [QuantLoss=0.06166][QuantReg:0.39832]
[Twitter] Starting epoch 81...
[Twitter] Elapsed training time:4.30s
[Twitter] Starting validation...
[Twitter] Elapsed validation time:0.23s
[Twitter] [Epoch=081] Train Loss=[QuantLoss=0.03582]Val loss = [QuantLoss=0.04489][QuantReg:0.39808]
[Twitter] Starting epoch 82...
[Twitter] Elapsed training time:4.31s
[Twitter] Starting validation...
[Twitter] Elapsed validation time:0.26s
[Twitter] [Epoch=082] Train Loss=[QuantLoss=0.03426]Val loss = [QuantLoss=0.04710][QuantReg:0.39672]
[Twitter] Starting epoch 83...
[Twitter] Elapsed training time:4.35s
[Twitter] Starting validation...
[Twitter] Elapsed validation time:0.24s
[Twitter] [Epoch=083] Train Loss=[QuantLoss=0.03307]Val loss = [QuantLoss=0.04523][QuantReg:0.39737]
[Twitter] Starting epoch 84...
[Twitter] Elapsed training time:4.36s
[Twitter] Starting validation...
[Twitter] Elapsed validation time:0.25s
[Twitter] [Epoch=084] Train Loss=[QuantLoss=0.03501]Val loss = [QuantLoss=0.04378][QuantReg:0.39669]
[Twitter] Starting epoch 85...
[Twitter] Elapsed training time:4.33s
[Twitter] Starting validation...
[Twitter] Elapsed validation time:0.24s
[Twitter] [Epoch=085] Train Loss=[QuantLoss=0.03496]Val loss = [QuantLoss=0.04889][QuantReg:0.39678]
[Twitter] Starting epoch 86...
[Twitter] Elapsed training time:4.38s
[Twitter] Starting validation...
[Twitter] Elapsed validation time:0.23s
[Twitter] [Epoch=086] Train Loss=[QuantLoss=0.03506]Val loss = [QuantLoss=0.06355][QuantReg:0.39938]
[Twitter] Starting epoch 87...
[Twitter] Elapsed training time:4.43s
[Twitter] Starting validation...
[Twitter] Elapsed validation time:0.23s
[Twitter] [Epoch=087] Train Loss=[QuantLoss=0.03269]Val loss = [QuantLoss=0.07484][QuantReg:0.39718]
[Twitter] Starting epoch 88...
[Twitter] Elapsed training time:4.44s
[Twitter] Starting validation...
[Twitter] Elapsed validation time:0.24s
[Twitter] [Epoch=088] Train Loss=[QuantLoss=0.03401]Val loss = [QuantLoss=0.06432][QuantReg:0.39573]
[Twitter] Starting epoch 89...
[Twitter] Elapsed training time:4.35s
[Twitter] Starting validation...
[Twitter] Elapsed validation time:0.23s
[Twitter] [Epoch=089] Train Loss=[QuantLoss=0.03402]Val loss = [QuantLoss=0.06088][QuantReg:0.39665]
[Twitter] Starting epoch 90...
[Twitter] Elapsed training time:4.40s
[Twitter] Starting validation...
[Twitter] Elapsed validation time:0.24s
[Twitter] [Epoch=090] Train Loss=[QuantLoss=0.03459]Val loss = [QuantLoss=0.05204][QuantReg:0.39792]
[Twitter] Starting epoch 91...
[Twitter] Elapsed training time:4.40s
[Twitter] Starting validation...
[Twitter] Elapsed validation time:0.24s
[Twitter] [Epoch=091] Train Loss=[QuantLoss=0.03430]Val loss = [QuantLoss=0.05887][QuantReg:0.39628]
[Twitter] Starting epoch 92...
[Twitter] Elapsed training time:4.27s
[Twitter] Starting validation...
[Twitter] Elapsed validation time:0.24s
[Twitter] [Epoch=092] Train Loss=[QuantLoss=0.03356]Val loss = [QuantLoss=0.05169][QuantReg:0.39318]
[Twitter] Starting epoch 93...
[Twitter] Elapsed training time:4.48s
[Twitter] Starting validation...
[Twitter] Elapsed validation time:0.24s
[Twitter] [Epoch=093] Train Loss=[QuantLoss=0.03378]Val loss = [QuantLoss=0.04164][QuantReg:0.39423]
[Twitter] Starting epoch 94...
[Twitter] Elapsed training time:4.38s
[Twitter] Starting validation...
[Twitter] Elapsed validation time:0.23s
[Twitter] [Epoch=094] Train Loss=[QuantLoss=0.03361]Val loss = [QuantLoss=0.03265][QuantReg:0.39436]
[Twitter] Starting epoch 95...
[Twitter] Elapsed training time:4.40s
[Twitter] Starting validation...
[Twitter] Elapsed validation time:0.31s
[Twitter] [Epoch=095] Train Loss=[QuantLoss=0.03432]Val loss = [QuantLoss=0.03771][QuantReg:0.39460]
[Twitter] Starting epoch 96...
[Twitter] Elapsed training time:4.45s
[Twitter] Starting validation...
[Twitter] Elapsed validation time:0.24s
[Twitter] [Epoch=096] Train Loss=[QuantLoss=0.03454]Val loss = [QuantLoss=0.03719][QuantReg:0.39300]
[Twitter] Starting epoch 97...
[Twitter] Elapsed training time:4.37s
[Twitter] Starting validation...
[Twitter] Elapsed validation time:0.19s
[Twitter] [Epoch=097] Train Loss=[QuantLoss=0.03376]Val loss = [QuantLoss=0.03967][QuantReg:0.39113]
[Twitter] Starting epoch 98...
[Twitter] Elapsed training time:4.73s
[Twitter] Starting validation...
[Twitter] Elapsed validation time:0.20s
[Twitter] [Epoch=098] Train Loss=[QuantLoss=0.03346]Val loss = [QuantLoss=0.05337][QuantReg:0.39225]
[Twitter] Starting epoch 99...
[Twitter] Elapsed training time:4.51s
[Twitter] Starting validation...
[Twitter] Elapsed validation time:0.31s
[Twitter] [Epoch=099] Train Loss=[QuantLoss=0.03419]Val loss = [QuantLoss=0.04608][QuantReg:0.39565]
[Twitter] Starting epoch 100...
[Twitter] Elapsed training time:4.77s
[Twitter] Starting validation...
[Twitter] Elapsed validation time:0.22s
[Twitter] [Epoch=100] Train Loss=[QuantLoss=0.03436]Val loss = [QuantLoss=0.04316][QuantReg:0.39212]
[Twitter] Starting epoch 101...
[Twitter] Elapsed training time:5.01s
[Twitter] Starting validation...
[Twitter] Elapsed validation time:0.33s
[Twitter] [Epoch=101] Train Loss=[QuantLoss=0.03184]Val loss = [QuantLoss=0.03815][QuantReg:0.39007]
[Twitter] Starting epoch 102...
[Twitter] Elapsed training time:4.63s
[Twitter] Starting validation...
[Twitter] Elapsed validation time:0.26s
[Twitter] [Epoch=102] Train Loss=[QuantLoss=0.03232]Val loss = [QuantLoss=0.04263][QuantReg:0.38925]
[Twitter] Starting epoch 103...
[Twitter] Elapsed training time:4.89s
[Twitter] Starting validation...
[Twitter] Elapsed validation time:0.34s
[Twitter] [Epoch=103] Train Loss=[QuantLoss=0.03291]Val loss = [QuantLoss=0.04099][QuantReg:0.38885]
[Twitter] Starting epoch 104...
[Twitter] Elapsed training time:5.03s
[Twitter] Starting validation...
[Twitter] Elapsed validation time:0.22s
[Twitter] [Epoch=104] Train Loss=[QuantLoss=0.03127]Val loss = [QuantLoss=0.03899][QuantReg:0.39027]
[Twitter] Starting epoch 105...
[Twitter] Elapsed training time:4.94s
[Twitter] Starting validation...
[Twitter] Elapsed validation time:0.30s
[Twitter] [Epoch=105] Train Loss=[QuantLoss=0.03248]Val loss = [QuantLoss=0.04032][QuantReg:0.39120]
[Twitter] Starting epoch 106...
[Twitter] Elapsed training time:4.69s
[Twitter] Starting validation...
[Twitter] Elapsed validation time:0.30s
[Twitter] [Epoch=106] Train Loss=[QuantLoss=0.03224]Val loss = [QuantLoss=0.03509][QuantReg:0.39113]
[Twitter] Starting epoch 107...
[Twitter] Elapsed training time:4.70s
[Twitter] Starting validation...
[Twitter] Elapsed validation time:0.31s
[Twitter] [Epoch=107] Train Loss=[QuantLoss=0.03203]Val loss = [QuantLoss=0.04212][QuantReg:0.39196]
[Twitter] Starting epoch 108...
[Twitter] Elapsed training time:4.81s
[Twitter] Starting validation...
[Twitter] Elapsed validation time:0.31s
[Twitter] [Epoch=108] Train Loss=[QuantLoss=0.03298]Val loss = [QuantLoss=0.04194][QuantReg:0.39234]
[Twitter] Starting epoch 109...
[Twitter] Elapsed training time:4.58s
[Twitter] Starting validation...
[Twitter] Elapsed validation time:0.33s
[Twitter] [Epoch=109] Train Loss=[QuantLoss=0.03305]Val loss = [QuantLoss=0.04487][QuantReg:0.39131]
[Twitter] Starting epoch 110...
[Twitter] Elapsed training time:4.60s
[Twitter] Starting validation...
[Twitter] Elapsed validation time:0.32s
[Twitter] [Epoch=110] Train Loss=[QuantLoss=0.03169]Val loss = [QuantLoss=0.04614][QuantReg:0.39161]
[Twitter] Starting epoch 111...
[Twitter] Elapsed training time:4.53s
[Twitter] Starting validation...
[Twitter] Elapsed validation time:0.34s
[Twitter] [Epoch=111] Train Loss=[QuantLoss=0.03282]Val loss = [QuantLoss=0.04542][QuantReg:0.39178]
[Twitter] Starting epoch 112...
[Twitter] Elapsed training time:4.49s
[Twitter] Starting validation...
[Twitter] Elapsed validation time:0.33s
[Twitter] [Epoch=112] Train Loss=[QuantLoss=0.03260]Val loss = [QuantLoss=0.04300][QuantReg:0.39107]
[Twitter] Starting epoch 113...
[Twitter] Elapsed training time:4.65s
[Twitter] Starting validation...
[Twitter] Elapsed validation time:0.31s
[Twitter] [Epoch=113] Train Loss=[QuantLoss=0.03121]Val loss = [QuantLoss=0.04400][QuantReg:0.39287]
[Twitter] Starting epoch 114...
[Twitter] Elapsed training time:4.47s
[Twitter] Starting validation...
[Twitter] Elapsed validation time:0.33s
[Twitter] [Epoch=114] Train Loss=[QuantLoss=0.03317]Val loss = [QuantLoss=0.04543][QuantReg:0.39157]
[Twitter] Starting epoch 115...
[Twitter] Elapsed training time:4.60s
[Twitter] Starting validation...
[Twitter] Elapsed validation time:0.31s
[Twitter] [Epoch=115] Train Loss=[QuantLoss=0.03146]Val loss = [QuantLoss=0.04761][QuantReg:0.39094]
[Twitter] Starting epoch 116...
[Twitter] Elapsed training time:4.54s
[Twitter] Starting validation...
[Twitter] Elapsed validation time:0.31s
[Twitter] [Epoch=116] Train Loss=[QuantLoss=0.03118]Val loss = [QuantLoss=0.05610][QuantReg:0.38959]
[Twitter] Starting epoch 117...
[Twitter] Elapsed training time:4.61s
[Twitter] Starting validation...
[Twitter] Elapsed validation time:0.30s
[Twitter] [Epoch=117] Train Loss=[QuantLoss=0.03126]Val loss = [QuantLoss=0.05241][QuantReg:0.39032]
[Twitter] Starting epoch 118...
[Twitter] Elapsed training time:4.47s
[Twitter] Starting validation...
[Twitter] Elapsed validation time:0.33s
[Twitter] [Epoch=118] Train Loss=[QuantLoss=0.03024]Val loss = [QuantLoss=0.06446][QuantReg:0.39034]
[Twitter] Starting epoch 119...
[Twitter] Elapsed training time:4.78s
[Twitter] Starting validation...
[Twitter] Elapsed validation time:0.31s
[Twitter] [Epoch=119] Train Loss=[QuantLoss=0.03218]Val loss = [QuantLoss=0.05892][QuantReg:0.39013]
[Twitter] Starting epoch 120...
[Twitter] Elapsed training time:5.06s
[Twitter] Starting validation...
[Twitter] Elapsed validation time:0.31s
[Twitter] [Epoch=120] Train Loss=[QuantLoss=0.03172]Val loss = [QuantLoss=0.05629][QuantReg:0.38937]
[Twitter] Starting epoch 121...
[Twitter] Elapsed training time:4.83s
[Twitter] Starting validation...
[Twitter] Elapsed validation time:0.30s
[Twitter] [Epoch=121] Train Loss=[QuantLoss=0.03105]Val loss = [QuantLoss=0.04621][QuantReg:0.38988]
[Twitter] Starting epoch 122...
[Twitter] Elapsed training time:4.58s
[Twitter] Starting validation...
[Twitter] Elapsed validation time:0.30s
[Twitter] [Epoch=122] Train Loss=[QuantLoss=0.03180]Val loss = [QuantLoss=0.03977][QuantReg:0.39019]
[Twitter] Starting epoch 123...
[Twitter] Elapsed training time:3.16s
[Twitter] Starting validation...
[Twitter] Elapsed validation time:0.29s
[Twitter] [Epoch=123] Train Loss=[QuantLoss=0.03224]Val loss = [QuantLoss=0.04500][QuantReg:0.39147]
[Twitter] Starting epoch 124...
[Twitter] Elapsed training time:4.78s
[Twitter] Starting validation...
[Twitter] Elapsed validation time:0.32s
[Twitter] [Epoch=124] Train Loss=[QuantLoss=0.03058]Val loss = [QuantLoss=0.04210][QuantReg:0.39072]
[Twitter] Starting epoch 125...
[Twitter] Elapsed training time:4.40s
[Twitter] Starting validation...
[Twitter] Elapsed validation time:0.30s
[Twitter] [Epoch=125] Train Loss=[QuantLoss=0.03050]Val loss = [QuantLoss=0.04469][QuantReg:0.39005]
[Twitter] Starting epoch 126...
[Twitter] Elapsed training time:4.47s
[Twitter] Starting validation...
[Twitter] Elapsed validation time:0.37s
[Twitter] [Epoch=126] Train Loss=[QuantLoss=0.02948]Val loss = [QuantLoss=0.04318][QuantReg:0.38986]
[Twitter] Starting epoch 127...
[Twitter] Elapsed training time:4.24s
[Twitter] Starting validation...
[Twitter] Elapsed validation time:0.36s
[Twitter] [Epoch=127] Train Loss=[QuantLoss=0.03049]Val loss = [QuantLoss=0.04956][QuantReg:0.39073]
[Twitter] Starting epoch 128...
[Twitter] Elapsed training time:4.21s
[Twitter] Starting validation...
[Twitter] Elapsed validation time:0.36s
[Twitter] [Epoch=128] Train Loss=[QuantLoss=0.02963]Val loss = [QuantLoss=0.05157][QuantReg:0.39102]
[Twitter] Starting epoch 129...
[Twitter] Elapsed training time:4.37s
[Twitter] Starting validation...
[Twitter] Elapsed validation time:0.34s
[Twitter] [Epoch=129] Train Loss=[QuantLoss=0.02994]Val loss = [QuantLoss=0.04663][QuantReg:0.39211]
[Twitter] Starting epoch 130...
[Twitter] Elapsed training time:4.30s
[Twitter] Starting validation...
[Twitter] Elapsed validation time:0.37s
[Twitter] [Epoch=130] Train Loss=[QuantLoss=0.03062]Val loss = [QuantLoss=0.04642][QuantReg:0.39195]
[Twitter] Starting epoch 131...
[Twitter] Elapsed training time:4.35s
[Twitter] Starting validation...
[Twitter] Elapsed validation time:0.35s
[Twitter] [Epoch=131] Train Loss=[QuantLoss=0.02998]Val loss = [QuantLoss=0.04875][QuantReg:0.39146]
[Twitter] Starting epoch 132...
[Twitter] Elapsed training time:4.37s
[Twitter] Starting validation...
[Twitter] Elapsed validation time:0.36s
[Twitter] [Epoch=132] Train Loss=[QuantLoss=0.03058]Val loss = [QuantLoss=0.05290][QuantReg:0.39208]
[Twitter] Starting epoch 133...
[Twitter] Elapsed training time:4.30s
[Twitter] Starting validation...
[Twitter] Elapsed validation time:0.37s
[Twitter] [Epoch=133] Train Loss=[QuantLoss=0.03096]Val loss = [QuantLoss=0.05072][QuantReg:0.39267]
[Twitter] Starting epoch 134...
[Twitter] Elapsed training time:4.42s
[Twitter] Starting validation...
[Twitter] Elapsed validation time:0.34s
[Twitter] [Epoch=134] Train Loss=[QuantLoss=0.03075]Val loss = [QuantLoss=0.04847][QuantReg:0.39190]
[Twitter] Starting epoch 135...
[Twitter] Elapsed training time:4.62s
[Twitter] Starting validation...
[Twitter] Elapsed validation time:0.35s
[Twitter] [Epoch=135] Train Loss=[QuantLoss=0.02930]Val loss = [QuantLoss=0.04945][QuantReg:0.39211]
[Twitter] Starting epoch 136...
[Twitter] Elapsed training time:4.50s
[Twitter] Starting validation...
[Twitter] Elapsed validation time:0.37s
[Twitter] [Epoch=136] Train Loss=[QuantLoss=0.02962]Val loss = [QuantLoss=0.04973][QuantReg:0.39200]
[Twitter] Starting epoch 137...
[Twitter] Elapsed training time:4.55s
[Twitter] Starting validation...
[Twitter] Elapsed validation time:0.23s
[Twitter] [Epoch=137] Train Loss=[QuantLoss=0.03115]Val loss = [QuantLoss=0.05618][QuantReg:0.39041]
[Twitter] Starting epoch 138...
[Twitter] Elapsed training time:4.56s
[Twitter] Starting validation...
[Twitter] Elapsed validation time:0.24s
[Twitter] [Epoch=138] Train Loss=[QuantLoss=0.03171]Val loss = [QuantLoss=0.05235][QuantReg:0.39084]
[Twitter] Starting epoch 139...
[Twitter] Elapsed training time:4.54s
[Twitter] Starting validation...
[Twitter] Elapsed validation time:0.24s
[Twitter] [Epoch=139] Train Loss=[QuantLoss=0.03110]Val loss = [QuantLoss=0.05048][QuantReg:0.38999]
[Twitter] Starting epoch 140...
[Twitter] Elapsed training time:4.40s
[Twitter] Starting validation...
[Twitter] Elapsed validation time:0.25s
[Twitter] [Epoch=140] Train Loss=[QuantLoss=0.03162]Val loss = [QuantLoss=0.05243][QuantReg:0.38904]
[Twitter] Starting epoch 141...
[Twitter] Elapsed training time:4.65s
[Twitter] Starting validation...
[Twitter] Elapsed validation time:0.23s
[Twitter] [Epoch=141] Train Loss=[QuantLoss=0.03131]Val loss = [QuantLoss=0.05221][QuantReg:0.38937]
[Twitter] Starting epoch 142...
[Twitter] Elapsed training time:4.47s
[Twitter] Starting validation...
[Twitter] Elapsed validation time:0.25s
[Twitter] [Epoch=142] Train Loss=[QuantLoss=0.02981]Val loss = [QuantLoss=0.05652][QuantReg:0.39057]
[Twitter] Early stopping in epoch 142!
[Twitter] Restoring best model...
MAE médio por bag: 0.0468 ± 0.0223
Salvo em resultados_sanders/resultados_twitter_bert_l1_hardest_2.csv
Dataset: /home/nildaimon/gmnet/experiments/train_curl/Datasets/Sanders/twitter-sanders-apple3.csv
Dificuldade: metric=l1, mode=easiest, top_k=None
Rodada: 2
Salvar resultados em: resultados_sanders
Dispositivo de treino: cpu
Carregando e processando dataset Twitter
Carregando embeddings do cache...
/home/nildaimon/gmnet/experiments/train_curl/train_sanders.py:89: FutureWarning: You are using `torch.load` with `weights_only=False` (the current default value), which uses the default pickle module implicitly. It is possible to construct malicious pickle data which will execute arbitrary code during unpickling (See https://github.com/pytorch/pytorch/blob/main/SECURITY.md#untrusted-models for more details). In a future release, the default value for `weights_only` will be flipped to `True`. This limits the functions that could be executed during unpickling. Arbitrary objects will no longer be allowed to be loaded via this mode unless they are explicitly allowlisted by the user via `torch.serialization.add_safe_globals`. We recommend you start setting `weights_only=True` for any use case where you don't have full control of the loaded file. Please open an issue on GitHub for any issues related to this experimental feature.
  embeddings = torch.load(EMBEDDING_CACHE)
/home/nildaimon/gmnet/experiments/train_curl/train_sanders.py:90: FutureWarning: You are using `torch.load` with `weights_only=False` (the current default value), which uses the default pickle module implicitly. It is possible to construct malicious pickle data which will execute arbitrary code during unpickling (See https://github.com/pytorch/pytorch/blob/main/SECURITY.md#untrusted-models for more details). In a future release, the default value for `weights_only` will be flipped to `True`. This limits the functions that could be executed during unpickling. Arbitrary objects will no longer be allowed to be loaded via this mode unless they are explicitly allowlisted by the user via `torch.serialization.add_safe_globals`. We recommend you start setting `weights_only=True` for any use case where you don't have full control of the loaded file. Please open an issue on GitHub for any issues related to this experimental feature.
  labels = torch.load(LABELS_CACHE)
Ignoring val_split as train and val datasets where given to fit function
We have two datasets: training 1092 examples. validation 100 examples.]
Using device cpu
/home/nildaimon/anaconda3/envs/gmnet/lib/python3.12/site-packages/torch/optim/lr_scheduler.py:62: UserWarning: The verbose parameter is deprecated. Please use get_last_lr() to access the learning rate.
  warnings.warn(
/home/nildaimon/gmnet/dlquantification/main.py:835: FutureWarning: `torch.cuda.amp.GradScaler(args...)` is deprecated. Please use `torch.amp.GradScaler('cuda', args...)` instead.
  scaler = torch.cuda.amp.GradScaler(enabled=self.use_fp16)
[Twitter] Starting epoch 0...
/home/nildaimon/gmnet/dlquantification/main.py:888: FutureWarning: `torch.cuda.amp.autocast(args...)` is deprecated. Please use `torch.amp.autocast('cuda', args...)` instead.
  with torch.cuda.amp.autocast(enabled=self.use_fp16):
[Twitter] Elapsed training time:4.62s
[Twitter] Starting validation...
[Twitter] Elapsed validation time:0.25s
[Twitter] [Epoch=000] Train Loss=[QuantLoss=0.07876]Val loss = [QuantLoss=0.02965][QuantReg:0.41939][saved best model in this epoch]
[Twitter] Starting epoch 1...
[Twitter] Elapsed training time:4.42s
[Twitter] Starting validation...
[Twitter] Elapsed validation time:0.25s
[Twitter] [Epoch=001] Train Loss=[QuantLoss=0.07351]Val loss = [QuantLoss=0.07176][QuantReg:0.45114]
[Twitter] Starting epoch 2...
[Twitter] Elapsed training time:4.39s
[Twitter] Starting validation...
[Twitter] Elapsed validation time:0.24s
[Twitter] [Epoch=002] Train Loss=[QuantLoss=0.07414]Val loss = [QuantLoss=0.17016][QuantReg:0.46868]
[Twitter] Starting epoch 3...
[Twitter] Elapsed training time:4.60s
[Twitter] Starting validation...
[Twitter] Elapsed validation time:0.23s
[Twitter] [Epoch=003] Train Loss=[QuantLoss=0.07129]Val loss = [QuantLoss=0.18500][QuantReg:0.49325]
[Twitter] Starting epoch 4...
[Twitter] Elapsed training time:4.32s
[Twitter] Starting validation...
[Twitter] Elapsed validation time:0.24s
[Twitter] [Epoch=004] Train Loss=[QuantLoss=0.07263]Val loss = [QuantLoss=0.18744][QuantReg:0.48369]
[Twitter] Starting epoch 5...
[Twitter] Elapsed training time:4.30s
[Twitter] Starting validation...
[Twitter] Elapsed validation time:0.24s
[Twitter] [Epoch=005] Train Loss=[QuantLoss=0.06587]Val loss = [QuantLoss=0.04145][QuantReg:0.49699]
[Twitter] Starting epoch 6...
[Twitter] Elapsed training time:4.39s
[Twitter] Starting validation...
[Twitter] Elapsed validation time:0.23s
[Twitter] [Epoch=006] Train Loss=[QuantLoss=0.06538]Val loss = [QuantLoss=0.09950][QuantReg:0.46509]
[Twitter] Starting epoch 7...
[Twitter] Elapsed training time:4.17s
[Twitter] Starting validation...
[Twitter] Elapsed validation time:0.23s
[Twitter] [Epoch=007] Train Loss=[QuantLoss=0.06279]Val loss = [QuantLoss=0.11155][QuantReg:0.47768]
[Twitter] Starting epoch 8...
[Twitter] Elapsed training time:4.12s
[Twitter] Starting validation...
[Twitter] Elapsed validation time:0.24s
[Twitter] [Epoch=008] Train Loss=[QuantLoss=0.06326]Val loss = [QuantLoss=0.15603][QuantReg:0.44561]
[Twitter] Starting epoch 9...
[Twitter] Elapsed training time:4.22s
[Twitter] Starting validation...
[Twitter] Elapsed validation time:0.24s
[Twitter] [Epoch=009] Train Loss=[QuantLoss=0.05967]Val loss = [QuantLoss=0.13254][QuantReg:0.47468]
[Twitter] Starting epoch 10...
[Twitter] Elapsed training time:4.15s
[Twitter] Starting validation...
[Twitter] Elapsed validation time:0.23s
[Twitter] [Epoch=010] Train Loss=[QuantLoss=0.06414]Val loss = [QuantLoss=0.06607][QuantReg:0.48677]
[Twitter] Starting epoch 11...
[Twitter] Elapsed training time:4.13s
[Twitter] Starting validation...
[Twitter] Elapsed validation time:0.30s
[Twitter] [Epoch=011] Train Loss=[QuantLoss=0.05816]Val loss = [QuantLoss=0.08620][QuantReg:0.48867]
[Twitter] Starting epoch 12...
[Twitter] Elapsed training time:4.24s
[Twitter] Starting validation...
[Twitter] Elapsed validation time:0.20s
[Twitter] [Epoch=012] Train Loss=[QuantLoss=0.06145]Val loss = [QuantLoss=0.09456][QuantReg:0.49559]
[Twitter] Starting epoch 13...
[Twitter] Elapsed training time:4.33s
[Twitter] Starting validation...
[Twitter] Elapsed validation time:0.19s
[Twitter] [Epoch=013] Train Loss=[QuantLoss=0.06371]Val loss = [QuantLoss=0.07018][QuantReg:0.52912]
[Twitter] Starting epoch 14...
[Twitter] Elapsed training time:4.60s
[Twitter] Starting validation...
[Twitter] Elapsed validation time:0.20s
[Twitter] [Epoch=014] Train Loss=[QuantLoss=0.05963]Val loss = [QuantLoss=0.01160][QuantReg:0.53701][saved best model in this epoch]
[Twitter] Starting epoch 15...
[Twitter] Elapsed training time:4.73s
[Twitter] Starting validation...
[Twitter] Elapsed validation time:0.23s
[Twitter] [Epoch=015] Train Loss=[QuantLoss=0.06013]Val loss = [QuantLoss=0.07649][QuantReg:0.52260]
[Twitter] Starting epoch 16...
[Twitter] Elapsed training time:4.94s
[Twitter] Starting validation...
[Twitter] Elapsed validation time:0.22s
[Twitter] [Epoch=016] Train Loss=[QuantLoss=0.06627]Val loss = [QuantLoss=0.07344][QuantReg:0.51692]
[Twitter] Starting epoch 17...
[Twitter] Elapsed training time:4.72s
[Twitter] Starting validation...
[Twitter] Elapsed validation time:0.22s
[Twitter] [Epoch=017] Train Loss=[QuantLoss=0.05566]Val loss = [QuantLoss=0.04112][QuantReg:0.48358]
[Twitter] Starting epoch 18...
[Twitter] Elapsed training time:4.67s
[Twitter] Starting validation...
[Twitter] Elapsed validation time:0.20s
[Twitter] [Epoch=018] Train Loss=[QuantLoss=0.05493]Val loss = [QuantLoss=0.04346][QuantReg:0.48263]
[Twitter] Starting epoch 19...
[Twitter] Elapsed training time:4.66s
[Twitter] Starting validation...
[Twitter] Elapsed validation time:0.23s
[Twitter] [Epoch=019] Train Loss=[QuantLoss=0.05315]Val loss = [QuantLoss=0.06441][QuantReg:0.47874]
[Twitter] Starting epoch 20...
[Twitter] Elapsed training time:4.51s
[Twitter] Starting validation...
[Twitter] Elapsed validation time:0.23s
[Twitter] [Epoch=020] Train Loss=[QuantLoss=0.05006]Val loss = [QuantLoss=0.04909][QuantReg:0.45825]
[Twitter] Starting epoch 21...
[Twitter] Elapsed training time:4.42s
[Twitter] Starting validation...
[Twitter] Elapsed validation time:0.23s
[Twitter] [Epoch=021] Train Loss=[QuantLoss=0.05294]Val loss = [QuantLoss=0.03105][QuantReg:0.46905]
[Twitter] Starting epoch 22...
[Twitter] Elapsed training time:4.18s
[Twitter] Starting validation...
[Twitter] Elapsed validation time:0.25s
[Twitter] [Epoch=022] Train Loss=[QuantLoss=0.05299]Val loss = [QuantLoss=0.05719][QuantReg:0.47875]
[Twitter] Starting epoch 23...
[Twitter] Elapsed training time:4.20s
[Twitter] Starting validation...
[Twitter] Elapsed validation time:0.24s
[Twitter] [Epoch=023] Train Loss=[QuantLoss=0.05660]Val loss = [QuantLoss=0.06456][QuantReg:0.47441]
[Twitter] Starting epoch 24...
[Twitter] Elapsed training time:4.16s
[Twitter] Starting validation...
[Twitter] Elapsed validation time:0.26s
[Twitter] [Epoch=024] Train Loss=[QuantLoss=0.06463]Val loss = [QuantLoss=0.07309][QuantReg:0.47413]
[Twitter] Starting epoch 25...
[Twitter] Elapsed training time:4.20s
[Twitter] Starting validation...
[Twitter] Elapsed validation time:0.25s
[Twitter] [Epoch=025] Train Loss=[QuantLoss=0.05423]Val loss = [QuantLoss=0.05704][QuantReg:0.45734]
[Twitter] Starting epoch 26...
[Twitter] Elapsed training time:4.16s
[Twitter] Starting validation...
[Twitter] Elapsed validation time:0.24s
[Twitter] [Epoch=026] Train Loss=[QuantLoss=0.05642]Val loss = [QuantLoss=0.01955][QuantReg:0.44877]
[Twitter] Starting epoch 27...
[Twitter] Elapsed training time:4.25s
[Twitter] Starting validation...
[Twitter] Elapsed validation time:0.36s
[Twitter] [Epoch=027] Train Loss=[QuantLoss=0.05528]Val loss = [QuantLoss=0.09277][QuantReg:0.45058]
[Twitter] Starting epoch 28...
[Twitter] Elapsed training time:4.32s
[Twitter] Starting validation...
[Twitter] Elapsed validation time:0.38s
[Twitter] [Epoch=028] Train Loss=[QuantLoss=0.05661]Val loss = [QuantLoss=0.09921][QuantReg:0.45792]
[Twitter] Starting epoch 29...
[Twitter] Elapsed training time:4.20s
[Twitter] Starting validation...
[Twitter] Elapsed validation time:0.34s
[Twitter] [Epoch=029] Train Loss=[QuantLoss=0.05387]Val loss = [QuantLoss=0.08499][QuantReg:0.45669]
[Twitter] Starting epoch 30...
[Twitter] Elapsed training time:4.23s
[Twitter] Starting validation...
[Twitter] Elapsed validation time:0.37s
[Twitter] [Epoch=030] Train Loss=[QuantLoss=0.05885]Val loss = [QuantLoss=0.09166][QuantReg:0.44140]
[Twitter] Starting epoch 31...
[Twitter] Elapsed training time:4.33s
[Twitter] Starting validation...
[Twitter] Elapsed validation time:0.37s
[Twitter] [Epoch=031] Train Loss=[QuantLoss=0.05649]Val loss = [QuantLoss=0.06643][QuantReg:0.44549]
[Twitter] Starting epoch 32...
[Twitter] Elapsed training time:4.31s
[Twitter] Starting validation...
[Twitter] Elapsed validation time:0.36s
[Twitter] [Epoch=032] Train Loss=[QuantLoss=0.05406]Val loss = [QuantLoss=0.02454][QuantReg:0.45136]
[Twitter] Starting epoch 33...
[Twitter] Elapsed training time:4.41s
[Twitter] Starting validation...
[Twitter] Elapsed validation time:0.37s
[Twitter] [Epoch=033] Train Loss=[QuantLoss=0.05183]Val loss = [QuantLoss=0.09048][QuantReg:0.44187]
[Twitter] Starting epoch 34...
[Twitter] Elapsed training time:4.39s
[Twitter] Starting validation...
[Twitter] Elapsed validation time:0.35s
[Twitter] [Epoch=034] Train Loss=[QuantLoss=0.06133]Val loss = [QuantLoss=0.03666][QuantReg:0.44619]
[Twitter] Starting epoch 35...
[Twitter] Elapsed training time:4.25s
[Twitter] Starting validation...
[Twitter] Elapsed validation time:0.36s
[Twitter] [Epoch=035] Train Loss=[QuantLoss=0.05535]Val loss = [QuantLoss=0.04267][QuantReg:0.43906]
[Twitter] Starting epoch 36...
[Twitter] Elapsed training time:4.33s
[Twitter] Starting validation...
[Twitter] Elapsed validation time:0.36s
[Twitter] [Epoch=036] Train Loss=[QuantLoss=0.05049]Val loss = [QuantLoss=0.03905][QuantReg:0.43702]
[Twitter] Starting epoch 37...
[Twitter] Elapsed training time:4.47s
[Twitter] Starting validation...
[Twitter] Elapsed validation time:0.35s
[Twitter] [Epoch=037] Train Loss=[QuantLoss=0.04954]Val loss = [QuantLoss=0.09494][QuantReg:0.43257]
[Twitter] Starting epoch 38...
[Twitter] Elapsed training time:4.38s
[Twitter] Starting validation...
[Twitter] Elapsed validation time:0.36s
[Twitter] [Epoch=038] Train Loss=[QuantLoss=0.05602]Val loss = [QuantLoss=0.08314][QuantReg:0.43516]
[Twitter] Starting epoch 39...
[Twitter] Elapsed training time:4.28s
[Twitter] Starting validation...
[Twitter] Elapsed validation time:0.35s
[Twitter] [Epoch=039] Train Loss=[QuantLoss=0.05021]Val loss = [QuantLoss=0.03789][QuantReg:0.43350]
[Twitter] Starting epoch 40...
[Twitter] Elapsed training time:4.22s
[Twitter] Starting validation...
[Twitter] Elapsed validation time:0.35s
[Twitter] [Epoch=040] Train Loss=[QuantLoss=0.04363]Val loss = [QuantLoss=0.06347][QuantReg:0.43454]
[Twitter] Starting epoch 41...
[Twitter] Elapsed training time:4.28s
[Twitter] Starting validation...
[Twitter] Elapsed validation time:0.34s
[Twitter] [Epoch=041] Train Loss=[QuantLoss=0.04573]Val loss = [QuantLoss=0.07010][QuantReg:0.43359]
[Twitter] Starting epoch 42...
[Twitter] Elapsed training time:4.29s
[Twitter] Starting validation...
[Twitter] Elapsed validation time:0.37s
[Twitter] [Epoch=042] Train Loss=[QuantLoss=0.04523]Val loss = [QuantLoss=0.03632][QuantReg:0.43460]
[Twitter] Starting epoch 43...
[Twitter] Elapsed training time:4.49s
[Twitter] Starting validation...
[Twitter] Elapsed validation time:0.37s
[Twitter] [Epoch=043] Train Loss=[QuantLoss=0.04784]Val loss = [QuantLoss=0.08383][QuantReg:0.43245]
[Twitter] Starting epoch 44...
[Twitter] Elapsed training time:4.38s
[Twitter] Starting validation...
[Twitter] Elapsed validation time:0.36s
[Twitter] [Epoch=044] Train Loss=[QuantLoss=0.04396]Val loss = [QuantLoss=0.05678][QuantReg:0.43180]
[Twitter] Starting epoch 45...
[Twitter] Elapsed training time:4.51s
[Twitter] Starting validation...
[Twitter] Elapsed validation time:0.37s
[Twitter] [Epoch=045] Train Loss=[QuantLoss=0.04629]Val loss = [QuantLoss=0.06357][QuantReg:0.43081]
[Twitter] Starting epoch 46...
[Twitter] Elapsed training time:4.53s
[Twitter] Starting validation...
[Twitter] Elapsed validation time:0.34s
[Twitter] [Epoch=046] Train Loss=[QuantLoss=0.04428]Val loss = [QuantLoss=0.05465][QuantReg:0.43080]
[Twitter] Starting epoch 47...
[Twitter] Elapsed training time:4.45s
[Twitter] Starting validation...
[Twitter] Elapsed validation time:0.35s
[Twitter] [Epoch=047] Train Loss=[QuantLoss=0.04672]Val loss = [QuantLoss=0.05644][QuantReg:0.43069]
[Twitter] Starting epoch 48...
[Twitter] Elapsed training time:4.42s
[Twitter] Starting validation...
[Twitter] Elapsed validation time:0.37s
[Twitter] [Epoch=048] Train Loss=[QuantLoss=0.04597]Val loss = [QuantLoss=0.07400][QuantReg:0.44019]
[Twitter] Starting epoch 49...
[Twitter] Elapsed training time:4.40s
[Twitter] Starting validation...
[Twitter] Elapsed validation time:0.34s
[Twitter] [Epoch=049] Train Loss=[QuantLoss=0.04863]Val loss = [QuantLoss=0.04630][QuantReg:0.43342]
[Twitter] Starting epoch 50...
[Twitter] Elapsed training time:4.74s
[Twitter] Starting validation...
[Twitter] Elapsed validation time:0.33s
[Twitter] [Epoch=050] Train Loss=[QuantLoss=0.04831]Val loss = [QuantLoss=0.05140][QuantReg:0.42382]
[Twitter] Starting epoch 51...
[Twitter] Elapsed training time:4.68s
[Twitter] Starting validation...
[Twitter] Elapsed validation time:0.34s
[Twitter] [Epoch=051] Train Loss=[QuantLoss=0.04827]Val loss = [QuantLoss=0.09196][QuantReg:0.42104]
[Twitter] Starting epoch 52...
[Twitter] Elapsed training time:5.10s
[Twitter] Starting validation...
[Twitter] Elapsed validation time:0.34s
[Twitter] [Epoch=052] Train Loss=[QuantLoss=0.04960]Val loss = [QuantLoss=0.05109][QuantReg:0.41863]
[Twitter] Starting epoch 53...
[Twitter] Elapsed training time:4.62s
[Twitter] Starting validation...
[Twitter] Elapsed validation time:0.30s
[Twitter] [Epoch=053] Train Loss=[QuantLoss=0.04722]Val loss = [QuantLoss=0.07795][QuantReg:0.42895]
[Twitter] Starting epoch 54...
[Twitter] Elapsed training time:4.57s
[Twitter] Starting validation...
[Twitter] Elapsed validation time:0.31s
[Twitter] [Epoch=054] Train Loss=[QuantLoss=0.04878]Val loss = [QuantLoss=0.08054][QuantReg:0.42902]
[Twitter] Starting epoch 55...
[Twitter] Elapsed training time:4.37s
[Twitter] Starting validation...
[Twitter] Elapsed validation time:0.39s
[Twitter] [Epoch=055] Train Loss=[QuantLoss=0.04628]Val loss = [QuantLoss=0.09061][QuantReg:0.43347]
[Twitter] Starting epoch 56...
[Twitter] Elapsed training time:4.25s
[Twitter] Starting validation...
[Twitter] Elapsed validation time:0.36s
[Twitter] [Epoch=056] Train Loss=[QuantLoss=0.04602]Val loss = [QuantLoss=0.17197][QuantReg:0.43056]
[Twitter] Starting epoch 57...
[Twitter] Elapsed training time:4.26s
[Twitter] Starting validation...
[Twitter] Elapsed validation time:0.34s
[Twitter] [Epoch=057] Train Loss=[QuantLoss=0.04984]Val loss = [QuantLoss=0.14105][QuantReg:0.42372]
[Twitter] Starting epoch 58...
[Twitter] Elapsed training time:4.19s
[Twitter] Starting validation...
[Twitter] Elapsed validation time:0.35s
[Twitter] [Epoch=058] Train Loss=[QuantLoss=0.03939]Val loss = [QuantLoss=0.10098][QuantReg:0.42348]
[Twitter] Starting epoch 59...
[Twitter] Elapsed training time:4.17s
[Twitter] Starting validation...
[Twitter] Elapsed validation time:0.33s
[Twitter] [Epoch=059] Train Loss=[QuantLoss=0.04086]Val loss = [QuantLoss=0.08383][QuantReg:0.41798]
[Twitter] Starting epoch 60...
[Twitter] Elapsed training time:4.41s
[Twitter] Starting validation...
[Twitter] Elapsed validation time:0.35s
[Twitter] [Epoch=060] Train Loss=[QuantLoss=0.03901]Val loss = [QuantLoss=0.06110][QuantReg:0.41719]
[Twitter] Starting epoch 61...
[Twitter] Elapsed training time:4.30s
[Twitter] Starting validation...
[Twitter] Elapsed validation time:0.37s
[Twitter] [Epoch=061] Train Loss=[QuantLoss=0.03838]Val loss = [QuantLoss=0.06431][QuantReg:0.41799]
[Twitter] Starting epoch 62...
[Twitter] Elapsed training time:4.44s
[Twitter] Starting validation...
[Twitter] Elapsed validation time:0.37s
[Twitter] [Epoch=062] Train Loss=[QuantLoss=0.03882]Val loss = [QuantLoss=0.07695][QuantReg:0.41769]
[Twitter] Starting epoch 63...
[Twitter] Elapsed training time:4.37s
[Twitter] Starting validation...
[Twitter] Elapsed validation time:0.36s
[Twitter] [Epoch=063] Train Loss=[QuantLoss=0.04149]Val loss = [QuantLoss=0.09202][QuantReg:0.41423]
[Twitter] Starting epoch 64...
[Twitter] Elapsed training time:4.45s
[Twitter] Starting validation...
[Twitter] Elapsed validation time:0.36s
[Twitter] [Epoch=064] Train Loss=[QuantLoss=0.03869]Val loss = [QuantLoss=0.07198][QuantReg:0.40882]
[Twitter] Starting epoch 65...
[Twitter] Elapsed training time:4.70s
[Twitter] Starting validation...
[Twitter] Elapsed validation time:0.24s
[Twitter] [Epoch=065] Train Loss=[QuantLoss=0.03818]Val loss = [QuantLoss=0.18054][QuantReg:0.41031]
[Twitter] Starting epoch 66...
[Twitter] Elapsed training time:4.53s
[Twitter] Starting validation...
[Twitter] Elapsed validation time:0.25s
[Twitter] [Epoch=066] Train Loss=[QuantLoss=0.03887]Val loss = [QuantLoss=0.05641][QuantReg:0.41242]
[Twitter] Starting epoch 67...
[Twitter] Elapsed training time:4.41s
[Twitter] Starting validation...
[Twitter] Elapsed validation time:0.25s
[Twitter] [Epoch=067] Train Loss=[QuantLoss=0.04529]Val loss = [QuantLoss=0.06669][QuantReg:0.41520]
[Twitter] Starting epoch 68...
[Twitter] Elapsed training time:4.36s
[Twitter] Starting validation...
[Twitter] Elapsed validation time:0.24s
[Twitter] [Epoch=068] Train Loss=[QuantLoss=0.03631]Val loss = [QuantLoss=0.05370][QuantReg:0.41332]
[Twitter] Starting epoch 69...
[Twitter] Elapsed training time:4.46s
[Twitter] Starting validation...
[Twitter] Elapsed validation time:0.25s
[Twitter] [Epoch=069] Train Loss=[QuantLoss=0.03891]Val loss = [QuantLoss=0.08285][QuantReg:0.41162]
[Twitter] Starting epoch 70...
[Twitter] Elapsed training time:4.62s
[Twitter] Starting validation...
[Twitter] Elapsed validation time:0.24s
[Twitter] [Epoch=070] Train Loss=[QuantLoss=0.03926]Val loss = [QuantLoss=0.07745][QuantReg:0.41161]
[Twitter] Starting epoch 71...
[Twitter] Elapsed training time:4.49s
[Twitter] Starting validation...
[Twitter] Elapsed validation time:0.23s
[Twitter] [Epoch=071] Train Loss=[QuantLoss=0.03707]Val loss = [QuantLoss=0.05744][QuantReg:0.40734]
[Twitter] Starting epoch 72...
[Twitter] Elapsed training time:4.51s
[Twitter] Starting validation...
[Twitter] Elapsed validation time:0.23s
[Twitter] [Epoch=072] Train Loss=[QuantLoss=0.03812]Val loss = [QuantLoss=0.05913][QuantReg:0.40832]
[Twitter] Starting epoch 73...
[Twitter] Elapsed training time:4.35s
[Twitter] Starting validation...
[Twitter] Elapsed validation time:0.27s
[Twitter] [Epoch=073] Train Loss=[QuantLoss=0.03992]Val loss = [QuantLoss=0.06030][QuantReg:0.40804]
[Twitter] Starting epoch 74...
[Twitter] Elapsed training time:4.43s
[Twitter] Starting validation...
[Twitter] Elapsed validation time:0.23s
[Twitter] [Epoch=074] Train Loss=[QuantLoss=0.03891]Val loss = [QuantLoss=0.07644][QuantReg:0.40834]
[Twitter] Starting epoch 75...
[Twitter] Elapsed training time:4.47s
[Twitter] Starting validation...
[Twitter] Elapsed validation time:0.23s
[Twitter] [Epoch=075] Train Loss=[QuantLoss=0.03991]Val loss = [QuantLoss=0.05485][QuantReg:0.40635]
[Twitter] Starting epoch 76...
[Twitter] Elapsed training time:4.57s
[Twitter] Starting validation...
[Twitter] Elapsed validation time:0.26s
[Twitter] [Epoch=076] Train Loss=[QuantLoss=0.03682]Val loss = [QuantLoss=0.05991][QuantReg:0.40736]
[Twitter] Starting epoch 77...
[Twitter] Elapsed training time:4.38s
[Twitter] Starting validation...
[Twitter] Elapsed validation time:0.23s
[Twitter] [Epoch=077] Train Loss=[QuantLoss=0.04285]Val loss = [QuantLoss=0.08183][QuantReg:0.40642]
[Twitter] Starting epoch 78...
[Twitter] Elapsed training time:4.31s
[Twitter] Starting validation...
[Twitter] Elapsed validation time:0.26s
[Twitter] [Epoch=078] Train Loss=[QuantLoss=0.03960]Val loss = [QuantLoss=0.07436][QuantReg:0.40474]
[Twitter] Starting epoch 79...
[Twitter] Elapsed training time:4.30s
[Twitter] Starting validation...
[Twitter] Elapsed validation time:0.24s
[Twitter] [Epoch=079] Train Loss=[QuantLoss=0.03652]Val loss = [QuantLoss=0.06514][QuantReg:0.40234]
[Twitter] Starting epoch 80...
[Twitter] Elapsed training time:4.34s
[Twitter] Starting validation...
[Twitter] Elapsed validation time:0.24s
[Twitter] [Epoch=080] Train Loss=[QuantLoss=0.03603]Val loss = [QuantLoss=0.06089][QuantReg:0.40626]
[Twitter] Starting epoch 81...
[Twitter] Elapsed training time:4.25s
[Twitter] Starting validation...
[Twitter] Elapsed validation time:0.23s
[Twitter] [Epoch=081] Train Loss=[QuantLoss=0.03464]Val loss = [QuantLoss=0.07955][QuantReg:0.40587]
[Twitter] Starting epoch 82...
[Twitter] Elapsed training time:4.40s
[Twitter] Starting validation...
[Twitter] Elapsed validation time:0.25s
[Twitter] [Epoch=082] Train Loss=[QuantLoss=0.04185]Val loss = [QuantLoss=0.08016][QuantReg:0.40609]
[Twitter] Starting epoch 83...
[Twitter] Elapsed training time:4.48s
[Twitter] Starting validation...
[Twitter] Elapsed validation time:0.21s
[Twitter] [Epoch=083] Train Loss=[QuantLoss=0.03414]Val loss = [QuantLoss=0.08305][QuantReg:0.40536]
[Twitter] Starting epoch 84...
[Twitter] Elapsed training time:4.80s
[Twitter] Starting validation...
[Twitter] Elapsed validation time:0.20s
[Twitter] [Epoch=084] Train Loss=[QuantLoss=0.03870]Val loss = [QuantLoss=0.08160][QuantReg:0.40387]
[Twitter] Starting epoch 85...
[Twitter] Elapsed training time:4.74s
[Twitter] Starting validation...
[Twitter] Elapsed validation time:0.23s
[Twitter] [Epoch=085] Train Loss=[QuantLoss=0.03541]Val loss = [QuantLoss=0.07616][QuantReg:0.40048]
[Twitter] Starting epoch 86...
[Twitter] Elapsed training time:4.89s
[Twitter] Starting validation...
[Twitter] Elapsed validation time:0.21s
[Twitter] [Epoch=086] Train Loss=[QuantLoss=0.03428]Val loss = [QuantLoss=0.05546][QuantReg:0.40333]
[Twitter] Starting epoch 87...
[Twitter] Elapsed training time:5.27s
[Twitter] Starting validation...
[Twitter] Elapsed validation time:0.22s
[Twitter] [Epoch=087] Train Loss=[QuantLoss=0.03323]Val loss = [QuantLoss=0.07300][QuantReg:0.40208]
[Twitter] Starting epoch 88...
[Twitter] Elapsed training time:5.14s
[Twitter] Starting validation...
[Twitter] Elapsed validation time:0.22s
[Twitter] [Epoch=088] Train Loss=[QuantLoss=0.03478]Val loss = [QuantLoss=0.07960][QuantReg:0.39951]
[Twitter] Starting epoch 89...
[Twitter] Elapsed training time:4.63s
[Twitter] Starting validation...
[Twitter] Elapsed validation time:0.22s
[Twitter] [Epoch=089] Train Loss=[QuantLoss=0.03496]Val loss = [QuantLoss=0.08150][QuantReg:0.40360]
[Twitter] Starting epoch 90...
[Twitter] Elapsed training time:4.41s
[Twitter] Starting validation...
[Twitter] Elapsed validation time:0.24s
[Twitter] [Epoch=090] Train Loss=[QuantLoss=0.03322]Val loss = [QuantLoss=0.07532][QuantReg:0.40466]
[Twitter] Starting epoch 91...
[Twitter] Elapsed training time:4.24s
[Twitter] Starting validation...
[Twitter] Elapsed validation time:0.23s
[Twitter] [Epoch=091] Train Loss=[QuantLoss=0.03547]Val loss = [QuantLoss=0.07204][QuantReg:0.40433]
[Twitter] Starting epoch 92...
[Twitter] Elapsed training time:4.27s
[Twitter] Starting validation...
[Twitter] Elapsed validation time:0.26s
[Twitter] [Epoch=092] Train Loss=[QuantLoss=0.03245]Val loss = [QuantLoss=0.08580][QuantReg:0.40309]
[Twitter] Starting epoch 93...
[Twitter] Elapsed training time:4.21s
[Twitter] Starting validation...
[Twitter] Elapsed validation time:0.23s
[Twitter] [Epoch=093] Train Loss=[QuantLoss=0.03347]Val loss = [QuantLoss=0.07045][QuantReg:0.40546]
[Twitter] Starting epoch 94...
[Twitter] Elapsed training time:4.22s
[Twitter] Starting validation...
[Twitter] Elapsed validation time:0.24s
[Twitter] [Epoch=094] Train Loss=[QuantLoss=0.03346]Val loss = [QuantLoss=0.08081][QuantReg:0.40410]
[Twitter] Starting epoch 95...
[Twitter] Elapsed training time:4.21s
[Twitter] Starting validation...
[Twitter] Elapsed validation time:0.24s
[Twitter] [Epoch=095] Train Loss=[QuantLoss=0.03359]Val loss = [QuantLoss=0.07579][QuantReg:0.40478]
[Twitter] Starting epoch 96...
[Twitter] Elapsed training time:4.22s
[Twitter] Starting validation...
[Twitter] Elapsed validation time:0.25s
[Twitter] [Epoch=096] Train Loss=[QuantLoss=0.04122]Val loss = [QuantLoss=0.07881][QuantReg:0.40428]
[Twitter] Starting epoch 97...
[Twitter] Elapsed training time:4.26s
[Twitter] Starting validation...
[Twitter] Elapsed validation time:0.23s
[Twitter] [Epoch=097] Train Loss=[QuantLoss=0.03716]Val loss = [QuantLoss=0.07358][QuantReg:0.40371]
[Twitter] Starting epoch 98...
[Twitter] Elapsed training time:4.21s
[Twitter] Starting validation...
[Twitter] Elapsed validation time:0.35s
[Twitter] [Epoch=098] Train Loss=[QuantLoss=0.03365]Val loss = [QuantLoss=0.06698][QuantReg:0.40198]
[Twitter] Starting epoch 99...
[Twitter] Elapsed training time:4.47s
[Twitter] Starting validation...
[Twitter] Elapsed validation time:0.24s
[Twitter] [Epoch=099] Train Loss=[QuantLoss=0.03370]Val loss = [QuantLoss=0.06512][QuantReg:0.40303]
[Twitter] Starting epoch 100...
[Twitter] Elapsed training time:4.28s
[Twitter] Starting validation...
[Twitter] Elapsed validation time:0.34s
[Twitter] [Epoch=100] Train Loss=[QuantLoss=0.03220]Val loss = [QuantLoss=0.07693][QuantReg:0.40336]
[Twitter] Starting epoch 101...
[Twitter] Elapsed training time:4.50s
[Twitter] Starting validation...
[Twitter] Elapsed validation time:0.36s
[Twitter] [Epoch=101] Train Loss=[QuantLoss=0.03064]Val loss = [QuantLoss=0.06636][QuantReg:0.40352]
[Twitter] Starting epoch 102...
[Twitter] Elapsed training time:4.40s
[Twitter] Starting validation...
[Twitter] Elapsed validation time:0.35s
[Twitter] [Epoch=102] Train Loss=[QuantLoss=0.03133]Val loss = [QuantLoss=0.06890][QuantReg:0.40139]
[Twitter] Starting epoch 103...
[Twitter] Elapsed training time:4.39s
[Twitter] Starting validation...
[Twitter] Elapsed validation time:0.35s
[Twitter] [Epoch=103] Train Loss=[QuantLoss=0.03174]Val loss = [QuantLoss=0.06401][QuantReg:0.40274]
[Twitter] Starting epoch 104...
[Twitter] Elapsed training time:4.54s
[Twitter] Starting validation...
[Twitter] Elapsed validation time:0.36s
[Twitter] [Epoch=104] Train Loss=[QuantLoss=0.03118]Val loss = [QuantLoss=0.06807][QuantReg:0.40378]
[Twitter] Starting epoch 105...
[Twitter] Elapsed training time:4.39s
[Twitter] Starting validation...
[Twitter] Elapsed validation time:0.35s
[Twitter] [Epoch=105] Train Loss=[QuantLoss=0.03295]Val loss = [QuantLoss=0.07593][QuantReg:0.40371]
[Twitter] Starting epoch 106...
[Twitter] Elapsed training time:4.52s
[Twitter] Starting validation...
[Twitter] Elapsed validation time:0.35s
[Twitter] [Epoch=106] Train Loss=[QuantLoss=0.03217]Val loss = [QuantLoss=0.06404][QuantReg:0.40207]
[Twitter] Starting epoch 107...
[Twitter] Elapsed training time:4.66s
[Twitter] Starting validation...
[Twitter] Elapsed validation time:0.37s
[Twitter] [Epoch=107] Train Loss=[QuantLoss=0.03188]Val loss = [QuantLoss=0.07754][QuantReg:0.40293]
[Twitter] Starting epoch 108...
[Twitter] Elapsed training time:4.29s
[Twitter] Starting validation...
[Twitter] Elapsed validation time:0.38s
[Twitter] [Epoch=108] Train Loss=[QuantLoss=0.03143]Val loss = [QuantLoss=0.05903][QuantReg:0.40422]
[Twitter] Starting epoch 109...
[Twitter] Elapsed training time:4.34s
[Twitter] Starting validation...
[Twitter] Elapsed validation time:0.37s
[Twitter] [Epoch=109] Train Loss=[QuantLoss=0.03241]Val loss = [QuantLoss=0.06021][QuantReg:0.40378]
[Twitter] Starting epoch 110...
[Twitter] Elapsed training time:4.57s
[Twitter] Starting validation...
[Twitter] Elapsed validation time:0.37s
[Twitter] [Epoch=110] Train Loss=[QuantLoss=0.03119]Val loss = [QuantLoss=0.06236][QuantReg:0.40119]
[Twitter] Starting epoch 111...
[Twitter] Elapsed training time:4.45s
[Twitter] Starting validation...
[Twitter] Elapsed validation time:0.35s
[Twitter] [Epoch=111] Train Loss=[QuantLoss=0.03154]Val loss = [QuantLoss=0.06170][QuantReg:0.40127]
[Twitter] Starting epoch 112...
[Twitter] Elapsed training time:4.35s
[Twitter] Starting validation...
[Twitter] Elapsed validation time:0.37s
[Twitter] [Epoch=112] Train Loss=[QuantLoss=0.03259]Val loss = [QuantLoss=0.06721][QuantReg:0.40034]
[Twitter] Starting epoch 113...
[Twitter] Elapsed training time:4.46s
[Twitter] Starting validation...
[Twitter] Elapsed validation time:0.35s
[Twitter] [Epoch=113] Train Loss=[QuantLoss=0.03140]Val loss = [QuantLoss=0.05435][QuantReg:0.40146]
[Twitter] Starting epoch 114...
[Twitter] Elapsed training time:4.44s
[Twitter] Starting validation...
[Twitter] Elapsed validation time:0.38s
[Twitter] [Epoch=114] Train Loss=[QuantLoss=0.03449]Val loss = [QuantLoss=0.06264][QuantReg:0.40230]
[Twitter] Starting epoch 115...
[Twitter] Elapsed training time:4.47s
[Twitter] Starting validation...
[Twitter] Elapsed validation time:0.36s
[Twitter] [Epoch=115] Train Loss=[QuantLoss=0.03506]Val loss = [QuantLoss=0.06888][QuantReg:0.40088]
[Twitter] Starting epoch 116...
[Twitter] Elapsed training time:4.38s
[Twitter] Starting validation...
[Twitter] Elapsed validation time:0.38s
[Twitter] [Epoch=116] Train Loss=[QuantLoss=0.03316]Val loss = [QuantLoss=0.06585][QuantReg:0.40262]
[Twitter] Starting epoch 117...
[Twitter] Elapsed training time:4.57s
[Twitter] Starting validation...
[Twitter] Elapsed validation time:0.35s
[Twitter] [Epoch=117] Train Loss=[QuantLoss=0.03240]Val loss = [QuantLoss=0.06271][QuantReg:0.40146]
[Twitter] Starting epoch 118...
[Twitter] Elapsed training time:4.45s
[Twitter] Starting validation...
[Twitter] Elapsed validation time:0.34s
[Twitter] [Epoch=118] Train Loss=[QuantLoss=0.02993]Val loss = [QuantLoss=0.06777][QuantReg:0.40345]
[Twitter] Starting epoch 119...
[Twitter] Elapsed training time:4.42s
[Twitter] Starting validation...
[Twitter] Elapsed validation time:0.36s
[Twitter] [Epoch=119] Train Loss=[QuantLoss=0.03037]Val loss = [QuantLoss=0.06016][QuantReg:0.40293]
[Twitter] Starting epoch 120...
[Twitter] Elapsed training time:4.53s
[Twitter] Starting validation...
[Twitter] Elapsed validation time:0.36s
[Twitter] [Epoch=120] Train Loss=[QuantLoss=0.02992]Val loss = [QuantLoss=0.05974][QuantReg:0.40286]
[Twitter] Starting epoch 121...
[Twitter] Elapsed training time:3.44s
[Twitter] Starting validation...
[Twitter] Elapsed validation time:0.27s
[Twitter] [Epoch=121] Train Loss=[QuantLoss=0.03067]Val loss = [QuantLoss=0.06869][QuantReg:0.40135]
[Twitter] Starting epoch 122...
[Twitter] Elapsed training time:4.47s
[Twitter] Starting validation...
[Twitter] Elapsed validation time:0.33s
[Twitter] [Epoch=122] Train Loss=[QuantLoss=0.03168]Val loss = [QuantLoss=0.06830][QuantReg:0.40035]
[Twitter] Starting epoch 123...
[Twitter] Elapsed training time:4.84s
[Twitter] Starting validation...
[Twitter] Elapsed validation time:0.35s
[Twitter] [Epoch=123] Train Loss=[QuantLoss=0.03332]Val loss = [QuantLoss=0.06466][QuantReg:0.40116]
[Twitter] Starting epoch 124...
[Twitter] Elapsed training time:4.72s
[Twitter] Starting validation...
[Twitter] Elapsed validation time:0.36s
[Twitter] [Epoch=124] Train Loss=[QuantLoss=0.03057]Val loss = [QuantLoss=0.05886][QuantReg:0.40046]
[Twitter] Starting epoch 125...
[Twitter] Elapsed training time:4.89s
[Twitter] Starting validation...
[Twitter] Elapsed validation time:0.33s
[Twitter] [Epoch=125] Train Loss=[QuantLoss=0.03165]Val loss = [QuantLoss=0.05978][QuantReg:0.40132]
[Twitter] Starting epoch 126...
[Twitter] Elapsed training time:4.96s
[Twitter] Starting validation...
[Twitter] Elapsed validation time:0.30s
[Twitter] [Epoch=126] Train Loss=[QuantLoss=0.03114]Val loss = [QuantLoss=0.06287][QuantReg:0.40072]
[Twitter] Starting epoch 127...
[Twitter] Elapsed training time:4.81s
[Twitter] Starting validation...
[Twitter] Elapsed validation time:0.29s
[Twitter] [Epoch=127] Train Loss=[QuantLoss=0.03285]Val loss = [QuantLoss=0.06999][QuantReg:0.40177]
[Twitter] Starting epoch 128...
[Twitter] Elapsed training time:4.84s
[Twitter] Starting validation...
[Twitter] Elapsed validation time:0.32s
[Twitter] [Epoch=128] Train Loss=[QuantLoss=0.02931]Val loss = [QuantLoss=0.06183][QuantReg:0.40080]
[Twitter] Starting epoch 129...
[Twitter] Elapsed training time:4.55s
[Twitter] Starting validation...
[Twitter] Elapsed validation time:0.34s
[Twitter] [Epoch=129] Train Loss=[QuantLoss=0.03107]Val loss = [QuantLoss=0.06320][QuantReg:0.40157]
[Twitter] Starting epoch 130...
[Twitter] Elapsed training time:4.35s
[Twitter] Starting validation...
[Twitter] Elapsed validation time:0.41s
[Twitter] [Epoch=130] Train Loss=[QuantLoss=0.02993]Val loss = [QuantLoss=0.06165][QuantReg:0.40071]
[Twitter] Starting epoch 131...
[Twitter] Elapsed training time:4.43s
[Twitter] Starting validation...
[Twitter] Elapsed validation time:0.35s
[Twitter] [Epoch=131] Train Loss=[QuantLoss=0.03279]Val loss = [QuantLoss=0.06767][QuantReg:0.40024]
[Twitter] Starting epoch 132...
[Twitter] Elapsed training time:4.54s
[Twitter] Starting validation...
[Twitter] Elapsed validation time:0.37s
[Twitter] [Epoch=132] Train Loss=[QuantLoss=0.02987]Val loss = [QuantLoss=0.05218][QuantReg:0.40130]
[Twitter] Starting epoch 133...
[Twitter] Elapsed training time:4.34s
[Twitter] Starting validation...
[Twitter] Elapsed validation time:0.34s
[Twitter] [Epoch=133] Train Loss=[QuantLoss=0.03332]Val loss = [QuantLoss=0.06638][QuantReg:0.40185]
[Twitter] Starting epoch 134...
[Twitter] Elapsed training time:4.33s
[Twitter] Starting validation...
[Twitter] Elapsed validation time:0.36s
[Twitter] [Epoch=134] Train Loss=[QuantLoss=0.03009]Val loss = [QuantLoss=0.04711][QuantReg:0.40250]
[Twitter] Starting epoch 135...
[Twitter] Elapsed training time:4.35s
[Twitter] Starting validation...
[Twitter] Elapsed validation time:0.35s
[Twitter] [Epoch=135] Train Loss=[QuantLoss=0.02891]Val loss = [QuantLoss=0.05316][QuantReg:0.40168]
[Twitter] Starting epoch 136...
[Twitter] Elapsed training time:4.21s
[Twitter] Starting validation...
[Twitter] Elapsed validation time:0.35s
[Twitter] [Epoch=136] Train Loss=[QuantLoss=0.03009]Val loss = [QuantLoss=0.04765][QuantReg:0.40116]
[Twitter] Starting epoch 137...
[Twitter] Elapsed training time:4.45s
[Twitter] Starting validation...
[Twitter] Elapsed validation time:0.22s
[Twitter] [Epoch=137] Train Loss=[QuantLoss=0.03311]Val loss = [QuantLoss=0.06405][QuantReg:0.40123]
[Twitter] Starting epoch 138...
[Twitter] Elapsed training time:4.25s
[Twitter] Starting validation...
[Twitter] Elapsed validation time:0.23s
[Twitter] [Epoch=138] Train Loss=[QuantLoss=0.03251]Val loss = [QuantLoss=0.04993][QuantReg:0.40320]
[Twitter] Starting epoch 139...
[Twitter] Elapsed training time:4.39s
[Twitter] Starting validation...
[Twitter] Elapsed validation time:0.25s
[Twitter] [Epoch=139] Train Loss=[QuantLoss=0.03133]Val loss = [QuantLoss=0.05078][QuantReg:0.40258]
[Twitter] Starting epoch 140...
[Twitter] Elapsed training time:4.36s
[Twitter] Starting validation...
[Twitter] Elapsed validation time:0.24s
[Twitter] [Epoch=140] Train Loss=[QuantLoss=0.03065]Val loss = [QuantLoss=0.05934][QuantReg:0.40097]
[Twitter] Early stopping in epoch 140!
[Twitter] Restoring best model...
MAE médio por bag: 0.0561 ± 0.0281
Salvo em resultados_sanders/resultados_twitter_bert_l1_easiest_2.csv
=== Execução 3 ===
Dataset: /home/nildaimon/gmnet/experiments/train_curl/Datasets/Sanders/twitter-sanders-apple3.csv
Dificuldade: metric=None, mode=None, top_k=None
Rodada: 3
Salvar resultados em: resultados_sanders
Dispositivo de treino: cpu
Carregando e processando dataset Twitter
Carregando embeddings do cache...
/home/nildaimon/gmnet/experiments/train_curl/train_sanders.py:89: FutureWarning: You are using `torch.load` with `weights_only=False` (the current default value), which uses the default pickle module implicitly. It is possible to construct malicious pickle data which will execute arbitrary code during unpickling (See https://github.com/pytorch/pytorch/blob/main/SECURITY.md#untrusted-models for more details). In a future release, the default value for `weights_only` will be flipped to `True`. This limits the functions that could be executed during unpickling. Arbitrary objects will no longer be allowed to be loaded via this mode unless they are explicitly allowlisted by the user via `torch.serialization.add_safe_globals`. We recommend you start setting `weights_only=True` for any use case where you don't have full control of the loaded file. Please open an issue on GitHub for any issues related to this experimental feature.
  embeddings = torch.load(EMBEDDING_CACHE)
/home/nildaimon/gmnet/experiments/train_curl/train_sanders.py:90: FutureWarning: You are using `torch.load` with `weights_only=False` (the current default value), which uses the default pickle module implicitly. It is possible to construct malicious pickle data which will execute arbitrary code during unpickling (See https://github.com/pytorch/pytorch/blob/main/SECURITY.md#untrusted-models for more details). In a future release, the default value for `weights_only` will be flipped to `True`. This limits the functions that could be executed during unpickling. Arbitrary objects will no longer be allowed to be loaded via this mode unless they are explicitly allowlisted by the user via `torch.serialization.add_safe_globals`. We recommend you start setting `weights_only=True` for any use case where you don't have full control of the loaded file. Please open an issue on GitHub for any issues related to this experimental feature.
  labels = torch.load(LABELS_CACHE)
Ignoring val_split as train and val datasets where given to fit function
We have two datasets: training 1092 examples. validation 100 examples.]
Using device cpu
/home/nildaimon/anaconda3/envs/gmnet/lib/python3.12/site-packages/torch/optim/lr_scheduler.py:62: UserWarning: The verbose parameter is deprecated. Please use get_last_lr() to access the learning rate.
  warnings.warn(
/home/nildaimon/gmnet/dlquantification/main.py:835: FutureWarning: `torch.cuda.amp.GradScaler(args...)` is deprecated. Please use `torch.amp.GradScaler('cuda', args...)` instead.
  scaler = torch.cuda.amp.GradScaler(enabled=self.use_fp16)
[Twitter] Starting epoch 0...
/home/nildaimon/gmnet/dlquantification/main.py:888: FutureWarning: `torch.cuda.amp.autocast(args...)` is deprecated. Please use `torch.amp.autocast('cuda', args...)` instead.
  with torch.cuda.amp.autocast(enabled=self.use_fp16):
[Twitter] Elapsed training time:4.29s
[Twitter] Starting validation...
[Twitter] Elapsed validation time:0.24s
[Twitter] [Epoch=000] Train Loss=[QuantLoss=0.05486]Val loss = [QuantLoss=0.02195][QuantReg:0.41260][saved best model in this epoch]
[Twitter] Starting epoch 1...
[Twitter] Elapsed training time:4.33s
[Twitter] Starting validation...
[Twitter] Elapsed validation time:0.26s
[Twitter] [Epoch=001] Train Loss=[QuantLoss=0.03537]Val loss = [QuantLoss=0.00542][QuantReg:0.42989][saved best model in this epoch]
[Twitter] Starting epoch 2...
[Twitter] Elapsed training time:4.27s
[Twitter] Starting validation...
[Twitter] Elapsed validation time:0.24s
[Twitter] [Epoch=002] Train Loss=[QuantLoss=0.03003]Val loss = [QuantLoss=0.03163][QuantReg:0.38961]
[Twitter] Starting epoch 3...
[Twitter] Elapsed training time:4.33s
[Twitter] Starting validation...
[Twitter] Elapsed validation time:0.22s
[Twitter] [Epoch=003] Train Loss=[QuantLoss=0.03077]Val loss = [QuantLoss=0.04356][QuantReg:0.39902]
[Twitter] Starting epoch 4...
[Twitter] Elapsed training time:4.19s
[Twitter] Starting validation...
[Twitter] Elapsed validation time:0.24s
[Twitter] [Epoch=004] Train Loss=[QuantLoss=0.02731]Val loss = [QuantLoss=0.02231][QuantReg:0.41106]
[Twitter] Starting epoch 5...
[Twitter] Elapsed training time:4.23s
[Twitter] Starting validation...
[Twitter] Elapsed validation time:0.23s
[Twitter] [Epoch=005] Train Loss=[QuantLoss=0.02621]Val loss = [QuantLoss=0.03236][QuantReg:0.41466]
[Twitter] Starting epoch 6...
[Twitter] Elapsed training time:4.23s
[Twitter] Starting validation...
[Twitter] Elapsed validation time:0.24s
[Twitter] [Epoch=006] Train Loss=[QuantLoss=0.02611]Val loss = [QuantLoss=0.00841][QuantReg:0.42305]
[Twitter] Starting epoch 7...
[Twitter] Elapsed training time:4.17s
[Twitter] Starting validation...
[Twitter] Elapsed validation time:0.24s
[Twitter] [Epoch=007] Train Loss=[QuantLoss=0.02683]Val loss = [QuantLoss=0.02348][QuantReg:0.45210]
[Twitter] Starting epoch 8...
[Twitter] Elapsed training time:4.29s
[Twitter] Starting validation...
[Twitter] Elapsed validation time:0.20s
[Twitter] [Epoch=008] Train Loss=[QuantLoss=0.02504]Val loss = [QuantLoss=0.01782][QuantReg:0.44539]
[Twitter] Starting epoch 9...
[Twitter] Elapsed training time:4.52s
[Twitter] Starting validation...
[Twitter] Elapsed validation time:0.19s
[Twitter] [Epoch=009] Train Loss=[QuantLoss=0.02433]Val loss = [QuantLoss=0.01965][QuantReg:0.41218]
[Twitter] Starting epoch 10...
[Twitter] Elapsed training time:4.81s
[Twitter] Starting validation...
[Twitter] Elapsed validation time:0.22s
[Twitter] [Epoch=010] Train Loss=[QuantLoss=0.02382]Val loss = [QuantLoss=0.03778][QuantReg:0.41458]
[Twitter] Starting epoch 11...
[Twitter] Elapsed training time:4.90s
[Twitter] Starting validation...
[Twitter] Elapsed validation time:0.24s
[Twitter] [Epoch=011] Train Loss=[QuantLoss=0.02146]Val loss = [QuantLoss=0.00994][QuantReg:0.44092]
[Twitter] Starting epoch 12...
[Twitter] Elapsed training time:5.12s
[Twitter] Starting validation...
[Twitter] Elapsed validation time:0.21s
[Twitter] [Epoch=012] Train Loss=[QuantLoss=0.02219]Val loss = [QuantLoss=0.01258][QuantReg:0.44865]
[Twitter] Starting epoch 13...
[Twitter] Elapsed training time:4.88s
[Twitter] Starting validation...
[Twitter] Elapsed validation time:0.21s
[Twitter] [Epoch=013] Train Loss=[QuantLoss=0.02243]Val loss = [QuantLoss=0.01966][QuantReg:0.42720]
[Twitter] Starting epoch 14...
[Twitter] Elapsed training time:4.94s
[Twitter] Starting validation...
[Twitter] Elapsed validation time:0.24s
[Twitter] [Epoch=014] Train Loss=[QuantLoss=0.02090]Val loss = [QuantLoss=0.04343][QuantReg:0.41998]
[Twitter] Starting epoch 15...
[Twitter] Elapsed training time:4.92s
[Twitter] Starting validation...
[Twitter] Elapsed validation time:0.21s
[Twitter] [Epoch=015] Train Loss=[QuantLoss=0.02011]Val loss = [QuantLoss=0.05092][QuantReg:0.40589]
[Twitter] Starting epoch 16...
[Twitter] Elapsed training time:4.61s
[Twitter] Starting validation...
[Twitter] Elapsed validation time:0.23s
[Twitter] [Epoch=016] Train Loss=[QuantLoss=0.02084]Val loss = [QuantLoss=0.01939][QuantReg:0.41194]
[Twitter] Starting epoch 17...
[Twitter] Elapsed training time:4.31s
[Twitter] Starting validation...
[Twitter] Elapsed validation time:0.22s
[Twitter] [Epoch=017] Train Loss=[QuantLoss=0.02273]Val loss = [QuantLoss=0.07633][QuantReg:0.40726]
[Twitter] Starting epoch 18...
[Twitter] Elapsed training time:4.21s
[Twitter] Starting validation...
[Twitter] Elapsed validation time:0.25s
[Twitter] [Epoch=018] Train Loss=[QuantLoss=0.02074]Val loss = [QuantLoss=0.02408][QuantReg:0.38734]
[Twitter] Starting epoch 19...
[Twitter] Elapsed training time:4.35s
[Twitter] Starting validation...
[Twitter] Elapsed validation time:0.25s
[Twitter] [Epoch=019] Train Loss=[QuantLoss=0.02229]Val loss = [QuantLoss=0.05854][QuantReg:0.39188]
[Twitter] Starting epoch 20...
[Twitter] Elapsed training time:4.28s
[Twitter] Starting validation...
[Twitter] Elapsed validation time:0.24s
[Twitter] [Epoch=020] Train Loss=[QuantLoss=0.02262]Val loss = [QuantLoss=0.01008][QuantReg:0.38817]
[Twitter] Starting epoch 21...
[Twitter] Elapsed training time:4.31s
[Twitter] Starting validation...
[Twitter] Elapsed validation time:0.23s
[Twitter] [Epoch=021] Train Loss=[QuantLoss=0.01929]Val loss = [QuantLoss=0.03700][QuantReg:0.37934]
[Twitter] Starting epoch 22...
[Twitter] Elapsed training time:4.21s
[Twitter] Starting validation...
[Twitter] Elapsed validation time:0.23s
[Twitter] [Epoch=022] Train Loss=[QuantLoss=0.02019]Val loss = [QuantLoss=0.07202][QuantReg:0.38396]
[Twitter] Starting epoch 23...
[Twitter] Elapsed training time:4.18s
[Twitter] Starting validation...
[Twitter] Elapsed validation time:0.24s
[Twitter] [Epoch=023] Train Loss=[QuantLoss=0.02111]Val loss = [QuantLoss=0.03318][QuantReg:0.38791]
[Twitter] Starting epoch 24...
[Twitter] Elapsed training time:4.19s
[Twitter] Starting validation...
[Twitter] Elapsed validation time:0.36s
[Twitter] [Epoch=024] Train Loss=[QuantLoss=0.01731]Val loss = [QuantLoss=0.04152][QuantReg:0.39106]
[Twitter] Starting epoch 25...
[Twitter] Elapsed training time:4.28s
[Twitter] Starting validation...
[Twitter] Elapsed validation time:0.24s
[Twitter] [Epoch=025] Train Loss=[QuantLoss=0.01727]Val loss = [QuantLoss=0.02345][QuantReg:0.38538]
[Twitter] Starting epoch 26...
[Twitter] Elapsed training time:4.39s
[Twitter] Starting validation...
[Twitter] Elapsed validation time:0.36s
[Twitter] [Epoch=026] Train Loss=[QuantLoss=0.01707]Val loss = [QuantLoss=0.01789][QuantReg:0.38122]
[Twitter] Starting epoch 27...
[Twitter] Elapsed training time:4.47s
[Twitter] Starting validation...
[Twitter] Elapsed validation time:0.38s
[Twitter] [Epoch=027] Train Loss=[QuantLoss=0.01754]Val loss = [QuantLoss=0.01511][QuantReg:0.38291]
[Twitter] Starting epoch 28...
[Twitter] Elapsed training time:4.24s
[Twitter] Starting validation...
[Twitter] Elapsed validation time:0.36s
[Twitter] [Epoch=028] Train Loss=[QuantLoss=0.01669]Val loss = [QuantLoss=0.00914][QuantReg:0.38473]
[Twitter] Starting epoch 29...
[Twitter] Elapsed training time:4.34s
[Twitter] Starting validation...
[Twitter] Elapsed validation time:0.38s
[Twitter] [Epoch=029] Train Loss=[QuantLoss=0.01649]Val loss = [QuantLoss=0.01033][QuantReg:0.38435]
[Twitter] Starting epoch 30...
[Twitter] Elapsed training time:4.30s
[Twitter] Starting validation...
[Twitter] Elapsed validation time:0.34s
[Twitter] [Epoch=030] Train Loss=[QuantLoss=0.01729]Val loss = [QuantLoss=0.01138][QuantReg:0.37713]
[Twitter] Starting epoch 31...
[Twitter] Elapsed training time:4.39s
[Twitter] Starting validation...
[Twitter] Elapsed validation time:0.34s
[Twitter] [Epoch=031] Train Loss=[QuantLoss=0.01664]Val loss = [QuantLoss=0.02446][QuantReg:0.37849]
[Twitter] Starting epoch 32...
[Twitter] Elapsed training time:4.26s
[Twitter] Starting validation...
[Twitter] Elapsed validation time:0.34s
[Twitter] [Epoch=032] Train Loss=[QuantLoss=0.01787]Val loss = [QuantLoss=0.01637][QuantReg:0.37882]
[Twitter] Starting epoch 33...
[Twitter] Elapsed training time:4.30s
[Twitter] Starting validation...
[Twitter] Elapsed validation time:0.36s
[Twitter] [Epoch=033] Train Loss=[QuantLoss=0.01473]Val loss = [QuantLoss=0.00541][QuantReg:0.38015][saved best model in this epoch]
[Twitter] Starting epoch 34...
[Twitter] Elapsed training time:4.40s
[Twitter] Starting validation...
[Twitter] Elapsed validation time:0.36s
[Twitter] [Epoch=034] Train Loss=[QuantLoss=0.01655]Val loss = [QuantLoss=0.01113][QuantReg:0.38453]
[Twitter] Starting epoch 35...
[Twitter] Elapsed training time:4.31s
[Twitter] Starting validation...
[Twitter] Elapsed validation time:0.34s
[Twitter] [Epoch=035] Train Loss=[QuantLoss=0.01673]Val loss = [QuantLoss=0.03215][QuantReg:0.38504]
[Twitter] Starting epoch 36...
[Twitter] Elapsed training time:4.32s
[Twitter] Starting validation...
[Twitter] Elapsed validation time:0.38s
[Twitter] [Epoch=036] Train Loss=[QuantLoss=0.01618]Val loss = [QuantLoss=0.02174][QuantReg:0.39378]
[Twitter] Starting epoch 37...
[Twitter] Elapsed training time:4.51s
[Twitter] Starting validation...
[Twitter] Elapsed validation time:0.36s
[Twitter] [Epoch=037] Train Loss=[QuantLoss=0.01634]Val loss = [QuantLoss=0.03677][QuantReg:0.38608]
[Twitter] Starting epoch 38...
[Twitter] Elapsed training time:4.41s
[Twitter] Starting validation...
[Twitter] Elapsed validation time:0.35s
[Twitter] [Epoch=038] Train Loss=[QuantLoss=0.01563]Val loss = [QuantLoss=0.01038][QuantReg:0.38343]
[Twitter] Starting epoch 39...
[Twitter] Elapsed training time:4.52s
[Twitter] Starting validation...
[Twitter] Elapsed validation time:0.36s
[Twitter] [Epoch=039] Train Loss=[QuantLoss=0.01495]Val loss = [QuantLoss=0.01976][QuantReg:0.38406]
[Twitter] Starting epoch 40...
[Twitter] Elapsed training time:4.39s
[Twitter] Starting validation...
[Twitter] Elapsed validation time:0.35s
[Twitter] [Epoch=040] Train Loss=[QuantLoss=0.01602]Val loss = [QuantLoss=0.02416][QuantReg:0.39820]
[Twitter] Starting epoch 41...
[Twitter] Elapsed training time:4.35s
[Twitter] Starting validation...
[Twitter] Elapsed validation time:0.35s
[Twitter] [Epoch=041] Train Loss=[QuantLoss=0.01709]Val loss = [QuantLoss=0.02681][QuantReg:0.39665]
[Twitter] Starting epoch 42...
[Twitter] Elapsed training time:4.41s
[Twitter] Starting validation...
[Twitter] Elapsed validation time:0.35s
[Twitter] [Epoch=042] Train Loss=[QuantLoss=0.01524]Val loss = [QuantLoss=0.01770][QuantReg:0.39037]
[Twitter] Starting epoch 43...
[Twitter] Elapsed training time:4.59s
[Twitter] Starting validation...
[Twitter] Elapsed validation time:0.35s
[Twitter] [Epoch=043] Train Loss=[QuantLoss=0.01441]Val loss = [QuantLoss=0.01441][QuantReg:0.39105]
[Twitter] Starting epoch 44...
[Twitter] Elapsed training time:4.50s
[Twitter] Starting validation...
[Twitter] Elapsed validation time:0.36s
[Twitter] [Epoch=044] Train Loss=[QuantLoss=0.01741]Val loss = [QuantLoss=0.01659][QuantReg:0.39881]
[Twitter] Starting epoch 45...
[Twitter] Elapsed training time:4.36s
[Twitter] Starting validation...
[Twitter] Elapsed validation time:0.35s
[Twitter] [Epoch=045] Train Loss=[QuantLoss=0.01560]Val loss = [QuantLoss=0.02204][QuantReg:0.39049]
[Twitter] Starting epoch 46...
[Twitter] Elapsed training time:4.43s
[Twitter] Starting validation...
[Twitter] Elapsed validation time:0.35s
[Twitter] [Epoch=046] Train Loss=[QuantLoss=0.01555]Val loss = [QuantLoss=0.01883][QuantReg:0.38899]
[Twitter] Starting epoch 47...
[Twitter] Elapsed training time:4.54s
[Twitter] Starting validation...
[Twitter] Elapsed validation time:0.35s
[Twitter] [Epoch=047] Train Loss=[QuantLoss=0.01646]Val loss = [QuantLoss=0.02617][QuantReg:0.38679]
[Twitter] Starting epoch 48...
[Twitter] Elapsed training time:4.40s
[Twitter] Starting validation...
[Twitter] Elapsed validation time:0.38s
[Twitter] [Epoch=048] Train Loss=[QuantLoss=0.01684]Val loss = [QuantLoss=0.01811][QuantReg:0.39413]
[Twitter] Starting epoch 49...
[Twitter] Elapsed training time:4.36s
[Twitter] Starting validation...
[Twitter] Elapsed validation time:0.36s
[Twitter] [Epoch=049] Train Loss=[QuantLoss=0.01524]Val loss = [QuantLoss=0.01402][QuantReg:0.40107]
[Twitter] Starting epoch 50...
[Twitter] Elapsed training time:4.24s
[Twitter] Starting validation...
[Twitter] Elapsed validation time:0.36s
[Twitter] [Epoch=050] Train Loss=[QuantLoss=0.01592]Val loss = [QuantLoss=0.02243][QuantReg:0.39599]
[Twitter] Starting epoch 51...
[Twitter] Elapsed training time:4.31s
[Twitter] Starting validation...
[Twitter] Elapsed validation time:0.35s
[Twitter] [Epoch=051] Train Loss=[QuantLoss=0.01499]Val loss = [QuantLoss=0.02228][QuantReg:0.39896]
[Twitter] Starting epoch 52...
[Twitter] Elapsed training time:4.49s
[Twitter] Starting validation...
[Twitter] Elapsed validation time:0.33s
[Twitter] [Epoch=052] Train Loss=[QuantLoss=0.01540]Val loss = [QuantLoss=0.02992][QuantReg:0.39699]
[Twitter] Starting epoch 53...
[Twitter] Elapsed training time:4.59s
[Twitter] Starting validation...
[Twitter] Elapsed validation time:0.35s
[Twitter] [Epoch=053] Train Loss=[QuantLoss=0.01614]Val loss = [QuantLoss=0.02702][QuantReg:0.39025]
[Twitter] Starting epoch 54...
[Twitter] Elapsed training time:4.82s
[Twitter] Starting validation...
[Twitter] Elapsed validation time:0.32s
[Twitter] [Epoch=054] Train Loss=[QuantLoss=0.01762]Val loss = [QuantLoss=0.01445][QuantReg:0.39323]
[Twitter] Starting epoch 55...
[Twitter] Elapsed training time:5.17s
[Twitter] Starting validation...
[Twitter] Elapsed validation time:0.34s
[Twitter] [Epoch=055] Train Loss=[QuantLoss=0.01485]Val loss = [QuantLoss=0.01760][QuantReg:0.39456]
[Twitter] Starting epoch 56...
[Twitter] Elapsed training time:4.73s
[Twitter] Starting validation...
[Twitter] Elapsed validation time:0.31s
[Twitter] [Epoch=056] Train Loss=[QuantLoss=0.01370]Val loss = [QuantLoss=0.01679][QuantReg:0.39210]
[Twitter] Starting epoch 57...
[Twitter] Elapsed training time:4.68s
[Twitter] Starting validation...
[Twitter] Elapsed validation time:0.32s
[Twitter] [Epoch=057] Train Loss=[QuantLoss=0.01503]Val loss = [QuantLoss=0.01457][QuantReg:0.39360]
[Twitter] Starting epoch 58...
[Twitter] Elapsed training time:4.76s
[Twitter] Starting validation...
[Twitter] Elapsed validation time:0.30s
[Twitter] [Epoch=058] Train Loss=[QuantLoss=0.01474]Val loss = [QuantLoss=0.02073][QuantReg:0.39526]
[Twitter] Starting epoch 59...
[Twitter] Elapsed training time:4.57s
[Twitter] Starting validation...
[Twitter] Elapsed validation time:0.34s
[Twitter] [Epoch=059] Train Loss=[QuantLoss=0.01373]Val loss = [QuantLoss=0.02046][QuantReg:0.39000]
[Twitter] Starting epoch 60...
[Twitter] Elapsed training time:4.30s
[Twitter] Starting validation...
[Twitter] Elapsed validation time:0.37s
[Twitter] [Epoch=060] Train Loss=[QuantLoss=0.01468]Val loss = [QuantLoss=0.01912][QuantReg:0.39281]
[Twitter] Starting epoch 61...
[Twitter] Elapsed training time:4.35s
[Twitter] Starting validation...
[Twitter] Elapsed validation time:0.22s
[Twitter] [Epoch=061] Train Loss=[QuantLoss=0.01475]Val loss = [QuantLoss=0.02422][QuantReg:0.39459]
[Twitter] Starting epoch 62...
[Twitter] Elapsed training time:4.09s
[Twitter] Starting validation...
[Twitter] Elapsed validation time:0.24s
[Twitter] [Epoch=062] Train Loss=[QuantLoss=0.01494]Val loss = [QuantLoss=0.02689][QuantReg:0.39356]
[Twitter] Starting epoch 63...
[Twitter] Elapsed training time:4.24s
[Twitter] Starting validation...
[Twitter] Elapsed validation time:0.29s
[Twitter] [Epoch=063] Train Loss=[QuantLoss=0.01415]Val loss = [QuantLoss=0.03318][QuantReg:0.39598]
[Twitter] Starting epoch 64...
[Twitter] Elapsed training time:4.30s
[Twitter] Starting validation...
[Twitter] Elapsed validation time:0.25s
[Twitter] [Epoch=064] Train Loss=[QuantLoss=0.01293]Val loss = [QuantLoss=0.02331][QuantReg:0.39468]
[Twitter] Starting epoch 65...
[Twitter] Elapsed training time:4.28s
[Twitter] Starting validation...
[Twitter] Elapsed validation time:0.25s
[Twitter] [Epoch=065] Train Loss=[QuantLoss=0.01462]Val loss = [QuantLoss=0.02731][QuantReg:0.39316]
[Twitter] Starting epoch 66...
[Twitter] Elapsed training time:4.26s
[Twitter] Starting validation...
[Twitter] Elapsed validation time:0.24s
[Twitter] [Epoch=066] Train Loss=[QuantLoss=0.01462]Val loss = [QuantLoss=0.02496][QuantReg:0.39825]
[Twitter] Starting epoch 67...
[Twitter] Elapsed training time:4.37s
[Twitter] Starting validation...
[Twitter] Elapsed validation time:0.26s
[Twitter] [Epoch=067] Train Loss=[QuantLoss=0.01424]Val loss = [QuantLoss=0.01792][QuantReg:0.39797]
[Twitter] Starting epoch 68...
[Twitter] Elapsed training time:4.30s
[Twitter] Starting validation...
[Twitter] Elapsed validation time:0.26s
[Twitter] [Epoch=068] Train Loss=[QuantLoss=0.01327]Val loss = [QuantLoss=0.02213][QuantReg:0.39619]
[Twitter] Starting epoch 69...
[Twitter] Elapsed training time:4.20s
[Twitter] Starting validation...
[Twitter] Elapsed validation time:0.29s
[Twitter] [Epoch=069] Train Loss=[QuantLoss=0.01391]Val loss = [QuantLoss=0.01721][QuantReg:0.39799]
[Twitter] Starting epoch 70...
[Twitter] Elapsed training time:4.20s
[Twitter] Starting validation...
[Twitter] Elapsed validation time:0.25s
[Twitter] [Epoch=070] Train Loss=[QuantLoss=0.01425]Val loss = [QuantLoss=0.02331][QuantReg:0.39853]
[Twitter] Starting epoch 71...
[Twitter] Elapsed training time:4.22s
[Twitter] Starting validation...
[Twitter] Elapsed validation time:0.23s
[Twitter] [Epoch=071] Train Loss=[QuantLoss=0.01356]Val loss = [QuantLoss=0.02396][QuantReg:0.39676]
[Twitter] Starting epoch 72...
[Twitter] Elapsed training time:4.26s
[Twitter] Starting validation...
[Twitter] Elapsed validation time:0.28s
[Twitter] [Epoch=072] Train Loss=[QuantLoss=0.01387]Val loss = [QuantLoss=0.02751][QuantReg:0.39886]
[Twitter] Starting epoch 73...
[Twitter] Elapsed training time:4.24s
[Twitter] Starting validation...
[Twitter] Elapsed validation time:0.24s
[Twitter] [Epoch=073] Train Loss=[QuantLoss=0.01441]Val loss = [QuantLoss=0.03118][QuantReg:0.39552]
[Twitter] Starting epoch 74...
[Twitter] Elapsed training time:4.23s
[Twitter] Starting validation...
[Twitter] Elapsed validation time:0.26s
[Twitter] [Epoch=074] Train Loss=[QuantLoss=0.01494]Val loss = [QuantLoss=0.02467][QuantReg:0.40202]
[Twitter] Starting epoch 75...
[Twitter] Elapsed training time:4.24s
[Twitter] Starting validation...
[Twitter] Elapsed validation time:0.22s
[Twitter] [Epoch=075] Train Loss=[QuantLoss=0.01404]Val loss = [QuantLoss=0.02309][QuantReg:0.40451]
[Twitter] Starting epoch 76...
[Twitter] Elapsed training time:4.28s
[Twitter] Starting validation...
[Twitter] Elapsed validation time:0.26s
[Twitter] [Epoch=076] Train Loss=[QuantLoss=0.01471]Val loss = [QuantLoss=0.02482][QuantReg:0.40315]
[Twitter] Starting epoch 77...
[Twitter] Elapsed training time:4.26s
[Twitter] Starting validation...
[Twitter] Elapsed validation time:0.25s
[Twitter] [Epoch=077] Train Loss=[QuantLoss=0.01352]Val loss = [QuantLoss=0.02219][QuantReg:0.39688]
[Twitter] Starting epoch 78...
[Twitter] Elapsed training time:4.33s
[Twitter] Starting validation...
[Twitter] Elapsed validation time:0.22s
[Twitter] [Epoch=078] Train Loss=[QuantLoss=0.01380]Val loss = [QuantLoss=0.02344][QuantReg:0.40041]
[Twitter] Starting epoch 79...
[Twitter] Elapsed training time:4.41s
[Twitter] Starting validation...
[Twitter] Elapsed validation time:0.19s
[Twitter] [Epoch=079] Train Loss=[QuantLoss=0.01497]Val loss = [QuantLoss=0.02675][QuantReg:0.40160]
[Twitter] Starting epoch 80...
[Twitter] Elapsed training time:4.49s
[Twitter] Starting validation...
[Twitter] Elapsed validation time:0.21s
[Twitter] [Epoch=080] Train Loss=[QuantLoss=0.01436]Val loss = [QuantLoss=0.01453][QuantReg:0.39936]
[Twitter] Starting epoch 81...
[Twitter] Elapsed training time:4.85s
[Twitter] Starting validation...
[Twitter] Elapsed validation time:0.23s
[Twitter] [Epoch=081] Train Loss=[QuantLoss=0.01304]Val loss = [QuantLoss=0.02621][QuantReg:0.39601]
[Twitter] Starting epoch 82...
[Twitter] Elapsed training time:4.96s
[Twitter] Starting validation...
[Twitter] Elapsed validation time:0.21s
[Twitter] [Epoch=082] Train Loss=[QuantLoss=0.01224]Val loss = [QuantLoss=0.02295][QuantReg:0.39487]
[Twitter] Starting epoch 83...
[Twitter] Elapsed training time:4.82s
[Twitter] Starting validation...
[Twitter] Elapsed validation time:0.23s
[Twitter] [Epoch=083] Train Loss=[QuantLoss=0.01418]Val loss = [QuantLoss=0.01805][QuantReg:0.39914]
[Twitter] Starting epoch 84...
[Twitter] Elapsed training time:4.56s
[Twitter] Starting validation...
[Twitter] Elapsed validation time:0.22s
[Twitter] [Epoch=084] Train Loss=[QuantLoss=0.01279]Val loss = [QuantLoss=0.01298][QuantReg:0.40250]
[Twitter] Starting epoch 85...
[Twitter] Elapsed training time:4.35s
[Twitter] Starting validation...
[Twitter] Elapsed validation time:0.27s
[Twitter] [Epoch=085] Train Loss=[QuantLoss=0.01331]Val loss = [QuantLoss=0.02568][QuantReg:0.39827]
[Twitter] Starting epoch 86...
[Twitter] Elapsed training time:4.38s
[Twitter] Starting validation...
[Twitter] Elapsed validation time:0.25s
[Twitter] [Epoch=086] Train Loss=[QuantLoss=0.01204]Val loss = [QuantLoss=0.03366][QuantReg:0.39892]
[Twitter] Starting epoch 87...
[Twitter] Elapsed training time:4.15s
[Twitter] Starting validation...
[Twitter] Elapsed validation time:0.23s
[Twitter] [Epoch=087] Train Loss=[QuantLoss=0.01237]Val loss = [QuantLoss=0.02981][QuantReg:0.40070]
[Twitter] Starting epoch 88...
[Twitter] Elapsed training time:4.16s
[Twitter] Starting validation...
[Twitter] Elapsed validation time:0.24s
[Twitter] [Epoch=088] Train Loss=[QuantLoss=0.01288]Val loss = [QuantLoss=0.03559][QuantReg:0.39684]
[Twitter] Starting epoch 89...
[Twitter] Elapsed training time:4.29s
[Twitter] Starting validation...
[Twitter] Elapsed validation time:0.23s
[Twitter] [Epoch=089] Train Loss=[QuantLoss=0.01294]Val loss = [QuantLoss=0.02578][QuantReg:0.39689]
[Twitter] Starting epoch 90...
[Twitter] Elapsed training time:4.34s
[Twitter] Starting validation...
[Twitter] Elapsed validation time:0.25s
[Twitter] [Epoch=090] Train Loss=[QuantLoss=0.01316]Val loss = [QuantLoss=0.01652][QuantReg:0.39662]
[Twitter] Starting epoch 91...
[Twitter] Elapsed training time:4.29s
[Twitter] Starting validation...
[Twitter] Elapsed validation time:0.23s
[Twitter] [Epoch=091] Train Loss=[QuantLoss=0.01198]Val loss = [QuantLoss=0.01831][QuantReg:0.39920]
[Twitter] Starting epoch 92...
[Twitter] Elapsed training time:4.37s
[Twitter] Starting validation...
[Twitter] Elapsed validation time:0.26s
[Twitter] [Epoch=092] Train Loss=[QuantLoss=0.01303]Val loss = [QuantLoss=0.02713][QuantReg:0.39987]
[Twitter] Starting epoch 93...
[Twitter] Elapsed training time:4.36s
[Twitter] Starting validation...
[Twitter] Elapsed validation time:0.26s
[Twitter] [Epoch=093] Train Loss=[QuantLoss=0.01328]Val loss = [QuantLoss=0.02315][QuantReg:0.40033]
[Twitter] Starting epoch 94...
[Twitter] Elapsed training time:4.38s
[Twitter] Starting validation...
[Twitter] Elapsed validation time:0.25s
[Twitter] [Epoch=094] Train Loss=[QuantLoss=0.01269]Val loss = [QuantLoss=0.02476][QuantReg:0.40462]
[Twitter] Starting epoch 95...
[Twitter] Elapsed training time:4.48s
[Twitter] Starting validation...
[Twitter] Elapsed validation time:0.25s
[Twitter] [Epoch=095] Train Loss=[QuantLoss=0.01296]Val loss = [QuantLoss=0.02384][QuantReg:0.40694]
[Twitter] Starting epoch 96...
[Twitter] Elapsed training time:4.21s
[Twitter] Starting validation...
[Twitter] Elapsed validation time:0.28s
[Twitter] [Epoch=096] Train Loss=[QuantLoss=0.01221]Val loss = [QuantLoss=0.02764][QuantReg:0.40325]
[Twitter] Starting epoch 97...
[Twitter] Elapsed training time:4.17s
[Twitter] Starting validation...
[Twitter] Elapsed validation time:0.24s
[Twitter] [Epoch=097] Train Loss=[QuantLoss=0.01275]Val loss = [QuantLoss=0.03591][QuantReg:0.39988]
[Twitter] Starting epoch 98...
[Twitter] Elapsed training time:4.19s
[Twitter] Starting validation...
[Twitter] Elapsed validation time:0.35s
[Twitter] [Epoch=098] Train Loss=[QuantLoss=0.01192]Val loss = [QuantLoss=0.03123][QuantReg:0.39812]
[Twitter] Starting epoch 99...
[Twitter] Elapsed training time:4.26s
[Twitter] Starting validation...
[Twitter] Elapsed validation time:0.23s
[Twitter] [Epoch=099] Train Loss=[QuantLoss=0.01225]Val loss = [QuantLoss=0.02835][QuantReg:0.39797]
[Twitter] Starting epoch 100...
[Twitter] Elapsed training time:4.33s
[Twitter] Starting validation...
[Twitter] Elapsed validation time:0.34s
[Twitter] [Epoch=100] Train Loss=[QuantLoss=0.01297]Val loss = [QuantLoss=0.02099][QuantReg:0.39795]
[Twitter] Starting epoch 101...
[Twitter] Elapsed training time:4.40s
[Twitter] Starting validation...
[Twitter] Elapsed validation time:0.23s
[Twitter] [Epoch=101] Train Loss=[QuantLoss=0.01254]Val loss = [QuantLoss=0.02185][QuantReg:0.39414]
[Twitter] Starting epoch 102...
[Twitter] Elapsed training time:4.25s
[Twitter] Starting validation...
[Twitter] Elapsed validation time:0.35s
[Twitter] [Epoch=102] Train Loss=[QuantLoss=0.01222]Val loss = [QuantLoss=0.02241][QuantReg:0.39357]
[Twitter] Starting epoch 103...
[Twitter] Elapsed training time:4.31s
[Twitter] Starting validation...
[Twitter] Elapsed validation time:0.35s
[Twitter] [Epoch=103] Train Loss=[QuantLoss=0.01200]Val loss = [QuantLoss=0.02246][QuantReg:0.39433]
[Twitter] Starting epoch 104...
[Twitter] Elapsed training time:4.29s
[Twitter] Starting validation...
[Twitter] Elapsed validation time:0.36s
[Twitter] [Epoch=104] Train Loss=[QuantLoss=0.01260]Val loss = [QuantLoss=0.02894][QuantReg:0.39572]
[Twitter] Starting epoch 105...
[Twitter] Elapsed training time:4.45s
[Twitter] Starting validation...
[Twitter] Elapsed validation time:0.41s
[Twitter] [Epoch=105] Train Loss=[QuantLoss=0.01208]Val loss = [QuantLoss=0.02134][QuantReg:0.39539]
[Twitter] Starting epoch 106...
[Twitter] Elapsed training time:4.32s
[Twitter] Starting validation...
[Twitter] Elapsed validation time:0.37s
[Twitter] [Epoch=106] Train Loss=[QuantLoss=0.01249]Val loss = [QuantLoss=0.02542][QuantReg:0.39613]
[Twitter] Starting epoch 107...
[Twitter] Elapsed training time:4.39s
[Twitter] Starting validation...
[Twitter] Elapsed validation time:0.38s
[Twitter] [Epoch=107] Train Loss=[QuantLoss=0.01203]Val loss = [QuantLoss=0.01986][QuantReg:0.39545]
[Twitter] Starting epoch 108...
[Twitter] Elapsed training time:4.42s
[Twitter] Starting validation...
[Twitter] Elapsed validation time:0.36s
[Twitter] [Epoch=108] Train Loss=[QuantLoss=0.01269]Val loss = [QuantLoss=0.02440][QuantReg:0.40011]
[Twitter] Starting epoch 109...
[Twitter] Elapsed training time:4.44s
[Twitter] Starting validation...
[Twitter] Elapsed validation time:0.38s
[Twitter] [Epoch=109] Train Loss=[QuantLoss=0.01188]Val loss = [QuantLoss=0.02495][QuantReg:0.39830]
[Twitter] Starting epoch 110...
[Twitter] Elapsed training time:4.49s
[Twitter] Starting validation...
[Twitter] Elapsed validation time:0.37s
[Twitter] [Epoch=110] Train Loss=[QuantLoss=0.01244]Val loss = [QuantLoss=0.02028][QuantReg:0.39860]
[Twitter] Starting epoch 111...
[Twitter] Elapsed training time:4.44s
[Twitter] Starting validation...
[Twitter] Elapsed validation time:0.34s
[Twitter] [Epoch=111] Train Loss=[QuantLoss=0.01195]Val loss = [QuantLoss=0.03093][QuantReg:0.39645]
[Twitter] Starting epoch 112...
[Twitter] Elapsed training time:4.61s
[Twitter] Starting validation...
[Twitter] Elapsed validation time:0.37s
[Twitter] [Epoch=112] Train Loss=[QuantLoss=0.01269]Val loss = [QuantLoss=0.02389][QuantReg:0.39447]
[Twitter] Starting epoch 113...
[Twitter] Elapsed training time:4.46s
[Twitter] Starting validation...
[Twitter] Elapsed validation time:0.34s
[Twitter] [Epoch=113] Train Loss=[QuantLoss=0.01211]Val loss = [QuantLoss=0.02910][QuantReg:0.39539]
[Twitter] Starting epoch 114...
[Twitter] Elapsed training time:4.61s
[Twitter] Starting validation...
[Twitter] Elapsed validation time:0.30s
[Twitter] [Epoch=114] Train Loss=[QuantLoss=0.01232]Val loss = [QuantLoss=0.02280][QuantReg:0.39171]
[Twitter] Starting epoch 115...
[Twitter] Elapsed training time:4.47s
[Twitter] Starting validation...
[Twitter] Elapsed validation time:0.31s
[Twitter] [Epoch=115] Train Loss=[QuantLoss=0.01214]Val loss = [QuantLoss=0.03157][QuantReg:0.39006]
[Twitter] Starting epoch 116...
[Twitter] Elapsed training time:4.57s
[Twitter] Starting validation...
[Twitter] Elapsed validation time:0.29s
[Twitter] [Epoch=116] Train Loss=[QuantLoss=0.01256]Val loss = [QuantLoss=0.02823][QuantReg:0.39149]
[Twitter] Starting epoch 117...
[Twitter] Elapsed training time:4.91s
[Twitter] Starting validation...
[Twitter] Elapsed validation time:0.31s
[Twitter] [Epoch=117] Train Loss=[QuantLoss=0.01232]Val loss = [QuantLoss=0.02125][QuantReg:0.39459]
[Twitter] Starting epoch 118...
[Twitter] Elapsed training time:4.54s
[Twitter] Starting validation...
[Twitter] Elapsed validation time:0.34s
[Twitter] [Epoch=118] Train Loss=[QuantLoss=0.01213]Val loss = [QuantLoss=0.01501][QuantReg:0.39382]
[Twitter] Starting epoch 119...
[Twitter] Elapsed training time:4.52s
[Twitter] Starting validation...
[Twitter] Elapsed validation time:0.31s
[Twitter] [Epoch=119] Train Loss=[QuantLoss=0.01218]Val loss = [QuantLoss=0.02016][QuantReg:0.39286]
[Twitter] Starting epoch 120...
[Twitter] Elapsed training time:3.26s
[Twitter] Starting validation...
[Twitter] Elapsed validation time:0.35s
[Twitter] [Epoch=120] Train Loss=[QuantLoss=0.01213]Val loss = [QuantLoss=0.01700][QuantReg:0.39388]
[Twitter] Starting epoch 121...
[Twitter] Elapsed training time:4.28s
[Twitter] Starting validation...
[Twitter] Elapsed validation time:0.36s
[Twitter] [Epoch=121] Train Loss=[QuantLoss=0.01153]Val loss = [QuantLoss=0.01720][QuantReg:0.39316]
[Twitter] Starting epoch 122...
[Twitter] Elapsed training time:4.30s
[Twitter] Starting validation...
[Twitter] Elapsed validation time:0.37s
[Twitter] [Epoch=122] Train Loss=[QuantLoss=0.01110]Val loss = [QuantLoss=0.01867][QuantReg:0.39360]
[Twitter] Starting epoch 123...
[Twitter] Elapsed training time:4.22s
[Twitter] Starting validation...
[Twitter] Elapsed validation time:0.34s
[Twitter] [Epoch=123] Train Loss=[QuantLoss=0.01211]Val loss = [QuantLoss=0.01585][QuantReg:0.39487]
[Twitter] Starting epoch 124...
[Twitter] Elapsed training time:4.21s
[Twitter] Starting validation...
[Twitter] Elapsed validation time:0.37s
[Twitter] [Epoch=124] Train Loss=[QuantLoss=0.01162]Val loss = [QuantLoss=0.01393][QuantReg:0.39289]
[Twitter] Starting epoch 125...
[Twitter] Elapsed training time:4.27s
[Twitter] Starting validation...
[Twitter] Elapsed validation time:0.36s
[Twitter] [Epoch=125] Train Loss=[QuantLoss=0.01084]Val loss = [QuantLoss=0.02137][QuantReg:0.39268]
[Twitter] Starting epoch 126...
[Twitter] Elapsed training time:4.35s
[Twitter] Starting validation...
[Twitter] Elapsed validation time:0.35s
[Twitter] [Epoch=126] Train Loss=[QuantLoss=0.01233]Val loss = [QuantLoss=0.02704][QuantReg:0.39146]
[Twitter] Starting epoch 127...
[Twitter] Elapsed training time:4.46s
[Twitter] Starting validation...
[Twitter] Elapsed validation time:0.37s
[Twitter] [Epoch=127] Train Loss=[QuantLoss=0.01179]Val loss = [QuantLoss=0.01890][QuantReg:0.39216]
[Twitter] Starting epoch 128...
[Twitter] Elapsed training time:4.41s
[Twitter] Starting validation...
[Twitter] Elapsed validation time:0.35s
[Twitter] [Epoch=128] Train Loss=[QuantLoss=0.01214]Val loss = [QuantLoss=0.01969][QuantReg:0.39328]
[Twitter] Starting epoch 129...
[Twitter] Elapsed training time:4.24s
[Twitter] Starting validation...
[Twitter] Elapsed validation time:0.37s
[Twitter] [Epoch=129] Train Loss=[QuantLoss=0.01155]Val loss = [QuantLoss=0.01829][QuantReg:0.39484]
[Twitter] Starting epoch 130...
[Twitter] Elapsed training time:4.31s
[Twitter] Starting validation...
[Twitter] Elapsed validation time:0.36s
[Twitter] [Epoch=130] Train Loss=[QuantLoss=0.01158]Val loss = [QuantLoss=0.02042][QuantReg:0.39414]
[Twitter] Starting epoch 131...
[Twitter] Elapsed training time:4.36s
[Twitter] Starting validation...
[Twitter] Elapsed validation time:0.37s
[Twitter] [Epoch=131] Train Loss=[QuantLoss=0.01088]Val loss = [QuantLoss=0.01706][QuantReg:0.39514]
[Twitter] Starting epoch 132...
[Twitter] Elapsed training time:4.50s
[Twitter] Starting validation...
[Twitter] Elapsed validation time:0.23s
[Twitter] [Epoch=132] Train Loss=[QuantLoss=0.01124]Val loss = [QuantLoss=0.01572][QuantReg:0.39727]
[Twitter] Starting epoch 133...
[Twitter] Elapsed training time:4.36s
[Twitter] Starting validation...
[Twitter] Elapsed validation time:0.23s
[Twitter] [Epoch=133] Train Loss=[QuantLoss=0.01184]Val loss = [QuantLoss=0.01440][QuantReg:0.39578]
[Twitter] Starting epoch 134...
[Twitter] Elapsed training time:4.32s
[Twitter] Starting validation...
[Twitter] Elapsed validation time:0.23s
[Twitter] [Epoch=134] Train Loss=[QuantLoss=0.01149]Val loss = [QuantLoss=0.01347][QuantReg:0.39479]
[Twitter] Starting epoch 135...
[Twitter] Elapsed training time:4.34s
[Twitter] Starting validation...
[Twitter] Elapsed validation time:0.23s
[Twitter] [Epoch=135] Train Loss=[QuantLoss=0.01113]Val loss = [QuantLoss=0.02030][QuantReg:0.39523]
[Twitter] Starting epoch 136...
[Twitter] Elapsed training time:4.28s
[Twitter] Starting validation...
[Twitter] Elapsed validation time:0.24s
[Twitter] [Epoch=136] Train Loss=[QuantLoss=0.01184]Val loss = [QuantLoss=0.01423][QuantReg:0.39477]
[Twitter] Starting epoch 137...
[Twitter] Elapsed training time:4.25s
[Twitter] Starting validation...
[Twitter] Elapsed validation time:0.22s
[Twitter] [Epoch=137] Train Loss=[QuantLoss=0.01227]Val loss = [QuantLoss=0.01593][QuantReg:0.39333]
[Twitter] Starting epoch 138...
[Twitter] Elapsed training time:4.38s
[Twitter] Starting validation...
[Twitter] Elapsed validation time:0.23s
[Twitter] [Epoch=138] Train Loss=[QuantLoss=0.01177]Val loss = [QuantLoss=0.01105][QuantReg:0.39293]
[Twitter] Early stopping in epoch 138!
[Twitter] Restoring best model...
MAE médio por bag: 0.0349 ± 0.0198
Salvo em resultados_sanders/resultados_twitter_bert_3.csv
Dataset: /home/nildaimon/gmnet/experiments/train_curl/Datasets/Sanders/twitter-sanders-apple3.csv
Dificuldade: metric=kl, mode=hardest, top_k=None
Rodada: 3
Salvar resultados em: resultados_sanders
Dispositivo de treino: cpu
Carregando e processando dataset Twitter
Carregando embeddings do cache...
/home/nildaimon/gmnet/experiments/train_curl/train_sanders.py:89: FutureWarning: You are using `torch.load` with `weights_only=False` (the current default value), which uses the default pickle module implicitly. It is possible to construct malicious pickle data which will execute arbitrary code during unpickling (See https://github.com/pytorch/pytorch/blob/main/SECURITY.md#untrusted-models for more details). In a future release, the default value for `weights_only` will be flipped to `True`. This limits the functions that could be executed during unpickling. Arbitrary objects will no longer be allowed to be loaded via this mode unless they are explicitly allowlisted by the user via `torch.serialization.add_safe_globals`. We recommend you start setting `weights_only=True` for any use case where you don't have full control of the loaded file. Please open an issue on GitHub for any issues related to this experimental feature.
  embeddings = torch.load(EMBEDDING_CACHE)
/home/nildaimon/gmnet/experiments/train_curl/train_sanders.py:90: FutureWarning: You are using `torch.load` with `weights_only=False` (the current default value), which uses the default pickle module implicitly. It is possible to construct malicious pickle data which will execute arbitrary code during unpickling (See https://github.com/pytorch/pytorch/blob/main/SECURITY.md#untrusted-models for more details). In a future release, the default value for `weights_only` will be flipped to `True`. This limits the functions that could be executed during unpickling. Arbitrary objects will no longer be allowed to be loaded via this mode unless they are explicitly allowlisted by the user via `torch.serialization.add_safe_globals`. We recommend you start setting `weights_only=True` for any use case where you don't have full control of the loaded file. Please open an issue on GitHub for any issues related to this experimental feature.
  labels = torch.load(LABELS_CACHE)
Ignoring val_split as train and val datasets where given to fit function
We have two datasets: training 1092 examples. validation 100 examples.]
Using device cpu
/home/nildaimon/anaconda3/envs/gmnet/lib/python3.12/site-packages/torch/optim/lr_scheduler.py:62: UserWarning: The verbose parameter is deprecated. Please use get_last_lr() to access the learning rate.
  warnings.warn(
/home/nildaimon/gmnet/dlquantification/main.py:835: FutureWarning: `torch.cuda.amp.GradScaler(args...)` is deprecated. Please use `torch.amp.GradScaler('cuda', args...)` instead.
  scaler = torch.cuda.amp.GradScaler(enabled=self.use_fp16)
[Twitter] Starting epoch 0...
/home/nildaimon/gmnet/dlquantification/main.py:888: FutureWarning: `torch.cuda.amp.autocast(args...)` is deprecated. Please use `torch.amp.autocast('cuda', args...)` instead.
  with torch.cuda.amp.autocast(enabled=self.use_fp16):
[Twitter] Elapsed training time:4.33s
[Twitter] Starting validation...
[Twitter] Elapsed validation time:0.25s
[Twitter] [Epoch=000] Train Loss=[QuantLoss=0.09043]Val loss = [QuantLoss=0.10776][QuantReg:0.62704][saved best model in this epoch]
[Twitter] Starting epoch 1...
[Twitter] Elapsed training time:4.50s
[Twitter] Starting validation...
[Twitter] Elapsed validation time:0.24s
[Twitter] [Epoch=001] Train Loss=[QuantLoss=0.09297]Val loss = [QuantLoss=0.10000][QuantReg:0.59796][saved best model in this epoch]
[Twitter] Starting epoch 2...
[Twitter] Elapsed training time:4.16s
[Twitter] Starting validation...
[Twitter] Elapsed validation time:0.23s
[Twitter] [Epoch=002] Train Loss=[QuantLoss=0.08923]Val loss = [QuantLoss=0.15983][QuantReg:0.55630]
[Twitter] Starting epoch 3...
[Twitter] Elapsed training time:4.22s
[Twitter] Starting validation...
[Twitter] Elapsed validation time:0.22s
[Twitter] [Epoch=003] Train Loss=[QuantLoss=0.08793]Val loss = [QuantLoss=0.10064][QuantReg:0.53230]
[Twitter] Starting epoch 4...
[Twitter] Elapsed training time:4.17s
[Twitter] Starting validation...
[Twitter] Elapsed validation time:0.23s
[Twitter] [Epoch=004] Train Loss=[QuantLoss=0.08057]Val loss = [QuantLoss=0.09223][QuantReg:0.56825][saved best model in this epoch]
[Twitter] Starting epoch 5...
[Twitter] Elapsed training time:4.22s
[Twitter] Starting validation...
[Twitter] Elapsed validation time:0.23s
[Twitter] [Epoch=005] Train Loss=[QuantLoss=0.07367]Val loss = [QuantLoss=0.05875][QuantReg:0.56922][saved best model in this epoch]
[Twitter] Starting epoch 6...
[Twitter] Elapsed training time:4.20s
[Twitter] Starting validation...
[Twitter] Elapsed validation time:0.22s
[Twitter] [Epoch=006] Train Loss=[QuantLoss=0.07230]Val loss = [QuantLoss=0.01689][QuantReg:0.56349][saved best model in this epoch]
[Twitter] Starting epoch 7...
[Twitter] Elapsed training time:4.24s
[Twitter] Starting validation...
[Twitter] Elapsed validation time:0.24s
[Twitter] [Epoch=007] Train Loss=[QuantLoss=0.07203]Val loss = [QuantLoss=0.07273][QuantReg:0.57879]
[Twitter] Starting epoch 8...
[Twitter] Elapsed training time:4.19s
[Twitter] Starting validation...
[Twitter] Elapsed validation time:0.23s
[Twitter] [Epoch=008] Train Loss=[QuantLoss=0.06602]Val loss = [QuantLoss=0.18080][QuantReg:0.56043]
[Twitter] Starting epoch 9...
[Twitter] Elapsed training time:4.24s
[Twitter] Starting validation...
[Twitter] Elapsed validation time:0.23s
[Twitter] [Epoch=009] Train Loss=[QuantLoss=0.06583]Val loss = [QuantLoss=0.08748][QuantReg:0.55824]
[Twitter] Starting epoch 10...
[Twitter] Elapsed training time:4.13s
[Twitter] Starting validation...
[Twitter] Elapsed validation time:0.22s
[Twitter] [Epoch=010] Train Loss=[QuantLoss=0.06860]Val loss = [QuantLoss=0.10148][QuantReg:0.57106]
[Twitter] Starting epoch 11...
[Twitter] Elapsed training time:4.17s
[Twitter] Starting validation...
[Twitter] Elapsed validation time:0.24s
[Twitter] [Epoch=011] Train Loss=[QuantLoss=0.07122]Val loss = [QuantLoss=0.10541][QuantReg:0.56069]
[Twitter] Starting epoch 12...
[Twitter] Elapsed training time:4.22s
[Twitter] Starting validation...
[Twitter] Elapsed validation time:0.24s
[Twitter] [Epoch=012] Train Loss=[QuantLoss=0.06829]Val loss = [QuantLoss=0.07750][QuantReg:0.56398]
[Twitter] Starting epoch 13...
[Twitter] Elapsed training time:4.19s
[Twitter] Starting validation...
[Twitter] Elapsed validation time:0.23s
[Twitter] [Epoch=013] Train Loss=[QuantLoss=0.06715]Val loss = [QuantLoss=0.12011][QuantReg:0.55691]
[Twitter] Starting epoch 14...
[Twitter] Elapsed training time:4.17s
[Twitter] Starting validation...
[Twitter] Elapsed validation time:0.23s
[Twitter] [Epoch=014] Train Loss=[QuantLoss=0.06731]Val loss = [QuantLoss=0.14860][QuantReg:0.55695]
[Twitter] Starting epoch 15...
[Twitter] Elapsed training time:4.05s
[Twitter] Starting validation...
[Twitter] Elapsed validation time:0.23s
[Twitter] [Epoch=015] Train Loss=[QuantLoss=0.06686]Val loss = [QuantLoss=0.17981][QuantReg:0.52943]
[Twitter] Starting epoch 16...
[Twitter] Elapsed training time:4.17s
[Twitter] Starting validation...
[Twitter] Elapsed validation time:0.24s
[Twitter] [Epoch=016] Train Loss=[QuantLoss=0.06875]Val loss = [QuantLoss=0.26999][QuantReg:0.50960]
[Twitter] Starting epoch 17...
[Twitter] Elapsed training time:4.13s
[Twitter] Starting validation...
[Twitter] Elapsed validation time:0.23s
[Twitter] [Epoch=017] Train Loss=[QuantLoss=0.06645]Val loss = [QuantLoss=0.17810][QuantReg:0.53109]
[Twitter] Starting epoch 18...
[Twitter] Elapsed training time:4.16s
[Twitter] Starting validation...
[Twitter] Elapsed validation time:0.24s
[Twitter] [Epoch=018] Train Loss=[QuantLoss=0.06205]Val loss = [QuantLoss=0.01655][QuantReg:0.53262][saved best model in this epoch]
[Twitter] Starting epoch 19...
[Twitter] Elapsed training time:4.16s
[Twitter] Starting validation...
[Twitter] Elapsed validation time:0.24s
[Twitter] [Epoch=019] Train Loss=[QuantLoss=0.06189]Val loss = [QuantLoss=0.02450][QuantReg:0.52488]
[Twitter] Starting epoch 20...
[Twitter] Elapsed training time:4.20s
[Twitter] Starting validation...
[Twitter] Elapsed validation time:0.25s
[Twitter] [Epoch=020] Train Loss=[QuantLoss=0.05780]Val loss = [QuantLoss=0.09745][QuantReg:0.54203]
[Twitter] Starting epoch 21...
[Twitter] Elapsed training time:4.22s
[Twitter] Starting validation...
[Twitter] Elapsed validation time:0.23s
[Twitter] [Epoch=021] Train Loss=[QuantLoss=0.05866]Val loss = [QuantLoss=0.02254][QuantReg:0.53122]
[Twitter] Starting epoch 22...
[Twitter] Elapsed training time:4.09s
[Twitter] Starting validation...
[Twitter] Elapsed validation time:0.24s
[Twitter] [Epoch=022] Train Loss=[QuantLoss=0.05658]Val loss = [QuantLoss=0.08049][QuantReg:0.51757]
[Twitter] Starting epoch 23...
[Twitter] Elapsed training time:4.16s
[Twitter] Starting validation...
[Twitter] Elapsed validation time:0.26s
[Twitter] [Epoch=023] Train Loss=[QuantLoss=0.05936]Val loss = [QuantLoss=0.03734][QuantReg:0.52610]
[Twitter] Starting epoch 24...
[Twitter] Elapsed training time:4.29s
[Twitter] Starting validation...
[Twitter] Elapsed validation time:0.25s
[Twitter] [Epoch=024] Train Loss=[QuantLoss=0.06463]Val loss = [QuantLoss=0.04819][QuantReg:0.53788]
[Twitter] Starting epoch 25...
[Twitter] Elapsed training time:4.30s
[Twitter] Starting validation...
[Twitter] Elapsed validation time:0.32s
[Twitter] [Epoch=025] Train Loss=[QuantLoss=0.05409]Val loss = [QuantLoss=0.32295][QuantReg:0.54774]
[Twitter] Starting epoch 26...
[Twitter] Elapsed training time:4.25s
[Twitter] Starting validation...
[Twitter] Elapsed validation time:0.24s
[Twitter] [Epoch=026] Train Loss=[QuantLoss=0.06011]Val loss = [QuantLoss=0.04654][QuantReg:0.54215]
[Twitter] Starting epoch 27...
[Twitter] Elapsed training time:4.28s
[Twitter] Starting validation...
[Twitter] Elapsed validation time:0.33s
[Twitter] [Epoch=027] Train Loss=[QuantLoss=0.05736]Val loss = [QuantLoss=0.45254][QuantReg:0.55771]
[Twitter] Starting epoch 28...
[Twitter] Elapsed training time:4.27s
[Twitter] Starting validation...
[Twitter] Elapsed validation time:0.39s
[Twitter] [Epoch=028] Train Loss=[QuantLoss=0.05658]Val loss = [QuantLoss=0.33384][QuantReg:0.55568]
[Twitter] Starting epoch 29...
[Twitter] Elapsed training time:4.27s
[Twitter] Starting validation...
[Twitter] Elapsed validation time:0.34s
[Twitter] [Epoch=029] Train Loss=[QuantLoss=0.06620]Val loss = [QuantLoss=0.06683][QuantReg:0.53542]
[Twitter] Starting epoch 30...
[Twitter] Elapsed training time:4.34s
[Twitter] Starting validation...
[Twitter] Elapsed validation time:0.36s
[Twitter] [Epoch=030] Train Loss=[QuantLoss=0.05680]Val loss = [QuantLoss=0.25034][QuantReg:0.54099]
[Twitter] Starting epoch 31...
[Twitter] Elapsed training time:4.16s
[Twitter] Starting validation...
[Twitter] Elapsed validation time:0.34s
[Twitter] [Epoch=031] Train Loss=[QuantLoss=0.06326]Val loss = [QuantLoss=0.10324][QuantReg:0.55649]
[Twitter] Starting epoch 32...
[Twitter] Elapsed training time:4.34s
[Twitter] Starting validation...
[Twitter] Elapsed validation time:0.35s
[Twitter] [Epoch=032] Train Loss=[QuantLoss=0.06295]Val loss = [QuantLoss=0.03448][QuantReg:0.55483]
[Twitter] Starting epoch 33...
[Twitter] Elapsed training time:4.43s
[Twitter] Starting validation...
[Twitter] Elapsed validation time:0.30s
[Twitter] [Epoch=033] Train Loss=[QuantLoss=0.05916]Val loss = [QuantLoss=0.03836][QuantReg:0.54944]
[Twitter] Starting epoch 34...
[Twitter] Elapsed training time:4.42s
[Twitter] Starting validation...
[Twitter] Elapsed validation time:0.32s
[Twitter] [Epoch=034] Train Loss=[QuantLoss=0.06182]Val loss = [QuantLoss=0.03142][QuantReg:0.55606]
[Twitter] Starting epoch 35...
[Twitter] Elapsed training time:4.57s
[Twitter] Starting validation...
[Twitter] Elapsed validation time:0.30s
[Twitter] [Epoch=035] Train Loss=[QuantLoss=0.05933]Val loss = [QuantLoss=0.04337][QuantReg:0.54286]
[Twitter] Starting epoch 36...
[Twitter] Elapsed training time:4.43s
[Twitter] Starting validation...
[Twitter] Elapsed validation time:0.29s
[Twitter] [Epoch=036] Train Loss=[QuantLoss=0.06632]Val loss = [QuantLoss=0.14366][QuantReg:0.55070]
[Twitter] Starting epoch 37...
[Twitter] Elapsed training time:4.61s
[Twitter] Starting validation...
[Twitter] Elapsed validation time:0.29s
[Twitter] [Epoch=037] Train Loss=[QuantLoss=0.05877]Val loss = [QuantLoss=0.04038][QuantReg:0.54192]
[Twitter] Starting epoch 38...
[Twitter] Elapsed training time:4.73s
[Twitter] Starting validation...
[Twitter] Elapsed validation time:0.30s
[Twitter] [Epoch=038] Train Loss=[QuantLoss=0.06533]Val loss = [QuantLoss=0.04398][QuantReg:0.54449]
[Twitter] Starting epoch 39...
[Twitter] Elapsed training time:4.74s
[Twitter] Starting validation...
[Twitter] Elapsed validation time:0.32s
[Twitter] [Epoch=039] Train Loss=[QuantLoss=0.05402]Val loss = [QuantLoss=0.14476][QuantReg:0.53566]
[Twitter] Starting epoch 40...
[Twitter] Elapsed training time:4.80s
[Twitter] Starting validation...
[Twitter] Elapsed validation time:0.32s
[Twitter] [Epoch=040] Train Loss=[QuantLoss=0.06854]Val loss = [QuantLoss=0.12721][QuantReg:0.53457]
[Twitter] Starting epoch 41...
[Twitter] Elapsed training time:4.68s
[Twitter] Starting validation...
[Twitter] Elapsed validation time:0.33s
[Twitter] [Epoch=041] Train Loss=[QuantLoss=0.06155]Val loss = [QuantLoss=0.13204][QuantReg:0.53092]
[Twitter] Starting epoch 42...
[Twitter] Elapsed training time:4.67s
[Twitter] Starting validation...
[Twitter] Elapsed validation time:0.38s
[Twitter] [Epoch=042] Train Loss=[QuantLoss=0.06173]Val loss = [QuantLoss=0.11882][QuantReg:0.53018]
[Twitter] Starting epoch 43...
[Twitter] Elapsed training time:4.84s
[Twitter] Starting validation...
[Twitter] Elapsed validation time:0.31s
[Twitter] [Epoch=043] Train Loss=[QuantLoss=0.05809]Val loss = [QuantLoss=0.09641][QuantReg:0.52793]
[Twitter] Starting epoch 44...
[Twitter] Elapsed training time:4.71s
[Twitter] Starting validation...
[Twitter] Elapsed validation time:0.33s
[Twitter] [Epoch=044] Train Loss=[QuantLoss=0.05268]Val loss = [QuantLoss=0.11189][QuantReg:0.52744]
[Twitter] Starting epoch 45...
[Twitter] Elapsed training time:4.71s
[Twitter] Starting validation...
[Twitter] Elapsed validation time:0.35s
[Twitter] [Epoch=045] Train Loss=[QuantLoss=0.05013]Val loss = [QuantLoss=0.09845][QuantReg:0.52552]
[Twitter] Starting epoch 46...
[Twitter] Elapsed training time:4.52s
[Twitter] Starting validation...
[Twitter] Elapsed validation time:0.30s
[Twitter] [Epoch=046] Train Loss=[QuantLoss=0.05173]Val loss = [QuantLoss=0.09551][QuantReg:0.52504]
[Twitter] Starting epoch 47...
[Twitter] Elapsed training time:4.34s
[Twitter] Starting validation...
[Twitter] Elapsed validation time:0.33s
[Twitter] [Epoch=047] Train Loss=[QuantLoss=0.05022]Val loss = [QuantLoss=0.13058][QuantReg:0.52512]
[Twitter] Starting epoch 48...
[Twitter] Elapsed training time:4.28s
[Twitter] Starting validation...
[Twitter] Elapsed validation time:0.34s
[Twitter] [Epoch=048] Train Loss=[QuantLoss=0.04850]Val loss = [QuantLoss=0.12897][QuantReg:0.52420]
[Twitter] Starting epoch 49...
[Twitter] Elapsed training time:4.19s
[Twitter] Starting validation...
[Twitter] Elapsed validation time:0.35s
[Twitter] [Epoch=049] Train Loss=[QuantLoss=0.04753]Val loss = [QuantLoss=0.15203][QuantReg:0.52523]
[Twitter] Starting epoch 50...
[Twitter] Elapsed training time:4.17s
[Twitter] Starting validation...
[Twitter] Elapsed validation time:0.34s
[Twitter] [Epoch=050] Train Loss=[QuantLoss=0.05309]Val loss = [QuantLoss=0.14979][QuantReg:0.52598]
[Twitter] Starting epoch 51...
[Twitter] Elapsed training time:4.18s
[Twitter] Starting validation...
[Twitter] Elapsed validation time:0.34s
[Twitter] [Epoch=051] Train Loss=[QuantLoss=0.04860]Val loss = [QuantLoss=0.11763][QuantReg:0.52576]
[Twitter] Starting epoch 52...
[Twitter] Elapsed training time:4.17s
[Twitter] Starting validation...
[Twitter] Elapsed validation time:0.34s
[Twitter] [Epoch=052] Train Loss=[QuantLoss=0.04717]Val loss = [QuantLoss=0.13487][QuantReg:0.52283]
[Twitter] Starting epoch 53...
[Twitter] Elapsed training time:4.27s
[Twitter] Starting validation...
[Twitter] Elapsed validation time:0.34s
[Twitter] [Epoch=053] Train Loss=[QuantLoss=0.04680]Val loss = [QuantLoss=0.17189][QuantReg:0.52452]
[Twitter] Starting epoch 54...
[Twitter] Elapsed training time:4.27s
[Twitter] Starting validation...
[Twitter] Elapsed validation time:0.36s
[Twitter] [Epoch=054] Train Loss=[QuantLoss=0.04840]Val loss = [QuantLoss=0.13254][QuantReg:0.52293]
[Twitter] Starting epoch 55...
[Twitter] Elapsed training time:4.26s
[Twitter] Starting validation...
[Twitter] Elapsed validation time:0.37s
[Twitter] [Epoch=055] Train Loss=[QuantLoss=0.04529]Val loss = [QuantLoss=0.28140][QuantReg:0.52128]
[Twitter] Starting epoch 56...
[Twitter] Elapsed training time:4.38s
[Twitter] Starting validation...
[Twitter] Elapsed validation time:0.36s
[Twitter] [Epoch=056] Train Loss=[QuantLoss=0.05006]Val loss = [QuantLoss=0.12608][QuantReg:0.52183]
[Twitter] Starting epoch 57...
[Twitter] Elapsed training time:4.42s
[Twitter] Starting validation...
[Twitter] Elapsed validation time:0.35s
[Twitter] [Epoch=057] Train Loss=[QuantLoss=0.04775]Val loss = [QuantLoss=0.10647][QuantReg:0.51682]
[Twitter] Starting epoch 58...
[Twitter] Elapsed training time:4.31s
[Twitter] Starting validation...
[Twitter] Elapsed validation time:0.34s
[Twitter] [Epoch=058] Train Loss=[QuantLoss=0.04616]Val loss = [QuantLoss=0.15799][QuantReg:0.52110]
[Twitter] Starting epoch 59...
[Twitter] Elapsed training time:4.51s
[Twitter] Starting validation...
[Twitter] Elapsed validation time:0.37s
[Twitter] [Epoch=059] Train Loss=[QuantLoss=0.04972]Val loss = [QuantLoss=0.13063][QuantReg:0.51427]
[Twitter] Starting epoch 60...
[Twitter] Elapsed training time:4.49s
[Twitter] Starting validation...
[Twitter] Elapsed validation time:0.35s
[Twitter] [Epoch=060] Train Loss=[QuantLoss=0.04815]Val loss = [QuantLoss=0.13078][QuantReg:0.51319]
[Twitter] Starting epoch 61...
[Twitter] Elapsed training time:4.40s
[Twitter] Starting validation...
[Twitter] Elapsed validation time:0.35s
[Twitter] [Epoch=061] Train Loss=[QuantLoss=0.04681]Val loss = [QuantLoss=0.14678][QuantReg:0.51188]
[Twitter] Starting epoch 62...
[Twitter] Elapsed training time:4.42s
[Twitter] Starting validation...
[Twitter] Elapsed validation time:0.38s
[Twitter] [Epoch=062] Train Loss=[QuantLoss=0.04633]Val loss = [QuantLoss=0.12885][QuantReg:0.51204]
[Twitter] Starting epoch 63...
[Twitter] Elapsed training time:4.47s
[Twitter] Starting validation...
[Twitter] Elapsed validation time:0.36s
[Twitter] [Epoch=063] Train Loss=[QuantLoss=0.04399]Val loss = [QuantLoss=0.12858][QuantReg:0.50907]
[Twitter] Starting epoch 64...
[Twitter] Elapsed training time:4.58s
[Twitter] Starting validation...
[Twitter] Elapsed validation time:0.22s
[Twitter] [Epoch=064] Train Loss=[QuantLoss=0.04239]Val loss = [QuantLoss=0.13748][QuantReg:0.50411]
[Twitter] Starting epoch 65...
[Twitter] Elapsed training time:4.20s
[Twitter] Starting validation...
[Twitter] Elapsed validation time:0.24s
[Twitter] [Epoch=065] Train Loss=[QuantLoss=0.04173]Val loss = [QuantLoss=0.11633][QuantReg:0.50704]
[Twitter] Starting epoch 66...
[Twitter] Elapsed training time:4.32s
[Twitter] Starting validation...
[Twitter] Elapsed validation time:0.22s
[Twitter] [Epoch=066] Train Loss=[QuantLoss=0.04242]Val loss = [QuantLoss=0.12816][QuantReg:0.50313]
[Twitter] Starting epoch 67...
[Twitter] Elapsed training time:4.35s
[Twitter] Starting validation...
[Twitter] Elapsed validation time:0.25s
[Twitter] [Epoch=067] Train Loss=[QuantLoss=0.04120]Val loss = [QuantLoss=0.16915][QuantReg:0.50436]
[Twitter] Starting epoch 68...
[Twitter] Elapsed training time:4.52s
[Twitter] Starting validation...
[Twitter] Elapsed validation time:0.23s
[Twitter] [Epoch=068] Train Loss=[QuantLoss=0.04141]Val loss = [QuantLoss=0.17515][QuantReg:0.50293]
[Twitter] Starting epoch 69...
[Twitter] Elapsed training time:4.44s
[Twitter] Starting validation...
[Twitter] Elapsed validation time:0.27s
[Twitter] [Epoch=069] Train Loss=[QuantLoss=0.04139]Val loss = [QuantLoss=0.17136][QuantReg:0.50416]
[Twitter] Starting epoch 70...
[Twitter] Elapsed training time:4.30s
[Twitter] Starting validation...
[Twitter] Elapsed validation time:0.25s
[Twitter] [Epoch=070] Train Loss=[QuantLoss=0.04168]Val loss = [QuantLoss=0.21701][QuantReg:0.50197]
[Twitter] Starting epoch 71...
[Twitter] Elapsed training time:4.34s
[Twitter] Starting validation...
[Twitter] Elapsed validation time:0.26s
[Twitter] [Epoch=071] Train Loss=[QuantLoss=0.04194]Val loss = [QuantLoss=0.20071][QuantReg:0.50091]
[Twitter] Starting epoch 72...
[Twitter] Elapsed training time:4.45s
[Twitter] Starting validation...
[Twitter] Elapsed validation time:0.24s
[Twitter] [Epoch=072] Train Loss=[QuantLoss=0.04116]Val loss = [QuantLoss=0.18248][QuantReg:0.50267]
[Twitter] Starting epoch 73...
[Twitter] Elapsed training time:4.43s
[Twitter] Starting validation...
[Twitter] Elapsed validation time:0.24s
[Twitter] [Epoch=073] Train Loss=[QuantLoss=0.04349]Val loss = [QuantLoss=0.17397][QuantReg:0.50116]
[Twitter] Starting epoch 74...
[Twitter] Elapsed training time:4.49s
[Twitter] Starting validation...
[Twitter] Elapsed validation time:0.24s
[Twitter] [Epoch=074] Train Loss=[QuantLoss=0.04119]Val loss = [QuantLoss=0.32698][QuantReg:0.50056]
[Twitter] Starting epoch 75...
[Twitter] Elapsed training time:4.44s
[Twitter] Starting validation...
[Twitter] Elapsed validation time:0.28s
[Twitter] [Epoch=075] Train Loss=[QuantLoss=0.04257]Val loss = [QuantLoss=0.26190][QuantReg:0.49878]
[Twitter] Starting epoch 76...
[Twitter] Elapsed training time:4.29s
[Twitter] Starting validation...
[Twitter] Elapsed validation time:0.23s
[Twitter] [Epoch=076] Train Loss=[QuantLoss=0.04143]Val loss = [QuantLoss=0.45205][QuantReg:0.50208]
[Twitter] Starting epoch 77...
[Twitter] Elapsed training time:4.38s
[Twitter] Starting validation...
[Twitter] Elapsed validation time:0.26s
[Twitter] [Epoch=077] Train Loss=[QuantLoss=0.04111]Val loss = [QuantLoss=0.18820][QuantReg:0.49821]
[Twitter] Starting epoch 78...
[Twitter] Elapsed training time:4.39s
[Twitter] Starting validation...
[Twitter] Elapsed validation time:0.25s
[Twitter] [Epoch=078] Train Loss=[QuantLoss=0.04015]Val loss = [QuantLoss=0.13304][QuantReg:0.49756]
[Twitter] Starting epoch 79...
[Twitter] Elapsed training time:4.33s
[Twitter] Starting validation...
[Twitter] Elapsed validation time:0.23s
[Twitter] [Epoch=079] Train Loss=[QuantLoss=0.04110]Val loss = [QuantLoss=0.13347][QuantReg:0.49652]
[Twitter] Starting epoch 80...
[Twitter] Elapsed training time:4.36s
[Twitter] Starting validation...
[Twitter] Elapsed validation time:0.25s
[Twitter] [Epoch=080] Train Loss=[QuantLoss=0.04219]Val loss = [QuantLoss=0.25727][QuantReg:0.49955]
[Twitter] Starting epoch 81...
[Twitter] Elapsed training time:4.41s
[Twitter] Starting validation...
[Twitter] Elapsed validation time:0.22s
[Twitter] [Epoch=081] Train Loss=[QuantLoss=0.04022]Val loss = [QuantLoss=0.11628][QuantReg:0.49919]
[Twitter] Starting epoch 82...
[Twitter] Elapsed training time:4.27s
[Twitter] Starting validation...
[Twitter] Elapsed validation time:0.23s
[Twitter] [Epoch=082] Train Loss=[QuantLoss=0.03795]Val loss = [QuantLoss=0.12182][QuantReg:0.49610]
[Twitter] Starting epoch 83...
[Twitter] Elapsed training time:4.27s
[Twitter] Starting validation...
[Twitter] Elapsed validation time:0.22s
[Twitter] [Epoch=083] Train Loss=[QuantLoss=0.03967]Val loss = [QuantLoss=0.12744][QuantReg:0.49570]
[Twitter] Starting epoch 84...
[Twitter] Elapsed training time:4.31s
[Twitter] Starting validation...
[Twitter] Elapsed validation time:0.23s
[Twitter] [Epoch=084] Train Loss=[QuantLoss=0.03916]Val loss = [QuantLoss=0.13409][QuantReg:0.49775]
[Twitter] Starting epoch 85...
[Twitter] Elapsed training time:4.18s
[Twitter] Starting validation...
[Twitter] Elapsed validation time:0.23s
[Twitter] [Epoch=085] Train Loss=[QuantLoss=0.03893]Val loss = [QuantLoss=0.10736][QuantReg:0.49790]
[Twitter] Starting epoch 86...
[Twitter] Elapsed training time:4.25s
[Twitter] Starting validation...
[Twitter] Elapsed validation time:0.26s
[Twitter] [Epoch=086] Train Loss=[QuantLoss=0.03904]Val loss = [QuantLoss=0.11807][QuantReg:0.49975]
[Twitter] Starting epoch 87...
[Twitter] Elapsed training time:4.32s
[Twitter] Starting validation...
[Twitter] Elapsed validation time:0.23s
[Twitter] [Epoch=087] Train Loss=[QuantLoss=0.03850]Val loss = [QuantLoss=0.10943][QuantReg:0.50271]
[Twitter] Starting epoch 88...
[Twitter] Elapsed training time:4.38s
[Twitter] Starting validation...
[Twitter] Elapsed validation time:0.28s
[Twitter] [Epoch=088] Train Loss=[QuantLoss=0.03917]Val loss = [QuantLoss=0.11593][QuantReg:0.49987]
[Twitter] Starting epoch 89...
[Twitter] Elapsed training time:4.43s
[Twitter] Starting validation...
[Twitter] Elapsed validation time:0.23s
[Twitter] [Epoch=089] Train Loss=[QuantLoss=0.04001]Val loss = [QuantLoss=0.13887][QuantReg:0.50300]
[Twitter] Starting epoch 90...
[Twitter] Elapsed training time:4.29s
[Twitter] Starting validation...
[Twitter] Elapsed validation time:0.25s
[Twitter] [Epoch=090] Train Loss=[QuantLoss=0.03713]Val loss = [QuantLoss=0.22165][QuantReg:0.50420]
[Twitter] Starting epoch 91...
[Twitter] Elapsed training time:4.34s
[Twitter] Starting validation...
[Twitter] Elapsed validation time:0.24s
[Twitter] [Epoch=091] Train Loss=[QuantLoss=0.03890]Val loss = [QuantLoss=0.21806][QuantReg:0.50384]
[Twitter] Starting epoch 92...
[Twitter] Elapsed training time:4.37s
[Twitter] Starting validation...
[Twitter] Elapsed validation time:0.23s
[Twitter] [Epoch=092] Train Loss=[QuantLoss=0.03799]Val loss = [QuantLoss=0.13088][QuantReg:0.50400]
[Twitter] Starting epoch 93...
[Twitter] Elapsed training time:4.42s
[Twitter] Starting validation...
[Twitter] Elapsed validation time:0.23s
[Twitter] [Epoch=093] Train Loss=[QuantLoss=0.03872]Val loss = [QuantLoss=0.13446][QuantReg:0.50079]
[Twitter] Starting epoch 94...
[Twitter] Elapsed training time:4.27s
[Twitter] Starting validation...
[Twitter] Elapsed validation time:0.25s
[Twitter] [Epoch=094] Train Loss=[QuantLoss=0.03805]Val loss = [QuantLoss=0.13934][QuantReg:0.50196]
[Twitter] Starting epoch 95...
[Twitter] Elapsed training time:4.40s
[Twitter] Starting validation...
[Twitter] Elapsed validation time:0.23s
[Twitter] [Epoch=095] Train Loss=[QuantLoss=0.03734]Val loss = [QuantLoss=0.11071][QuantReg:0.50330]
[Twitter] Starting epoch 96...
[Twitter] Elapsed training time:4.33s
[Twitter] Starting validation...
[Twitter] Elapsed validation time:0.23s
[Twitter] [Epoch=096] Train Loss=[QuantLoss=0.03871]Val loss = [QuantLoss=0.11903][QuantReg:0.50178]
[Twitter] Starting epoch 97...
[Twitter] Elapsed training time:4.29s
[Twitter] Starting validation...
[Twitter] Elapsed validation time:0.24s
[Twitter] [Epoch=097] Train Loss=[QuantLoss=0.03777]Val loss = [QuantLoss=0.10437][QuantReg:0.50208]
[Twitter] Starting epoch 98...
[Twitter] Elapsed training time:4.40s
[Twitter] Starting validation...
[Twitter] Elapsed validation time:0.25s
[Twitter] [Epoch=098] Train Loss=[QuantLoss=0.03973]Val loss = [QuantLoss=0.10695][QuantReg:0.50249]
[Twitter] Starting epoch 99...
[Twitter] Elapsed training time:4.32s
[Twitter] Starting validation...
[Twitter] Elapsed validation time:0.27s
[Twitter] [Epoch=099] Train Loss=[QuantLoss=0.03869]Val loss = [QuantLoss=0.11097][QuantReg:0.50128]
[Twitter] Starting epoch 100...
[Twitter] Elapsed training time:4.40s
[Twitter] Starting validation...
[Twitter] Elapsed validation time:0.24s
[Twitter] [Epoch=100] Train Loss=[QuantLoss=0.03724]Val loss = [QuantLoss=0.09946][QuantReg:0.50223]
[Twitter] Starting epoch 101...
[Twitter] Elapsed training time:4.37s
[Twitter] Starting validation...
[Twitter] Elapsed validation time:0.23s
[Twitter] [Epoch=101] Train Loss=[QuantLoss=0.03674]Val loss = [QuantLoss=0.09450][QuantReg:0.49883]
[Twitter] Starting epoch 102...
[Twitter] Elapsed training time:4.34s
[Twitter] Starting validation...
[Twitter] Elapsed validation time:0.24s
[Twitter] [Epoch=102] Train Loss=[QuantLoss=0.03651]Val loss = [QuantLoss=0.10463][QuantReg:0.50138]
[Twitter] Starting epoch 103...
[Twitter] Elapsed training time:4.32s
[Twitter] Starting validation...
[Twitter] Elapsed validation time:0.35s
[Twitter] [Epoch=103] Train Loss=[QuantLoss=0.03718]Val loss = [QuantLoss=0.09459][QuantReg:0.50156]
[Twitter] Starting epoch 104...
[Twitter] Elapsed training time:4.37s
[Twitter] Starting validation...
[Twitter] Elapsed validation time:0.25s
[Twitter] [Epoch=104] Train Loss=[QuantLoss=0.03623]Val loss = [QuantLoss=0.09934][QuantReg:0.50254]
[Twitter] Starting epoch 105...
[Twitter] Elapsed training time:4.37s
[Twitter] Starting validation...
[Twitter] Elapsed validation time:0.35s
[Twitter] [Epoch=105] Train Loss=[QuantLoss=0.03666]Val loss = [QuantLoss=0.09535][QuantReg:0.50131]
[Twitter] Starting epoch 106...
[Twitter] Elapsed training time:4.27s
[Twitter] Starting validation...
[Twitter] Elapsed validation time:0.36s
[Twitter] [Epoch=106] Train Loss=[QuantLoss=0.03751]Val loss = [QuantLoss=0.10457][QuantReg:0.50138]
[Twitter] Starting epoch 107...
[Twitter] Elapsed training time:4.32s
[Twitter] Starting validation...
[Twitter] Elapsed validation time:0.35s
[Twitter] [Epoch=107] Train Loss=[QuantLoss=0.03546]Val loss = [QuantLoss=0.10387][QuantReg:0.50127]
[Twitter] Starting epoch 108...
[Twitter] Elapsed training time:4.29s
[Twitter] Starting validation...
[Twitter] Elapsed validation time:0.36s
[Twitter] [Epoch=108] Train Loss=[QuantLoss=0.03684]Val loss = [QuantLoss=0.10800][QuantReg:0.50148]
[Twitter] Starting epoch 109...
[Twitter] Elapsed training time:4.30s
[Twitter] Starting validation...
[Twitter] Elapsed validation time:0.36s
[Twitter] [Epoch=109] Train Loss=[QuantLoss=0.03686]Val loss = [QuantLoss=0.10294][QuantReg:0.50183]
[Twitter] Starting epoch 110...
[Twitter] Elapsed training time:4.43s
[Twitter] Starting validation...
[Twitter] Elapsed validation time:0.35s
[Twitter] [Epoch=110] Train Loss=[QuantLoss=0.03658]Val loss = [QuantLoss=0.10703][QuantReg:0.50236]
[Twitter] Starting epoch 111...
[Twitter] Elapsed training time:4.41s
[Twitter] Starting validation...
[Twitter] Elapsed validation time:0.38s
[Twitter] [Epoch=111] Train Loss=[QuantLoss=0.03605]Val loss = [QuantLoss=0.08701][QuantReg:0.50119]
[Twitter] Starting epoch 112...
[Twitter] Elapsed training time:4.38s
[Twitter] Starting validation...
[Twitter] Elapsed validation time:0.36s
[Twitter] [Epoch=112] Train Loss=[QuantLoss=0.03725]Val loss = [QuantLoss=0.11026][QuantReg:0.49998]
[Twitter] Starting epoch 113...
[Twitter] Elapsed training time:4.49s
[Twitter] Starting validation...
[Twitter] Elapsed validation time:0.35s
[Twitter] [Epoch=113] Train Loss=[QuantLoss=0.03711]Val loss = [QuantLoss=0.12747][QuantReg:0.50078]
[Twitter] Starting epoch 114...
[Twitter] Elapsed training time:4.38s
[Twitter] Starting validation...
[Twitter] Elapsed validation time:0.35s
[Twitter] [Epoch=114] Train Loss=[QuantLoss=0.03718]Val loss = [QuantLoss=0.14342][QuantReg:0.49969]
[Twitter] Starting epoch 115...
[Twitter] Elapsed training time:4.33s
[Twitter] Starting validation...
[Twitter] Elapsed validation time:0.37s
[Twitter] [Epoch=115] Train Loss=[QuantLoss=0.03635]Val loss = [QuantLoss=0.13559][QuantReg:0.49938]
[Twitter] Starting epoch 116...
[Twitter] Elapsed training time:4.33s
[Twitter] Starting validation...
[Twitter] Elapsed validation time:0.36s
[Twitter] [Epoch=116] Train Loss=[QuantLoss=0.03524]Val loss = [QuantLoss=0.09853][QuantReg:0.49993]
[Twitter] Starting epoch 117...
[Twitter] Elapsed training time:4.28s
[Twitter] Starting validation...
[Twitter] Elapsed validation time:0.35s
[Twitter] [Epoch=117] Train Loss=[QuantLoss=0.03482]Val loss = [QuantLoss=0.09560][QuantReg:0.50183]
[Twitter] Starting epoch 118...
[Twitter] Elapsed training time:4.33s
[Twitter] Starting validation...
[Twitter] Elapsed validation time:0.36s
[Twitter] [Epoch=118] Train Loss=[QuantLoss=0.03587]Val loss = [QuantLoss=0.10380][QuantReg:0.50075]
[Twitter] Starting epoch 119...
[Twitter] Elapsed training time:4.25s
[Twitter] Starting validation...
[Twitter] Elapsed validation time:0.35s
[Twitter] [Epoch=119] Train Loss=[QuantLoss=0.03651]Val loss = [QuantLoss=0.10011][QuantReg:0.50206]
[Twitter] Starting epoch 120...
[Twitter] Elapsed training time:4.36s
[Twitter] Starting validation...
[Twitter] Elapsed validation time:0.34s
[Twitter] [Epoch=120] Train Loss=[QuantLoss=0.03564]Val loss = [QuantLoss=0.12132][QuantReg:0.50193]
[Twitter] Starting epoch 121...
[Twitter] Elapsed training time:4.25s
[Twitter] Starting validation...
[Twitter] Elapsed validation time:0.37s
[Twitter] [Epoch=121] Train Loss=[QuantLoss=0.03482]Val loss = [QuantLoss=0.12734][QuantReg:0.50007]
[Twitter] Starting epoch 122...
[Twitter] Elapsed training time:4.35s
[Twitter] Starting validation...
[Twitter] Elapsed validation time:0.33s
[Twitter] [Epoch=122] Train Loss=[QuantLoss=0.03549]Val loss = [QuantLoss=0.10630][QuantReg:0.50171]
[Twitter] Starting epoch 123...
[Twitter] Elapsed training time:4.45s
[Twitter] Starting validation...
[Twitter] Elapsed validation time:0.39s
[Twitter] [Epoch=123] Train Loss=[QuantLoss=0.03637]Val loss = [QuantLoss=0.11540][QuantReg:0.50578]
[Twitter] Starting epoch 124...
[Twitter] Elapsed training time:4.67s
[Twitter] Starting validation...
[Twitter] Elapsed validation time:0.39s
[Twitter] [Epoch=124] Train Loss=[QuantLoss=0.03586]Val loss = [QuantLoss=0.10174][QuantReg:0.50319]
[Twitter] Starting epoch 125...
[Twitter] Elapsed training time:3.95s
[Twitter] Starting validation...
[Twitter] Elapsed validation time:0.28s
[Twitter] [Epoch=125] Train Loss=[QuantLoss=0.03491]Val loss = [QuantLoss=0.10430][QuantReg:0.50271]
[Twitter] Starting epoch 126...
[Twitter] Elapsed training time:3.84s
[Twitter] Starting validation...
[Twitter] Elapsed validation time:0.36s
[Twitter] [Epoch=126] Train Loss=[QuantLoss=0.03462]Val loss = [QuantLoss=0.09944][QuantReg:0.50146]
[Twitter] Starting epoch 127...
[Twitter] Elapsed training time:4.53s
[Twitter] Starting validation...
[Twitter] Elapsed validation time:0.34s
[Twitter] [Epoch=127] Train Loss=[QuantLoss=0.03552]Val loss = [QuantLoss=0.09950][QuantReg:0.50128]
[Twitter] Starting epoch 128...
[Twitter] Elapsed training time:4.37s
[Twitter] Starting validation...
[Twitter] Elapsed validation time:0.36s
[Twitter] [Epoch=128] Train Loss=[QuantLoss=0.03506]Val loss = [QuantLoss=0.10676][QuantReg:0.50109]
[Twitter] Starting epoch 129...
[Twitter] Elapsed training time:4.48s
[Twitter] Starting validation...
[Twitter] Elapsed validation time:0.34s
[Twitter] [Epoch=129] Train Loss=[QuantLoss=0.03383]Val loss = [QuantLoss=0.11870][QuantReg:0.50170]
[Twitter] Starting epoch 130...
[Twitter] Elapsed training time:4.53s
[Twitter] Starting validation...
[Twitter] Elapsed validation time:0.42s
[Twitter] [Epoch=130] Train Loss=[QuantLoss=0.03458]Val loss = [QuantLoss=0.11398][QuantReg:0.50227]
[Twitter] Starting epoch 131...
[Twitter] Elapsed training time:4.50s
[Twitter] Starting validation...
[Twitter] Elapsed validation time:0.34s
[Twitter] [Epoch=131] Train Loss=[QuantLoss=0.03503]Val loss = [QuantLoss=0.10923][QuantReg:0.50090]
[Twitter] Starting epoch 132...
[Twitter] Elapsed training time:4.61s
[Twitter] Starting validation...
[Twitter] Elapsed validation time:0.36s
[Twitter] [Epoch=132] Train Loss=[QuantLoss=0.03369]Val loss = [QuantLoss=0.12992][QuantReg:0.50149]
[Twitter] Starting epoch 133...
[Twitter] Elapsed training time:4.44s
[Twitter] Starting validation...
[Twitter] Elapsed validation time:0.39s
[Twitter] [Epoch=133] Train Loss=[QuantLoss=0.03548]Val loss = [QuantLoss=0.12037][QuantReg:0.50173]
[Twitter] Starting epoch 134...
[Twitter] Elapsed training time:4.48s
[Twitter] Starting validation...
[Twitter] Elapsed validation time:0.35s
[Twitter] [Epoch=134] Train Loss=[QuantLoss=0.03429]Val loss = [QuantLoss=0.12117][QuantReg:0.50080]
[Twitter] Starting epoch 135...
[Twitter] Elapsed training time:4.68s
[Twitter] Starting validation...
[Twitter] Elapsed validation time:0.34s
[Twitter] [Epoch=135] Train Loss=[QuantLoss=0.03492]Val loss = [QuantLoss=0.12109][QuantReg:0.49970]
[Twitter] Starting epoch 136...
[Twitter] Elapsed training time:4.64s
[Twitter] Starting validation...
[Twitter] Elapsed validation time:0.35s
[Twitter] [Epoch=136] Train Loss=[QuantLoss=0.03484]Val loss = [QuantLoss=0.11221][QuantReg:0.49979]
[Twitter] Starting epoch 137...
[Twitter] Elapsed training time:4.86s
[Twitter] Starting validation...
[Twitter] Elapsed validation time:0.34s
[Twitter] [Epoch=137] Train Loss=[QuantLoss=0.03494]Val loss = [QuantLoss=0.11579][QuantReg:0.49792]
[Twitter] Starting epoch 138...
[Twitter] Elapsed training time:4.86s
[Twitter] Starting validation...
[Twitter] Elapsed validation time:0.33s
[Twitter] [Epoch=138] Train Loss=[QuantLoss=0.03498]Val loss = [QuantLoss=0.10889][QuantReg:0.49934]
[Twitter] Starting epoch 139...
[Twitter] Elapsed training time:4.81s
[Twitter] Starting validation...
[Twitter] Elapsed validation time:0.33s
[Twitter] [Epoch=139] Train Loss=[QuantLoss=0.03441]Val loss = [QuantLoss=0.10810][QuantReg:0.49954]
[Twitter] Starting epoch 140...
[Twitter] Elapsed training time:4.78s
[Twitter] Starting validation...
[Twitter] Elapsed validation time:0.30s
[Twitter] [Epoch=140] Train Loss=[QuantLoss=0.03414]Val loss = [QuantLoss=0.12068][QuantReg:0.49957]
[Twitter] Starting epoch 141...
[Twitter] Elapsed training time:4.53s
[Twitter] Starting validation...
[Twitter] Elapsed validation time:0.32s
[Twitter] [Epoch=141] Train Loss=[QuantLoss=0.03468]Val loss = [QuantLoss=0.12239][QuantReg:0.49869]
[Twitter] Starting epoch 142...
[Twitter] Elapsed training time:4.44s
[Twitter] Starting validation...
[Twitter] Elapsed validation time:0.21s
[Twitter] [Epoch=142] Train Loss=[QuantLoss=0.03483]Val loss = [QuantLoss=0.12536][QuantReg:0.49916]
[Twitter] Starting epoch 143...
[Twitter] Elapsed training time:4.33s
[Twitter] Starting validation...
[Twitter] Elapsed validation time:0.20s
[Twitter] [Epoch=143] Train Loss=[QuantLoss=0.03414]Val loss = [QuantLoss=0.11908][QuantReg:0.49738]
[Twitter] Starting epoch 144...
[Twitter] Elapsed training time:4.58s
[Twitter] Starting validation...
[Twitter] Elapsed validation time:0.21s
[Twitter] [Epoch=144] Train Loss=[QuantLoss=0.03577]Val loss = [QuantLoss=0.13062][QuantReg:0.49899]
[Twitter] Early stopping in epoch 144!
[Twitter] Restoring best model...
MAE médio por bag: 0.1548 ± 0.1137
Salvo em resultados_sanders/resultados_twitter_bert_kl_hardest_3.csv
Dataset: /home/nildaimon/gmnet/experiments/train_curl/Datasets/Sanders/twitter-sanders-apple3.csv
Dificuldade: metric=kl, mode=easiest, top_k=None
Rodada: 3
Salvar resultados em: resultados_sanders
Dispositivo de treino: cpu
Carregando e processando dataset Twitter
Carregando embeddings do cache...
/home/nildaimon/gmnet/experiments/train_curl/train_sanders.py:89: FutureWarning: You are using `torch.load` with `weights_only=False` (the current default value), which uses the default pickle module implicitly. It is possible to construct malicious pickle data which will execute arbitrary code during unpickling (See https://github.com/pytorch/pytorch/blob/main/SECURITY.md#untrusted-models for more details). In a future release, the default value for `weights_only` will be flipped to `True`. This limits the functions that could be executed during unpickling. Arbitrary objects will no longer be allowed to be loaded via this mode unless they are explicitly allowlisted by the user via `torch.serialization.add_safe_globals`. We recommend you start setting `weights_only=True` for any use case where you don't have full control of the loaded file. Please open an issue on GitHub for any issues related to this experimental feature.
  embeddings = torch.load(EMBEDDING_CACHE)
/home/nildaimon/gmnet/experiments/train_curl/train_sanders.py:90: FutureWarning: You are using `torch.load` with `weights_only=False` (the current default value), which uses the default pickle module implicitly. It is possible to construct malicious pickle data which will execute arbitrary code during unpickling (See https://github.com/pytorch/pytorch/blob/main/SECURITY.md#untrusted-models for more details). In a future release, the default value for `weights_only` will be flipped to `True`. This limits the functions that could be executed during unpickling. Arbitrary objects will no longer be allowed to be loaded via this mode unless they are explicitly allowlisted by the user via `torch.serialization.add_safe_globals`. We recommend you start setting `weights_only=True` for any use case where you don't have full control of the loaded file. Please open an issue on GitHub for any issues related to this experimental feature.
  labels = torch.load(LABELS_CACHE)
Ignoring val_split as train and val datasets where given to fit function
We have two datasets: training 1092 examples. validation 100 examples.]
Using device cpu
/home/nildaimon/anaconda3/envs/gmnet/lib/python3.12/site-packages/torch/optim/lr_scheduler.py:62: UserWarning: The verbose parameter is deprecated. Please use get_last_lr() to access the learning rate.
  warnings.warn(
/home/nildaimon/gmnet/dlquantification/main.py:835: FutureWarning: `torch.cuda.amp.GradScaler(args...)` is deprecated. Please use `torch.amp.GradScaler('cuda', args...)` instead.
  scaler = torch.cuda.amp.GradScaler(enabled=self.use_fp16)
[Twitter] Starting epoch 0...
/home/nildaimon/gmnet/dlquantification/main.py:888: FutureWarning: `torch.cuda.amp.autocast(args...)` is deprecated. Please use `torch.amp.autocast('cuda', args...)` instead.
  with torch.cuda.amp.autocast(enabled=self.use_fp16):
[Twitter] Elapsed training time:4.66s
[Twitter] Starting validation...
[Twitter] Elapsed validation time:0.25s
[Twitter] [Epoch=000] Train Loss=[QuantLoss=0.08508]Val loss = [QuantLoss=0.04216][QuantReg:0.50565][saved best model in this epoch]
[Twitter] Starting epoch 1...
[Twitter] Elapsed training time:4.93s
[Twitter] Starting validation...
[Twitter] Elapsed validation time:0.24s
[Twitter] [Epoch=001] Train Loss=[QuantLoss=0.09166]Val loss = [QuantLoss=0.11713][QuantReg:0.46812]
[Twitter] Starting epoch 2...
[Twitter] Elapsed training time:4.91s
[Twitter] Starting validation...
[Twitter] Elapsed validation time:0.21s
[Twitter] [Epoch=002] Train Loss=[QuantLoss=0.09542]Val loss = [QuantLoss=0.03015][QuantReg:0.45653][saved best model in this epoch]
[Twitter] Starting epoch 3...
[Twitter] Elapsed training time:4.65s
[Twitter] Starting validation...
[Twitter] Elapsed validation time:0.21s
[Twitter] [Epoch=003] Train Loss=[QuantLoss=0.07516]Val loss = [QuantLoss=0.04021][QuantReg:0.48609]
[Twitter] Starting epoch 4...
[Twitter] Elapsed training time:5.25s
[Twitter] Starting validation...
[Twitter] Elapsed validation time:0.22s
[Twitter] [Epoch=004] Train Loss=[QuantLoss=0.07170]Val loss = [QuantLoss=0.02633][QuantReg:0.46812][saved best model in this epoch]
[Twitter] Starting epoch 5...
[Twitter] Elapsed training time:4.79s
[Twitter] Starting validation...
[Twitter] Elapsed validation time:0.20s
[Twitter] [Epoch=005] Train Loss=[QuantLoss=0.06306]Val loss = [QuantLoss=0.08765][QuantReg:0.43758]
[Twitter] Starting epoch 6...
[Twitter] Elapsed training time:5.03s
[Twitter] Starting validation...
[Twitter] Elapsed validation time:0.24s
[Twitter] [Epoch=006] Train Loss=[QuantLoss=0.06879]Val loss = [QuantLoss=0.12653][QuantReg:0.44452]
[Twitter] Starting epoch 7...
[Twitter] Elapsed training time:4.63s
[Twitter] Starting validation...
[Twitter] Elapsed validation time:0.23s
[Twitter] [Epoch=007] Train Loss=[QuantLoss=0.06280]Val loss = [QuantLoss=0.09373][QuantReg:0.45888]
[Twitter] Starting epoch 8...
[Twitter] Elapsed training time:5.03s
[Twitter] Starting validation...
[Twitter] Elapsed validation time:0.25s
[Twitter] [Epoch=008] Train Loss=[QuantLoss=0.06273]Val loss = [QuantLoss=0.10530][QuantReg:0.44377]
[Twitter] Starting epoch 9...
[Twitter] Elapsed training time:5.00s
[Twitter] Starting validation...
[Twitter] Elapsed validation time:0.20s
[Twitter] [Epoch=009] Train Loss=[QuantLoss=0.06750]Val loss = [QuantLoss=0.11037][QuantReg:0.44422]
[Twitter] Starting epoch 10...
[Twitter] Elapsed training time:4.75s
[Twitter] Starting validation...
[Twitter] Elapsed validation time:0.25s
[Twitter] [Epoch=010] Train Loss=[QuantLoss=0.05832]Val loss = [QuantLoss=0.13728][QuantReg:0.41763]
[Twitter] Starting epoch 11...
[Twitter] Elapsed training time:4.95s
[Twitter] Starting validation...
[Twitter] Elapsed validation time:0.22s
[Twitter] [Epoch=011] Train Loss=[QuantLoss=0.06806]Val loss = [QuantLoss=0.10985][QuantReg:0.40607]
[Twitter] Starting epoch 12...
[Twitter] Elapsed training time:4.40s
[Twitter] Starting validation...
[Twitter] Elapsed validation time:0.23s
[Twitter] [Epoch=012] Train Loss=[QuantLoss=0.06614]Val loss = [QuantLoss=0.10690][QuantReg:0.41258]
[Twitter] Starting epoch 13...
[Twitter] Elapsed training time:4.28s
[Twitter] Starting validation...
[Twitter] Elapsed validation time:0.23s
[Twitter] [Epoch=013] Train Loss=[QuantLoss=0.06974]Val loss = [QuantLoss=0.12748][QuantReg:0.41667]
[Twitter] Starting epoch 14...
[Twitter] Elapsed training time:4.37s
[Twitter] Starting validation...
[Twitter] Elapsed validation time:0.23s
[Twitter] [Epoch=014] Train Loss=[QuantLoss=0.06487]Val loss = [QuantLoss=0.10112][QuantReg:0.40529]
[Twitter] Starting epoch 15...
[Twitter] Elapsed training time:4.23s
[Twitter] Starting validation...
[Twitter] Elapsed validation time:0.24s
[Twitter] [Epoch=015] Train Loss=[QuantLoss=0.06771]Val loss = [QuantLoss=0.11823][QuantReg:0.40430]
[Twitter] Starting epoch 16...
[Twitter] Elapsed training time:4.14s
[Twitter] Starting validation...
[Twitter] Elapsed validation time:0.23s
[Twitter] [Epoch=016] Train Loss=[QuantLoss=0.07338]Val loss = [QuantLoss=0.13843][QuantReg:0.41704]
[Twitter] Starting epoch 17...
[Twitter] Elapsed training time:4.19s
[Twitter] Starting validation...
[Twitter] Elapsed validation time:0.25s
[Twitter] [Epoch=017] Train Loss=[QuantLoss=0.06518]Val loss = [QuantLoss=0.15896][QuantReg:0.40206]
[Twitter] Starting epoch 18...
[Twitter] Elapsed training time:4.19s
[Twitter] Starting validation...
[Twitter] Elapsed validation time:0.25s
[Twitter] [Epoch=018] Train Loss=[QuantLoss=0.06781]Val loss = [QuantLoss=0.06625][QuantReg:0.40100]
[Twitter] Starting epoch 19...
[Twitter] Elapsed training time:4.16s
[Twitter] Starting validation...
[Twitter] Elapsed validation time:0.22s
[Twitter] [Epoch=019] Train Loss=[QuantLoss=0.05885]Val loss = [QuantLoss=0.14275][QuantReg:0.39245]
[Twitter] Starting epoch 20...
[Twitter] Elapsed training time:4.21s
[Twitter] Starting validation...
[Twitter] Elapsed validation time:0.24s
[Twitter] [Epoch=020] Train Loss=[QuantLoss=0.06345]Val loss = [QuantLoss=0.07380][QuantReg:0.40200]
[Twitter] Starting epoch 21...
[Twitter] Elapsed training time:4.22s
[Twitter] Starting validation...
[Twitter] Elapsed validation time:0.25s
[Twitter] [Epoch=021] Train Loss=[QuantLoss=0.06105]Val loss = [QuantLoss=0.09811][QuantReg:0.39533]
[Twitter] Starting epoch 22...
[Twitter] Elapsed training time:4.30s
[Twitter] Starting validation...
[Twitter] Elapsed validation time:0.23s
[Twitter] [Epoch=022] Train Loss=[QuantLoss=0.05638]Val loss = [QuantLoss=0.09385][QuantReg:0.38480]
[Twitter] Starting epoch 23...
[Twitter] Elapsed training time:4.17s
[Twitter] Starting validation...
[Twitter] Elapsed validation time:0.24s
[Twitter] [Epoch=023] Train Loss=[QuantLoss=0.06417]Val loss = [QuantLoss=0.08547][QuantReg:0.38874]
[Twitter] Starting epoch 24...
[Twitter] Elapsed training time:4.09s
[Twitter] Starting validation...
[Twitter] Elapsed validation time:0.23s
[Twitter] [Epoch=024] Train Loss=[QuantLoss=0.07110]Val loss = [QuantLoss=0.11148][QuantReg:0.38800]
[Twitter] Starting epoch 25...
[Twitter] Elapsed training time:4.25s
[Twitter] Starting validation...
[Twitter] Elapsed validation time:0.25s
[Twitter] [Epoch=025] Train Loss=[QuantLoss=0.05888]Val loss = [QuantLoss=0.11231][QuantReg:0.38626]
[Twitter] Starting epoch 26...
[Twitter] Elapsed training time:4.24s
[Twitter] Starting validation...
[Twitter] Elapsed validation time:0.24s
[Twitter] [Epoch=026] Train Loss=[QuantLoss=0.05642]Val loss = [QuantLoss=0.05851][QuantReg:0.38138]
[Twitter] Starting epoch 27...
[Twitter] Elapsed training time:4.26s
[Twitter] Starting validation...
[Twitter] Elapsed validation time:0.35s
[Twitter] [Epoch=027] Train Loss=[QuantLoss=0.05631]Val loss = [QuantLoss=0.07684][QuantReg:0.38037]
[Twitter] Starting epoch 28...
[Twitter] Elapsed training time:4.17s
[Twitter] Starting validation...
[Twitter] Elapsed validation time:0.23s
[Twitter] [Epoch=028] Train Loss=[QuantLoss=0.05286]Val loss = [QuantLoss=0.08736][QuantReg:0.39300]
[Twitter] Starting epoch 29...
[Twitter] Elapsed training time:4.15s
[Twitter] Starting validation...
[Twitter] Elapsed validation time:0.36s
[Twitter] [Epoch=029] Train Loss=[QuantLoss=0.05417]Val loss = [QuantLoss=0.12512][QuantReg:0.39671]
[Twitter] Starting epoch 30...
[Twitter] Elapsed training time:4.16s
[Twitter] Starting validation...
[Twitter] Elapsed validation time:0.38s
[Twitter] [Epoch=030] Train Loss=[QuantLoss=0.05234]Val loss = [QuantLoss=0.09686][QuantReg:0.38825]
[Twitter] Starting epoch 31...
[Twitter] Elapsed training time:4.12s
[Twitter] Starting validation...
[Twitter] Elapsed validation time:0.37s
[Twitter] [Epoch=031] Train Loss=[QuantLoss=0.04917]Val loss = [QuantLoss=0.12835][QuantReg:0.38590]
[Twitter] Starting epoch 32...
[Twitter] Elapsed training time:4.12s
[Twitter] Starting validation...
[Twitter] Elapsed validation time:0.36s
[Twitter] [Epoch=032] Train Loss=[QuantLoss=0.04909]Val loss = [QuantLoss=0.09159][QuantReg:0.38809]
[Twitter] Starting epoch 33...
[Twitter] Elapsed training time:4.26s
[Twitter] Starting validation...
[Twitter] Elapsed validation time:0.33s
[Twitter] [Epoch=033] Train Loss=[QuantLoss=0.05031]Val loss = [QuantLoss=0.08189][QuantReg:0.39160]
[Twitter] Starting epoch 34...
[Twitter] Elapsed training time:4.26s
[Twitter] Starting validation...
[Twitter] Elapsed validation time:0.39s
[Twitter] [Epoch=034] Train Loss=[QuantLoss=0.05788]Val loss = [QuantLoss=0.06431][QuantReg:0.39498]
[Twitter] Starting epoch 35...
[Twitter] Elapsed training time:4.30s
[Twitter] Starting validation...
[Twitter] Elapsed validation time:0.38s
[Twitter] [Epoch=035] Train Loss=[QuantLoss=0.04848]Val loss = [QuantLoss=0.07127][QuantReg:0.39468]
[Twitter] Starting epoch 36...
[Twitter] Elapsed training time:4.30s
[Twitter] Starting validation...
[Twitter] Elapsed validation time:0.37s
[Twitter] [Epoch=036] Train Loss=[QuantLoss=0.05082]Val loss = [QuantLoss=0.03355][QuantReg:0.39347]
[Twitter] Starting epoch 37...
[Twitter] Elapsed training time:4.24s
[Twitter] Starting validation...
[Twitter] Elapsed validation time:0.35s
[Twitter] [Epoch=037] Train Loss=[QuantLoss=0.04531]Val loss = [QuantLoss=0.09934][QuantReg:0.39552]
[Twitter] Starting epoch 38...
[Twitter] Elapsed training time:4.33s
[Twitter] Starting validation...
[Twitter] Elapsed validation time:0.36s
[Twitter] [Epoch=038] Train Loss=[QuantLoss=0.05468]Val loss = [QuantLoss=0.12283][QuantReg:0.39622]
[Twitter] Starting epoch 39...
[Twitter] Elapsed training time:4.27s
[Twitter] Starting validation...
[Twitter] Elapsed validation time:0.37s
[Twitter] [Epoch=039] Train Loss=[QuantLoss=0.04975]Val loss = [QuantLoss=0.08134][QuantReg:0.39677]
[Twitter] Starting epoch 40...
[Twitter] Elapsed training time:4.39s
[Twitter] Starting validation...
[Twitter] Elapsed validation time:0.39s
[Twitter] [Epoch=040] Train Loss=[QuantLoss=0.04700]Val loss = [QuantLoss=0.07128][QuantReg:0.39997]
[Twitter] Starting epoch 41...
[Twitter] Elapsed training time:4.42s
[Twitter] Starting validation...
[Twitter] Elapsed validation time:0.36s
[Twitter] [Epoch=041] Train Loss=[QuantLoss=0.04611]Val loss = [QuantLoss=0.08345][QuantReg:0.39565]
[Twitter] Starting epoch 42...
[Twitter] Elapsed training time:4.56s
[Twitter] Starting validation...
[Twitter] Elapsed validation time:0.34s
[Twitter] [Epoch=042] Train Loss=[QuantLoss=0.04460]Val loss = [QuantLoss=0.07159][QuantReg:0.38979]
[Twitter] Starting epoch 43...
[Twitter] Elapsed training time:4.63s
[Twitter] Starting validation...
[Twitter] Elapsed validation time:0.33s
[Twitter] [Epoch=043] Train Loss=[QuantLoss=0.04914]Val loss = [QuantLoss=0.12083][QuantReg:0.39389]
[Twitter] Starting epoch 44...
[Twitter] Elapsed training time:4.37s
[Twitter] Starting validation...
[Twitter] Elapsed validation time:0.31s
[Twitter] [Epoch=044] Train Loss=[QuantLoss=0.04691]Val loss = [QuantLoss=0.11794][QuantReg:0.39168]
[Twitter] Starting epoch 45...
[Twitter] Elapsed training time:4.51s
[Twitter] Starting validation...
[Twitter] Elapsed validation time:0.35s
[Twitter] [Epoch=045] Train Loss=[QuantLoss=0.05036]Val loss = [QuantLoss=0.11054][QuantReg:0.38996]
[Twitter] Starting epoch 46...
[Twitter] Elapsed training time:4.36s
[Twitter] Starting validation...
[Twitter] Elapsed validation time:0.38s
[Twitter] [Epoch=046] Train Loss=[QuantLoss=0.05045]Val loss = [QuantLoss=0.13345][QuantReg:0.39110]
[Twitter] Starting epoch 47...
[Twitter] Elapsed training time:4.34s
[Twitter] Starting validation...
[Twitter] Elapsed validation time:0.34s
[Twitter] [Epoch=047] Train Loss=[QuantLoss=0.05199]Val loss = [QuantLoss=0.05790][QuantReg:0.39121]
[Twitter] Starting epoch 48...
[Twitter] Elapsed training time:4.15s
[Twitter] Starting validation...
[Twitter] Elapsed validation time:0.36s
[Twitter] [Epoch=048] Train Loss=[QuantLoss=0.04677]Val loss = [QuantLoss=0.06633][QuantReg:0.39051]
[Twitter] Starting epoch 49...
[Twitter] Elapsed training time:4.22s
[Twitter] Starting validation...
[Twitter] Elapsed validation time:0.33s
[Twitter] [Epoch=049] Train Loss=[QuantLoss=0.04427]Val loss = [QuantLoss=0.06029][QuantReg:0.39065]
[Twitter] Starting epoch 50...
[Twitter] Elapsed training time:4.20s
[Twitter] Starting validation...
[Twitter] Elapsed validation time:0.34s
[Twitter] [Epoch=050] Train Loss=[QuantLoss=0.05198]Val loss = [QuantLoss=0.05314][QuantReg:0.38954]
[Twitter] Starting epoch 51...
[Twitter] Elapsed training time:4.24s
[Twitter] Starting validation...
[Twitter] Elapsed validation time:0.35s
[Twitter] [Epoch=051] Train Loss=[QuantLoss=0.04227]Val loss = [QuantLoss=0.05558][QuantReg:0.39117]
[Twitter] Starting epoch 52...
[Twitter] Elapsed training time:4.36s
[Twitter] Starting validation...
[Twitter] Elapsed validation time:0.36s
[Twitter] [Epoch=052] Train Loss=[QuantLoss=0.04394]Val loss = [QuantLoss=0.03432][QuantReg:0.39052]
[Twitter] Starting epoch 53...
[Twitter] Elapsed training time:4.38s
[Twitter] Starting validation...
[Twitter] Elapsed validation time:0.37s
[Twitter] [Epoch=053] Train Loss=[QuantLoss=0.04397]Val loss = [QuantLoss=0.05899][QuantReg:0.39047]
[Twitter] Starting epoch 54...
[Twitter] Elapsed training time:4.33s
[Twitter] Starting validation...
[Twitter] Elapsed validation time:0.36s
[Twitter] [Epoch=054] Train Loss=[QuantLoss=0.04481]Val loss = [QuantLoss=0.04647][QuantReg:0.39591]
[Twitter] Starting epoch 55...
[Twitter] Elapsed training time:4.51s
[Twitter] Starting validation...
[Twitter] Elapsed validation time:0.36s
[Twitter] [Epoch=055] Train Loss=[QuantLoss=0.04396]Val loss = [QuantLoss=0.05347][QuantReg:0.39952]
[Twitter] Starting epoch 56...
[Twitter] Elapsed training time:4.42s
[Twitter] Starting validation...
[Twitter] Elapsed validation time:0.35s
[Twitter] [Epoch=056] Train Loss=[QuantLoss=0.04104]Val loss = [QuantLoss=0.06657][QuantReg:0.39991]
[Twitter] Starting epoch 57...
[Twitter] Elapsed training time:4.39s
[Twitter] Starting validation...
[Twitter] Elapsed validation time:0.36s
[Twitter] [Epoch=057] Train Loss=[QuantLoss=0.04424]Val loss = [QuantLoss=0.08363][QuantReg:0.40028]
[Twitter] Starting epoch 58...
[Twitter] Elapsed training time:4.55s
[Twitter] Starting validation...
[Twitter] Elapsed validation time:0.36s
[Twitter] [Epoch=058] Train Loss=[QuantLoss=0.04193]Val loss = [QuantLoss=0.07417][QuantReg:0.39659]
[Twitter] Starting epoch 59...
[Twitter] Elapsed training time:4.51s
[Twitter] Starting validation...
[Twitter] Elapsed validation time:0.36s
[Twitter] [Epoch=059] Train Loss=[QuantLoss=0.04144]Val loss = [QuantLoss=0.07747][QuantReg:0.39810]
[Twitter] Starting epoch 60...
[Twitter] Elapsed training time:4.37s
[Twitter] Starting validation...
[Twitter] Elapsed validation time:0.36s
[Twitter] [Epoch=060] Train Loss=[QuantLoss=0.04059]Val loss = [QuantLoss=0.06375][QuantReg:0.40124]
[Twitter] Starting epoch 61...
[Twitter] Elapsed training time:4.29s
[Twitter] Starting validation...
[Twitter] Elapsed validation time:0.37s
[Twitter] [Epoch=061] Train Loss=[QuantLoss=0.04144]Val loss = [QuantLoss=0.02894][QuantReg:0.40090]
[Twitter] Starting epoch 62...
[Twitter] Elapsed training time:4.24s
[Twitter] Starting validation...
[Twitter] Elapsed validation time:0.37s
[Twitter] [Epoch=062] Train Loss=[QuantLoss=0.04171]Val loss = [QuantLoss=0.04181][QuantReg:0.40013]
[Twitter] Starting epoch 63...
[Twitter] Elapsed training time:4.25s
[Twitter] Starting validation...
[Twitter] Elapsed validation time:0.35s
[Twitter] [Epoch=063] Train Loss=[QuantLoss=0.04153]Val loss = [QuantLoss=0.07230][QuantReg:0.40027]
[Twitter] Starting epoch 64...
[Twitter] Elapsed training time:4.27s
[Twitter] Starting validation...
[Twitter] Elapsed validation time:0.38s
[Twitter] [Epoch=064] Train Loss=[QuantLoss=0.04000]Val loss = [QuantLoss=0.03331][QuantReg:0.39928]
[Twitter] Starting epoch 65...
[Twitter] Elapsed training time:4.34s
[Twitter] Starting validation...
[Twitter] Elapsed validation time:0.36s
[Twitter] [Epoch=065] Train Loss=[QuantLoss=0.03877]Val loss = [QuantLoss=0.09667][QuantReg:0.39920]
[Twitter] Starting epoch 66...
[Twitter] Elapsed training time:4.46s
[Twitter] Starting validation...
[Twitter] Elapsed validation time:0.25s
[Twitter] [Epoch=066] Train Loss=[QuantLoss=0.04103]Val loss = [QuantLoss=0.05721][QuantReg:0.39597]
[Twitter] Starting epoch 67...
[Twitter] Elapsed training time:4.37s
[Twitter] Starting validation...
[Twitter] Elapsed validation time:0.24s
[Twitter] [Epoch=067] Train Loss=[QuantLoss=0.04083]Val loss = [QuantLoss=0.09851][QuantReg:0.39328]
[Twitter] Starting epoch 68...
[Twitter] Elapsed training time:4.28s
[Twitter] Starting validation...
[Twitter] Elapsed validation time:0.24s
[Twitter] [Epoch=068] Train Loss=[QuantLoss=0.03911]Val loss = [QuantLoss=0.09118][QuantReg:0.39057]
[Twitter] Starting epoch 69...
[Twitter] Elapsed training time:4.37s
[Twitter] Starting validation...
[Twitter] Elapsed validation time:0.23s
[Twitter] [Epoch=069] Train Loss=[QuantLoss=0.03940]Val loss = [QuantLoss=0.10631][QuantReg:0.39050]
[Twitter] Starting epoch 70...
[Twitter] Elapsed training time:4.37s
[Twitter] Starting validation...
[Twitter] Elapsed validation time:0.23s
[Twitter] [Epoch=070] Train Loss=[QuantLoss=0.03801]Val loss = [QuantLoss=0.11289][QuantReg:0.39145]
[Twitter] Starting epoch 71...
[Twitter] Elapsed training time:4.34s
[Twitter] Starting validation...
[Twitter] Elapsed validation time:0.24s
[Twitter] [Epoch=071] Train Loss=[QuantLoss=0.03716]Val loss = [QuantLoss=0.09841][QuantReg:0.39331]
[Twitter] Starting epoch 72...
[Twitter] Elapsed training time:4.40s
[Twitter] Starting validation...
[Twitter] Elapsed validation time:0.24s
[Twitter] [Epoch=072] Train Loss=[QuantLoss=0.03940]Val loss = [QuantLoss=0.08174][QuantReg:0.39339]
[Twitter] Starting epoch 73...
[Twitter] Elapsed training time:4.33s
[Twitter] Starting validation...
[Twitter] Elapsed validation time:0.24s
[Twitter] [Epoch=073] Train Loss=[QuantLoss=0.04048]Val loss = [QuantLoss=0.08911][QuantReg:0.39407]
[Twitter] Starting epoch 74...
[Twitter] Elapsed training time:4.37s
[Twitter] Starting validation...
[Twitter] Elapsed validation time:0.28s
[Twitter] [Epoch=074] Train Loss=[QuantLoss=0.03882]Val loss = [QuantLoss=0.07775][QuantReg:0.39514]
[Twitter] Starting epoch 75...
[Twitter] Elapsed training time:4.40s
[Twitter] Starting validation...
[Twitter] Elapsed validation time:0.23s
[Twitter] [Epoch=075] Train Loss=[QuantLoss=0.03788]Val loss = [QuantLoss=0.07023][QuantReg:0.39585]
[Twitter] Starting epoch 76...
[Twitter] Elapsed training time:4.37s
[Twitter] Starting validation...
[Twitter] Elapsed validation time:0.24s
[Twitter] [Epoch=076] Train Loss=[QuantLoss=0.03760]Val loss = [QuantLoss=0.06564][QuantReg:0.39565]
[Twitter] Starting epoch 77...
[Twitter] Elapsed training time:4.40s
[Twitter] Starting validation...
[Twitter] Elapsed validation time:0.25s
[Twitter] [Epoch=077] Train Loss=[QuantLoss=0.04193]Val loss = [QuantLoss=0.08858][QuantReg:0.39339]
[Twitter] Starting epoch 78...
[Twitter] Elapsed training time:4.41s
[Twitter] Starting validation...
[Twitter] Elapsed validation time:0.24s
[Twitter] [Epoch=078] Train Loss=[QuantLoss=0.03686]Val loss = [QuantLoss=0.08738][QuantReg:0.39638]
[Twitter] Starting epoch 79...
[Twitter] Elapsed training time:4.56s
[Twitter] Starting validation...
[Twitter] Elapsed validation time:0.24s
[Twitter] [Epoch=079] Train Loss=[QuantLoss=0.03985]Val loss = [QuantLoss=0.08440][QuantReg:0.39442]
[Twitter] Starting epoch 80...
[Twitter] Elapsed training time:4.44s
[Twitter] Starting validation...
[Twitter] Elapsed validation time:0.25s
[Twitter] [Epoch=080] Train Loss=[QuantLoss=0.03714]Val loss = [QuantLoss=0.08525][QuantReg:0.39430]
[Twitter] Starting epoch 81...
[Twitter] Elapsed training time:4.34s
[Twitter] Starting validation...
[Twitter] Elapsed validation time:0.23s
[Twitter] [Epoch=081] Train Loss=[QuantLoss=0.03799]Val loss = [QuantLoss=0.08285][QuantReg:0.39450]
[Twitter] Starting epoch 82...
[Twitter] Elapsed training time:4.37s
[Twitter] Starting validation...
[Twitter] Elapsed validation time:0.23s
[Twitter] [Epoch=082] Train Loss=[QuantLoss=0.04417]Val loss = [QuantLoss=0.08298][QuantReg:0.39123]
[Twitter] Starting epoch 83...
[Twitter] Elapsed training time:4.29s
[Twitter] Starting validation...
[Twitter] Elapsed validation time:0.23s
[Twitter] [Epoch=083] Train Loss=[QuantLoss=0.03704]Val loss = [QuantLoss=0.09038][QuantReg:0.39027]
[Twitter] Starting epoch 84...
[Twitter] Elapsed training time:4.31s
[Twitter] Starting validation...
[Twitter] Elapsed validation time:0.23s
[Twitter] [Epoch=084] Train Loss=[QuantLoss=0.03913]Val loss = [QuantLoss=0.09712][QuantReg:0.39128]
[Twitter] Starting epoch 85...
[Twitter] Elapsed training time:4.29s
[Twitter] Starting validation...
[Twitter] Elapsed validation time:0.24s
[Twitter] [Epoch=085] Train Loss=[QuantLoss=0.03744]Val loss = [QuantLoss=0.07944][QuantReg:0.39087]
[Twitter] Starting epoch 86...
[Twitter] Elapsed training time:4.44s
[Twitter] Starting validation...
[Twitter] Elapsed validation time:0.24s
[Twitter] [Epoch=086] Train Loss=[QuantLoss=0.03553]Val loss = [QuantLoss=0.07924][QuantReg:0.39138]
[Twitter] Starting epoch 87...
[Twitter] Elapsed training time:4.33s
[Twitter] Starting validation...
[Twitter] Elapsed validation time:0.26s
[Twitter] [Epoch=087] Train Loss=[QuantLoss=0.03578]Val loss = [QuantLoss=0.06399][QuantReg:0.39268]
[Twitter] Starting epoch 88...
[Twitter] Elapsed training time:4.56s
[Twitter] Starting validation...
[Twitter] Elapsed validation time:0.24s
[Twitter] [Epoch=088] Train Loss=[QuantLoss=0.03651]Val loss = [QuantLoss=0.07684][QuantReg:0.39167]
[Twitter] Starting epoch 89...
[Twitter] Elapsed training time:4.42s
[Twitter] Starting validation...
[Twitter] Elapsed validation time:0.24s
[Twitter] [Epoch=089] Train Loss=[QuantLoss=0.03629]Val loss = [QuantLoss=0.05731][QuantReg:0.39260]
[Twitter] Starting epoch 90...
[Twitter] Elapsed training time:4.54s
[Twitter] Starting validation...
[Twitter] Elapsed validation time:0.25s
[Twitter] [Epoch=090] Train Loss=[QuantLoss=0.03306]Val loss = [QuantLoss=0.06568][QuantReg:0.39401]
[Twitter] Starting epoch 91...
[Twitter] Elapsed training time:4.45s
[Twitter] Starting validation...
[Twitter] Elapsed validation time:0.24s
[Twitter] [Epoch=091] Train Loss=[QuantLoss=0.03525]Val loss = [QuantLoss=0.05663][QuantReg:0.39553]
[Twitter] Starting epoch 92...
[Twitter] Elapsed training time:4.48s
[Twitter] Starting validation...
[Twitter] Elapsed validation time:0.26s
[Twitter] [Epoch=092] Train Loss=[QuantLoss=0.03593]Val loss = [QuantLoss=0.07087][QuantReg:0.39564]
[Twitter] Starting epoch 93...
[Twitter] Elapsed training time:4.46s
[Twitter] Starting validation...
[Twitter] Elapsed validation time:0.24s
[Twitter] [Epoch=093] Train Loss=[QuantLoss=0.03909]Val loss = [QuantLoss=0.05647][QuantReg:0.39494]
[Twitter] Starting epoch 94...
[Twitter] Elapsed training time:4.35s
[Twitter] Starting validation...
[Twitter] Elapsed validation time:0.23s
[Twitter] [Epoch=094] Train Loss=[QuantLoss=0.03553]Val loss = [QuantLoss=0.06989][QuantReg:0.39359]
[Twitter] Starting epoch 95...
[Twitter] Elapsed training time:4.49s
[Twitter] Starting validation...
[Twitter] Elapsed validation time:0.23s
[Twitter] [Epoch=095] Train Loss=[QuantLoss=0.03508]Val loss = [QuantLoss=0.07158][QuantReg:0.39475]
[Twitter] Starting epoch 96...
[Twitter] Elapsed training time:4.30s
[Twitter] Starting validation...
[Twitter] Elapsed validation time:0.26s
[Twitter] [Epoch=096] Train Loss=[QuantLoss=0.04167]Val loss = [QuantLoss=0.07390][QuantReg:0.39358]
[Twitter] Starting epoch 97...
[Twitter] Elapsed training time:4.53s
[Twitter] Starting validation...
[Twitter] Elapsed validation time:0.25s
[Twitter] [Epoch=097] Train Loss=[QuantLoss=0.04067]Val loss = [QuantLoss=0.06596][QuantReg:0.39241]
[Twitter] Starting epoch 98...
[Twitter] Elapsed training time:4.39s
[Twitter] Starting validation...
[Twitter] Elapsed validation time:0.23s
[Twitter] [Epoch=098] Train Loss=[QuantLoss=0.03624]Val loss = [QuantLoss=0.06490][QuantReg:0.39183]
[Twitter] Starting epoch 99...
[Twitter] Elapsed training time:4.38s
[Twitter] Starting validation...
[Twitter] Elapsed validation time:0.25s
[Twitter] [Epoch=099] Train Loss=[QuantLoss=0.03526]Val loss = [QuantLoss=0.05952][QuantReg:0.39400]
[Twitter] Starting epoch 100...
[Twitter] Elapsed training time:4.48s
[Twitter] Starting validation...
[Twitter] Elapsed validation time:0.24s
[Twitter] [Epoch=100] Train Loss=[QuantLoss=0.03418]Val loss = [QuantLoss=0.06358][QuantReg:0.39451]
[Twitter] Starting epoch 101...
[Twitter] Elapsed training time:4.49s
[Twitter] Starting validation...
[Twitter] Elapsed validation time:0.21s
[Twitter] [Epoch=101] Train Loss=[QuantLoss=0.03372]Val loss = [QuantLoss=0.05824][QuantReg:0.39421]
[Twitter] Starting epoch 102...
[Twitter] Elapsed training time:4.51s
[Twitter] Starting validation...
[Twitter] Elapsed validation time:0.32s
[Twitter] [Epoch=102] Train Loss=[QuantLoss=0.03515]Val loss = [QuantLoss=0.05809][QuantReg:0.39324]
[Twitter] Starting epoch 103...
[Twitter] Elapsed training time:4.56s
[Twitter] Starting validation...
[Twitter] Elapsed validation time:0.25s
[Twitter] [Epoch=103] Train Loss=[QuantLoss=0.03423]Val loss = [QuantLoss=0.06582][QuantReg:0.39264]
[Twitter] Starting epoch 104...
[Twitter] Elapsed training time:4.89s
[Twitter] Starting validation...
[Twitter] Elapsed validation time:0.32s
[Twitter] [Epoch=104] Train Loss=[QuantLoss=0.03425]Val loss = [QuantLoss=0.06440][QuantReg:0.39379]
[Twitter] Starting epoch 105...
[Twitter] Elapsed training time:4.63s
[Twitter] Starting validation...
[Twitter] Elapsed validation time:0.33s
[Twitter] [Epoch=105] Train Loss=[QuantLoss=0.03535]Val loss = [QuantLoss=0.07871][QuantReg:0.39192]
[Twitter] Starting epoch 106...
[Twitter] Elapsed training time:4.62s
[Twitter] Starting validation...
[Twitter] Elapsed validation time:0.30s
[Twitter] [Epoch=106] Train Loss=[QuantLoss=0.03570]Val loss = [QuantLoss=0.06752][QuantReg:0.39149]
[Twitter] Starting epoch 107...
[Twitter] Elapsed training time:4.91s
[Twitter] Starting validation...
[Twitter] Elapsed validation time:0.30s
[Twitter] [Epoch=107] Train Loss=[QuantLoss=0.03338]Val loss = [QuantLoss=0.07356][QuantReg:0.39064]
[Twitter] Starting epoch 108...
[Twitter] Elapsed training time:4.62s
[Twitter] Starting validation...
[Twitter] Elapsed validation time:0.31s
[Twitter] [Epoch=108] Train Loss=[QuantLoss=0.03477]Val loss = [QuantLoss=0.05745][QuantReg:0.39306]
[Twitter] Starting epoch 109...
[Twitter] Elapsed training time:4.83s
[Twitter] Starting validation...
[Twitter] Elapsed validation time:0.31s
[Twitter] [Epoch=109] Train Loss=[QuantLoss=0.03510]Val loss = [QuantLoss=0.06258][QuantReg:0.39160]
[Twitter] Starting epoch 110...
[Twitter] Elapsed training time:4.50s
[Twitter] Starting validation...
[Twitter] Elapsed validation time:0.35s
[Twitter] [Epoch=110] Train Loss=[QuantLoss=0.03309]Val loss = [QuantLoss=0.07164][QuantReg:0.39079]
[Twitter] Starting epoch 111...
[Twitter] Elapsed training time:4.57s
[Twitter] Starting validation...
[Twitter] Elapsed validation time:0.31s
[Twitter] [Epoch=111] Train Loss=[QuantLoss=0.03299]Val loss = [QuantLoss=0.06344][QuantReg:0.39096]
[Twitter] Starting epoch 112...
[Twitter] Elapsed training time:3.12s
[Twitter] Starting validation...
[Twitter] Elapsed validation time:0.32s
[Twitter] [Epoch=112] Train Loss=[QuantLoss=0.03399]Val loss = [QuantLoss=0.07220][QuantReg:0.38999]
[Twitter] Starting epoch 113...
[Twitter] Elapsed training time:4.73s
[Twitter] Starting validation...
[Twitter] Elapsed validation time:0.31s
[Twitter] [Epoch=113] Train Loss=[QuantLoss=0.03518]Val loss = [QuantLoss=0.06650][QuantReg:0.39136]
[Twitter] Starting epoch 114...
[Twitter] Elapsed training time:4.62s
[Twitter] Starting validation...
[Twitter] Elapsed validation time:0.32s
[Twitter] [Epoch=114] Train Loss=[QuantLoss=0.03470]Val loss = [QuantLoss=0.07072][QuantReg:0.39193]
[Twitter] Starting epoch 115...
[Twitter] Elapsed training time:5.02s
[Twitter] Starting validation...
[Twitter] Elapsed validation time:0.30s
[Twitter] [Epoch=115] Train Loss=[QuantLoss=0.03823]Val loss = [QuantLoss=0.08442][QuantReg:0.39127]
[Twitter] Starting epoch 116...
[Twitter] Elapsed training time:4.87s
[Twitter] Starting validation...
[Twitter] Elapsed validation time:0.32s
[Twitter] [Epoch=116] Train Loss=[QuantLoss=0.03966]Val loss = [QuantLoss=0.06602][QuantReg:0.39226]
[Twitter] Starting epoch 117...
[Twitter] Elapsed training time:4.67s
[Twitter] Starting validation...
[Twitter] Elapsed validation time:0.35s
[Twitter] [Epoch=117] Train Loss=[QuantLoss=0.03331]Val loss = [QuantLoss=0.07075][QuantReg:0.39299]
[Twitter] Starting epoch 118...
[Twitter] Elapsed training time:4.30s
[Twitter] Starting validation...
[Twitter] Elapsed validation time:0.41s
[Twitter] [Epoch=118] Train Loss=[QuantLoss=0.03328]Val loss = [QuantLoss=0.07041][QuantReg:0.39297]
[Twitter] Starting epoch 119...
[Twitter] Elapsed training time:4.24s
[Twitter] Starting validation...
[Twitter] Elapsed validation time:0.36s
[Twitter] [Epoch=119] Train Loss=[QuantLoss=0.03295]Val loss = [QuantLoss=0.06309][QuantReg:0.39203]
[Twitter] Starting epoch 120...
[Twitter] Elapsed training time:4.30s
[Twitter] Starting validation...
[Twitter] Elapsed validation time:0.34s
[Twitter] [Epoch=120] Train Loss=[QuantLoss=0.03281]Val loss = [QuantLoss=0.05900][QuantReg:0.39201]
[Twitter] Starting epoch 121...
[Twitter] Elapsed training time:4.41s
[Twitter] Starting validation...
[Twitter] Elapsed validation time:0.36s
[Twitter] [Epoch=121] Train Loss=[QuantLoss=0.03339]Val loss = [QuantLoss=0.05834][QuantReg:0.39143]
[Twitter] Starting epoch 122...
[Twitter] Elapsed training time:4.47s
[Twitter] Starting validation...
[Twitter] Elapsed validation time:0.37s
[Twitter] [Epoch=122] Train Loss=[QuantLoss=0.03297]Val loss = [QuantLoss=0.06841][QuantReg:0.39192]
[Twitter] Starting epoch 123...
[Twitter] Elapsed training time:4.44s
[Twitter] Starting validation...
[Twitter] Elapsed validation time:0.35s
[Twitter] [Epoch=123] Train Loss=[QuantLoss=0.03403]Val loss = [QuantLoss=0.06731][QuantReg:0.39358]
[Twitter] Starting epoch 124...
[Twitter] Elapsed training time:4.39s
[Twitter] Starting validation...
[Twitter] Elapsed validation time:0.37s
[Twitter] [Epoch=124] Train Loss=[QuantLoss=0.03331]Val loss = [QuantLoss=0.07601][QuantReg:0.39185]
[Twitter] Starting epoch 125...
[Twitter] Elapsed training time:4.58s
[Twitter] Starting validation...
[Twitter] Elapsed validation time:0.36s
[Twitter] [Epoch=125] Train Loss=[QuantLoss=0.03304]Val loss = [QuantLoss=0.06574][QuantReg:0.39090]
[Twitter] Starting epoch 126...
[Twitter] Elapsed training time:4.59s
[Twitter] Starting validation...
[Twitter] Elapsed validation time:0.34s
[Twitter] [Epoch=126] Train Loss=[QuantLoss=0.03280]Val loss = [QuantLoss=0.08411][QuantReg:0.39077]
[Twitter] Starting epoch 127...
[Twitter] Elapsed training time:4.69s
[Twitter] Starting validation...
[Twitter] Elapsed validation time:0.35s
[Twitter] [Epoch=127] Train Loss=[QuantLoss=0.03523]Val loss = [QuantLoss=0.08467][QuantReg:0.39173]
[Twitter] Starting epoch 128...
[Twitter] Elapsed training time:4.46s
[Twitter] Starting validation...
[Twitter] Elapsed validation time:0.37s
[Twitter] [Epoch=128] Train Loss=[QuantLoss=0.03356]Val loss = [QuantLoss=0.07946][QuantReg:0.39307]
[Twitter] Starting epoch 129...
[Twitter] Elapsed training time:4.54s
[Twitter] Starting validation...
[Twitter] Elapsed validation time:0.37s
[Twitter] [Epoch=129] Train Loss=[QuantLoss=0.03881]Val loss = [QuantLoss=0.07830][QuantReg:0.39328]
[Twitter] Starting epoch 130...
[Twitter] Elapsed training time:4.29s
[Twitter] Starting validation...
[Twitter] Elapsed validation time:0.35s
[Twitter] [Epoch=130] Train Loss=[QuantLoss=0.03250]Val loss = [QuantLoss=0.08403][QuantReg:0.39202]
[Twitter] Early stopping in epoch 130!
[Twitter] Restoring best model...
MAE médio por bag: 0.1091 ± 0.0810
Salvo em resultados_sanders/resultados_twitter_bert_kl_easiest_3.csv
Dataset: /home/nildaimon/gmnet/experiments/train_curl/Datasets/Sanders/twitter-sanders-apple3.csv
Dificuldade: metric=l1, mode=hardest, top_k=None
Rodada: 3
Salvar resultados em: resultados_sanders
Dispositivo de treino: cpu
Carregando e processando dataset Twitter
Carregando embeddings do cache...
/home/nildaimon/gmnet/experiments/train_curl/train_sanders.py:89: FutureWarning: You are using `torch.load` with `weights_only=False` (the current default value), which uses the default pickle module implicitly. It is possible to construct malicious pickle data which will execute arbitrary code during unpickling (See https://github.com/pytorch/pytorch/blob/main/SECURITY.md#untrusted-models for more details). In a future release, the default value for `weights_only` will be flipped to `True`. This limits the functions that could be executed during unpickling. Arbitrary objects will no longer be allowed to be loaded via this mode unless they are explicitly allowlisted by the user via `torch.serialization.add_safe_globals`. We recommend you start setting `weights_only=True` for any use case where you don't have full control of the loaded file. Please open an issue on GitHub for any issues related to this experimental feature.
  embeddings = torch.load(EMBEDDING_CACHE)
/home/nildaimon/gmnet/experiments/train_curl/train_sanders.py:90: FutureWarning: You are using `torch.load` with `weights_only=False` (the current default value), which uses the default pickle module implicitly. It is possible to construct malicious pickle data which will execute arbitrary code during unpickling (See https://github.com/pytorch/pytorch/blob/main/SECURITY.md#untrusted-models for more details). In a future release, the default value for `weights_only` will be flipped to `True`. This limits the functions that could be executed during unpickling. Arbitrary objects will no longer be allowed to be loaded via this mode unless they are explicitly allowlisted by the user via `torch.serialization.add_safe_globals`. We recommend you start setting `weights_only=True` for any use case where you don't have full control of the loaded file. Please open an issue on GitHub for any issues related to this experimental feature.
  labels = torch.load(LABELS_CACHE)
Ignoring val_split as train and val datasets where given to fit function
We have two datasets: training 1092 examples. validation 100 examples.]
Using device cpu
/home/nildaimon/anaconda3/envs/gmnet/lib/python3.12/site-packages/torch/optim/lr_scheduler.py:62: UserWarning: The verbose parameter is deprecated. Please use get_last_lr() to access the learning rate.
  warnings.warn(
/home/nildaimon/gmnet/dlquantification/main.py:835: FutureWarning: `torch.cuda.amp.GradScaler(args...)` is deprecated. Please use `torch.amp.GradScaler('cuda', args...)` instead.
  scaler = torch.cuda.amp.GradScaler(enabled=self.use_fp16)
[Twitter] Starting epoch 0...
/home/nildaimon/gmnet/dlquantification/main.py:888: FutureWarning: `torch.cuda.amp.autocast(args...)` is deprecated. Please use `torch.amp.autocast('cuda', args...)` instead.
  with torch.cuda.amp.autocast(enabled=self.use_fp16):
[Twitter] Elapsed training time:4.21s
[Twitter] Starting validation...
[Twitter] Elapsed validation time:0.22s
[Twitter] [Epoch=000] Train Loss=[QuantLoss=0.09185]Val loss = [QuantLoss=0.08095][QuantReg:0.62000][saved best model in this epoch]
[Twitter] Starting epoch 1...
[Twitter] Elapsed training time:4.28s
[Twitter] Starting validation...
[Twitter] Elapsed validation time:0.23s
[Twitter] [Epoch=001] Train Loss=[QuantLoss=0.08282]Val loss = [QuantLoss=0.16642][QuantReg:0.54713]
[Twitter] Starting epoch 2...
[Twitter] Elapsed training time:4.36s
[Twitter] Starting validation...
[Twitter] Elapsed validation time:0.25s
[Twitter] [Epoch=002] Train Loss=[QuantLoss=0.08553]Val loss = [QuantLoss=0.13110][QuantReg:0.53057]
[Twitter] Starting epoch 3...
[Twitter] Elapsed training time:4.32s
[Twitter] Starting validation...
[Twitter] Elapsed validation time:0.24s
[Twitter] [Epoch=003] Train Loss=[QuantLoss=0.08923]Val loss = [QuantLoss=0.07001][QuantReg:0.54441][saved best model in this epoch]
[Twitter] Starting epoch 4...
[Twitter] Elapsed training time:4.44s
[Twitter] Starting validation...
[Twitter] Elapsed validation time:0.24s
[Twitter] [Epoch=004] Train Loss=[QuantLoss=0.08825]Val loss = [QuantLoss=0.08444][QuantReg:0.52625]
[Twitter] Starting epoch 5...
[Twitter] Elapsed training time:4.36s
[Twitter] Starting validation...
[Twitter] Elapsed validation time:0.25s
[Twitter] [Epoch=005] Train Loss=[QuantLoss=0.07843]Val loss = [QuantLoss=0.06583][QuantReg:0.53781][saved best model in this epoch]
[Twitter] Starting epoch 6...
[Twitter] Elapsed training time:4.34s
[Twitter] Starting validation...
[Twitter] Elapsed validation time:0.23s
[Twitter] [Epoch=006] Train Loss=[QuantLoss=0.07466]Val loss = [QuantLoss=0.07478][QuantReg:0.51029]
[Twitter] Starting epoch 7...
[Twitter] Elapsed training time:4.43s
[Twitter] Starting validation...
[Twitter] Elapsed validation time:0.28s
[Twitter] [Epoch=007] Train Loss=[QuantLoss=0.08236]Val loss = [QuantLoss=0.05612][QuantReg:0.49776][saved best model in this epoch]
[Twitter] Starting epoch 8...
[Twitter] Elapsed training time:4.45s
[Twitter] Starting validation...
[Twitter] Elapsed validation time:0.27s
[Twitter] [Epoch=008] Train Loss=[QuantLoss=0.07004]Val loss = [QuantLoss=0.05823][QuantReg:0.47265]
[Twitter] Starting epoch 9...
[Twitter] Elapsed training time:4.30s
[Twitter] Starting validation...
[Twitter] Elapsed validation time:0.25s
[Twitter] [Epoch=009] Train Loss=[QuantLoss=0.07958]Val loss = [QuantLoss=0.03283][QuantReg:0.44471][saved best model in this epoch]
[Twitter] Starting epoch 10...
[Twitter] Elapsed training time:4.35s
[Twitter] Starting validation...
[Twitter] Elapsed validation time:0.24s
[Twitter] [Epoch=010] Train Loss=[QuantLoss=0.06950]Val loss = [QuantLoss=0.03152][QuantReg:0.46431][saved best model in this epoch]
[Twitter] Starting epoch 11...
[Twitter] Elapsed training time:4.49s
[Twitter] Starting validation...
[Twitter] Elapsed validation time:0.25s
[Twitter] [Epoch=011] Train Loss=[QuantLoss=0.06349]Val loss = [QuantLoss=0.01818][QuantReg:0.47584][saved best model in this epoch]
[Twitter] Starting epoch 12...
[Twitter] Elapsed training time:4.33s
[Twitter] Starting validation...
[Twitter] Elapsed validation time:0.24s
[Twitter] [Epoch=012] Train Loss=[QuantLoss=0.06136]Val loss = [QuantLoss=0.02422][QuantReg:0.45178]
[Twitter] Starting epoch 13...
[Twitter] Elapsed training time:4.37s
[Twitter] Starting validation...
[Twitter] Elapsed validation time:0.24s
[Twitter] [Epoch=013] Train Loss=[QuantLoss=0.05964]Val loss = [QuantLoss=0.03001][QuantReg:0.44858]
[Twitter] Starting epoch 14...
[Twitter] Elapsed training time:4.39s
[Twitter] Starting validation...
[Twitter] Elapsed validation time:0.24s
[Twitter] [Epoch=014] Train Loss=[QuantLoss=0.05817]Val loss = [QuantLoss=0.10338][QuantReg:0.44139]
[Twitter] Starting epoch 15...
[Twitter] Elapsed training time:4.32s
[Twitter] Starting validation...
[Twitter] Elapsed validation time:0.24s
[Twitter] [Epoch=015] Train Loss=[QuantLoss=0.05461]Val loss = [QuantLoss=0.03186][QuantReg:0.44382]
[Twitter] Starting epoch 16...
[Twitter] Elapsed training time:4.29s
[Twitter] Starting validation...
[Twitter] Elapsed validation time:0.25s
[Twitter] [Epoch=016] Train Loss=[QuantLoss=0.05236]Val loss = [QuantLoss=0.01356][QuantReg:0.43208][saved best model in this epoch]
[Twitter] Starting epoch 17...
[Twitter] Elapsed training time:4.56s
[Twitter] Starting validation...
[Twitter] Elapsed validation time:0.24s
[Twitter] [Epoch=017] Train Loss=[QuantLoss=0.04940]Val loss = [QuantLoss=0.07760][QuantReg:0.43465]
[Twitter] Starting epoch 18...
[Twitter] Elapsed training time:4.40s
[Twitter] Starting validation...
[Twitter] Elapsed validation time:0.22s
[Twitter] [Epoch=018] Train Loss=[QuantLoss=0.04992]Val loss = [QuantLoss=0.02707][QuantReg:0.44031]
[Twitter] Starting epoch 19...
[Twitter] Elapsed training time:4.35s
[Twitter] Starting validation...
[Twitter] Elapsed validation time:0.28s
[Twitter] [Epoch=019] Train Loss=[QuantLoss=0.05328]Val loss = [QuantLoss=0.02911][QuantReg:0.43641]
[Twitter] Starting epoch 20...
[Twitter] Elapsed training time:4.38s
[Twitter] Starting validation...
[Twitter] Elapsed validation time:0.20s
[Twitter] [Epoch=020] Train Loss=[QuantLoss=0.05049]Val loss = [QuantLoss=0.01871][QuantReg:0.43758]
[Twitter] Starting epoch 21...
[Twitter] Elapsed training time:4.80s
[Twitter] Starting validation...
[Twitter] Elapsed validation time:0.19s
[Twitter] [Epoch=021] Train Loss=[QuantLoss=0.05209]Val loss = [QuantLoss=0.09065][QuantReg:0.44748]
[Twitter] Starting epoch 22...
[Twitter] Elapsed training time:4.67s
[Twitter] Starting validation...
[Twitter] Elapsed validation time:0.31s
[Twitter] [Epoch=022] Train Loss=[QuantLoss=0.05713]Val loss = [QuantLoss=0.09993][QuantReg:0.42781]
[Twitter] Starting epoch 23...
[Twitter] Elapsed training time:5.01s
[Twitter] Starting validation...
[Twitter] Elapsed validation time:0.22s
[Twitter] [Epoch=023] Train Loss=[QuantLoss=0.05642]Val loss = [QuantLoss=0.05380][QuantReg:0.41001]
[Twitter] Starting epoch 24...
[Twitter] Elapsed training time:5.10s
[Twitter] Starting validation...
[Twitter] Elapsed validation time:0.35s
[Twitter] [Epoch=024] Train Loss=[QuantLoss=0.06283]Val loss = [QuantLoss=0.01570][QuantReg:0.41841]
[Twitter] Starting epoch 25...
[Twitter] Elapsed training time:4.70s
[Twitter] Starting validation...
[Twitter] Elapsed validation time:0.22s
[Twitter] [Epoch=025] Train Loss=[QuantLoss=0.05143]Val loss = [QuantLoss=0.04778][QuantReg:0.42186]
[Twitter] Starting epoch 26...
[Twitter] Elapsed training time:4.66s
[Twitter] Starting validation...
[Twitter] Elapsed validation time:0.32s
[Twitter] [Epoch=026] Train Loss=[QuantLoss=0.06544]Val loss = [QuantLoss=0.08605][QuantReg:0.40842]
[Twitter] Starting epoch 27...
[Twitter] Elapsed training time:4.74s
[Twitter] Starting validation...
[Twitter] Elapsed validation time:0.36s
[Twitter] [Epoch=027] Train Loss=[QuantLoss=0.05957]Val loss = [QuantLoss=0.12157][QuantReg:0.43827]
[Twitter] Starting epoch 28...
[Twitter] Elapsed training time:4.78s
[Twitter] Starting validation...
[Twitter] Elapsed validation time:0.33s
[Twitter] [Epoch=028] Train Loss=[QuantLoss=0.06580]Val loss = [QuantLoss=0.08630][QuantReg:0.45391]
[Twitter] Starting epoch 29...
[Twitter] Elapsed training time:5.17s
[Twitter] Starting validation...
[Twitter] Elapsed validation time:0.36s
[Twitter] [Epoch=029] Train Loss=[QuantLoss=0.06780]Val loss = [QuantLoss=0.13283][QuantReg:0.46222]
[Twitter] Starting epoch 30...
[Twitter] Elapsed training time:4.92s
[Twitter] Starting validation...
[Twitter] Elapsed validation time:0.31s
[Twitter] [Epoch=030] Train Loss=[QuantLoss=0.05835]Val loss = [QuantLoss=0.02381][QuantReg:0.45799]
[Twitter] Starting epoch 31...
[Twitter] Elapsed training time:4.82s
[Twitter] Starting validation...
[Twitter] Elapsed validation time:0.34s
[Twitter] [Epoch=031] Train Loss=[QuantLoss=0.05912]Val loss = [QuantLoss=0.06716][QuantReg:0.43417]
[Twitter] Starting epoch 32...
[Twitter] Elapsed training time:4.89s
[Twitter] Starting validation...
[Twitter] Elapsed validation time:0.35s
[Twitter] [Epoch=032] Train Loss=[QuantLoss=0.06252]Val loss = [QuantLoss=0.08977][QuantReg:0.43325]
[Twitter] Starting epoch 33...
[Twitter] Elapsed training time:4.78s
[Twitter] Starting validation...
[Twitter] Elapsed validation time:0.36s
[Twitter] [Epoch=033] Train Loss=[QuantLoss=0.06582]Val loss = [QuantLoss=0.02143][QuantReg:0.43566]
[Twitter] Starting epoch 34...
[Twitter] Elapsed training time:4.78s
[Twitter] Starting validation...
[Twitter] Elapsed validation time:0.34s
[Twitter] [Epoch=034] Train Loss=[QuantLoss=0.06126]Val loss = [QuantLoss=0.01528][QuantReg:0.43180]
[Twitter] Starting epoch 35...
[Twitter] Elapsed training time:4.95s
[Twitter] Starting validation...
[Twitter] Elapsed validation time:0.30s
[Twitter] [Epoch=035] Train Loss=[QuantLoss=0.05516]Val loss = [QuantLoss=0.01475][QuantReg:0.42337]
[Twitter] Starting epoch 36...
[Twitter] Elapsed training time:5.04s
[Twitter] Starting validation...
[Twitter] Elapsed validation time:0.31s
[Twitter] [Epoch=036] Train Loss=[QuantLoss=0.05644]Val loss = [QuantLoss=0.04093][QuantReg:0.42006]
[Twitter] Starting epoch 37...
[Twitter] Elapsed training time:4.89s
[Twitter] Starting validation...
[Twitter] Elapsed validation time:0.30s
[Twitter] [Epoch=037] Train Loss=[QuantLoss=0.05510]Val loss = [QuantLoss=0.06893][QuantReg:0.42099]
[Twitter] Starting epoch 38...
[Twitter] Elapsed training time:4.94s
[Twitter] Starting validation...
[Twitter] Elapsed validation time:0.30s
[Twitter] [Epoch=038] Train Loss=[QuantLoss=0.05344]Val loss = [QuantLoss=0.03683][QuantReg:0.41965]
[Twitter] Starting epoch 39...
[Twitter] Elapsed training time:4.84s
[Twitter] Starting validation...
[Twitter] Elapsed validation time:0.35s
[Twitter] [Epoch=039] Train Loss=[QuantLoss=0.05192]Val loss = [QuantLoss=0.02461][QuantReg:0.42024]
[Twitter] Starting epoch 40...
[Twitter] Elapsed training time:4.81s
[Twitter] Starting validation...
[Twitter] Elapsed validation time:0.35s
[Twitter] [Epoch=040] Train Loss=[QuantLoss=0.04744]Val loss = [QuantLoss=0.04028][QuantReg:0.41457]
[Twitter] Starting epoch 41...
[Twitter] Elapsed training time:4.64s
[Twitter] Starting validation...
[Twitter] Elapsed validation time:0.33s
[Twitter] [Epoch=041] Train Loss=[QuantLoss=0.04637]Val loss = [QuantLoss=0.02918][QuantReg:0.41811]
[Twitter] Starting epoch 42...
[Twitter] Elapsed training time:4.84s
[Twitter] Starting validation...
[Twitter] Elapsed validation time:0.33s
[Twitter] [Epoch=042] Train Loss=[QuantLoss=0.04587]Val loss = [QuantLoss=0.04102][QuantReg:0.41339]
[Twitter] Starting epoch 43...
[Twitter] Elapsed training time:4.65s
[Twitter] Starting validation...
[Twitter] Elapsed validation time:0.30s
[Twitter] [Epoch=043] Train Loss=[QuantLoss=0.04584]Val loss = [QuantLoss=0.04145][QuantReg:0.41187]
[Twitter] Starting epoch 44...
[Twitter] Elapsed training time:4.52s
[Twitter] Starting validation...
[Twitter] Elapsed validation time:0.30s
[Twitter] [Epoch=044] Train Loss=[QuantLoss=0.04604]Val loss = [QuantLoss=0.04135][QuantReg:0.41768]
[Twitter] Starting epoch 45...
[Twitter] Elapsed training time:4.43s
[Twitter] Starting validation...
[Twitter] Elapsed validation time:0.34s
[Twitter] [Epoch=045] Train Loss=[QuantLoss=0.04401]Val loss = [QuantLoss=0.06132][QuantReg:0.42420]
[Twitter] Starting epoch 46...
[Twitter] Elapsed training time:4.24s
[Twitter] Starting validation...
[Twitter] Elapsed validation time:0.37s
[Twitter] [Epoch=046] Train Loss=[QuantLoss=0.04609]Val loss = [QuantLoss=0.03078][QuantReg:0.42104]
[Twitter] Starting epoch 47...
[Twitter] Elapsed training time:4.22s
[Twitter] Starting validation...
[Twitter] Elapsed validation time:0.34s
[Twitter] [Epoch=047] Train Loss=[QuantLoss=0.04465]Val loss = [QuantLoss=0.04434][QuantReg:0.40679]
[Twitter] Starting epoch 48...
[Twitter] Elapsed training time:4.34s
[Twitter] Starting validation...
[Twitter] Elapsed validation time:0.37s
[Twitter] [Epoch=048] Train Loss=[QuantLoss=0.04437]Val loss = [QuantLoss=0.04511][QuantReg:0.40007]
[Twitter] Starting epoch 49...
[Twitter] Elapsed training time:4.36s
[Twitter] Starting validation...
[Twitter] Elapsed validation time:0.37s
[Twitter] [Epoch=049] Train Loss=[QuantLoss=0.04537]Val loss = [QuantLoss=0.03831][QuantReg:0.39824]
[Twitter] Starting epoch 50...
[Twitter] Elapsed training time:4.50s
[Twitter] Starting validation...
[Twitter] Elapsed validation time:0.35s
[Twitter] [Epoch=050] Train Loss=[QuantLoss=0.04592]Val loss = [QuantLoss=0.04525][QuantReg:0.39304]
[Twitter] Starting epoch 51...
[Twitter] Elapsed training time:4.47s
[Twitter] Starting validation...
[Twitter] Elapsed validation time:0.36s
[Twitter] [Epoch=051] Train Loss=[QuantLoss=0.04312]Val loss = [QuantLoss=0.05715][QuantReg:0.40245]
[Twitter] Starting epoch 52...
[Twitter] Elapsed training time:4.52s
[Twitter] Starting validation...
[Twitter] Elapsed validation time:0.35s
[Twitter] [Epoch=052] Train Loss=[QuantLoss=0.04216]Val loss = [QuantLoss=0.05314][QuantReg:0.40944]
[Twitter] Starting epoch 53...
[Twitter] Elapsed training time:4.49s
[Twitter] Starting validation...
[Twitter] Elapsed validation time:0.36s
[Twitter] [Epoch=053] Train Loss=[QuantLoss=0.04251]Val loss = [QuantLoss=0.06126][QuantReg:0.40110]
[Twitter] Starting epoch 54...
[Twitter] Elapsed training time:4.64s
[Twitter] Starting validation...
[Twitter] Elapsed validation time:0.35s
[Twitter] [Epoch=054] Train Loss=[QuantLoss=0.04371]Val loss = [QuantLoss=0.06409][QuantReg:0.39752]
[Twitter] Starting epoch 55...
[Twitter] Elapsed training time:4.37s
[Twitter] Starting validation...
[Twitter] Elapsed validation time:0.37s
[Twitter] [Epoch=055] Train Loss=[QuantLoss=0.04099]Val loss = [QuantLoss=0.03427][QuantReg:0.39474]
[Twitter] Starting epoch 56...
[Twitter] Elapsed training time:4.55s
[Twitter] Starting validation...
[Twitter] Elapsed validation time:0.36s
[Twitter] [Epoch=056] Train Loss=[QuantLoss=0.04338]Val loss = [QuantLoss=0.07662][QuantReg:0.39977]
[Twitter] Starting epoch 57...
[Twitter] Elapsed training time:4.40s
[Twitter] Starting validation...
[Twitter] Elapsed validation time:0.36s
[Twitter] [Epoch=057] Train Loss=[QuantLoss=0.04215]Val loss = [QuantLoss=0.06498][QuantReg:0.39905]
[Twitter] Starting epoch 58...
[Twitter] Elapsed training time:4.35s
[Twitter] Starting validation...
[Twitter] Elapsed validation time:0.36s
[Twitter] [Epoch=058] Train Loss=[QuantLoss=0.04244]Val loss = [QuantLoss=0.02965][QuantReg:0.39936]
[Twitter] Starting epoch 59...
[Twitter] Elapsed training time:4.45s
[Twitter] Starting validation...
[Twitter] Elapsed validation time:0.35s
[Twitter] [Epoch=059] Train Loss=[QuantLoss=0.04252]Val loss = [QuantLoss=0.07426][QuantReg:0.39662]
[Twitter] Starting epoch 60...
[Twitter] Elapsed training time:4.34s
[Twitter] Starting validation...
[Twitter] Elapsed validation time:0.36s
[Twitter] [Epoch=060] Train Loss=[QuantLoss=0.03954]Val loss = [QuantLoss=0.03780][QuantReg:0.39429]
[Twitter] Starting epoch 61...
[Twitter] Elapsed training time:4.40s
[Twitter] Starting validation...
[Twitter] Elapsed validation time:0.41s
[Twitter] [Epoch=061] Train Loss=[QuantLoss=0.03954]Val loss = [QuantLoss=0.06713][QuantReg:0.39441]
[Twitter] Starting epoch 62...
[Twitter] Elapsed training time:4.48s
[Twitter] Starting validation...
[Twitter] Elapsed validation time:0.33s
[Twitter] [Epoch=062] Train Loss=[QuantLoss=0.03968]Val loss = [QuantLoss=0.05174][QuantReg:0.39552]
[Twitter] Starting epoch 63...
[Twitter] Elapsed training time:4.69s
[Twitter] Starting validation...
[Twitter] Elapsed validation time:0.24s
[Twitter] [Epoch=063] Train Loss=[QuantLoss=0.03864]Val loss = [QuantLoss=0.08320][QuantReg:0.39753]
[Twitter] Starting epoch 64...
[Twitter] Elapsed training time:4.31s
[Twitter] Starting validation...
[Twitter] Elapsed validation time:0.24s
[Twitter] [Epoch=064] Train Loss=[QuantLoss=0.03686]Val loss = [QuantLoss=0.05406][QuantReg:0.39573]
[Twitter] Starting epoch 65...
[Twitter] Elapsed training time:4.28s
[Twitter] Starting validation...
[Twitter] Elapsed validation time:0.24s
[Twitter] [Epoch=065] Train Loss=[QuantLoss=0.03707]Val loss = [QuantLoss=0.06111][QuantReg:0.39800]
[Twitter] Starting epoch 66...
[Twitter] Elapsed training time:4.20s
[Twitter] Starting validation...
[Twitter] Elapsed validation time:0.25s
[Twitter] [Epoch=066] Train Loss=[QuantLoss=0.03666]Val loss = [QuantLoss=0.06641][QuantReg:0.39518]
[Twitter] Starting epoch 67...
[Twitter] Elapsed training time:4.30s
[Twitter] Starting validation...
[Twitter] Elapsed validation time:0.29s
[Twitter] [Epoch=067] Train Loss=[QuantLoss=0.03780]Val loss = [QuantLoss=0.06032][QuantReg:0.39677]
[Twitter] Starting epoch 68...
[Twitter] Elapsed training time:4.41s
[Twitter] Starting validation...
[Twitter] Elapsed validation time:0.23s
[Twitter] [Epoch=068] Train Loss=[QuantLoss=0.03755]Val loss = [QuantLoss=0.04332][QuantReg:0.39830]
[Twitter] Starting epoch 69...
[Twitter] Elapsed training time:4.49s
[Twitter] Starting validation...
[Twitter] Elapsed validation time:0.25s
[Twitter] [Epoch=069] Train Loss=[QuantLoss=0.03634]Val loss = [QuantLoss=0.04966][QuantReg:0.39503]
[Twitter] Starting epoch 70...
[Twitter] Elapsed training time:4.36s
[Twitter] Starting validation...
[Twitter] Elapsed validation time:0.24s
[Twitter] [Epoch=070] Train Loss=[QuantLoss=0.03756]Val loss = [QuantLoss=0.03276][QuantReg:0.39214]
[Twitter] Starting epoch 71...
[Twitter] Elapsed training time:4.42s
[Twitter] Starting validation...
[Twitter] Elapsed validation time:0.25s
[Twitter] [Epoch=071] Train Loss=[QuantLoss=0.03899]Val loss = [QuantLoss=0.05468][QuantReg:0.39160]
[Twitter] Starting epoch 72...
[Twitter] Elapsed training time:4.26s
[Twitter] Starting validation...
[Twitter] Elapsed validation time:0.23s
[Twitter] [Epoch=072] Train Loss=[QuantLoss=0.03745]Val loss = [QuantLoss=0.05210][QuantReg:0.39427]
[Twitter] Starting epoch 73...
[Twitter] Elapsed training time:4.24s
[Twitter] Starting validation...
[Twitter] Elapsed validation time:0.24s
[Twitter] [Epoch=073] Train Loss=[QuantLoss=0.03788]Val loss = [QuantLoss=0.05624][QuantReg:0.39217]
[Twitter] Starting epoch 74...
[Twitter] Elapsed training time:4.17s
[Twitter] Starting validation...
[Twitter] Elapsed validation time:0.22s
[Twitter] [Epoch=074] Train Loss=[QuantLoss=0.03813]Val loss = [QuantLoss=0.05048][QuantReg:0.39724]
[Twitter] Starting epoch 75...
[Twitter] Elapsed training time:4.31s
[Twitter] Starting validation...
[Twitter] Elapsed validation time:0.27s
[Twitter] [Epoch=075] Train Loss=[QuantLoss=0.03840]Val loss = [QuantLoss=0.05062][QuantReg:0.39862]
[Twitter] Starting epoch 76...
[Twitter] Elapsed training time:4.22s
[Twitter] Starting validation...
[Twitter] Elapsed validation time:0.24s
[Twitter] [Epoch=076] Train Loss=[QuantLoss=0.03724]Val loss = [QuantLoss=0.06036][QuantReg:0.39507]
[Twitter] Starting epoch 77...
[Twitter] Elapsed training time:4.35s
[Twitter] Starting validation...
[Twitter] Elapsed validation time:0.26s
[Twitter] [Epoch=077] Train Loss=[QuantLoss=0.03735]Val loss = [QuantLoss=0.05501][QuantReg:0.39480]
[Twitter] Starting epoch 78...
[Twitter] Elapsed training time:4.37s
[Twitter] Starting validation...
[Twitter] Elapsed validation time:0.24s
[Twitter] [Epoch=078] Train Loss=[QuantLoss=0.03747]Val loss = [QuantLoss=0.05971][QuantReg:0.39453]
[Twitter] Starting epoch 79...
[Twitter] Elapsed training time:4.31s
[Twitter] Starting validation...
[Twitter] Elapsed validation time:0.23s
[Twitter] [Epoch=079] Train Loss=[QuantLoss=0.03732]Val loss = [QuantLoss=0.05945][QuantReg:0.39420]
[Twitter] Starting epoch 80...
[Twitter] Elapsed training time:4.29s
[Twitter] Starting validation...
[Twitter] Elapsed validation time:0.24s
[Twitter] [Epoch=080] Train Loss=[QuantLoss=0.03856]Val loss = [QuantLoss=0.06166][QuantReg:0.39832]
[Twitter] Starting epoch 81...
[Twitter] Elapsed training time:4.27s
[Twitter] Starting validation...
[Twitter] Elapsed validation time:0.24s
[Twitter] [Epoch=081] Train Loss=[QuantLoss=0.03582]Val loss = [QuantLoss=0.04489][QuantReg:0.39808]
[Twitter] Starting epoch 82...
[Twitter] Elapsed training time:4.50s
[Twitter] Starting validation...
[Twitter] Elapsed validation time:0.25s
[Twitter] [Epoch=082] Train Loss=[QuantLoss=0.03426]Val loss = [QuantLoss=0.04710][QuantReg:0.39672]
[Twitter] Starting epoch 83...
[Twitter] Elapsed training time:4.29s
[Twitter] Starting validation...
[Twitter] Elapsed validation time:0.24s
[Twitter] [Epoch=083] Train Loss=[QuantLoss=0.03307]Val loss = [QuantLoss=0.04523][QuantReg:0.39737]
[Twitter] Starting epoch 84...
[Twitter] Elapsed training time:4.28s
[Twitter] Starting validation...
[Twitter] Elapsed validation time:0.25s
[Twitter] [Epoch=084] Train Loss=[QuantLoss=0.03501]Val loss = [QuantLoss=0.04378][QuantReg:0.39669]
[Twitter] Starting epoch 85...
[Twitter] Elapsed training time:4.37s
[Twitter] Starting validation...
[Twitter] Elapsed validation time:0.29s
[Twitter] [Epoch=085] Train Loss=[QuantLoss=0.03496]Val loss = [QuantLoss=0.04889][QuantReg:0.39678]
[Twitter] Starting epoch 86...
[Twitter] Elapsed training time:4.39s
[Twitter] Starting validation...
[Twitter] Elapsed validation time:0.24s
[Twitter] [Epoch=086] Train Loss=[QuantLoss=0.03506]Val loss = [QuantLoss=0.06355][QuantReg:0.39938]
[Twitter] Starting epoch 87...
[Twitter] Elapsed training time:4.49s
[Twitter] Starting validation...
[Twitter] Elapsed validation time:0.24s
[Twitter] [Epoch=087] Train Loss=[QuantLoss=0.03269]Val loss = [QuantLoss=0.07484][QuantReg:0.39718]
[Twitter] Starting epoch 88...
[Twitter] Elapsed training time:4.42s
[Twitter] Starting validation...
[Twitter] Elapsed validation time:0.25s
[Twitter] [Epoch=088] Train Loss=[QuantLoss=0.03401]Val loss = [QuantLoss=0.06432][QuantReg:0.39573]
[Twitter] Starting epoch 89...
[Twitter] Elapsed training time:4.46s
[Twitter] Starting validation...
[Twitter] Elapsed validation time:0.25s
[Twitter] [Epoch=089] Train Loss=[QuantLoss=0.03402]Val loss = [QuantLoss=0.06088][QuantReg:0.39665]
[Twitter] Starting epoch 90...
[Twitter] Elapsed training time:4.43s
[Twitter] Starting validation...
[Twitter] Elapsed validation time:0.23s
[Twitter] [Epoch=090] Train Loss=[QuantLoss=0.03459]Val loss = [QuantLoss=0.05204][QuantReg:0.39792]
[Twitter] Starting epoch 91...
[Twitter] Elapsed training time:4.27s
[Twitter] Starting validation...
[Twitter] Elapsed validation time:0.25s
[Twitter] [Epoch=091] Train Loss=[QuantLoss=0.03430]Val loss = [QuantLoss=0.05887][QuantReg:0.39628]
[Twitter] Starting epoch 92...
[Twitter] Elapsed training time:4.22s
[Twitter] Starting validation...
[Twitter] Elapsed validation time:0.26s
[Twitter] [Epoch=092] Train Loss=[QuantLoss=0.03356]Val loss = [QuantLoss=0.05169][QuantReg:0.39318]
[Twitter] Starting epoch 93...
[Twitter] Elapsed training time:4.20s
[Twitter] Starting validation...
[Twitter] Elapsed validation time:0.23s
[Twitter] [Epoch=093] Train Loss=[QuantLoss=0.03378]Val loss = [QuantLoss=0.04164][QuantReg:0.39423]
[Twitter] Starting epoch 94...
[Twitter] Elapsed training time:4.38s
[Twitter] Starting validation...
[Twitter] Elapsed validation time:0.28s
[Twitter] [Epoch=094] Train Loss=[QuantLoss=0.03361]Val loss = [QuantLoss=0.03265][QuantReg:0.39436]
[Twitter] Starting epoch 95...
[Twitter] Elapsed training time:4.31s
[Twitter] Starting validation...
[Twitter] Elapsed validation time:0.26s
[Twitter] [Epoch=095] Train Loss=[QuantLoss=0.03432]Val loss = [QuantLoss=0.03771][QuantReg:0.39460]
[Twitter] Starting epoch 96...
[Twitter] Elapsed training time:4.46s
[Twitter] Starting validation...
[Twitter] Elapsed validation time:0.20s
[Twitter] [Epoch=096] Train Loss=[QuantLoss=0.03454]Val loss = [QuantLoss=0.03719][QuantReg:0.39300]
[Twitter] Starting epoch 97...
[Twitter] Elapsed training time:4.59s
[Twitter] Starting validation...
[Twitter] Elapsed validation time:0.21s
[Twitter] [Epoch=097] Train Loss=[QuantLoss=0.03376]Val loss = [QuantLoss=0.03967][QuantReg:0.39113]
[Twitter] Starting epoch 98...
[Twitter] Elapsed training time:4.56s
[Twitter] Starting validation...
[Twitter] Elapsed validation time:0.22s
[Twitter] [Epoch=098] Train Loss=[QuantLoss=0.03346]Val loss = [QuantLoss=0.05337][QuantReg:0.39225]
[Twitter] Starting epoch 99...
[Twitter] Elapsed training time:4.75s
[Twitter] Starting validation...
[Twitter] Elapsed validation time:0.23s
[Twitter] [Epoch=099] Train Loss=[QuantLoss=0.03419]Val loss = [QuantLoss=0.04608][QuantReg:0.39565]
[Twitter] Starting epoch 100...
[Twitter] Elapsed training time:4.96s
[Twitter] Starting validation...
[Twitter] Elapsed validation time:0.22s
[Twitter] [Epoch=100] Train Loss=[QuantLoss=0.03436]Val loss = [QuantLoss=0.04316][QuantReg:0.39212]
[Twitter] Starting epoch 101...
[Twitter] Elapsed training time:4.68s
[Twitter] Starting validation...
[Twitter] Elapsed validation time:0.25s
[Twitter] [Epoch=101] Train Loss=[QuantLoss=0.03184]Val loss = [QuantLoss=0.03815][QuantReg:0.39007]
[Twitter] Starting epoch 102...
[Twitter] Elapsed training time:4.74s
[Twitter] Starting validation...
[Twitter] Elapsed validation time:0.31s
[Twitter] [Epoch=102] Train Loss=[QuantLoss=0.03232]Val loss = [QuantLoss=0.04263][QuantReg:0.38925]
[Twitter] Starting epoch 103...
[Twitter] Elapsed training time:4.75s
[Twitter] Starting validation...
[Twitter] Elapsed validation time:0.21s
[Twitter] [Epoch=103] Train Loss=[QuantLoss=0.03291]Val loss = [QuantLoss=0.04099][QuantReg:0.38885]
[Twitter] Starting epoch 104...
[Twitter] Elapsed training time:4.29s
[Twitter] Starting validation...
[Twitter] Elapsed validation time:0.37s
[Twitter] [Epoch=104] Train Loss=[QuantLoss=0.03127]Val loss = [QuantLoss=0.03899][QuantReg:0.39027]
[Twitter] Starting epoch 105...
[Twitter] Elapsed training time:4.40s
[Twitter] Starting validation...
[Twitter] Elapsed validation time:0.35s
[Twitter] [Epoch=105] Train Loss=[QuantLoss=0.03248]Val loss = [QuantLoss=0.04032][QuantReg:0.39120]
[Twitter] Starting epoch 106...
[Twitter] Elapsed training time:4.40s
[Twitter] Starting validation...
[Twitter] Elapsed validation time:0.33s
[Twitter] [Epoch=106] Train Loss=[QuantLoss=0.03224]Val loss = [QuantLoss=0.03509][QuantReg:0.39113]
[Twitter] Starting epoch 107...
[Twitter] Elapsed training time:4.31s
[Twitter] Starting validation...
[Twitter] Elapsed validation time:0.35s
[Twitter] [Epoch=107] Train Loss=[QuantLoss=0.03203]Val loss = [QuantLoss=0.04212][QuantReg:0.39196]
[Twitter] Starting epoch 108...
[Twitter] Elapsed training time:4.24s
[Twitter] Starting validation...
[Twitter] Elapsed validation time:0.33s
[Twitter] [Epoch=108] Train Loss=[QuantLoss=0.03298]Val loss = [QuantLoss=0.04194][QuantReg:0.39234]
[Twitter] Starting epoch 109...
[Twitter] Elapsed training time:4.38s
[Twitter] Starting validation...
[Twitter] Elapsed validation time:0.36s
[Twitter] [Epoch=109] Train Loss=[QuantLoss=0.03305]Val loss = [QuantLoss=0.04487][QuantReg:0.39131]
[Twitter] Starting epoch 110...
[Twitter] Elapsed training time:4.39s
[Twitter] Starting validation...
[Twitter] Elapsed validation time:0.35s
[Twitter] [Epoch=110] Train Loss=[QuantLoss=0.03169]Val loss = [QuantLoss=0.04614][QuantReg:0.39161]
[Twitter] Starting epoch 111...
[Twitter] Elapsed training time:4.38s
[Twitter] Starting validation...
[Twitter] Elapsed validation time:0.34s
[Twitter] [Epoch=111] Train Loss=[QuantLoss=0.03282]Val loss = [QuantLoss=0.04542][QuantReg:0.39178]
[Twitter] Starting epoch 112...
[Twitter] Elapsed training time:4.35s
[Twitter] Starting validation...
[Twitter] Elapsed validation time:0.33s
[Twitter] [Epoch=112] Train Loss=[QuantLoss=0.03260]Val loss = [QuantLoss=0.04300][QuantReg:0.39107]
[Twitter] Starting epoch 113...
[Twitter] Elapsed training time:4.45s
[Twitter] Starting validation...
[Twitter] Elapsed validation time:0.37s
[Twitter] [Epoch=113] Train Loss=[QuantLoss=0.03121]Val loss = [QuantLoss=0.04400][QuantReg:0.39287]
[Twitter] Starting epoch 114...
[Twitter] Elapsed training time:4.37s
[Twitter] Starting validation...
[Twitter] Elapsed validation time:0.36s
[Twitter] [Epoch=114] Train Loss=[QuantLoss=0.03317]Val loss = [QuantLoss=0.04543][QuantReg:0.39157]
[Twitter] Starting epoch 115...
[Twitter] Elapsed training time:4.26s
[Twitter] Starting validation...
[Twitter] Elapsed validation time:0.36s
[Twitter] [Epoch=115] Train Loss=[QuantLoss=0.03146]Val loss = [QuantLoss=0.04761][QuantReg:0.39094]
[Twitter] Starting epoch 116...
[Twitter] Elapsed training time:4.73s
[Twitter] Starting validation...
[Twitter] Elapsed validation time:0.33s
[Twitter] [Epoch=116] Train Loss=[QuantLoss=0.03118]Val loss = [QuantLoss=0.05610][QuantReg:0.38959]
[Twitter] Starting epoch 117...
[Twitter] Elapsed training time:4.78s
[Twitter] Starting validation...
[Twitter] Elapsed validation time:0.31s
[Twitter] [Epoch=117] Train Loss=[QuantLoss=0.03126]Val loss = [QuantLoss=0.05241][QuantReg:0.39032]
[Twitter] Starting epoch 118...
[Twitter] Elapsed training time:4.86s
[Twitter] Starting validation...
[Twitter] Elapsed validation time:0.32s
[Twitter] [Epoch=118] Train Loss=[QuantLoss=0.03024]Val loss = [QuantLoss=0.06446][QuantReg:0.39034]
[Twitter] Starting epoch 119...
[Twitter] Elapsed training time:4.85s
[Twitter] Starting validation...
[Twitter] Elapsed validation time:0.35s
[Twitter] [Epoch=119] Train Loss=[QuantLoss=0.03218]Val loss = [QuantLoss=0.05892][QuantReg:0.39013]
[Twitter] Starting epoch 120...
[Twitter] Elapsed training time:4.94s
[Twitter] Starting validation...
[Twitter] Elapsed validation time:0.30s
[Twitter] [Epoch=120] Train Loss=[QuantLoss=0.03172]Val loss = [QuantLoss=0.05629][QuantReg:0.38937]
[Twitter] Starting epoch 121...
[Twitter] Elapsed training time:4.85s
[Twitter] Starting validation...
[Twitter] Elapsed validation time:0.30s
[Twitter] [Epoch=121] Train Loss=[QuantLoss=0.03105]Val loss = [QuantLoss=0.04621][QuantReg:0.38988]
[Twitter] Starting epoch 122...
[Twitter] Elapsed training time:4.42s
[Twitter] Starting validation...
[Twitter] Elapsed validation time:0.30s
[Twitter] [Epoch=122] Train Loss=[QuantLoss=0.03180]Val loss = [QuantLoss=0.03977][QuantReg:0.39019]
[Twitter] Starting epoch 123...
[Twitter] Elapsed training time:4.36s
[Twitter] Starting validation...
[Twitter] Elapsed validation time:0.33s
[Twitter] [Epoch=123] Train Loss=[QuantLoss=0.03224]Val loss = [QuantLoss=0.04500][QuantReg:0.39147]
[Twitter] Starting epoch 124...
[Twitter] Elapsed training time:3.20s
[Twitter] Starting validation...
[Twitter] Elapsed validation time:0.35s
[Twitter] [Epoch=124] Train Loss=[QuantLoss=0.03058]Val loss = [QuantLoss=0.04210][QuantReg:0.39072]
[Twitter] Starting epoch 125...
[Twitter] Elapsed training time:4.23s
[Twitter] Starting validation...
[Twitter] Elapsed validation time:0.35s
[Twitter] [Epoch=125] Train Loss=[QuantLoss=0.03050]Val loss = [QuantLoss=0.04469][QuantReg:0.39005]
[Twitter] Starting epoch 126...
[Twitter] Elapsed training time:4.29s
[Twitter] Starting validation...
[Twitter] Elapsed validation time:0.35s
[Twitter] [Epoch=126] Train Loss=[QuantLoss=0.02948]Val loss = [QuantLoss=0.04318][QuantReg:0.38986]
[Twitter] Starting epoch 127...
[Twitter] Elapsed training time:4.40s
[Twitter] Starting validation...
[Twitter] Elapsed validation time:0.35s
[Twitter] [Epoch=127] Train Loss=[QuantLoss=0.03049]Val loss = [QuantLoss=0.04956][QuantReg:0.39073]
[Twitter] Starting epoch 128...
[Twitter] Elapsed training time:4.41s
[Twitter] Starting validation...
[Twitter] Elapsed validation time:0.34s
[Twitter] [Epoch=128] Train Loss=[QuantLoss=0.02963]Val loss = [QuantLoss=0.05157][QuantReg:0.39102]
[Twitter] Starting epoch 129...
[Twitter] Elapsed training time:4.37s
[Twitter] Starting validation...
[Twitter] Elapsed validation time:0.36s
[Twitter] [Epoch=129] Train Loss=[QuantLoss=0.02994]Val loss = [QuantLoss=0.04663][QuantReg:0.39211]
[Twitter] Starting epoch 130...
[Twitter] Elapsed training time:4.41s
[Twitter] Starting validation...
[Twitter] Elapsed validation time:0.36s
[Twitter] [Epoch=130] Train Loss=[QuantLoss=0.03062]Val loss = [QuantLoss=0.04642][QuantReg:0.39195]
[Twitter] Starting epoch 131...
[Twitter] Elapsed training time:4.53s
[Twitter] Starting validation...
[Twitter] Elapsed validation time:0.36s
[Twitter] [Epoch=131] Train Loss=[QuantLoss=0.02998]Val loss = [QuantLoss=0.04875][QuantReg:0.39146]
[Twitter] Starting epoch 132...
[Twitter] Elapsed training time:4.41s
[Twitter] Starting validation...
[Twitter] Elapsed validation time:0.36s
[Twitter] [Epoch=132] Train Loss=[QuantLoss=0.03058]Val loss = [QuantLoss=0.05290][QuantReg:0.39208]
[Twitter] Starting epoch 133...
[Twitter] Elapsed training time:4.51s
[Twitter] Starting validation...
[Twitter] Elapsed validation time:0.35s
[Twitter] [Epoch=133] Train Loss=[QuantLoss=0.03096]Val loss = [QuantLoss=0.05072][QuantReg:0.39267]
[Twitter] Starting epoch 134...
[Twitter] Elapsed training time:4.30s
[Twitter] Starting validation...
[Twitter] Elapsed validation time:0.35s
[Twitter] [Epoch=134] Train Loss=[QuantLoss=0.03075]Val loss = [QuantLoss=0.04847][QuantReg:0.39190]
[Twitter] Starting epoch 135...
[Twitter] Elapsed training time:4.29s
[Twitter] Starting validation...
[Twitter] Elapsed validation time:0.40s
[Twitter] [Epoch=135] Train Loss=[QuantLoss=0.02930]Val loss = [QuantLoss=0.04945][QuantReg:0.39211]
[Twitter] Starting epoch 136...
[Twitter] Elapsed training time:4.38s
[Twitter] Starting validation...
[Twitter] Elapsed validation time:0.38s
[Twitter] [Epoch=136] Train Loss=[QuantLoss=0.02962]Val loss = [QuantLoss=0.04973][QuantReg:0.39200]
[Twitter] Starting epoch 137...
[Twitter] Elapsed training time:4.42s
[Twitter] Starting validation...
[Twitter] Elapsed validation time:0.38s
[Twitter] [Epoch=137] Train Loss=[QuantLoss=0.03115]Val loss = [QuantLoss=0.05618][QuantReg:0.39041]
[Twitter] Starting epoch 138...
[Twitter] Elapsed training time:4.40s
[Twitter] Starting validation...
[Twitter] Elapsed validation time:0.39s
[Twitter] [Epoch=138] Train Loss=[QuantLoss=0.03171]Val loss = [QuantLoss=0.05235][QuantReg:0.39084]
[Twitter] Starting epoch 139...
[Twitter] Elapsed training time:4.86s
[Twitter] Starting validation...
[Twitter] Elapsed validation time:0.34s
[Twitter] [Epoch=139] Train Loss=[QuantLoss=0.03110]Val loss = [QuantLoss=0.05048][QuantReg:0.38999]
[Twitter] Starting epoch 140...
[Twitter] Elapsed training time:4.82s
[Twitter] Starting validation...
[Twitter] Elapsed validation time:0.33s
[Twitter] [Epoch=140] Train Loss=[QuantLoss=0.03162]Val loss = [QuantLoss=0.05243][QuantReg:0.38904]
[Twitter] Starting epoch 141...
[Twitter] Elapsed training time:4.75s
[Twitter] Starting validation...
[Twitter] Elapsed validation time:0.36s
[Twitter] [Epoch=141] Train Loss=[QuantLoss=0.03131]Val loss = [QuantLoss=0.05221][QuantReg:0.38937]
[Twitter] Starting epoch 142...
[Twitter] Elapsed training time:4.65s
[Twitter] Starting validation...
[Twitter] Elapsed validation time:0.21s
[Twitter] [Epoch=142] Train Loss=[QuantLoss=0.02981]Val loss = [QuantLoss=0.05652][QuantReg:0.39057]
[Twitter] Early stopping in epoch 142!
[Twitter] Restoring best model...
MAE médio por bag: 0.0468 ± 0.0223
Salvo em resultados_sanders/resultados_twitter_bert_l1_hardest_3.csv
Dataset: /home/nildaimon/gmnet/experiments/train_curl/Datasets/Sanders/twitter-sanders-apple3.csv
Dificuldade: metric=l1, mode=easiest, top_k=None
Rodada: 3
Salvar resultados em: resultados_sanders
Dispositivo de treino: cpu
Carregando e processando dataset Twitter
Carregando embeddings do cache...
/home/nildaimon/gmnet/experiments/train_curl/train_sanders.py:89: FutureWarning: You are using `torch.load` with `weights_only=False` (the current default value), which uses the default pickle module implicitly. It is possible to construct malicious pickle data which will execute arbitrary code during unpickling (See https://github.com/pytorch/pytorch/blob/main/SECURITY.md#untrusted-models for more details). In a future release, the default value for `weights_only` will be flipped to `True`. This limits the functions that could be executed during unpickling. Arbitrary objects will no longer be allowed to be loaded via this mode unless they are explicitly allowlisted by the user via `torch.serialization.add_safe_globals`. We recommend you start setting `weights_only=True` for any use case where you don't have full control of the loaded file. Please open an issue on GitHub for any issues related to this experimental feature.
  embeddings = torch.load(EMBEDDING_CACHE)
/home/nildaimon/gmnet/experiments/train_curl/train_sanders.py:90: FutureWarning: You are using `torch.load` with `weights_only=False` (the current default value), which uses the default pickle module implicitly. It is possible to construct malicious pickle data which will execute arbitrary code during unpickling (See https://github.com/pytorch/pytorch/blob/main/SECURITY.md#untrusted-models for more details). In a future release, the default value for `weights_only` will be flipped to `True`. This limits the functions that could be executed during unpickling. Arbitrary objects will no longer be allowed to be loaded via this mode unless they are explicitly allowlisted by the user via `torch.serialization.add_safe_globals`. We recommend you start setting `weights_only=True` for any use case where you don't have full control of the loaded file. Please open an issue on GitHub for any issues related to this experimental feature.
  labels = torch.load(LABELS_CACHE)
Ignoring val_split as train and val datasets where given to fit function
We have two datasets: training 1092 examples. validation 100 examples.]
Using device cpu
/home/nildaimon/anaconda3/envs/gmnet/lib/python3.12/site-packages/torch/optim/lr_scheduler.py:62: UserWarning: The verbose parameter is deprecated. Please use get_last_lr() to access the learning rate.
  warnings.warn(
/home/nildaimon/gmnet/dlquantification/main.py:835: FutureWarning: `torch.cuda.amp.GradScaler(args...)` is deprecated. Please use `torch.amp.GradScaler('cuda', args...)` instead.
  scaler = torch.cuda.amp.GradScaler(enabled=self.use_fp16)
[Twitter] Starting epoch 0...
/home/nildaimon/gmnet/dlquantification/main.py:888: FutureWarning: `torch.cuda.amp.autocast(args...)` is deprecated. Please use `torch.amp.autocast('cuda', args...)` instead.
  with torch.cuda.amp.autocast(enabled=self.use_fp16):
[Twitter] Elapsed training time:4.53s
[Twitter] Starting validation...
[Twitter] Elapsed validation time:0.24s
[Twitter] [Epoch=000] Train Loss=[QuantLoss=0.07876]Val loss = [QuantLoss=0.02965][QuantReg:0.41939][saved best model in this epoch]
[Twitter] Starting epoch 1...
[Twitter] Elapsed training time:4.50s
[Twitter] Starting validation...
[Twitter] Elapsed validation time:0.22s
[Twitter] [Epoch=001] Train Loss=[QuantLoss=0.07351]Val loss = [QuantLoss=0.07176][QuantReg:0.45114]
[Twitter] Starting epoch 2...
[Twitter] Elapsed training time:4.94s
[Twitter] Starting validation...
[Twitter] Elapsed validation time:0.25s
[Twitter] [Epoch=002] Train Loss=[QuantLoss=0.07414]Val loss = [QuantLoss=0.17016][QuantReg:0.46868]
[Twitter] Starting epoch 3...
[Twitter] Elapsed training time:4.88s
[Twitter] Starting validation...
[Twitter] Elapsed validation time:0.26s
[Twitter] [Epoch=003] Train Loss=[QuantLoss=0.07129]Val loss = [QuantLoss=0.18500][QuantReg:0.49325]
[Twitter] Starting epoch 4...
[Twitter] Elapsed training time:4.82s
[Twitter] Starting validation...
[Twitter] Elapsed validation time:0.24s
[Twitter] [Epoch=004] Train Loss=[QuantLoss=0.07263]Val loss = [QuantLoss=0.18744][QuantReg:0.48369]
[Twitter] Starting epoch 5...
[Twitter] Elapsed training time:5.17s
[Twitter] Starting validation...
[Twitter] Elapsed validation time:0.23s
[Twitter] [Epoch=005] Train Loss=[QuantLoss=0.06587]Val loss = [QuantLoss=0.04145][QuantReg:0.49699]
[Twitter] Starting epoch 6...
[Twitter] Elapsed training time:4.92s
[Twitter] Starting validation...
[Twitter] Elapsed validation time:0.20s
[Twitter] [Epoch=006] Train Loss=[QuantLoss=0.06538]Val loss = [QuantLoss=0.09950][QuantReg:0.46509]
[Twitter] Starting epoch 7...
[Twitter] Elapsed training time:4.89s
[Twitter] Starting validation...
[Twitter] Elapsed validation time:0.21s
[Twitter] [Epoch=007] Train Loss=[QuantLoss=0.06279]Val loss = [QuantLoss=0.11155][QuantReg:0.47768]
[Twitter] Starting epoch 8...
[Twitter] Elapsed training time:4.60s
[Twitter] Starting validation...
[Twitter] Elapsed validation time:0.21s
[Twitter] [Epoch=008] Train Loss=[QuantLoss=0.06326]Val loss = [QuantLoss=0.15603][QuantReg:0.44561]
[Twitter] Starting epoch 9...
[Twitter] Elapsed training time:4.63s
[Twitter] Starting validation...
[Twitter] Elapsed validation time:0.25s
[Twitter] [Epoch=009] Train Loss=[QuantLoss=0.05967]Val loss = [QuantLoss=0.13254][QuantReg:0.47468]
[Twitter] Starting epoch 10...
[Twitter] Elapsed training time:4.39s
[Twitter] Starting validation...
[Twitter] Elapsed validation time:0.23s
[Twitter] [Epoch=010] Train Loss=[QuantLoss=0.06414]Val loss = [QuantLoss=0.06607][QuantReg:0.48677]
[Twitter] Starting epoch 11...
[Twitter] Elapsed training time:4.41s
[Twitter] Starting validation...
[Twitter] Elapsed validation time:0.26s
[Twitter] [Epoch=011] Train Loss=[QuantLoss=0.05816]Val loss = [QuantLoss=0.08620][QuantReg:0.48867]
[Twitter] Starting epoch 12...
[Twitter] Elapsed training time:4.34s
[Twitter] Starting validation...
[Twitter] Elapsed validation time:0.26s
[Twitter] [Epoch=012] Train Loss=[QuantLoss=0.06145]Val loss = [QuantLoss=0.09456][QuantReg:0.49559]
[Twitter] Starting epoch 13...
[Twitter] Elapsed training time:4.43s
[Twitter] Starting validation...
[Twitter] Elapsed validation time:0.23s
[Twitter] [Epoch=013] Train Loss=[QuantLoss=0.06371]Val loss = [QuantLoss=0.07018][QuantReg:0.52912]
[Twitter] Starting epoch 14...
[Twitter] Elapsed training time:4.36s
[Twitter] Starting validation...
[Twitter] Elapsed validation time:0.27s
[Twitter] [Epoch=014] Train Loss=[QuantLoss=0.05963]Val loss = [QuantLoss=0.01160][QuantReg:0.53701][saved best model in this epoch]
[Twitter] Starting epoch 15...
[Twitter] Elapsed training time:4.40s
[Twitter] Starting validation...
[Twitter] Elapsed validation time:0.24s
[Twitter] [Epoch=015] Train Loss=[QuantLoss=0.06013]Val loss = [QuantLoss=0.07649][QuantReg:0.52260]
[Twitter] Starting epoch 16...
[Twitter] Elapsed training time:4.24s
[Twitter] Starting validation...
[Twitter] Elapsed validation time:0.24s
[Twitter] [Epoch=016] Train Loss=[QuantLoss=0.06627]Val loss = [QuantLoss=0.07344][QuantReg:0.51692]
[Twitter] Starting epoch 17...
[Twitter] Elapsed training time:4.62s
[Twitter] Starting validation...
[Twitter] Elapsed validation time:0.24s
[Twitter] [Epoch=017] Train Loss=[QuantLoss=0.05566]Val loss = [QuantLoss=0.04112][QuantReg:0.48358]
[Twitter] Starting epoch 18...
[Twitter] Elapsed training time:4.28s
[Twitter] Starting validation...
[Twitter] Elapsed validation time:0.27s
[Twitter] [Epoch=018] Train Loss=[QuantLoss=0.05493]Val loss = [QuantLoss=0.04346][QuantReg:0.48263]
[Twitter] Starting epoch 19...
[Twitter] Elapsed training time:4.39s
[Twitter] Starting validation...
[Twitter] Elapsed validation time:0.24s
[Twitter] [Epoch=019] Train Loss=[QuantLoss=0.05315]Val loss = [QuantLoss=0.06441][QuantReg:0.47874]
[Twitter] Starting epoch 20...
[Twitter] Elapsed training time:4.57s
[Twitter] Starting validation...
[Twitter] Elapsed validation time:0.22s
[Twitter] [Epoch=020] Train Loss=[QuantLoss=0.05006]Val loss = [QuantLoss=0.04909][QuantReg:0.45825]
[Twitter] Starting epoch 21...
[Twitter] Elapsed training time:4.62s
[Twitter] Starting validation...
[Twitter] Elapsed validation time:0.23s
[Twitter] [Epoch=021] Train Loss=[QuantLoss=0.05294]Val loss = [QuantLoss=0.03105][QuantReg:0.46905]
[Twitter] Starting epoch 22...
[Twitter] Elapsed training time:4.42s
[Twitter] Starting validation...
[Twitter] Elapsed validation time:0.25s
[Twitter] [Epoch=022] Train Loss=[QuantLoss=0.05299]Val loss = [QuantLoss=0.05719][QuantReg:0.47875]
[Twitter] Starting epoch 23...
[Twitter] Elapsed training time:4.77s
[Twitter] Starting validation...
[Twitter] Elapsed validation time:0.23s
[Twitter] [Epoch=023] Train Loss=[QuantLoss=0.05660]Val loss = [QuantLoss=0.06456][QuantReg:0.47441]
[Twitter] Starting epoch 24...
[Twitter] Elapsed training time:4.47s
[Twitter] Starting validation...
[Twitter] Elapsed validation time:0.25s
[Twitter] [Epoch=024] Train Loss=[QuantLoss=0.06463]Val loss = [QuantLoss=0.07309][QuantReg:0.47413]
[Twitter] Starting epoch 25...
[Twitter] Elapsed training time:4.28s
[Twitter] Starting validation...
[Twitter] Elapsed validation time:0.25s
[Twitter] [Epoch=025] Train Loss=[QuantLoss=0.05423]Val loss = [QuantLoss=0.05704][QuantReg:0.45734]
[Twitter] Starting epoch 26...
[Twitter] Elapsed training time:4.26s
[Twitter] Starting validation...
[Twitter] Elapsed validation time:0.23s
[Twitter] [Epoch=026] Train Loss=[QuantLoss=0.05642]Val loss = [QuantLoss=0.01955][QuantReg:0.44877]
[Twitter] Starting epoch 27...
[Twitter] Elapsed training time:4.39s
[Twitter] Starting validation...
[Twitter] Elapsed validation time:0.24s
[Twitter] [Epoch=027] Train Loss=[QuantLoss=0.05528]Val loss = [QuantLoss=0.09277][QuantReg:0.45058]
[Twitter] Starting epoch 28...
[Twitter] Elapsed training time:4.28s
[Twitter] Starting validation...
[Twitter] Elapsed validation time:0.37s
[Twitter] [Epoch=028] Train Loss=[QuantLoss=0.05661]Val loss = [QuantLoss=0.09921][QuantReg:0.45792]
[Twitter] Starting epoch 29...
[Twitter] Elapsed training time:4.33s
[Twitter] Starting validation...
[Twitter] Elapsed validation time:0.24s
[Twitter] [Epoch=029] Train Loss=[QuantLoss=0.05387]Val loss = [QuantLoss=0.08499][QuantReg:0.45669]
[Twitter] Starting epoch 30...
[Twitter] Elapsed training time:4.42s
[Twitter] Starting validation...
[Twitter] Elapsed validation time:0.37s
[Twitter] [Epoch=030] Train Loss=[QuantLoss=0.05885]Val loss = [QuantLoss=0.09166][QuantReg:0.44140]
[Twitter] Starting epoch 31...
[Twitter] Elapsed training time:4.46s
[Twitter] Starting validation...
[Twitter] Elapsed validation time:0.23s
[Twitter] [Epoch=031] Train Loss=[QuantLoss=0.05649]Val loss = [QuantLoss=0.06643][QuantReg:0.44549]
[Twitter] Starting epoch 32...
[Twitter] Elapsed training time:4.81s
[Twitter] Starting validation...
[Twitter] Elapsed validation time:0.30s
[Twitter] [Epoch=032] Train Loss=[QuantLoss=0.05406]Val loss = [QuantLoss=0.02454][QuantReg:0.45136]
[Twitter] Starting epoch 33...
[Twitter] Elapsed training time:4.62s
[Twitter] Starting validation...
[Twitter] Elapsed validation time:0.35s
[Twitter] [Epoch=033] Train Loss=[QuantLoss=0.05183]Val loss = [QuantLoss=0.09048][QuantReg:0.44187]
[Twitter] Starting epoch 34...
[Twitter] Elapsed training time:4.74s
[Twitter] Starting validation...
[Twitter] Elapsed validation time:0.31s
[Twitter] [Epoch=034] Train Loss=[QuantLoss=0.06133]Val loss = [QuantLoss=0.03666][QuantReg:0.44619]
[Twitter] Starting epoch 35...
[Twitter] Elapsed training time:4.81s
[Twitter] Starting validation...
[Twitter] Elapsed validation time:0.32s
[Twitter] [Epoch=035] Train Loss=[QuantLoss=0.05535]Val loss = [QuantLoss=0.04267][QuantReg:0.43906]
[Twitter] Starting epoch 36...
[Twitter] Elapsed training time:4.60s
[Twitter] Starting validation...
[Twitter] Elapsed validation time:0.29s
[Twitter] [Epoch=036] Train Loss=[QuantLoss=0.05049]Val loss = [QuantLoss=0.03905][QuantReg:0.43702]
[Twitter] Starting epoch 37...
[Twitter] Elapsed training time:4.70s
[Twitter] Starting validation...
[Twitter] Elapsed validation time:0.29s
[Twitter] [Epoch=037] Train Loss=[QuantLoss=0.04954]Val loss = [QuantLoss=0.09494][QuantReg:0.43257]
[Twitter] Starting epoch 38...
[Twitter] Elapsed training time:4.81s
[Twitter] Starting validation...
[Twitter] Elapsed validation time:0.30s
[Twitter] [Epoch=038] Train Loss=[QuantLoss=0.05602]Val loss = [QuantLoss=0.08314][QuantReg:0.43516]
[Twitter] Starting epoch 39...
[Twitter] Elapsed training time:4.90s
[Twitter] Starting validation...
[Twitter] Elapsed validation time:0.33s
[Twitter] [Epoch=039] Train Loss=[QuantLoss=0.05021]Val loss = [QuantLoss=0.03789][QuantReg:0.43350]
[Twitter] Starting epoch 40...
[Twitter] Elapsed training time:4.89s
[Twitter] Starting validation...
[Twitter] Elapsed validation time:0.32s
[Twitter] [Epoch=040] Train Loss=[QuantLoss=0.04363]Val loss = [QuantLoss=0.06347][QuantReg:0.43454]
[Twitter] Starting epoch 41...
[Twitter] Elapsed training time:4.69s
[Twitter] Starting validation...
[Twitter] Elapsed validation time:0.33s
[Twitter] [Epoch=041] Train Loss=[QuantLoss=0.04573]Val loss = [QuantLoss=0.07010][QuantReg:0.43359]
[Twitter] Starting epoch 42...
[Twitter] Elapsed training time:4.78s
[Twitter] Starting validation...
[Twitter] Elapsed validation time:0.33s
[Twitter] [Epoch=042] Train Loss=[QuantLoss=0.04523]Val loss = [QuantLoss=0.03632][QuantReg:0.43460]
[Twitter] Starting epoch 43...
[Twitter] Elapsed training time:4.63s
[Twitter] Starting validation...
[Twitter] Elapsed validation time:0.34s
[Twitter] [Epoch=043] Train Loss=[QuantLoss=0.04784]Val loss = [QuantLoss=0.08383][QuantReg:0.43245]
[Twitter] Starting epoch 44...
[Twitter] Elapsed training time:4.82s
[Twitter] Starting validation...
[Twitter] Elapsed validation time:0.33s
[Twitter] [Epoch=044] Train Loss=[QuantLoss=0.04396]Val loss = [QuantLoss=0.05678][QuantReg:0.43180]
[Twitter] Starting epoch 45...
[Twitter] Elapsed training time:4.77s
[Twitter] Starting validation...
[Twitter] Elapsed validation time:0.31s
[Twitter] [Epoch=045] Train Loss=[QuantLoss=0.04629]Val loss = [QuantLoss=0.06357][QuantReg:0.43081]
[Twitter] Starting epoch 46...
[Twitter] Elapsed training time:4.50s
[Twitter] Starting validation...
[Twitter] Elapsed validation time:0.33s
[Twitter] [Epoch=046] Train Loss=[QuantLoss=0.04428]Val loss = [QuantLoss=0.05465][QuantReg:0.43080]
[Twitter] Starting epoch 47...
[Twitter] Elapsed training time:4.36s
[Twitter] Starting validation...
[Twitter] Elapsed validation time:0.30s
[Twitter] [Epoch=047] Train Loss=[QuantLoss=0.04672]Val loss = [QuantLoss=0.05644][QuantReg:0.43069]
[Twitter] Starting epoch 48...
[Twitter] Elapsed training time:4.33s
[Twitter] Starting validation...
[Twitter] Elapsed validation time:0.33s
[Twitter] [Epoch=048] Train Loss=[QuantLoss=0.04597]Val loss = [QuantLoss=0.07400][QuantReg:0.44019]
[Twitter] Starting epoch 49...
[Twitter] Elapsed training time:4.22s
[Twitter] Starting validation...
[Twitter] Elapsed validation time:0.33s
[Twitter] [Epoch=049] Train Loss=[QuantLoss=0.04863]Val loss = [QuantLoss=0.04630][QuantReg:0.43342]
[Twitter] Starting epoch 50...
[Twitter] Elapsed training time:4.15s
[Twitter] Starting validation...
[Twitter] Elapsed validation time:0.33s
[Twitter] [Epoch=050] Train Loss=[QuantLoss=0.04831]Val loss = [QuantLoss=0.05140][QuantReg:0.42382]
[Twitter] Starting epoch 51...
[Twitter] Elapsed training time:4.19s
[Twitter] Starting validation...
[Twitter] Elapsed validation time:0.34s
[Twitter] [Epoch=051] Train Loss=[QuantLoss=0.04827]Val loss = [QuantLoss=0.09196][QuantReg:0.42104]
[Twitter] Starting epoch 52...
[Twitter] Elapsed training time:4.20s
[Twitter] Starting validation...
[Twitter] Elapsed validation time:0.34s
[Twitter] [Epoch=052] Train Loss=[QuantLoss=0.04960]Val loss = [QuantLoss=0.05109][QuantReg:0.41863]
[Twitter] Starting epoch 53...
[Twitter] Elapsed training time:4.14s
[Twitter] Starting validation...
[Twitter] Elapsed validation time:0.37s
[Twitter] [Epoch=053] Train Loss=[QuantLoss=0.04722]Val loss = [QuantLoss=0.07795][QuantReg:0.42895]
[Twitter] Starting epoch 54...
[Twitter] Elapsed training time:4.23s
[Twitter] Starting validation...
[Twitter] Elapsed validation time:0.35s
[Twitter] [Epoch=054] Train Loss=[QuantLoss=0.04878]Val loss = [QuantLoss=0.08054][QuantReg:0.42902]
[Twitter] Starting epoch 55...
[Twitter] Elapsed training time:4.25s
[Twitter] Starting validation...
[Twitter] Elapsed validation time:0.34s
[Twitter] [Epoch=055] Train Loss=[QuantLoss=0.04628]Val loss = [QuantLoss=0.09061][QuantReg:0.43347]
[Twitter] Starting epoch 56...
[Twitter] Elapsed training time:4.30s
[Twitter] Starting validation...
[Twitter] Elapsed validation time:0.37s
[Twitter] [Epoch=056] Train Loss=[QuantLoss=0.04602]Val loss = [QuantLoss=0.17197][QuantReg:0.43056]
[Twitter] Starting epoch 57...
[Twitter] Elapsed training time:4.31s
[Twitter] Starting validation...
[Twitter] Elapsed validation time:0.34s
[Twitter] [Epoch=057] Train Loss=[QuantLoss=0.04984]Val loss = [QuantLoss=0.14105][QuantReg:0.42372]
[Twitter] Starting epoch 58...
[Twitter] Elapsed training time:4.30s
[Twitter] Starting validation...
[Twitter] Elapsed validation time:0.36s
[Twitter] [Epoch=058] Train Loss=[QuantLoss=0.03939]Val loss = [QuantLoss=0.10098][QuantReg:0.42348]
[Twitter] Starting epoch 59...
[Twitter] Elapsed training time:4.48s
[Twitter] Starting validation...
[Twitter] Elapsed validation time:0.37s
[Twitter] [Epoch=059] Train Loss=[QuantLoss=0.04086]Val loss = [QuantLoss=0.08383][QuantReg:0.41798]
[Twitter] Starting epoch 60...
[Twitter] Elapsed training time:4.37s
[Twitter] Starting validation...
[Twitter] Elapsed validation time:0.35s
[Twitter] [Epoch=060] Train Loss=[QuantLoss=0.03901]Val loss = [QuantLoss=0.06110][QuantReg:0.41719]
[Twitter] Starting epoch 61...
[Twitter] Elapsed training time:4.26s
[Twitter] Starting validation...
[Twitter] Elapsed validation time:0.34s
[Twitter] [Epoch=061] Train Loss=[QuantLoss=0.03838]Val loss = [QuantLoss=0.06431][QuantReg:0.41799]
[Twitter] Starting epoch 62...
[Twitter] Elapsed training time:4.39s
[Twitter] Starting validation...
[Twitter] Elapsed validation time:0.36s
[Twitter] [Epoch=062] Train Loss=[QuantLoss=0.03882]Val loss = [QuantLoss=0.07695][QuantReg:0.41769]
[Twitter] Starting epoch 63...
[Twitter] Elapsed training time:4.44s
[Twitter] Starting validation...
[Twitter] Elapsed validation time:0.36s
[Twitter] [Epoch=063] Train Loss=[QuantLoss=0.04149]Val loss = [QuantLoss=0.09202][QuantReg:0.41423]
[Twitter] Starting epoch 64...
[Twitter] Elapsed training time:4.30s
[Twitter] Starting validation...
[Twitter] Elapsed validation time:0.37s
[Twitter] [Epoch=064] Train Loss=[QuantLoss=0.03869]Val loss = [QuantLoss=0.07198][QuantReg:0.40882]
[Twitter] Starting epoch 65...
[Twitter] Elapsed training time:4.48s
[Twitter] Starting validation...
[Twitter] Elapsed validation time:0.34s
[Twitter] [Epoch=065] Train Loss=[QuantLoss=0.03818]Val loss = [QuantLoss=0.18054][QuantReg:0.41031]
[Twitter] Starting epoch 66...
[Twitter] Elapsed training time:4.36s
[Twitter] Starting validation...
[Twitter] Elapsed validation time:0.39s
[Twitter] [Epoch=066] Train Loss=[QuantLoss=0.03887]Val loss = [QuantLoss=0.05641][QuantReg:0.41242]
[Twitter] Starting epoch 67...
[Twitter] Elapsed training time:4.46s
[Twitter] Starting validation...
[Twitter] Elapsed validation time:0.35s
[Twitter] [Epoch=067] Train Loss=[QuantLoss=0.04529]Val loss = [QuantLoss=0.06669][QuantReg:0.41520]
[Twitter] Starting epoch 68...
[Twitter] Elapsed training time:4.89s
[Twitter] Starting validation...
[Twitter] Elapsed validation time:0.25s
[Twitter] [Epoch=068] Train Loss=[QuantLoss=0.03631]Val loss = [QuantLoss=0.05370][QuantReg:0.41332]
[Twitter] Starting epoch 69...
[Twitter] Elapsed training time:4.51s
[Twitter] Starting validation...
[Twitter] Elapsed validation time:0.26s
[Twitter] [Epoch=069] Train Loss=[QuantLoss=0.03891]Val loss = [QuantLoss=0.08285][QuantReg:0.41162]
[Twitter] Starting epoch 70...
[Twitter] Elapsed training time:4.34s
[Twitter] Starting validation...
[Twitter] Elapsed validation time:0.23s
[Twitter] [Epoch=070] Train Loss=[QuantLoss=0.03926]Val loss = [QuantLoss=0.07745][QuantReg:0.41161]
[Twitter] Starting epoch 71...
[Twitter] Elapsed training time:4.50s
[Twitter] Starting validation...
[Twitter] Elapsed validation time:0.24s
[Twitter] [Epoch=071] Train Loss=[QuantLoss=0.03707]Val loss = [QuantLoss=0.05744][QuantReg:0.40734]
[Twitter] Starting epoch 72...
[Twitter] Elapsed training time:4.47s
[Twitter] Starting validation...
[Twitter] Elapsed validation time:0.24s
[Twitter] [Epoch=072] Train Loss=[QuantLoss=0.03812]Val loss = [QuantLoss=0.05913][QuantReg:0.40832]
[Twitter] Starting epoch 73...
[Twitter] Elapsed training time:4.50s
[Twitter] Starting validation...
[Twitter] Elapsed validation time:0.24s
[Twitter] [Epoch=073] Train Loss=[QuantLoss=0.03992]Val loss = [QuantLoss=0.06030][QuantReg:0.40804]
[Twitter] Starting epoch 74...
[Twitter] Elapsed training time:4.57s
[Twitter] Starting validation...
[Twitter] Elapsed validation time:0.26s
[Twitter] [Epoch=074] Train Loss=[QuantLoss=0.03891]Val loss = [QuantLoss=0.07644][QuantReg:0.40834]
[Twitter] Starting epoch 75...
[Twitter] Elapsed training time:4.50s
[Twitter] Starting validation...
[Twitter] Elapsed validation time:0.26s
[Twitter] [Epoch=075] Train Loss=[QuantLoss=0.03991]Val loss = [QuantLoss=0.05485][QuantReg:0.40635]
[Twitter] Starting epoch 76...
[Twitter] Elapsed training time:4.43s
[Twitter] Starting validation...
[Twitter] Elapsed validation time:0.27s
[Twitter] [Epoch=076] Train Loss=[QuantLoss=0.03682]Val loss = [QuantLoss=0.05991][QuantReg:0.40736]
[Twitter] Starting epoch 77...
[Twitter] Elapsed training time:4.51s
[Twitter] Starting validation...
[Twitter] Elapsed validation time:0.24s
[Twitter] [Epoch=077] Train Loss=[QuantLoss=0.04285]Val loss = [QuantLoss=0.08183][QuantReg:0.40642]
[Twitter] Starting epoch 78...
[Twitter] Elapsed training time:4.15s
[Twitter] Starting validation...
[Twitter] Elapsed validation time:0.22s
[Twitter] [Epoch=078] Train Loss=[QuantLoss=0.03960]Val loss = [QuantLoss=0.07436][QuantReg:0.40474]
[Twitter] Starting epoch 79...
[Twitter] Elapsed training time:4.43s
[Twitter] Starting validation...
[Twitter] Elapsed validation time:0.24s
[Twitter] [Epoch=079] Train Loss=[QuantLoss=0.03652]Val loss = [QuantLoss=0.06514][QuantReg:0.40234]
[Twitter] Starting epoch 80...
[Twitter] Elapsed training time:4.44s
[Twitter] Starting validation...
[Twitter] Elapsed validation time:0.24s
[Twitter] [Epoch=080] Train Loss=[QuantLoss=0.03603]Val loss = [QuantLoss=0.06089][QuantReg:0.40626]
[Twitter] Starting epoch 81...
[Twitter] Elapsed training time:4.32s
[Twitter] Starting validation...
[Twitter] Elapsed validation time:0.24s
[Twitter] [Epoch=081] Train Loss=[QuantLoss=0.03464]Val loss = [QuantLoss=0.07955][QuantReg:0.40587]
[Twitter] Starting epoch 82...
[Twitter] Elapsed training time:4.34s
[Twitter] Starting validation...
[Twitter] Elapsed validation time:0.25s
[Twitter] [Epoch=082] Train Loss=[QuantLoss=0.04185]Val loss = [QuantLoss=0.08016][QuantReg:0.40609]
[Twitter] Starting epoch 83...
[Twitter] Elapsed training time:4.38s
[Twitter] Starting validation...
[Twitter] Elapsed validation time:0.22s
[Twitter] [Epoch=083] Train Loss=[QuantLoss=0.03414]Val loss = [QuantLoss=0.08305][QuantReg:0.40536]
[Twitter] Starting epoch 84...
[Twitter] Elapsed training time:4.41s
[Twitter] Starting validation...
[Twitter] Elapsed validation time:0.27s
[Twitter] [Epoch=084] Train Loss=[QuantLoss=0.03870]Val loss = [QuantLoss=0.08160][QuantReg:0.40387]
[Twitter] Starting epoch 85...
[Twitter] Elapsed training time:4.54s
[Twitter] Starting validation...
[Twitter] Elapsed validation time:0.26s
[Twitter] [Epoch=085] Train Loss=[QuantLoss=0.03541]Val loss = [QuantLoss=0.07616][QuantReg:0.40048]
[Twitter] Starting epoch 86...
[Twitter] Elapsed training time:4.54s
[Twitter] Starting validation...
[Twitter] Elapsed validation time:0.29s
[Twitter] [Epoch=086] Train Loss=[QuantLoss=0.03428]Val loss = [QuantLoss=0.05546][QuantReg:0.40333]
[Twitter] Starting epoch 87...
[Twitter] Elapsed training time:4.59s
[Twitter] Starting validation...
[Twitter] Elapsed validation time:0.23s
[Twitter] [Epoch=087] Train Loss=[QuantLoss=0.03323]Val loss = [QuantLoss=0.07300][QuantReg:0.40208]
[Twitter] Starting epoch 88...
[Twitter] Elapsed training time:4.45s
[Twitter] Starting validation...
[Twitter] Elapsed validation time:0.23s
[Twitter] [Epoch=088] Train Loss=[QuantLoss=0.03478]Val loss = [QuantLoss=0.07960][QuantReg:0.39951]
[Twitter] Starting epoch 89...
[Twitter] Elapsed training time:4.53s
[Twitter] Starting validation...
[Twitter] Elapsed validation time:0.24s
[Twitter] [Epoch=089] Train Loss=[QuantLoss=0.03496]Val loss = [QuantLoss=0.08150][QuantReg:0.40360]
[Twitter] Starting epoch 90...
[Twitter] Elapsed training time:4.52s
[Twitter] Starting validation...
[Twitter] Elapsed validation time:0.23s
[Twitter] [Epoch=090] Train Loss=[QuantLoss=0.03322]Val loss = [QuantLoss=0.07532][QuantReg:0.40466]
[Twitter] Starting epoch 91...
[Twitter] Elapsed training time:4.48s
[Twitter] Starting validation...
[Twitter] Elapsed validation time:0.30s
[Twitter] [Epoch=091] Train Loss=[QuantLoss=0.03547]Val loss = [QuantLoss=0.07204][QuantReg:0.40433]
[Twitter] Starting epoch 92...
[Twitter] Elapsed training time:4.50s
[Twitter] Starting validation...
[Twitter] Elapsed validation time:0.26s
[Twitter] [Epoch=092] Train Loss=[QuantLoss=0.03245]Val loss = [QuantLoss=0.08580][QuantReg:0.40309]
[Twitter] Starting epoch 93...
[Twitter] Elapsed training time:4.48s
[Twitter] Starting validation...
[Twitter] Elapsed validation time:0.24s
[Twitter] [Epoch=093] Train Loss=[QuantLoss=0.03347]Val loss = [QuantLoss=0.07045][QuantReg:0.40546]
[Twitter] Starting epoch 94...
[Twitter] Elapsed training time:4.57s
[Twitter] Starting validation...
[Twitter] Elapsed validation time:0.24s
[Twitter] [Epoch=094] Train Loss=[QuantLoss=0.03346]Val loss = [QuantLoss=0.08081][QuantReg:0.40410]
[Twitter] Starting epoch 95...
[Twitter] Elapsed training time:4.57s
[Twitter] Starting validation...
[Twitter] Elapsed validation time:0.25s
[Twitter] [Epoch=095] Train Loss=[QuantLoss=0.03359]Val loss = [QuantLoss=0.07579][QuantReg:0.40478]
[Twitter] Starting epoch 96...
[Twitter] Elapsed training time:4.43s
[Twitter] Starting validation...
[Twitter] Elapsed validation time:0.23s
[Twitter] [Epoch=096] Train Loss=[QuantLoss=0.04122]Val loss = [QuantLoss=0.07881][QuantReg:0.40428]
[Twitter] Starting epoch 97...
[Twitter] Elapsed training time:4.12s
[Twitter] Starting validation...
[Twitter] Elapsed validation time:0.24s
[Twitter] [Epoch=097] Train Loss=[QuantLoss=0.03716]Val loss = [QuantLoss=0.07358][QuantReg:0.40371]
[Twitter] Starting epoch 98...
[Twitter] Elapsed training time:4.32s
[Twitter] Starting validation...
[Twitter] Elapsed validation time:0.24s
[Twitter] [Epoch=098] Train Loss=[QuantLoss=0.03365]Val loss = [QuantLoss=0.06698][QuantReg:0.40198]
[Twitter] Starting epoch 99...
[Twitter] Elapsed training time:4.16s
[Twitter] Starting validation...
[Twitter] Elapsed validation time:0.24s
[Twitter] [Epoch=099] Train Loss=[QuantLoss=0.03370]Val loss = [QuantLoss=0.06512][QuantReg:0.40303]
[Twitter] Starting epoch 100...
[Twitter] Elapsed training time:4.21s
[Twitter] Starting validation...
[Twitter] Elapsed validation time:0.24s
[Twitter] [Epoch=100] Train Loss=[QuantLoss=0.03220]Val loss = [QuantLoss=0.07693][QuantReg:0.40336]
[Twitter] Starting epoch 101...
[Twitter] Elapsed training time:4.12s
[Twitter] Starting validation...
[Twitter] Elapsed validation time:0.24s
[Twitter] [Epoch=101] Train Loss=[QuantLoss=0.03064]Val loss = [QuantLoss=0.06636][QuantReg:0.40352]
[Twitter] Starting epoch 102...
[Twitter] Elapsed training time:4.20s
[Twitter] Starting validation...
[Twitter] Elapsed validation time:0.23s
[Twitter] [Epoch=102] Train Loss=[QuantLoss=0.03133]Val loss = [QuantLoss=0.06890][QuantReg:0.40139]
[Twitter] Starting epoch 103...
[Twitter] Elapsed training time:4.13s
[Twitter] Starting validation...
[Twitter] Elapsed validation time:0.23s
[Twitter] [Epoch=103] Train Loss=[QuantLoss=0.03174]Val loss = [QuantLoss=0.06401][QuantReg:0.40274]
[Twitter] Starting epoch 104...
[Twitter] Elapsed training time:4.22s
[Twitter] Starting validation...
[Twitter] Elapsed validation time:0.32s
[Twitter] [Epoch=104] Train Loss=[QuantLoss=0.03118]Val loss = [QuantLoss=0.06807][QuantReg:0.40378]
[Twitter] Starting epoch 105...
[Twitter] Elapsed training time:4.20s
[Twitter] Starting validation...
[Twitter] Elapsed validation time:0.24s
[Twitter] [Epoch=105] Train Loss=[QuantLoss=0.03295]Val loss = [QuantLoss=0.07593][QuantReg:0.40371]
[Twitter] Starting epoch 106...
[Twitter] Elapsed training time:4.20s
[Twitter] Starting validation...
[Twitter] Elapsed validation time:0.36s
[Twitter] [Epoch=106] Train Loss=[QuantLoss=0.03217]Val loss = [QuantLoss=0.06404][QuantReg:0.40207]
[Twitter] Starting epoch 107...
[Twitter] Elapsed training time:4.25s
[Twitter] Starting validation...
[Twitter] Elapsed validation time:0.36s
[Twitter] [Epoch=107] Train Loss=[QuantLoss=0.03188]Val loss = [QuantLoss=0.07754][QuantReg:0.40293]
[Twitter] Starting epoch 108...
[Twitter] Elapsed training time:4.23s
[Twitter] Starting validation...
[Twitter] Elapsed validation time:0.37s
[Twitter] [Epoch=108] Train Loss=[QuantLoss=0.03143]Val loss = [QuantLoss=0.05903][QuantReg:0.40422]
[Twitter] Starting epoch 109...
[Twitter] Elapsed training time:4.38s
[Twitter] Starting validation...
[Twitter] Elapsed validation time:0.34s
[Twitter] [Epoch=109] Train Loss=[QuantLoss=0.03241]Val loss = [QuantLoss=0.06021][QuantReg:0.40378]
[Twitter] Starting epoch 110...
[Twitter] Elapsed training time:4.31s
[Twitter] Starting validation...
[Twitter] Elapsed validation time:0.32s
[Twitter] [Epoch=110] Train Loss=[QuantLoss=0.03119]Val loss = [QuantLoss=0.06236][QuantReg:0.40119]
[Twitter] Starting epoch 111...
[Twitter] Elapsed training time:4.43s
[Twitter] Starting validation...
[Twitter] Elapsed validation time:0.29s
[Twitter] [Epoch=111] Train Loss=[QuantLoss=0.03154]Val loss = [QuantLoss=0.06170][QuantReg:0.40127]
[Twitter] Starting epoch 112...
[Twitter] Elapsed training time:4.50s
[Twitter] Starting validation...
[Twitter] Elapsed validation time:0.30s
[Twitter] [Epoch=112] Train Loss=[QuantLoss=0.03259]Val loss = [QuantLoss=0.06721][QuantReg:0.40034]
[Twitter] Starting epoch 113...
[Twitter] Elapsed training time:4.81s
[Twitter] Starting validation...
[Twitter] Elapsed validation time:0.35s
[Twitter] [Epoch=113] Train Loss=[QuantLoss=0.03140]Val loss = [QuantLoss=0.05435][QuantReg:0.40146]
[Twitter] Starting epoch 114...
[Twitter] Elapsed training time:4.40s
[Twitter] Starting validation...
[Twitter] Elapsed validation time:0.34s
[Twitter] [Epoch=114] Train Loss=[QuantLoss=0.03449]Val loss = [QuantLoss=0.06264][QuantReg:0.40230]
[Twitter] Starting epoch 115...
[Twitter] Elapsed training time:4.53s
[Twitter] Starting validation...
[Twitter] Elapsed validation time:0.35s
[Twitter] [Epoch=115] Train Loss=[QuantLoss=0.03506]Val loss = [QuantLoss=0.06888][QuantReg:0.40088]
[Twitter] Starting epoch 116...
[Twitter] Elapsed training time:4.41s
[Twitter] Starting validation...
[Twitter] Elapsed validation time:0.32s
[Twitter] [Epoch=116] Train Loss=[QuantLoss=0.03316]Val loss = [QuantLoss=0.06585][QuantReg:0.40262]
[Twitter] Starting epoch 117...
[Twitter] Elapsed training time:4.54s
[Twitter] Starting validation...
[Twitter] Elapsed validation time:0.34s
[Twitter] [Epoch=117] Train Loss=[QuantLoss=0.03240]Val loss = [QuantLoss=0.06271][QuantReg:0.40146]
[Twitter] Starting epoch 118...
[Twitter] Elapsed training time:4.57s
[Twitter] Starting validation...
[Twitter] Elapsed validation time:0.32s
[Twitter] [Epoch=118] Train Loss=[QuantLoss=0.02993]Val loss = [QuantLoss=0.06777][QuantReg:0.40345]
[Twitter] Starting epoch 119...
[Twitter] Elapsed training time:4.52s
[Twitter] Starting validation...
[Twitter] Elapsed validation time:0.32s
[Twitter] [Epoch=119] Train Loss=[QuantLoss=0.03037]Val loss = [QuantLoss=0.06016][QuantReg:0.40293]
[Twitter] Starting epoch 120...
[Twitter] Elapsed training time:4.44s
[Twitter] Starting validation...
[Twitter] Elapsed validation time:0.35s
[Twitter] [Epoch=120] Train Loss=[QuantLoss=0.02992]Val loss = [QuantLoss=0.05974][QuantReg:0.40286]
[Twitter] Starting epoch 121...
[Twitter] Elapsed training time:4.52s
[Twitter] Starting validation...
[Twitter] Elapsed validation time:0.29s
[Twitter] [Epoch=121] Train Loss=[QuantLoss=0.03067]Val loss = [QuantLoss=0.06869][QuantReg:0.40135]
[Twitter] Starting epoch 122...
[Twitter] Elapsed training time:3.18s
[Twitter] Starting validation...
[Twitter] Elapsed validation time:0.35s
[Twitter] [Epoch=122] Train Loss=[QuantLoss=0.03168]Val loss = [QuantLoss=0.06830][QuantReg:0.40035]
[Twitter] Starting epoch 123...
[Twitter] Elapsed training time:4.19s
[Twitter] Starting validation...
[Twitter] Elapsed validation time:0.34s
[Twitter] [Epoch=123] Train Loss=[QuantLoss=0.03332]Val loss = [QuantLoss=0.06466][QuantReg:0.40116]
[Twitter] Starting epoch 124...
[Twitter] Elapsed training time:4.35s
[Twitter] Starting validation...
[Twitter] Elapsed validation time:0.36s
[Twitter] [Epoch=124] Train Loss=[QuantLoss=0.03057]Val loss = [QuantLoss=0.05886][QuantReg:0.40046]
[Twitter] Starting epoch 125...
[Twitter] Elapsed training time:4.28s
[Twitter] Starting validation...
[Twitter] Elapsed validation time:0.34s
[Twitter] [Epoch=125] Train Loss=[QuantLoss=0.03165]Val loss = [QuantLoss=0.05978][QuantReg:0.40132]
[Twitter] Starting epoch 126...
[Twitter] Elapsed training time:4.30s
[Twitter] Starting validation...
[Twitter] Elapsed validation time:0.35s
[Twitter] [Epoch=126] Train Loss=[QuantLoss=0.03114]Val loss = [QuantLoss=0.06287][QuantReg:0.40072]
[Twitter] Starting epoch 127...
[Twitter] Elapsed training time:4.34s
[Twitter] Starting validation...
[Twitter] Elapsed validation time:0.35s
[Twitter] [Epoch=127] Train Loss=[QuantLoss=0.03285]Val loss = [QuantLoss=0.06999][QuantReg:0.40177]
[Twitter] Starting epoch 128...
[Twitter] Elapsed training time:4.37s
[Twitter] Starting validation...
[Twitter] Elapsed validation time:0.37s
[Twitter] [Epoch=128] Train Loss=[QuantLoss=0.02931]Val loss = [QuantLoss=0.06183][QuantReg:0.40080]
[Twitter] Starting epoch 129...
[Twitter] Elapsed training time:4.40s
[Twitter] Starting validation...
[Twitter] Elapsed validation time:0.35s
[Twitter] [Epoch=129] Train Loss=[QuantLoss=0.03107]Val loss = [QuantLoss=0.06320][QuantReg:0.40157]
[Twitter] Starting epoch 130...
[Twitter] Elapsed training time:4.34s
[Twitter] Starting validation...
[Twitter] Elapsed validation time:0.35s
[Twitter] [Epoch=130] Train Loss=[QuantLoss=0.02993]Val loss = [QuantLoss=0.06165][QuantReg:0.40071]
[Twitter] Starting epoch 131...
[Twitter] Elapsed training time:4.39s
[Twitter] Starting validation...
[Twitter] Elapsed validation time:0.36s
[Twitter] [Epoch=131] Train Loss=[QuantLoss=0.03279]Val loss = [QuantLoss=0.06767][QuantReg:0.40024]
[Twitter] Starting epoch 132...
[Twitter] Elapsed training time:4.33s
[Twitter] Starting validation...
[Twitter] Elapsed validation time:0.37s
[Twitter] [Epoch=132] Train Loss=[QuantLoss=0.02987]Val loss = [QuantLoss=0.05218][QuantReg:0.40130]
[Twitter] Starting epoch 133...
[Twitter] Elapsed training time:4.26s
[Twitter] Starting validation...
[Twitter] Elapsed validation time:0.36s
[Twitter] [Epoch=133] Train Loss=[QuantLoss=0.03332]Val loss = [QuantLoss=0.06638][QuantReg:0.40185]
[Twitter] Starting epoch 134...
[Twitter] Elapsed training time:4.24s
[Twitter] Starting validation...
[Twitter] Elapsed validation time:0.38s
[Twitter] [Epoch=134] Train Loss=[QuantLoss=0.03009]Val loss = [QuantLoss=0.04711][QuantReg:0.40250]
[Twitter] Starting epoch 135...
[Twitter] Elapsed training time:4.30s
[Twitter] Starting validation...
[Twitter] Elapsed validation time:0.35s
[Twitter] [Epoch=135] Train Loss=[QuantLoss=0.02891]Val loss = [QuantLoss=0.05316][QuantReg:0.40168]
[Twitter] Starting epoch 136...
[Twitter] Elapsed training time:4.48s
[Twitter] Starting validation...
[Twitter] Elapsed validation time:0.36s
[Twitter] [Epoch=136] Train Loss=[QuantLoss=0.03009]Val loss = [QuantLoss=0.04765][QuantReg:0.40116]
[Twitter] Starting epoch 137...
[Twitter] Elapsed training time:4.56s
[Twitter] Starting validation...
[Twitter] Elapsed validation time:0.32s
[Twitter] [Epoch=137] Train Loss=[QuantLoss=0.03311]Val loss = [QuantLoss=0.06405][QuantReg:0.40123]
[Twitter] Starting epoch 138...
[Twitter] Elapsed training time:4.78s
[Twitter] Starting validation...
[Twitter] Elapsed validation time:0.37s
[Twitter] [Epoch=138] Train Loss=[QuantLoss=0.03251]Val loss = [QuantLoss=0.04993][QuantReg:0.40320]
[Twitter] Starting epoch 139...
[Twitter] Elapsed training time:4.89s
[Twitter] Starting validation...
[Twitter] Elapsed validation time:0.37s
[Twitter] [Epoch=139] Train Loss=[QuantLoss=0.03133]Val loss = [QuantLoss=0.05078][QuantReg:0.40258]
[Twitter] Starting epoch 140...
[Twitter] Elapsed training time:4.91s
[Twitter] Starting validation...
[Twitter] Elapsed validation time:0.31s
[Twitter] [Epoch=140] Train Loss=[QuantLoss=0.03065]Val loss = [QuantLoss=0.05934][QuantReg:0.40097]
[Twitter] Early stopping in epoch 140!
[Twitter] Restoring best model...
MAE médio por bag: 0.0561 ± 0.0281
Salvo em resultados_sanders/resultados_twitter_bert_l1_easiest_3.csv
=== Execução 4 ===
Dataset: /home/nildaimon/gmnet/experiments/train_curl/Datasets/Sanders/twitter-sanders-apple3.csv
Dificuldade: metric=None, mode=None, top_k=None
Rodada: 4
Salvar resultados em: resultados_sanders
Dispositivo de treino: cpu
Carregando e processando dataset Twitter
Carregando embeddings do cache...
/home/nildaimon/gmnet/experiments/train_curl/train_sanders.py:89: FutureWarning: You are using `torch.load` with `weights_only=False` (the current default value), which uses the default pickle module implicitly. It is possible to construct malicious pickle data which will execute arbitrary code during unpickling (See https://github.com/pytorch/pytorch/blob/main/SECURITY.md#untrusted-models for more details). In a future release, the default value for `weights_only` will be flipped to `True`. This limits the functions that could be executed during unpickling. Arbitrary objects will no longer be allowed to be loaded via this mode unless they are explicitly allowlisted by the user via `torch.serialization.add_safe_globals`. We recommend you start setting `weights_only=True` for any use case where you don't have full control of the loaded file. Please open an issue on GitHub for any issues related to this experimental feature.
  embeddings = torch.load(EMBEDDING_CACHE)
/home/nildaimon/gmnet/experiments/train_curl/train_sanders.py:90: FutureWarning: You are using `torch.load` with `weights_only=False` (the current default value), which uses the default pickle module implicitly. It is possible to construct malicious pickle data which will execute arbitrary code during unpickling (See https://github.com/pytorch/pytorch/blob/main/SECURITY.md#untrusted-models for more details). In a future release, the default value for `weights_only` will be flipped to `True`. This limits the functions that could be executed during unpickling. Arbitrary objects will no longer be allowed to be loaded via this mode unless they are explicitly allowlisted by the user via `torch.serialization.add_safe_globals`. We recommend you start setting `weights_only=True` for any use case where you don't have full control of the loaded file. Please open an issue on GitHub for any issues related to this experimental feature.
  labels = torch.load(LABELS_CACHE)
Ignoring val_split as train and val datasets where given to fit function
We have two datasets: training 1092 examples. validation 100 examples.]
Using device cpu
/home/nildaimon/anaconda3/envs/gmnet/lib/python3.12/site-packages/torch/optim/lr_scheduler.py:62: UserWarning: The verbose parameter is deprecated. Please use get_last_lr() to access the learning rate.
  warnings.warn(
/home/nildaimon/gmnet/dlquantification/main.py:835: FutureWarning: `torch.cuda.amp.GradScaler(args...)` is deprecated. Please use `torch.amp.GradScaler('cuda', args...)` instead.
  scaler = torch.cuda.amp.GradScaler(enabled=self.use_fp16)
[Twitter] Starting epoch 0...
/home/nildaimon/gmnet/dlquantification/main.py:888: FutureWarning: `torch.cuda.amp.autocast(args...)` is deprecated. Please use `torch.amp.autocast('cuda', args...)` instead.
  with torch.cuda.amp.autocast(enabled=self.use_fp16):
[Twitter] Elapsed training time:5.09s
[Twitter] Starting validation...
[Twitter] Elapsed validation time:0.24s
[Twitter] [Epoch=000] Train Loss=[QuantLoss=0.05486]Val loss = [QuantLoss=0.02195][QuantReg:0.41260][saved best model in this epoch]
[Twitter] Starting epoch 1...
[Twitter] Elapsed training time:4.85s
[Twitter] Starting validation...
[Twitter] Elapsed validation time:0.19s
[Twitter] [Epoch=001] Train Loss=[QuantLoss=0.03537]Val loss = [QuantLoss=0.00542][QuantReg:0.42989][saved best model in this epoch]
[Twitter] Starting epoch 2...
[Twitter] Elapsed training time:4.91s
[Twitter] Starting validation...
[Twitter] Elapsed validation time:0.23s
[Twitter] [Epoch=002] Train Loss=[QuantLoss=0.03003]Val loss = [QuantLoss=0.03163][QuantReg:0.38961]
[Twitter] Starting epoch 3...
[Twitter] Elapsed training time:5.01s
[Twitter] Starting validation...
[Twitter] Elapsed validation time:0.22s
[Twitter] [Epoch=003] Train Loss=[QuantLoss=0.03077]Val loss = [QuantLoss=0.04356][QuantReg:0.39902]
[Twitter] Starting epoch 4...
[Twitter] Elapsed training time:4.80s
[Twitter] Starting validation...
[Twitter] Elapsed validation time:0.22s
[Twitter] [Epoch=004] Train Loss=[QuantLoss=0.02731]Val loss = [QuantLoss=0.02231][QuantReg:0.41106]
[Twitter] Starting epoch 5...
[Twitter] Elapsed training time:4.82s
[Twitter] Starting validation...
[Twitter] Elapsed validation time:0.24s
[Twitter] [Epoch=005] Train Loss=[QuantLoss=0.02621]Val loss = [QuantLoss=0.03236][QuantReg:0.41466]
[Twitter] Starting epoch 6...
[Twitter] Elapsed training time:5.10s
[Twitter] Starting validation...
[Twitter] Elapsed validation time:0.22s
[Twitter] [Epoch=006] Train Loss=[QuantLoss=0.02611]Val loss = [QuantLoss=0.00841][QuantReg:0.42305]
[Twitter] Starting epoch 7...
[Twitter] Elapsed training time:4.87s
[Twitter] Starting validation...
[Twitter] Elapsed validation time:0.23s
[Twitter] [Epoch=007] Train Loss=[QuantLoss=0.02683]Val loss = [QuantLoss=0.02348][QuantReg:0.45210]
[Twitter] Starting epoch 8...
[Twitter] Elapsed training time:4.70s
[Twitter] Starting validation...
[Twitter] Elapsed validation time:0.25s
[Twitter] [Epoch=008] Train Loss=[QuantLoss=0.02504]Val loss = [QuantLoss=0.01782][QuantReg:0.44539]
[Twitter] Starting epoch 9...
[Twitter] Elapsed training time:4.73s
[Twitter] Starting validation...
[Twitter] Elapsed validation time:0.22s
[Twitter] [Epoch=009] Train Loss=[QuantLoss=0.02433]Val loss = [QuantLoss=0.01965][QuantReg:0.41218]
[Twitter] Starting epoch 10...
[Twitter] Elapsed training time:4.95s
[Twitter] Starting validation...
[Twitter] Elapsed validation time:0.22s
[Twitter] [Epoch=010] Train Loss=[QuantLoss=0.02382]Val loss = [QuantLoss=0.03778][QuantReg:0.41458]
[Twitter] Starting epoch 11...
[Twitter] Elapsed training time:4.82s
[Twitter] Starting validation...
[Twitter] Elapsed validation time:0.21s
[Twitter] [Epoch=011] Train Loss=[QuantLoss=0.02146]Val loss = [QuantLoss=0.00994][QuantReg:0.44092]
[Twitter] Starting epoch 12...
[Twitter] Elapsed training time:4.49s
[Twitter] Starting validation...
[Twitter] Elapsed validation time:0.28s
[Twitter] [Epoch=012] Train Loss=[QuantLoss=0.02219]Val loss = [QuantLoss=0.01258][QuantReg:0.44865]
[Twitter] Starting epoch 13...
[Twitter] Elapsed training time:4.35s
[Twitter] Starting validation...
[Twitter] Elapsed validation time:0.24s
[Twitter] [Epoch=013] Train Loss=[QuantLoss=0.02243]Val loss = [QuantLoss=0.01966][QuantReg:0.42720]
[Twitter] Starting epoch 14...
[Twitter] Elapsed training time:4.24s
[Twitter] Starting validation...
[Twitter] Elapsed validation time:0.24s
[Twitter] [Epoch=014] Train Loss=[QuantLoss=0.02090]Val loss = [QuantLoss=0.04343][QuantReg:0.41998]
[Twitter] Starting epoch 15...
[Twitter] Elapsed training time:4.23s
[Twitter] Starting validation...
[Twitter] Elapsed validation time:0.27s
[Twitter] [Epoch=015] Train Loss=[QuantLoss=0.02011]Val loss = [QuantLoss=0.05092][QuantReg:0.40589]
[Twitter] Starting epoch 16...
[Twitter] Elapsed training time:4.30s
[Twitter] Starting validation...
[Twitter] Elapsed validation time:0.26s
[Twitter] [Epoch=016] Train Loss=[QuantLoss=0.02084]Val loss = [QuantLoss=0.01939][QuantReg:0.41194]
[Twitter] Starting epoch 17...
[Twitter] Elapsed training time:4.17s
[Twitter] Starting validation...
[Twitter] Elapsed validation time:0.23s
[Twitter] [Epoch=017] Train Loss=[QuantLoss=0.02273]Val loss = [QuantLoss=0.07633][QuantReg:0.40726]
[Twitter] Starting epoch 18...
[Twitter] Elapsed training time:4.32s
[Twitter] Starting validation...
[Twitter] Elapsed validation time:0.24s
[Twitter] [Epoch=018] Train Loss=[QuantLoss=0.02074]Val loss = [QuantLoss=0.02408][QuantReg:0.38734]
[Twitter] Starting epoch 19...
[Twitter] Elapsed training time:4.30s
[Twitter] Starting validation...
[Twitter] Elapsed validation time:0.26s
[Twitter] [Epoch=019] Train Loss=[QuantLoss=0.02229]Val loss = [QuantLoss=0.05854][QuantReg:0.39188]
[Twitter] Starting epoch 20...
[Twitter] Elapsed training time:4.19s
[Twitter] Starting validation...
[Twitter] Elapsed validation time:0.24s
[Twitter] [Epoch=020] Train Loss=[QuantLoss=0.02262]Val loss = [QuantLoss=0.01008][QuantReg:0.38817]
[Twitter] Starting epoch 21...
[Twitter] Elapsed training time:4.37s
[Twitter] Starting validation...
[Twitter] Elapsed validation time:0.23s
[Twitter] [Epoch=021] Train Loss=[QuantLoss=0.01929]Val loss = [QuantLoss=0.03700][QuantReg:0.37934]
[Twitter] Starting epoch 22...
[Twitter] Elapsed training time:4.31s
[Twitter] Starting validation...
[Twitter] Elapsed validation time:0.28s
[Twitter] [Epoch=022] Train Loss=[QuantLoss=0.02019]Val loss = [QuantLoss=0.07202][QuantReg:0.38396]
[Twitter] Starting epoch 23...
[Twitter] Elapsed training time:4.38s
[Twitter] Starting validation...
[Twitter] Elapsed validation time:0.26s
[Twitter] [Epoch=023] Train Loss=[QuantLoss=0.02111]Val loss = [QuantLoss=0.03318][QuantReg:0.38791]
[Twitter] Starting epoch 24...
[Twitter] Elapsed training time:4.25s
[Twitter] Starting validation...
[Twitter] Elapsed validation time:0.25s
[Twitter] [Epoch=024] Train Loss=[QuantLoss=0.01731]Val loss = [QuantLoss=0.04152][QuantReg:0.39106]
[Twitter] Starting epoch 25...
[Twitter] Elapsed training time:4.18s
[Twitter] Starting validation...
[Twitter] Elapsed validation time:0.23s
[Twitter] [Epoch=025] Train Loss=[QuantLoss=0.01727]Val loss = [QuantLoss=0.02345][QuantReg:0.38538]
[Twitter] Starting epoch 26...
[Twitter] Elapsed training time:4.33s
[Twitter] Starting validation...
[Twitter] Elapsed validation time:0.35s
[Twitter] [Epoch=026] Train Loss=[QuantLoss=0.01707]Val loss = [QuantLoss=0.01789][QuantReg:0.38122]
[Twitter] Starting epoch 27...
[Twitter] Elapsed training time:4.17s
[Twitter] Starting validation...
[Twitter] Elapsed validation time:0.38s
[Twitter] [Epoch=027] Train Loss=[QuantLoss=0.01754]Val loss = [QuantLoss=0.01511][QuantReg:0.38291]
[Twitter] Starting epoch 28...
[Twitter] Elapsed training time:4.33s
[Twitter] Starting validation...
[Twitter] Elapsed validation time:0.35s
[Twitter] [Epoch=028] Train Loss=[QuantLoss=0.01669]Val loss = [QuantLoss=0.00914][QuantReg:0.38473]
[Twitter] Starting epoch 29...
[Twitter] Elapsed training time:4.30s
[Twitter] Starting validation...
[Twitter] Elapsed validation time:0.36s
[Twitter] [Epoch=029] Train Loss=[QuantLoss=0.01649]Val loss = [QuantLoss=0.01033][QuantReg:0.38435]
[Twitter] Starting epoch 30...
[Twitter] Elapsed training time:4.42s
[Twitter] Starting validation...
[Twitter] Elapsed validation time:0.36s
[Twitter] [Epoch=030] Train Loss=[QuantLoss=0.01729]Val loss = [QuantLoss=0.01138][QuantReg:0.37713]
[Twitter] Starting epoch 31...
[Twitter] Elapsed training time:4.33s
[Twitter] Starting validation...
[Twitter] Elapsed validation time:0.37s
[Twitter] [Epoch=031] Train Loss=[QuantLoss=0.01664]Val loss = [QuantLoss=0.02446][QuantReg:0.37849]
[Twitter] Starting epoch 32...
[Twitter] Elapsed training time:4.34s
[Twitter] Starting validation...
[Twitter] Elapsed validation time:0.36s
[Twitter] [Epoch=032] Train Loss=[QuantLoss=0.01787]Val loss = [QuantLoss=0.01637][QuantReg:0.37882]
[Twitter] Starting epoch 33...
[Twitter] Elapsed training time:4.36s
[Twitter] Starting validation...
[Twitter] Elapsed validation time:0.37s
[Twitter] [Epoch=033] Train Loss=[QuantLoss=0.01473]Val loss = [QuantLoss=0.00541][QuantReg:0.38015][saved best model in this epoch]
[Twitter] Starting epoch 34...
[Twitter] Elapsed training time:4.30s
[Twitter] Starting validation...
[Twitter] Elapsed validation time:0.36s
[Twitter] [Epoch=034] Train Loss=[QuantLoss=0.01655]Val loss = [QuantLoss=0.01113][QuantReg:0.38453]
[Twitter] Starting epoch 35...
[Twitter] Elapsed training time:4.38s
[Twitter] Starting validation...
[Twitter] Elapsed validation time:0.35s
[Twitter] [Epoch=035] Train Loss=[QuantLoss=0.01673]Val loss = [QuantLoss=0.03215][QuantReg:0.38504]
[Twitter] Starting epoch 36...
[Twitter] Elapsed training time:4.32s
[Twitter] Starting validation...
[Twitter] Elapsed validation time:0.36s
[Twitter] [Epoch=036] Train Loss=[QuantLoss=0.01618]Val loss = [QuantLoss=0.02174][QuantReg:0.39378]
[Twitter] Starting epoch 37...
[Twitter] Elapsed training time:4.46s
[Twitter] Starting validation...
[Twitter] Elapsed validation time:0.36s
[Twitter] [Epoch=037] Train Loss=[QuantLoss=0.01634]Val loss = [QuantLoss=0.03677][QuantReg:0.38608]
[Twitter] Starting epoch 38...
[Twitter] Elapsed training time:4.39s
[Twitter] Starting validation...
[Twitter] Elapsed validation time:0.36s
[Twitter] [Epoch=038] Train Loss=[QuantLoss=0.01563]Val loss = [QuantLoss=0.01038][QuantReg:0.38343]
[Twitter] Starting epoch 39...
[Twitter] Elapsed training time:4.36s
[Twitter] Starting validation...
[Twitter] Elapsed validation time:0.38s
[Twitter] [Epoch=039] Train Loss=[QuantLoss=0.01495]Val loss = [QuantLoss=0.01976][QuantReg:0.38406]
[Twitter] Starting epoch 40...
[Twitter] Elapsed training time:4.43s
[Twitter] Starting validation...
[Twitter] Elapsed validation time:0.37s
[Twitter] [Epoch=040] Train Loss=[QuantLoss=0.01602]Val loss = [QuantLoss=0.02416][QuantReg:0.39820]
[Twitter] Starting epoch 41...
[Twitter] Elapsed training time:4.60s
[Twitter] Starting validation...
[Twitter] Elapsed validation time:0.35s
[Twitter] [Epoch=041] Train Loss=[QuantLoss=0.01709]Val loss = [QuantLoss=0.02681][QuantReg:0.39665]
[Twitter] Starting epoch 42...
[Twitter] Elapsed training time:4.62s
[Twitter] Starting validation...
[Twitter] Elapsed validation time:0.36s
[Twitter] [Epoch=042] Train Loss=[QuantLoss=0.01524]Val loss = [QuantLoss=0.01770][QuantReg:0.39037]
[Twitter] Starting epoch 43...
[Twitter] Elapsed training time:4.52s
[Twitter] Starting validation...
[Twitter] Elapsed validation time:0.34s
[Twitter] [Epoch=043] Train Loss=[QuantLoss=0.01441]Val loss = [QuantLoss=0.01441][QuantReg:0.39105]
[Twitter] Starting epoch 44...
[Twitter] Elapsed training time:4.65s
[Twitter] Starting validation...
[Twitter] Elapsed validation time:0.34s
[Twitter] [Epoch=044] Train Loss=[QuantLoss=0.01741]Val loss = [QuantLoss=0.01659][QuantReg:0.39881]
[Twitter] Starting epoch 45...
[Twitter] Elapsed training time:4.42s
[Twitter] Starting validation...
[Twitter] Elapsed validation time:0.35s
[Twitter] [Epoch=045] Train Loss=[QuantLoss=0.01560]Val loss = [QuantLoss=0.02204][QuantReg:0.39049]
[Twitter] Starting epoch 46...
[Twitter] Elapsed training time:4.38s
[Twitter] Starting validation...
[Twitter] Elapsed validation time:0.36s
[Twitter] [Epoch=046] Train Loss=[QuantLoss=0.01555]Val loss = [QuantLoss=0.01883][QuantReg:0.38899]
[Twitter] Starting epoch 47...
[Twitter] Elapsed training time:4.45s
[Twitter] Starting validation...
[Twitter] Elapsed validation time:0.35s
[Twitter] [Epoch=047] Train Loss=[QuantLoss=0.01646]Val loss = [QuantLoss=0.02617][QuantReg:0.38679]
[Twitter] Starting epoch 48...
[Twitter] Elapsed training time:4.47s
[Twitter] Starting validation...
[Twitter] Elapsed validation time:0.37s
[Twitter] [Epoch=048] Train Loss=[QuantLoss=0.01684]Val loss = [QuantLoss=0.01811][QuantReg:0.39413]
[Twitter] Starting epoch 49...
[Twitter] Elapsed training time:4.40s
[Twitter] Starting validation...
[Twitter] Elapsed validation time:0.38s
[Twitter] [Epoch=049] Train Loss=[QuantLoss=0.01524]Val loss = [QuantLoss=0.01402][QuantReg:0.40107]
[Twitter] Starting epoch 50...
[Twitter] Elapsed training time:4.51s
[Twitter] Starting validation...
[Twitter] Elapsed validation time:0.34s
[Twitter] [Epoch=050] Train Loss=[QuantLoss=0.01592]Val loss = [QuantLoss=0.02243][QuantReg:0.39599]
[Twitter] Starting epoch 51...
[Twitter] Elapsed training time:4.87s
[Twitter] Starting validation...
[Twitter] Elapsed validation time:0.33s
[Twitter] [Epoch=051] Train Loss=[QuantLoss=0.01499]Val loss = [QuantLoss=0.02228][QuantReg:0.39896]
[Twitter] Starting epoch 52...
[Twitter] Elapsed training time:4.70s
[Twitter] Starting validation...
[Twitter] Elapsed validation time:0.33s
[Twitter] [Epoch=052] Train Loss=[QuantLoss=0.01540]Val loss = [QuantLoss=0.02992][QuantReg:0.39699]
[Twitter] Starting epoch 53...
[Twitter] Elapsed training time:5.01s
[Twitter] Starting validation...
[Twitter] Elapsed validation time:0.34s
[Twitter] [Epoch=053] Train Loss=[QuantLoss=0.01614]Val loss = [QuantLoss=0.02702][QuantReg:0.39025]
[Twitter] Starting epoch 54...
[Twitter] Elapsed training time:4.78s
[Twitter] Starting validation...
[Twitter] Elapsed validation time:0.30s
[Twitter] [Epoch=054] Train Loss=[QuantLoss=0.01762]Val loss = [QuantLoss=0.01445][QuantReg:0.39323]
[Twitter] Starting epoch 55...
[Twitter] Elapsed training time:4.66s
[Twitter] Starting validation...
[Twitter] Elapsed validation time:0.31s
[Twitter] [Epoch=055] Train Loss=[QuantLoss=0.01485]Val loss = [QuantLoss=0.01760][QuantReg:0.39456]
[Twitter] Starting epoch 56...
[Twitter] Elapsed training time:4.56s
[Twitter] Starting validation...
[Twitter] Elapsed validation time:0.29s
[Twitter] [Epoch=056] Train Loss=[QuantLoss=0.01370]Val loss = [QuantLoss=0.01679][QuantReg:0.39210]
[Twitter] Starting epoch 57...
[Twitter] Elapsed training time:4.53s
[Twitter] Starting validation...
[Twitter] Elapsed validation time:0.35s
[Twitter] [Epoch=057] Train Loss=[QuantLoss=0.01503]Val loss = [QuantLoss=0.01457][QuantReg:0.39360]
[Twitter] Starting epoch 58...
[Twitter] Elapsed training time:4.34s
[Twitter] Starting validation...
[Twitter] Elapsed validation time:0.37s
[Twitter] [Epoch=058] Train Loss=[QuantLoss=0.01474]Val loss = [QuantLoss=0.02073][QuantReg:0.39526]
[Twitter] Starting epoch 59...
[Twitter] Elapsed training time:4.33s
[Twitter] Starting validation...
[Twitter] Elapsed validation time:0.36s
[Twitter] [Epoch=059] Train Loss=[QuantLoss=0.01373]Val loss = [QuantLoss=0.02046][QuantReg:0.39000]
[Twitter] Starting epoch 60...
[Twitter] Elapsed training time:4.50s
[Twitter] Starting validation...
[Twitter] Elapsed validation time:0.36s
[Twitter] [Epoch=060] Train Loss=[QuantLoss=0.01468]Val loss = [QuantLoss=0.01912][QuantReg:0.39281]
[Twitter] Starting epoch 61...
[Twitter] Elapsed training time:4.54s
[Twitter] Starting validation...
[Twitter] Elapsed validation time:0.25s
[Twitter] [Epoch=061] Train Loss=[QuantLoss=0.01475]Val loss = [QuantLoss=0.02422][QuantReg:0.39459]
[Twitter] Starting epoch 62...
[Twitter] Elapsed training time:4.34s
[Twitter] Starting validation...
[Twitter] Elapsed validation time:0.25s
[Twitter] [Epoch=062] Train Loss=[QuantLoss=0.01494]Val loss = [QuantLoss=0.02689][QuantReg:0.39356]
[Twitter] Starting epoch 63...
[Twitter] Elapsed training time:4.29s
[Twitter] Starting validation...
[Twitter] Elapsed validation time:0.23s
[Twitter] [Epoch=063] Train Loss=[QuantLoss=0.01415]Val loss = [QuantLoss=0.03318][QuantReg:0.39598]
[Twitter] Starting epoch 64...
[Twitter] Elapsed training time:4.40s
[Twitter] Starting validation...
[Twitter] Elapsed validation time:0.25s
[Twitter] [Epoch=064] Train Loss=[QuantLoss=0.01293]Val loss = [QuantLoss=0.02331][QuantReg:0.39468]
[Twitter] Starting epoch 65...
[Twitter] Elapsed training time:4.39s
[Twitter] Starting validation...
[Twitter] Elapsed validation time:0.23s
[Twitter] [Epoch=065] Train Loss=[QuantLoss=0.01462]Val loss = [QuantLoss=0.02731][QuantReg:0.39316]
[Twitter] Starting epoch 66...
[Twitter] Elapsed training time:4.47s
[Twitter] Starting validation...
[Twitter] Elapsed validation time:0.24s
[Twitter] [Epoch=066] Train Loss=[QuantLoss=0.01462]Val loss = [QuantLoss=0.02496][QuantReg:0.39825]
[Twitter] Starting epoch 67...
[Twitter] Elapsed training time:4.35s
[Twitter] Starting validation...
[Twitter] Elapsed validation time:0.24s
[Twitter] [Epoch=067] Train Loss=[QuantLoss=0.01424]Val loss = [QuantLoss=0.01792][QuantReg:0.39797]
[Twitter] Starting epoch 68...
[Twitter] Elapsed training time:4.60s
[Twitter] Starting validation...
[Twitter] Elapsed validation time:0.26s
[Twitter] [Epoch=068] Train Loss=[QuantLoss=0.01327]Val loss = [QuantLoss=0.02213][QuantReg:0.39619]
[Twitter] Starting epoch 69...
[Twitter] Elapsed training time:4.46s
[Twitter] Starting validation...
[Twitter] Elapsed validation time:0.26s
[Twitter] [Epoch=069] Train Loss=[QuantLoss=0.01391]Val loss = [QuantLoss=0.01721][QuantReg:0.39799]
[Twitter] Starting epoch 70...
[Twitter] Elapsed training time:4.42s
[Twitter] Starting validation...
[Twitter] Elapsed validation time:0.24s
[Twitter] [Epoch=070] Train Loss=[QuantLoss=0.01425]Val loss = [QuantLoss=0.02331][QuantReg:0.39853]
[Twitter] Starting epoch 71...
[Twitter] Elapsed training time:4.22s
[Twitter] Starting validation...
[Twitter] Elapsed validation time:0.24s
[Twitter] [Epoch=071] Train Loss=[QuantLoss=0.01356]Val loss = [QuantLoss=0.02396][QuantReg:0.39676]
[Twitter] Starting epoch 72...
[Twitter] Elapsed training time:4.27s
[Twitter] Starting validation...
[Twitter] Elapsed validation time:0.23s
[Twitter] [Epoch=072] Train Loss=[QuantLoss=0.01387]Val loss = [QuantLoss=0.02751][QuantReg:0.39886]
[Twitter] Starting epoch 73...
[Twitter] Elapsed training time:4.35s
[Twitter] Starting validation...
[Twitter] Elapsed validation time:0.23s
[Twitter] [Epoch=073] Train Loss=[QuantLoss=0.01441]Val loss = [QuantLoss=0.03118][QuantReg:0.39552]
[Twitter] Starting epoch 74...
[Twitter] Elapsed training time:4.36s
[Twitter] Starting validation...
[Twitter] Elapsed validation time:0.24s
[Twitter] [Epoch=074] Train Loss=[QuantLoss=0.01494]Val loss = [QuantLoss=0.02467][QuantReg:0.40202]
[Twitter] Starting epoch 75...
[Twitter] Elapsed training time:4.40s
[Twitter] Starting validation...
[Twitter] Elapsed validation time:0.26s
[Twitter] [Epoch=075] Train Loss=[QuantLoss=0.01404]Val loss = [QuantLoss=0.02309][QuantReg:0.40451]
[Twitter] Starting epoch 76...
[Twitter] Elapsed training time:4.50s
[Twitter] Starting validation...
[Twitter] Elapsed validation time:0.22s
[Twitter] [Epoch=076] Train Loss=[QuantLoss=0.01471]Val loss = [QuantLoss=0.02482][QuantReg:0.40315]
[Twitter] Starting epoch 77...
[Twitter] Elapsed training time:4.38s
[Twitter] Starting validation...
[Twitter] Elapsed validation time:0.23s
[Twitter] [Epoch=077] Train Loss=[QuantLoss=0.01352]Val loss = [QuantLoss=0.02219][QuantReg:0.39688]
[Twitter] Starting epoch 78...
[Twitter] Elapsed training time:4.50s
[Twitter] Starting validation...
[Twitter] Elapsed validation time:0.24s
[Twitter] [Epoch=078] Train Loss=[QuantLoss=0.01380]Val loss = [QuantLoss=0.02344][QuantReg:0.40041]
[Twitter] Starting epoch 79...
[Twitter] Elapsed training time:4.34s
[Twitter] Starting validation...
[Twitter] Elapsed validation time:0.25s
[Twitter] [Epoch=079] Train Loss=[QuantLoss=0.01497]Val loss = [QuantLoss=0.02675][QuantReg:0.40160]
[Twitter] Starting epoch 80...
[Twitter] Elapsed training time:4.46s
[Twitter] Starting validation...
[Twitter] Elapsed validation time:0.23s
[Twitter] [Epoch=080] Train Loss=[QuantLoss=0.01436]Val loss = [QuantLoss=0.01453][QuantReg:0.39936]
[Twitter] Starting epoch 81...
[Twitter] Elapsed training time:4.59s
[Twitter] Starting validation...
[Twitter] Elapsed validation time:0.25s
[Twitter] [Epoch=081] Train Loss=[QuantLoss=0.01304]Val loss = [QuantLoss=0.02621][QuantReg:0.39601]
[Twitter] Starting epoch 82...
[Twitter] Elapsed training time:4.24s
[Twitter] Starting validation...
[Twitter] Elapsed validation time:0.24s
[Twitter] [Epoch=082] Train Loss=[QuantLoss=0.01224]Val loss = [QuantLoss=0.02295][QuantReg:0.39487]
[Twitter] Starting epoch 83...
[Twitter] Elapsed training time:4.55s
[Twitter] Starting validation...
[Twitter] Elapsed validation time:0.23s
[Twitter] [Epoch=083] Train Loss=[QuantLoss=0.01418]Val loss = [QuantLoss=0.01805][QuantReg:0.39914]
[Twitter] Starting epoch 84...
[Twitter] Elapsed training time:4.36s
[Twitter] Starting validation...
[Twitter] Elapsed validation time:0.19s
[Twitter] [Epoch=084] Train Loss=[QuantLoss=0.01279]Val loss = [QuantLoss=0.01298][QuantReg:0.40250]
[Twitter] Starting epoch 85...
[Twitter] Elapsed training time:4.49s
[Twitter] Starting validation...
[Twitter] Elapsed validation time:0.20s
[Twitter] [Epoch=085] Train Loss=[QuantLoss=0.01331]Val loss = [QuantLoss=0.02568][QuantReg:0.39827]
[Twitter] Starting epoch 86...
[Twitter] Elapsed training time:4.53s
[Twitter] Starting validation...
[Twitter] Elapsed validation time:0.21s
[Twitter] [Epoch=086] Train Loss=[QuantLoss=0.01204]Val loss = [QuantLoss=0.03366][QuantReg:0.39892]
[Twitter] Starting epoch 87...
[Twitter] Elapsed training time:4.72s
[Twitter] Starting validation...
[Twitter] Elapsed validation time:0.23s
[Twitter] [Epoch=087] Train Loss=[QuantLoss=0.01237]Val loss = [QuantLoss=0.02981][QuantReg:0.40070]
[Twitter] Starting epoch 88...
[Twitter] Elapsed training time:5.04s
[Twitter] Starting validation...
[Twitter] Elapsed validation time:0.21s
[Twitter] [Epoch=088] Train Loss=[QuantLoss=0.01288]Val loss = [QuantLoss=0.03559][QuantReg:0.39684]
[Twitter] Starting epoch 89...
[Twitter] Elapsed training time:5.06s
[Twitter] Starting validation...
[Twitter] Elapsed validation time:0.21s
[Twitter] [Epoch=089] Train Loss=[QuantLoss=0.01294]Val loss = [QuantLoss=0.02578][QuantReg:0.39689]
[Twitter] Starting epoch 90...
[Twitter] Elapsed training time:4.77s
[Twitter] Starting validation...
[Twitter] Elapsed validation time:0.21s
[Twitter] [Epoch=090] Train Loss=[QuantLoss=0.01316]Val loss = [QuantLoss=0.01652][QuantReg:0.39662]
[Twitter] Starting epoch 91...
[Twitter] Elapsed training time:4.61s
[Twitter] Starting validation...
[Twitter] Elapsed validation time:0.23s
[Twitter] [Epoch=091] Train Loss=[QuantLoss=0.01198]Val loss = [QuantLoss=0.01831][QuantReg:0.39920]
[Twitter] Starting epoch 92...
[Twitter] Elapsed training time:4.76s
[Twitter] Starting validation...
[Twitter] Elapsed validation time:0.26s
[Twitter] [Epoch=092] Train Loss=[QuantLoss=0.01303]Val loss = [QuantLoss=0.02713][QuantReg:0.39987]
[Twitter] Starting epoch 93...
[Twitter] Elapsed training time:4.24s
[Twitter] Starting validation...
[Twitter] Elapsed validation time:0.24s
[Twitter] [Epoch=093] Train Loss=[QuantLoss=0.01328]Val loss = [QuantLoss=0.02315][QuantReg:0.40033]
[Twitter] Starting epoch 94...
[Twitter] Elapsed training time:4.24s
[Twitter] Starting validation...
[Twitter] Elapsed validation time:0.26s
[Twitter] [Epoch=094] Train Loss=[QuantLoss=0.01269]Val loss = [QuantLoss=0.02476][QuantReg:0.40462]
[Twitter] Starting epoch 95...
[Twitter] Elapsed training time:4.25s
[Twitter] Starting validation...
[Twitter] Elapsed validation time:0.27s
[Twitter] [Epoch=095] Train Loss=[QuantLoss=0.01296]Val loss = [QuantLoss=0.02384][QuantReg:0.40694]
[Twitter] Starting epoch 96...
[Twitter] Elapsed training time:4.25s
[Twitter] Starting validation...
[Twitter] Elapsed validation time:0.25s
[Twitter] [Epoch=096] Train Loss=[QuantLoss=0.01221]Val loss = [QuantLoss=0.02764][QuantReg:0.40325]
[Twitter] Starting epoch 97...
[Twitter] Elapsed training time:4.32s
[Twitter] Starting validation...
[Twitter] Elapsed validation time:0.25s
[Twitter] [Epoch=097] Train Loss=[QuantLoss=0.01275]Val loss = [QuantLoss=0.03591][QuantReg:0.39988]
[Twitter] Starting epoch 98...
[Twitter] Elapsed training time:4.22s
[Twitter] Starting validation...
[Twitter] Elapsed validation time:0.37s
[Twitter] [Epoch=098] Train Loss=[QuantLoss=0.01192]Val loss = [QuantLoss=0.03123][QuantReg:0.39812]
[Twitter] Starting epoch 99...
[Twitter] Elapsed training time:4.31s
[Twitter] Starting validation...
[Twitter] Elapsed validation time:0.25s
[Twitter] [Epoch=099] Train Loss=[QuantLoss=0.01225]Val loss = [QuantLoss=0.02835][QuantReg:0.39797]
[Twitter] Starting epoch 100...
[Twitter] Elapsed training time:4.31s
[Twitter] Starting validation...
[Twitter] Elapsed validation time:0.35s
[Twitter] [Epoch=100] Train Loss=[QuantLoss=0.01297]Val loss = [QuantLoss=0.02099][QuantReg:0.39795]
[Twitter] Starting epoch 101...
[Twitter] Elapsed training time:4.43s
[Twitter] Starting validation...
[Twitter] Elapsed validation time:0.25s
[Twitter] [Epoch=101] Train Loss=[QuantLoss=0.01254]Val loss = [QuantLoss=0.02185][QuantReg:0.39414]
[Twitter] Starting epoch 102...
[Twitter] Elapsed training time:4.33s
[Twitter] Starting validation...
[Twitter] Elapsed validation time:0.35s
[Twitter] [Epoch=102] Train Loss=[QuantLoss=0.01222]Val loss = [QuantLoss=0.02241][QuantReg:0.39357]
[Twitter] Starting epoch 103...
[Twitter] Elapsed training time:4.25s
[Twitter] Starting validation...
[Twitter] Elapsed validation time:0.37s
[Twitter] [Epoch=103] Train Loss=[QuantLoss=0.01200]Val loss = [QuantLoss=0.02246][QuantReg:0.39433]
[Twitter] Starting epoch 104...
[Twitter] Elapsed training time:4.48s
[Twitter] Starting validation...
[Twitter] Elapsed validation time:0.35s
[Twitter] [Epoch=104] Train Loss=[QuantLoss=0.01260]Val loss = [QuantLoss=0.02894][QuantReg:0.39572]
[Twitter] Starting epoch 105...
[Twitter] Elapsed training time:4.30s
[Twitter] Starting validation...
[Twitter] Elapsed validation time:0.36s
[Twitter] [Epoch=105] Train Loss=[QuantLoss=0.01208]Val loss = [QuantLoss=0.02134][QuantReg:0.39539]
[Twitter] Starting epoch 106...
[Twitter] Elapsed training time:4.40s
[Twitter] Starting validation...
[Twitter] Elapsed validation time:0.36s
[Twitter] [Epoch=106] Train Loss=[QuantLoss=0.01249]Val loss = [QuantLoss=0.02542][QuantReg:0.39613]
[Twitter] Starting epoch 107...
[Twitter] Elapsed training time:4.42s
[Twitter] Starting validation...
[Twitter] Elapsed validation time:0.36s
[Twitter] [Epoch=107] Train Loss=[QuantLoss=0.01203]Val loss = [QuantLoss=0.01986][QuantReg:0.39545]
[Twitter] Starting epoch 108...
[Twitter] Elapsed training time:4.35s
[Twitter] Starting validation...
[Twitter] Elapsed validation time:0.35s
[Twitter] [Epoch=108] Train Loss=[QuantLoss=0.01269]Val loss = [QuantLoss=0.02440][QuantReg:0.40011]
[Twitter] Starting epoch 109...
[Twitter] Elapsed training time:4.38s
[Twitter] Starting validation...
[Twitter] Elapsed validation time:0.36s
[Twitter] [Epoch=109] Train Loss=[QuantLoss=0.01188]Val loss = [QuantLoss=0.02495][QuantReg:0.39830]
[Twitter] Starting epoch 110...
[Twitter] Elapsed training time:4.55s
[Twitter] Starting validation...
[Twitter] Elapsed validation time:0.35s
[Twitter] [Epoch=110] Train Loss=[QuantLoss=0.01244]Val loss = [QuantLoss=0.02028][QuantReg:0.39860]
[Twitter] Starting epoch 111...
[Twitter] Elapsed training time:4.43s
[Twitter] Starting validation...
[Twitter] Elapsed validation time:0.36s
[Twitter] [Epoch=111] Train Loss=[QuantLoss=0.01195]Val loss = [QuantLoss=0.03093][QuantReg:0.39645]
[Twitter] Starting epoch 112...
[Twitter] Elapsed training time:4.51s
[Twitter] Starting validation...
[Twitter] Elapsed validation time:0.36s
[Twitter] [Epoch=112] Train Loss=[QuantLoss=0.01269]Val loss = [QuantLoss=0.02389][QuantReg:0.39447]
[Twitter] Starting epoch 113...
[Twitter] Elapsed training time:4.50s
[Twitter] Starting validation...
[Twitter] Elapsed validation time:0.34s
[Twitter] [Epoch=113] Train Loss=[QuantLoss=0.01211]Val loss = [QuantLoss=0.02910][QuantReg:0.39539]
[Twitter] Starting epoch 114...
[Twitter] Elapsed training time:4.18s
[Twitter] Starting validation...
[Twitter] Elapsed validation time:0.36s
[Twitter] [Epoch=114] Train Loss=[QuantLoss=0.01232]Val loss = [QuantLoss=0.02280][QuantReg:0.39171]
[Twitter] Starting epoch 115...
[Twitter] Elapsed training time:4.27s
[Twitter] Starting validation...
[Twitter] Elapsed validation time:0.35s
[Twitter] [Epoch=115] Train Loss=[QuantLoss=0.01214]Val loss = [QuantLoss=0.03157][QuantReg:0.39006]
[Twitter] Starting epoch 116...
[Twitter] Elapsed training time:4.29s
[Twitter] Starting validation...
[Twitter] Elapsed validation time:0.37s
[Twitter] [Epoch=116] Train Loss=[QuantLoss=0.01256]Val loss = [QuantLoss=0.02823][QuantReg:0.39149]
[Twitter] Starting epoch 117...
[Twitter] Elapsed training time:4.45s
[Twitter] Starting validation...
[Twitter] Elapsed validation time:0.36s
[Twitter] [Epoch=117] Train Loss=[QuantLoss=0.01232]Val loss = [QuantLoss=0.02125][QuantReg:0.39459]
[Twitter] Starting epoch 118...
[Twitter] Elapsed training time:4.39s
[Twitter] Starting validation...
[Twitter] Elapsed validation time:0.35s
[Twitter] [Epoch=118] Train Loss=[QuantLoss=0.01213]Val loss = [QuantLoss=0.01501][QuantReg:0.39382]
[Twitter] Starting epoch 119...
[Twitter] Elapsed training time:4.03s
[Twitter] Starting validation...
[Twitter] Elapsed validation time:0.28s
[Twitter] [Epoch=119] Train Loss=[QuantLoss=0.01218]Val loss = [QuantLoss=0.02016][QuantReg:0.39286]
[Twitter] Starting epoch 120...
[Twitter] Elapsed training time:3.97s
[Twitter] Starting validation...
[Twitter] Elapsed validation time:0.36s
[Twitter] [Epoch=120] Train Loss=[QuantLoss=0.01213]Val loss = [QuantLoss=0.01700][QuantReg:0.39388]
[Twitter] Starting epoch 121...
[Twitter] Elapsed training time:4.47s
[Twitter] Starting validation...
[Twitter] Elapsed validation time:0.35s
[Twitter] [Epoch=121] Train Loss=[QuantLoss=0.01153]Val loss = [QuantLoss=0.01720][QuantReg:0.39316]
[Twitter] Starting epoch 122...
[Twitter] Elapsed training time:4.34s
[Twitter] Starting validation...
[Twitter] Elapsed validation time:0.35s
[Twitter] [Epoch=122] Train Loss=[QuantLoss=0.01110]Val loss = [QuantLoss=0.01867][QuantReg:0.39360]
[Twitter] Starting epoch 123...
[Twitter] Elapsed training time:4.29s
[Twitter] Starting validation...
[Twitter] Elapsed validation time:0.36s
[Twitter] [Epoch=123] Train Loss=[QuantLoss=0.01211]Val loss = [QuantLoss=0.01585][QuantReg:0.39487]
[Twitter] Starting epoch 124...
[Twitter] Elapsed training time:4.36s
[Twitter] Starting validation...
[Twitter] Elapsed validation time:0.35s
[Twitter] [Epoch=124] Train Loss=[QuantLoss=0.01162]Val loss = [QuantLoss=0.01393][QuantReg:0.39289]
[Twitter] Starting epoch 125...
[Twitter] Elapsed training time:4.34s
[Twitter] Starting validation...
[Twitter] Elapsed validation time:0.37s
[Twitter] [Epoch=125] Train Loss=[QuantLoss=0.01084]Val loss = [QuantLoss=0.02137][QuantReg:0.39268]
[Twitter] Starting epoch 126...
[Twitter] Elapsed training time:4.48s
[Twitter] Starting validation...
[Twitter] Elapsed validation time:0.38s
[Twitter] [Epoch=126] Train Loss=[QuantLoss=0.01233]Val loss = [QuantLoss=0.02704][QuantReg:0.39146]
[Twitter] Starting epoch 127...
[Twitter] Elapsed training time:4.58s
[Twitter] Starting validation...
[Twitter] Elapsed validation time:0.37s
[Twitter] [Epoch=127] Train Loss=[QuantLoss=0.01179]Val loss = [QuantLoss=0.01890][QuantReg:0.39216]
[Twitter] Starting epoch 128...
[Twitter] Elapsed training time:4.85s
[Twitter] Starting validation...
[Twitter] Elapsed validation time:0.34s
[Twitter] [Epoch=128] Train Loss=[QuantLoss=0.01214]Val loss = [QuantLoss=0.01969][QuantReg:0.39328]
[Twitter] Starting epoch 129...
[Twitter] Elapsed training time:4.79s
[Twitter] Starting validation...
[Twitter] Elapsed validation time:0.34s
[Twitter] [Epoch=129] Train Loss=[QuantLoss=0.01155]Val loss = [QuantLoss=0.01829][QuantReg:0.39484]
[Twitter] Starting epoch 130...
[Twitter] Elapsed training time:5.03s
[Twitter] Starting validation...
[Twitter] Elapsed validation time:0.35s
[Twitter] [Epoch=130] Train Loss=[QuantLoss=0.01158]Val loss = [QuantLoss=0.02042][QuantReg:0.39414]
[Twitter] Starting epoch 131...
[Twitter] Elapsed training time:4.82s
[Twitter] Starting validation...
[Twitter] Elapsed validation time:0.31s
[Twitter] [Epoch=131] Train Loss=[QuantLoss=0.01088]Val loss = [QuantLoss=0.01706][QuantReg:0.39514]
[Twitter] Starting epoch 132...
[Twitter] Elapsed training time:4.85s
[Twitter] Starting validation...
[Twitter] Elapsed validation time:0.32s
[Twitter] [Epoch=132] Train Loss=[QuantLoss=0.01124]Val loss = [QuantLoss=0.01572][QuantReg:0.39727]
[Twitter] Starting epoch 133...
[Twitter] Elapsed training time:4.52s
[Twitter] Starting validation...
[Twitter] Elapsed validation time:0.34s
[Twitter] [Epoch=133] Train Loss=[QuantLoss=0.01184]Val loss = [QuantLoss=0.01440][QuantReg:0.39578]
[Twitter] Starting epoch 134...
[Twitter] Elapsed training time:4.28s
[Twitter] Starting validation...
[Twitter] Elapsed validation time:0.37s
[Twitter] [Epoch=134] Train Loss=[QuantLoss=0.01149]Val loss = [QuantLoss=0.01347][QuantReg:0.39479]
[Twitter] Starting epoch 135...
[Twitter] Elapsed training time:4.37s
[Twitter] Starting validation...
[Twitter] Elapsed validation time:0.25s
[Twitter] [Epoch=135] Train Loss=[QuantLoss=0.01113]Val loss = [QuantLoss=0.02030][QuantReg:0.39523]
[Twitter] Starting epoch 136...
[Twitter] Elapsed training time:4.15s
[Twitter] Starting validation...
[Twitter] Elapsed validation time:0.25s
[Twitter] [Epoch=136] Train Loss=[QuantLoss=0.01184]Val loss = [QuantLoss=0.01423][QuantReg:0.39477]
[Twitter] Starting epoch 137...
[Twitter] Elapsed training time:4.28s
[Twitter] Starting validation...
[Twitter] Elapsed validation time:0.23s
[Twitter] [Epoch=137] Train Loss=[QuantLoss=0.01227]Val loss = [QuantLoss=0.01593][QuantReg:0.39333]
[Twitter] Starting epoch 138...
[Twitter] Elapsed training time:4.43s
[Twitter] Starting validation...
[Twitter] Elapsed validation time:0.20s
[Twitter] [Epoch=138] Train Loss=[QuantLoss=0.01177]Val loss = [QuantLoss=0.01105][QuantReg:0.39293]
[Twitter] Early stopping in epoch 138!
[Twitter] Restoring best model...
MAE médio por bag: 0.0349 ± 0.0198
Salvo em resultados_sanders/resultados_twitter_bert_4.csv
Dataset: /home/nildaimon/gmnet/experiments/train_curl/Datasets/Sanders/twitter-sanders-apple3.csv
Dificuldade: metric=kl, mode=hardest, top_k=None
Rodada: 4
Salvar resultados em: resultados_sanders
Dispositivo de treino: cpu
Carregando e processando dataset Twitter
Carregando embeddings do cache...
/home/nildaimon/gmnet/experiments/train_curl/train_sanders.py:89: FutureWarning: You are using `torch.load` with `weights_only=False` (the current default value), which uses the default pickle module implicitly. It is possible to construct malicious pickle data which will execute arbitrary code during unpickling (See https://github.com/pytorch/pytorch/blob/main/SECURITY.md#untrusted-models for more details). In a future release, the default value for `weights_only` will be flipped to `True`. This limits the functions that could be executed during unpickling. Arbitrary objects will no longer be allowed to be loaded via this mode unless they are explicitly allowlisted by the user via `torch.serialization.add_safe_globals`. We recommend you start setting `weights_only=True` for any use case where you don't have full control of the loaded file. Please open an issue on GitHub for any issues related to this experimental feature.
  embeddings = torch.load(EMBEDDING_CACHE)
/home/nildaimon/gmnet/experiments/train_curl/train_sanders.py:90: FutureWarning: You are using `torch.load` with `weights_only=False` (the current default value), which uses the default pickle module implicitly. It is possible to construct malicious pickle data which will execute arbitrary code during unpickling (See https://github.com/pytorch/pytorch/blob/main/SECURITY.md#untrusted-models for more details). In a future release, the default value for `weights_only` will be flipped to `True`. This limits the functions that could be executed during unpickling. Arbitrary objects will no longer be allowed to be loaded via this mode unless they are explicitly allowlisted by the user via `torch.serialization.add_safe_globals`. We recommend you start setting `weights_only=True` for any use case where you don't have full control of the loaded file. Please open an issue on GitHub for any issues related to this experimental feature.
  labels = torch.load(LABELS_CACHE)
Ignoring val_split as train and val datasets where given to fit function
We have two datasets: training 1092 examples. validation 100 examples.]
Using device cpu
/home/nildaimon/anaconda3/envs/gmnet/lib/python3.12/site-packages/torch/optim/lr_scheduler.py:62: UserWarning: The verbose parameter is deprecated. Please use get_last_lr() to access the learning rate.
  warnings.warn(
/home/nildaimon/gmnet/dlquantification/main.py:835: FutureWarning: `torch.cuda.amp.GradScaler(args...)` is deprecated. Please use `torch.amp.GradScaler('cuda', args...)` instead.
  scaler = torch.cuda.amp.GradScaler(enabled=self.use_fp16)
[Twitter] Starting epoch 0...
/home/nildaimon/gmnet/dlquantification/main.py:888: FutureWarning: `torch.cuda.amp.autocast(args...)` is deprecated. Please use `torch.amp.autocast('cuda', args...)` instead.
  with torch.cuda.amp.autocast(enabled=self.use_fp16):
[Twitter] Elapsed training time:4.73s
[Twitter] Starting validation...
[Twitter] Elapsed validation time:0.23s
[Twitter] [Epoch=000] Train Loss=[QuantLoss=0.09043]Val loss = [QuantLoss=0.10776][QuantReg:0.62704][saved best model in this epoch]
[Twitter] Starting epoch 1...
[Twitter] Elapsed training time:4.71s
[Twitter] Starting validation...
[Twitter] Elapsed validation time:0.22s
[Twitter] [Epoch=001] Train Loss=[QuantLoss=0.09297]Val loss = [QuantLoss=0.10000][QuantReg:0.59796][saved best model in this epoch]
[Twitter] Starting epoch 2...
[Twitter] Elapsed training time:4.64s
[Twitter] Starting validation...
[Twitter] Elapsed validation time:0.26s
[Twitter] [Epoch=002] Train Loss=[QuantLoss=0.08923]Val loss = [QuantLoss=0.15983][QuantReg:0.55630]
[Twitter] Starting epoch 3...
[Twitter] Elapsed training time:4.93s
[Twitter] Starting validation...
[Twitter] Elapsed validation time:0.23s
[Twitter] [Epoch=003] Train Loss=[QuantLoss=0.08793]Val loss = [QuantLoss=0.10064][QuantReg:0.53230]
[Twitter] Starting epoch 4...
[Twitter] Elapsed training time:4.85s
[Twitter] Starting validation...
[Twitter] Elapsed validation time:0.23s
[Twitter] [Epoch=004] Train Loss=[QuantLoss=0.08057]Val loss = [QuantLoss=0.09223][QuantReg:0.56825][saved best model in this epoch]
[Twitter] Starting epoch 5...
[Twitter] Elapsed training time:4.83s
[Twitter] Starting validation...
[Twitter] Elapsed validation time:0.22s
[Twitter] [Epoch=005] Train Loss=[QuantLoss=0.07367]Val loss = [QuantLoss=0.05875][QuantReg:0.56922][saved best model in this epoch]
[Twitter] Starting epoch 6...
[Twitter] Elapsed training time:4.85s
[Twitter] Starting validation...
[Twitter] Elapsed validation time:0.22s
[Twitter] [Epoch=006] Train Loss=[QuantLoss=0.07230]Val loss = [QuantLoss=0.01689][QuantReg:0.56349][saved best model in this epoch]
[Twitter] Starting epoch 7...
[Twitter] Elapsed training time:4.78s
[Twitter] Starting validation...
[Twitter] Elapsed validation time:0.22s
[Twitter] [Epoch=007] Train Loss=[QuantLoss=0.07203]Val loss = [QuantLoss=0.07273][QuantReg:0.57879]
[Twitter] Starting epoch 8...
[Twitter] Elapsed training time:4.90s
[Twitter] Starting validation...
[Twitter] Elapsed validation time:0.26s
[Twitter] [Epoch=008] Train Loss=[QuantLoss=0.06602]Val loss = [QuantLoss=0.18080][QuantReg:0.56043]
[Twitter] Starting epoch 9...
[Twitter] Elapsed training time:4.87s
[Twitter] Starting validation...
[Twitter] Elapsed validation time:0.24s
[Twitter] [Epoch=009] Train Loss=[QuantLoss=0.06583]Val loss = [QuantLoss=0.08748][QuantReg:0.55824]
[Twitter] Starting epoch 10...
[Twitter] Elapsed training time:4.81s
[Twitter] Starting validation...
[Twitter] Elapsed validation time:0.23s
[Twitter] [Epoch=010] Train Loss=[QuantLoss=0.06860]Val loss = [QuantLoss=0.10148][QuantReg:0.57106]
[Twitter] Starting epoch 11...
[Twitter] Elapsed training time:4.43s
[Twitter] Starting validation...
[Twitter] Elapsed validation time:0.24s
[Twitter] [Epoch=011] Train Loss=[QuantLoss=0.07122]Val loss = [QuantLoss=0.10541][QuantReg:0.56069]
[Twitter] Starting epoch 12...
[Twitter] Elapsed training time:4.55s
[Twitter] Starting validation...
[Twitter] Elapsed validation time:0.22s
[Twitter] [Epoch=012] Train Loss=[QuantLoss=0.06829]Val loss = [QuantLoss=0.07750][QuantReg:0.56398]
[Twitter] Starting epoch 13...
[Twitter] Elapsed training time:4.32s
[Twitter] Starting validation...
[Twitter] Elapsed validation time:0.25s
[Twitter] [Epoch=013] Train Loss=[QuantLoss=0.06715]Val loss = [QuantLoss=0.12011][QuantReg:0.55691]
[Twitter] Starting epoch 14...
[Twitter] Elapsed training time:4.29s
[Twitter] Starting validation...
[Twitter] Elapsed validation time:0.23s
[Twitter] [Epoch=014] Train Loss=[QuantLoss=0.06731]Val loss = [QuantLoss=0.14860][QuantReg:0.55695]
[Twitter] Starting epoch 15...
[Twitter] Elapsed training time:4.31s
[Twitter] Starting validation...
[Twitter] Elapsed validation time:0.25s
[Twitter] [Epoch=015] Train Loss=[QuantLoss=0.06686]Val loss = [QuantLoss=0.17981][QuantReg:0.52943]
[Twitter] Starting epoch 16...
[Twitter] Elapsed training time:4.25s
[Twitter] Starting validation...
[Twitter] Elapsed validation time:0.24s
[Twitter] [Epoch=016] Train Loss=[QuantLoss=0.06875]Val loss = [QuantLoss=0.26999][QuantReg:0.50960]
[Twitter] Starting epoch 17...
[Twitter] Elapsed training time:4.31s
[Twitter] Starting validation...
[Twitter] Elapsed validation time:0.23s
[Twitter] [Epoch=017] Train Loss=[QuantLoss=0.06645]Val loss = [QuantLoss=0.17810][QuantReg:0.53109]
[Twitter] Starting epoch 18...
[Twitter] Elapsed training time:4.41s
[Twitter] Starting validation...
[Twitter] Elapsed validation time:0.24s
[Twitter] [Epoch=018] Train Loss=[QuantLoss=0.06205]Val loss = [QuantLoss=0.01655][QuantReg:0.53262][saved best model in this epoch]
[Twitter] Starting epoch 19...
[Twitter] Elapsed training time:4.29s
[Twitter] Starting validation...
[Twitter] Elapsed validation time:0.24s
[Twitter] [Epoch=019] Train Loss=[QuantLoss=0.06189]Val loss = [QuantLoss=0.02450][QuantReg:0.52488]
[Twitter] Starting epoch 20...
[Twitter] Elapsed training time:4.34s
[Twitter] Starting validation...
[Twitter] Elapsed validation time:0.24s
[Twitter] [Epoch=020] Train Loss=[QuantLoss=0.05780]Val loss = [QuantLoss=0.09745][QuantReg:0.54203]
[Twitter] Starting epoch 21...
[Twitter] Elapsed training time:4.40s
[Twitter] Starting validation...
[Twitter] Elapsed validation time:0.23s
[Twitter] [Epoch=021] Train Loss=[QuantLoss=0.05866]Val loss = [QuantLoss=0.02254][QuantReg:0.53122]
[Twitter] Starting epoch 22...
[Twitter] Elapsed training time:4.46s
[Twitter] Starting validation...
[Twitter] Elapsed validation time:0.24s
[Twitter] [Epoch=022] Train Loss=[QuantLoss=0.05658]Val loss = [QuantLoss=0.08049][QuantReg:0.51757]
[Twitter] Starting epoch 23...
[Twitter] Elapsed training time:4.49s
[Twitter] Starting validation...
[Twitter] Elapsed validation time:0.24s
[Twitter] [Epoch=023] Train Loss=[QuantLoss=0.05936]Val loss = [QuantLoss=0.03734][QuantReg:0.52610]
[Twitter] Starting epoch 24...
[Twitter] Elapsed training time:4.28s
[Twitter] Starting validation...
[Twitter] Elapsed validation time:0.24s
[Twitter] [Epoch=024] Train Loss=[QuantLoss=0.06463]Val loss = [QuantLoss=0.04819][QuantReg:0.53788]
[Twitter] Starting epoch 25...
[Twitter] Elapsed training time:4.21s
[Twitter] Starting validation...
[Twitter] Elapsed validation time:0.23s
[Twitter] [Epoch=025] Train Loss=[QuantLoss=0.05409]Val loss = [QuantLoss=0.32295][QuantReg:0.54774]
[Twitter] Starting epoch 26...
[Twitter] Elapsed training time:4.28s
[Twitter] Starting validation...
[Twitter] Elapsed validation time:0.36s
[Twitter] [Epoch=026] Train Loss=[QuantLoss=0.06011]Val loss = [QuantLoss=0.04654][QuantReg:0.54215]
[Twitter] Starting epoch 27...
[Twitter] Elapsed training time:4.32s
[Twitter] Starting validation...
[Twitter] Elapsed validation time:0.35s
[Twitter] [Epoch=027] Train Loss=[QuantLoss=0.05736]Val loss = [QuantLoss=0.45254][QuantReg:0.55771]
[Twitter] Starting epoch 28...
[Twitter] Elapsed training time:4.41s
[Twitter] Starting validation...
[Twitter] Elapsed validation time:0.36s
[Twitter] [Epoch=028] Train Loss=[QuantLoss=0.05658]Val loss = [QuantLoss=0.33384][QuantReg:0.55568]
[Twitter] Starting epoch 29...
[Twitter] Elapsed training time:4.34s
[Twitter] Starting validation...
[Twitter] Elapsed validation time:0.36s
[Twitter] [Epoch=029] Train Loss=[QuantLoss=0.06620]Val loss = [QuantLoss=0.06683][QuantReg:0.53542]
[Twitter] Starting epoch 30...
[Twitter] Elapsed training time:4.45s
[Twitter] Starting validation...
[Twitter] Elapsed validation time:0.38s
[Twitter] [Epoch=030] Train Loss=[QuantLoss=0.05680]Val loss = [QuantLoss=0.25034][QuantReg:0.54099]
[Twitter] Starting epoch 31...
[Twitter] Elapsed training time:4.34s
[Twitter] Starting validation...
[Twitter] Elapsed validation time:0.36s
[Twitter] [Epoch=031] Train Loss=[QuantLoss=0.06326]Val loss = [QuantLoss=0.10324][QuantReg:0.55649]
[Twitter] Starting epoch 32...
[Twitter] Elapsed training time:4.51s
[Twitter] Starting validation...
[Twitter] Elapsed validation time:0.37s
[Twitter] [Epoch=032] Train Loss=[QuantLoss=0.06295]Val loss = [QuantLoss=0.03448][QuantReg:0.55483]
[Twitter] Starting epoch 33...
[Twitter] Elapsed training time:4.30s
[Twitter] Starting validation...
[Twitter] Elapsed validation time:0.34s
[Twitter] [Epoch=033] Train Loss=[QuantLoss=0.05916]Val loss = [QuantLoss=0.03836][QuantReg:0.54944]
[Twitter] Starting epoch 34...
[Twitter] Elapsed training time:4.54s
[Twitter] Starting validation...
[Twitter] Elapsed validation time:0.35s
[Twitter] [Epoch=034] Train Loss=[QuantLoss=0.06182]Val loss = [QuantLoss=0.03142][QuantReg:0.55606]
[Twitter] Starting epoch 35...
[Twitter] Elapsed training time:4.28s
[Twitter] Starting validation...
[Twitter] Elapsed validation time:0.36s
[Twitter] [Epoch=035] Train Loss=[QuantLoss=0.05933]Val loss = [QuantLoss=0.04337][QuantReg:0.54286]
[Twitter] Starting epoch 36...
[Twitter] Elapsed training time:4.29s
[Twitter] Starting validation...
[Twitter] Elapsed validation time:0.39s
[Twitter] [Epoch=036] Train Loss=[QuantLoss=0.06632]Val loss = [QuantLoss=0.14366][QuantReg:0.55070]
[Twitter] Starting epoch 37...
[Twitter] Elapsed training time:4.40s
[Twitter] Starting validation...
[Twitter] Elapsed validation time:0.36s
[Twitter] [Epoch=037] Train Loss=[QuantLoss=0.05877]Val loss = [QuantLoss=0.04038][QuantReg:0.54192]
[Twitter] Starting epoch 38...
[Twitter] Elapsed training time:4.25s
[Twitter] Starting validation...
[Twitter] Elapsed validation time:0.34s
[Twitter] [Epoch=038] Train Loss=[QuantLoss=0.06533]Val loss = [QuantLoss=0.04398][QuantReg:0.54449]
[Twitter] Starting epoch 39...
[Twitter] Elapsed training time:4.31s
[Twitter] Starting validation...
[Twitter] Elapsed validation time:0.34s
[Twitter] [Epoch=039] Train Loss=[QuantLoss=0.05402]Val loss = [QuantLoss=0.14476][QuantReg:0.53566]
[Twitter] Starting epoch 40...
[Twitter] Elapsed training time:4.35s
[Twitter] Starting validation...
[Twitter] Elapsed validation time:0.35s
[Twitter] [Epoch=040] Train Loss=[QuantLoss=0.06854]Val loss = [QuantLoss=0.12721][QuantReg:0.53457]
[Twitter] Starting epoch 41...
[Twitter] Elapsed training time:4.49s
[Twitter] Starting validation...
[Twitter] Elapsed validation time:0.36s
[Twitter] [Epoch=041] Train Loss=[QuantLoss=0.06155]Val loss = [QuantLoss=0.13204][QuantReg:0.53092]
[Twitter] Starting epoch 42...
[Twitter] Elapsed training time:4.44s
[Twitter] Starting validation...
[Twitter] Elapsed validation time:0.36s
[Twitter] [Epoch=042] Train Loss=[QuantLoss=0.06173]Val loss = [QuantLoss=0.11882][QuantReg:0.53018]
[Twitter] Starting epoch 43...
[Twitter] Elapsed training time:4.42s
[Twitter] Starting validation...
[Twitter] Elapsed validation time:0.36s
[Twitter] [Epoch=043] Train Loss=[QuantLoss=0.05809]Val loss = [QuantLoss=0.09641][QuantReg:0.52793]
[Twitter] Starting epoch 44...
[Twitter] Elapsed training time:4.66s
[Twitter] Starting validation...
[Twitter] Elapsed validation time:0.35s
[Twitter] [Epoch=044] Train Loss=[QuantLoss=0.05268]Val loss = [QuantLoss=0.11189][QuantReg:0.52744]
[Twitter] Starting epoch 45...
[Twitter] Elapsed training time:4.78s
[Twitter] Starting validation...
[Twitter] Elapsed validation time:0.36s
[Twitter] [Epoch=045] Train Loss=[QuantLoss=0.05013]Val loss = [QuantLoss=0.09845][QuantReg:0.52552]
[Twitter] Starting epoch 46...
[Twitter] Elapsed training time:4.47s
[Twitter] Starting validation...
[Twitter] Elapsed validation time:0.35s
[Twitter] [Epoch=046] Train Loss=[QuantLoss=0.05173]Val loss = [QuantLoss=0.09551][QuantReg:0.52504]
[Twitter] Starting epoch 47...
[Twitter] Elapsed training time:4.55s
[Twitter] Starting validation...
[Twitter] Elapsed validation time:0.36s
[Twitter] [Epoch=047] Train Loss=[QuantLoss=0.05022]Val loss = [QuantLoss=0.13058][QuantReg:0.52512]
[Twitter] Starting epoch 48...
[Twitter] Elapsed training time:4.47s
[Twitter] Starting validation...
[Twitter] Elapsed validation time:0.34s
[Twitter] [Epoch=048] Train Loss=[QuantLoss=0.04850]Val loss = [QuantLoss=0.12897][QuantReg:0.52420]
[Twitter] Starting epoch 49...
[Twitter] Elapsed training time:4.34s
[Twitter] Starting validation...
[Twitter] Elapsed validation time:0.35s
[Twitter] [Epoch=049] Train Loss=[QuantLoss=0.04753]Val loss = [QuantLoss=0.15203][QuantReg:0.52523]
[Twitter] Starting epoch 50...
[Twitter] Elapsed training time:4.48s
[Twitter] Starting validation...
[Twitter] Elapsed validation time:0.36s
[Twitter] [Epoch=050] Train Loss=[QuantLoss=0.05309]Val loss = [QuantLoss=0.14979][QuantReg:0.52598]
[Twitter] Starting epoch 51...
[Twitter] Elapsed training time:4.38s
[Twitter] Starting validation...
[Twitter] Elapsed validation time:0.37s
[Twitter] [Epoch=051] Train Loss=[QuantLoss=0.04860]Val loss = [QuantLoss=0.11763][QuantReg:0.52576]
[Twitter] Starting epoch 52...
[Twitter] Elapsed training time:4.48s
[Twitter] Starting validation...
[Twitter] Elapsed validation time:0.35s
[Twitter] [Epoch=052] Train Loss=[QuantLoss=0.04717]Val loss = [QuantLoss=0.13487][QuantReg:0.52283]
[Twitter] Starting epoch 53...
[Twitter] Elapsed training time:4.50s
[Twitter] Starting validation...
[Twitter] Elapsed validation time:0.34s
[Twitter] [Epoch=053] Train Loss=[QuantLoss=0.04680]Val loss = [QuantLoss=0.17189][QuantReg:0.52452]
[Twitter] Starting epoch 54...
[Twitter] Elapsed training time:4.79s
[Twitter] Starting validation...
[Twitter] Elapsed validation time:0.34s
[Twitter] [Epoch=054] Train Loss=[QuantLoss=0.04840]Val loss = [QuantLoss=0.13254][QuantReg:0.52293]
[Twitter] Starting epoch 55...
[Twitter] Elapsed training time:4.60s
[Twitter] Starting validation...
[Twitter] Elapsed validation time:0.37s
[Twitter] [Epoch=055] Train Loss=[QuantLoss=0.04529]Val loss = [QuantLoss=0.28140][QuantReg:0.52128]
[Twitter] Starting epoch 56...
[Twitter] Elapsed training time:4.99s
[Twitter] Starting validation...
[Twitter] Elapsed validation time:0.34s
[Twitter] [Epoch=056] Train Loss=[QuantLoss=0.05006]Val loss = [QuantLoss=0.12608][QuantReg:0.52183]
[Twitter] Starting epoch 57...
[Twitter] Elapsed training time:5.12s
[Twitter] Starting validation...
[Twitter] Elapsed validation time:0.33s
[Twitter] [Epoch=057] Train Loss=[QuantLoss=0.04775]Val loss = [QuantLoss=0.10647][QuantReg:0.51682]
[Twitter] Starting epoch 58...
[Twitter] Elapsed training time:4.67s
[Twitter] Starting validation...
[Twitter] Elapsed validation time:0.31s
[Twitter] [Epoch=058] Train Loss=[QuantLoss=0.04616]Val loss = [QuantLoss=0.15799][QuantReg:0.52110]
[Twitter] Starting epoch 59...
[Twitter] Elapsed training time:4.61s
[Twitter] Starting validation...
[Twitter] Elapsed validation time:0.32s
[Twitter] [Epoch=059] Train Loss=[QuantLoss=0.04972]Val loss = [QuantLoss=0.13063][QuantReg:0.51427]
[Twitter] Starting epoch 60...
[Twitter] Elapsed training time:4.54s
[Twitter] Starting validation...
[Twitter] Elapsed validation time:0.31s
[Twitter] [Epoch=060] Train Loss=[QuantLoss=0.04815]Val loss = [QuantLoss=0.13078][QuantReg:0.51319]
[Twitter] Starting epoch 61...
[Twitter] Elapsed training time:4.38s
[Twitter] Starting validation...
[Twitter] Elapsed validation time:0.27s
[Twitter] [Epoch=061] Train Loss=[QuantLoss=0.04681]Val loss = [QuantLoss=0.14678][QuantReg:0.51188]
[Twitter] Starting epoch 62...
[Twitter] Elapsed training time:4.28s
[Twitter] Starting validation...
[Twitter] Elapsed validation time:0.31s
[Twitter] [Epoch=062] Train Loss=[QuantLoss=0.04633]Val loss = [QuantLoss=0.12885][QuantReg:0.51204]
[Twitter] Starting epoch 63...
[Twitter] Elapsed training time:4.21s
[Twitter] Starting validation...
[Twitter] Elapsed validation time:0.24s
[Twitter] [Epoch=063] Train Loss=[QuantLoss=0.04399]Val loss = [QuantLoss=0.12858][QuantReg:0.50907]
[Twitter] Starting epoch 64...
[Twitter] Elapsed training time:4.39s
[Twitter] Starting validation...
[Twitter] Elapsed validation time:0.25s
[Twitter] [Epoch=064] Train Loss=[QuantLoss=0.04239]Val loss = [QuantLoss=0.13748][QuantReg:0.50411]
[Twitter] Starting epoch 65...
[Twitter] Elapsed training time:4.34s
[Twitter] Starting validation...
[Twitter] Elapsed validation time:0.24s
[Twitter] [Epoch=065] Train Loss=[QuantLoss=0.04173]Val loss = [QuantLoss=0.11633][QuantReg:0.50704]
[Twitter] Starting epoch 66...
[Twitter] Elapsed training time:4.35s
[Twitter] Starting validation...
[Twitter] Elapsed validation time:0.24s
[Twitter] [Epoch=066] Train Loss=[QuantLoss=0.04242]Val loss = [QuantLoss=0.12816][QuantReg:0.50313]
[Twitter] Starting epoch 67...
[Twitter] Elapsed training time:4.37s
[Twitter] Starting validation...
[Twitter] Elapsed validation time:0.24s
[Twitter] [Epoch=067] Train Loss=[QuantLoss=0.04120]Val loss = [QuantLoss=0.16915][QuantReg:0.50436]
[Twitter] Starting epoch 68...
[Twitter] Elapsed training time:4.41s
[Twitter] Starting validation...
[Twitter] Elapsed validation time:0.25s
[Twitter] [Epoch=068] Train Loss=[QuantLoss=0.04141]Val loss = [QuantLoss=0.17515][QuantReg:0.50293]
[Twitter] Starting epoch 69...
[Twitter] Elapsed training time:4.39s
[Twitter] Starting validation...
[Twitter] Elapsed validation time:0.25s
[Twitter] [Epoch=069] Train Loss=[QuantLoss=0.04139]Val loss = [QuantLoss=0.17136][QuantReg:0.50416]
[Twitter] Starting epoch 70...
[Twitter] Elapsed training time:4.49s
[Twitter] Starting validation...
[Twitter] Elapsed validation time:0.24s
[Twitter] [Epoch=070] Train Loss=[QuantLoss=0.04168]Val loss = [QuantLoss=0.21701][QuantReg:0.50197]
[Twitter] Starting epoch 71...
[Twitter] Elapsed training time:4.61s
[Twitter] Starting validation...
[Twitter] Elapsed validation time:0.24s
[Twitter] [Epoch=071] Train Loss=[QuantLoss=0.04194]Val loss = [QuantLoss=0.20071][QuantReg:0.50091]
[Twitter] Starting epoch 72...
[Twitter] Elapsed training time:4.43s
[Twitter] Starting validation...
[Twitter] Elapsed validation time:0.24s
[Twitter] [Epoch=072] Train Loss=[QuantLoss=0.04116]Val loss = [QuantLoss=0.18248][QuantReg:0.50267]
[Twitter] Starting epoch 73...
[Twitter] Elapsed training time:4.49s
[Twitter] Starting validation...
[Twitter] Elapsed validation time:0.22s
[Twitter] [Epoch=073] Train Loss=[QuantLoss=0.04349]Val loss = [QuantLoss=0.17397][QuantReg:0.50116]
[Twitter] Starting epoch 74...
[Twitter] Elapsed training time:4.48s
[Twitter] Starting validation...
[Twitter] Elapsed validation time:0.25s
[Twitter] [Epoch=074] Train Loss=[QuantLoss=0.04119]Val loss = [QuantLoss=0.32698][QuantReg:0.50056]
[Twitter] Starting epoch 75...
[Twitter] Elapsed training time:4.37s
[Twitter] Starting validation...
[Twitter] Elapsed validation time:0.20s
[Twitter] [Epoch=075] Train Loss=[QuantLoss=0.04257]Val loss = [QuantLoss=0.26190][QuantReg:0.49878]
[Twitter] Starting epoch 76...
[Twitter] Elapsed training time:4.75s
[Twitter] Starting validation...
[Twitter] Elapsed validation time:0.18s
[Twitter] [Epoch=076] Train Loss=[QuantLoss=0.04143]Val loss = [QuantLoss=0.45205][QuantReg:0.50208]
[Twitter] Starting epoch 77...
[Twitter] Elapsed training time:4.66s
[Twitter] Starting validation...
[Twitter] Elapsed validation time:0.21s
[Twitter] [Epoch=077] Train Loss=[QuantLoss=0.04111]Val loss = [QuantLoss=0.18820][QuantReg:0.49821]
[Twitter] Starting epoch 78...
[Twitter] Elapsed training time:4.61s
[Twitter] Starting validation...
[Twitter] Elapsed validation time:0.23s
[Twitter] [Epoch=078] Train Loss=[QuantLoss=0.04015]Val loss = [QuantLoss=0.13304][QuantReg:0.49756]
[Twitter] Starting epoch 79...
[Twitter] Elapsed training time:5.17s
[Twitter] Starting validation...
[Twitter] Elapsed validation time:0.20s
[Twitter] [Epoch=079] Train Loss=[QuantLoss=0.04110]Val loss = [QuantLoss=0.13347][QuantReg:0.49652]
[Twitter] Starting epoch 80...
[Twitter] Elapsed training time:5.00s
[Twitter] Starting validation...
[Twitter] Elapsed validation time:0.22s
[Twitter] [Epoch=080] Train Loss=[QuantLoss=0.04219]Val loss = [QuantLoss=0.25727][QuantReg:0.49955]
[Twitter] Starting epoch 81...
[Twitter] Elapsed training time:4.91s
[Twitter] Starting validation...
[Twitter] Elapsed validation time:0.25s
[Twitter] [Epoch=081] Train Loss=[QuantLoss=0.04022]Val loss = [QuantLoss=0.11628][QuantReg:0.49919]
[Twitter] Starting epoch 82...
[Twitter] Elapsed training time:4.90s
[Twitter] Starting validation...
[Twitter] Elapsed validation time:0.20s
[Twitter] [Epoch=082] Train Loss=[QuantLoss=0.03795]Val loss = [QuantLoss=0.12182][QuantReg:0.49610]
[Twitter] Starting epoch 83...
[Twitter] Elapsed training time:4.35s
[Twitter] Starting validation...
[Twitter] Elapsed validation time:0.27s
[Twitter] [Epoch=083] Train Loss=[QuantLoss=0.03967]Val loss = [QuantLoss=0.12744][QuantReg:0.49570]
[Twitter] Starting epoch 84...
[Twitter] Elapsed training time:4.39s
[Twitter] Starting validation...
[Twitter] Elapsed validation time:0.24s
[Twitter] [Epoch=084] Train Loss=[QuantLoss=0.03916]Val loss = [QuantLoss=0.13409][QuantReg:0.49775]
[Twitter] Starting epoch 85...
[Twitter] Elapsed training time:4.23s
[Twitter] Starting validation...
[Twitter] Elapsed validation time:0.22s
[Twitter] [Epoch=085] Train Loss=[QuantLoss=0.03893]Val loss = [QuantLoss=0.10736][QuantReg:0.49790]
[Twitter] Starting epoch 86...
[Twitter] Elapsed training time:4.32s
[Twitter] Starting validation...
[Twitter] Elapsed validation time:0.24s
[Twitter] [Epoch=086] Train Loss=[QuantLoss=0.03904]Val loss = [QuantLoss=0.11807][QuantReg:0.49975]
[Twitter] Starting epoch 87...
[Twitter] Elapsed training time:4.31s
[Twitter] Starting validation...
[Twitter] Elapsed validation time:0.25s
[Twitter] [Epoch=087] Train Loss=[QuantLoss=0.03850]Val loss = [QuantLoss=0.10943][QuantReg:0.50271]
[Twitter] Starting epoch 88...
[Twitter] Elapsed training time:4.32s
[Twitter] Starting validation...
[Twitter] Elapsed validation time:0.23s
[Twitter] [Epoch=088] Train Loss=[QuantLoss=0.03917]Val loss = [QuantLoss=0.11593][QuantReg:0.49987]
[Twitter] Starting epoch 89...
[Twitter] Elapsed training time:4.21s
[Twitter] Starting validation...
[Twitter] Elapsed validation time:0.23s
[Twitter] [Epoch=089] Train Loss=[QuantLoss=0.04001]Val loss = [QuantLoss=0.13887][QuantReg:0.50300]
[Twitter] Starting epoch 90...
[Twitter] Elapsed training time:4.27s
[Twitter] Starting validation...
[Twitter] Elapsed validation time:0.22s
[Twitter] [Epoch=090] Train Loss=[QuantLoss=0.03713]Val loss = [QuantLoss=0.22165][QuantReg:0.50420]
[Twitter] Starting epoch 91...
[Twitter] Elapsed training time:4.35s
[Twitter] Starting validation...
[Twitter] Elapsed validation time:0.24s
[Twitter] [Epoch=091] Train Loss=[QuantLoss=0.03890]Val loss = [QuantLoss=0.21806][QuantReg:0.50384]
[Twitter] Starting epoch 92...
[Twitter] Elapsed training time:4.29s
[Twitter] Starting validation...
[Twitter] Elapsed validation time:0.26s
[Twitter] [Epoch=092] Train Loss=[QuantLoss=0.03799]Val loss = [QuantLoss=0.13088][QuantReg:0.50400]
[Twitter] Starting epoch 93...
[Twitter] Elapsed training time:4.33s
[Twitter] Starting validation...
[Twitter] Elapsed validation time:0.24s
[Twitter] [Epoch=093] Train Loss=[QuantLoss=0.03872]Val loss = [QuantLoss=0.13446][QuantReg:0.50079]
[Twitter] Starting epoch 94...
[Twitter] Elapsed training time:4.27s
[Twitter] Starting validation...
[Twitter] Elapsed validation time:0.36s
[Twitter] [Epoch=094] Train Loss=[QuantLoss=0.03805]Val loss = [QuantLoss=0.13934][QuantReg:0.50196]
[Twitter] Starting epoch 95...
[Twitter] Elapsed training time:4.41s
[Twitter] Starting validation...
[Twitter] Elapsed validation time:0.24s
[Twitter] [Epoch=095] Train Loss=[QuantLoss=0.03734]Val loss = [QuantLoss=0.11071][QuantReg:0.50330]
[Twitter] Starting epoch 96...
[Twitter] Elapsed training time:4.43s
[Twitter] Starting validation...
[Twitter] Elapsed validation time:0.43s
[Twitter] [Epoch=096] Train Loss=[QuantLoss=0.03871]Val loss = [QuantLoss=0.11903][QuantReg:0.50178]
[Twitter] Starting epoch 97...
[Twitter] Elapsed training time:4.31s
[Twitter] Starting validation...
[Twitter] Elapsed validation time:0.23s
[Twitter] [Epoch=097] Train Loss=[QuantLoss=0.03777]Val loss = [QuantLoss=0.10437][QuantReg:0.50208]
[Twitter] Starting epoch 98...
[Twitter] Elapsed training time:4.33s
[Twitter] Starting validation...
[Twitter] Elapsed validation time:0.35s
[Twitter] [Epoch=098] Train Loss=[QuantLoss=0.03973]Val loss = [QuantLoss=0.10695][QuantReg:0.50249]
[Twitter] Starting epoch 99...
[Twitter] Elapsed training time:4.41s
[Twitter] Starting validation...
[Twitter] Elapsed validation time:0.36s
[Twitter] [Epoch=099] Train Loss=[QuantLoss=0.03869]Val loss = [QuantLoss=0.11097][QuantReg:0.50128]
[Twitter] Starting epoch 100...
[Twitter] Elapsed training time:4.44s
[Twitter] Starting validation...
[Twitter] Elapsed validation time:0.39s
[Twitter] [Epoch=100] Train Loss=[QuantLoss=0.03724]Val loss = [QuantLoss=0.09946][QuantReg:0.50223]
[Twitter] Starting epoch 101...
[Twitter] Elapsed training time:4.46s
[Twitter] Starting validation...
[Twitter] Elapsed validation time:0.34s
[Twitter] [Epoch=101] Train Loss=[QuantLoss=0.03674]Val loss = [QuantLoss=0.09450][QuantReg:0.49883]
[Twitter] Starting epoch 102...
[Twitter] Elapsed training time:4.52s
[Twitter] Starting validation...
[Twitter] Elapsed validation time:0.38s
[Twitter] [Epoch=102] Train Loss=[QuantLoss=0.03651]Val loss = [QuantLoss=0.10463][QuantReg:0.50138]
[Twitter] Starting epoch 103...
[Twitter] Elapsed training time:4.25s
[Twitter] Starting validation...
[Twitter] Elapsed validation time:0.34s
[Twitter] [Epoch=103] Train Loss=[QuantLoss=0.03718]Val loss = [QuantLoss=0.09459][QuantReg:0.50156]
[Twitter] Starting epoch 104...
[Twitter] Elapsed training time:4.29s
[Twitter] Starting validation...
[Twitter] Elapsed validation time:0.35s
[Twitter] [Epoch=104] Train Loss=[QuantLoss=0.03623]Val loss = [QuantLoss=0.09934][QuantReg:0.50254]
[Twitter] Starting epoch 105...
[Twitter] Elapsed training time:4.24s
[Twitter] Starting validation...
[Twitter] Elapsed validation time:0.37s
[Twitter] [Epoch=105] Train Loss=[QuantLoss=0.03666]Val loss = [QuantLoss=0.09535][QuantReg:0.50131]
[Twitter] Starting epoch 106...
[Twitter] Elapsed training time:4.38s
[Twitter] Starting validation...
[Twitter] Elapsed validation time:0.35s
[Twitter] [Epoch=106] Train Loss=[QuantLoss=0.03751]Val loss = [QuantLoss=0.10457][QuantReg:0.50138]
[Twitter] Starting epoch 107...
[Twitter] Elapsed training time:4.36s
[Twitter] Starting validation...
[Twitter] Elapsed validation time:0.35s
[Twitter] [Epoch=107] Train Loss=[QuantLoss=0.03546]Val loss = [QuantLoss=0.10387][QuantReg:0.50127]
[Twitter] Starting epoch 108...
[Twitter] Elapsed training time:4.49s
[Twitter] Starting validation...
[Twitter] Elapsed validation time:0.36s
[Twitter] [Epoch=108] Train Loss=[QuantLoss=0.03684]Val loss = [QuantLoss=0.10800][QuantReg:0.50148]
[Twitter] Starting epoch 109...
[Twitter] Elapsed training time:4.41s
[Twitter] Starting validation...
[Twitter] Elapsed validation time:0.35s
[Twitter] [Epoch=109] Train Loss=[QuantLoss=0.03686]Val loss = [QuantLoss=0.10294][QuantReg:0.50183]
[Twitter] Starting epoch 110...
[Twitter] Elapsed training time:4.43s
[Twitter] Starting validation...
[Twitter] Elapsed validation time:0.36s
[Twitter] [Epoch=110] Train Loss=[QuantLoss=0.03658]Val loss = [QuantLoss=0.10703][QuantReg:0.50236]
[Twitter] Starting epoch 111...
[Twitter] Elapsed training time:4.31s
[Twitter] Starting validation...
[Twitter] Elapsed validation time:0.36s
[Twitter] [Epoch=111] Train Loss=[QuantLoss=0.03605]Val loss = [QuantLoss=0.08701][QuantReg:0.50119]
[Twitter] Starting epoch 112...
[Twitter] Elapsed training time:4.51s
[Twitter] Starting validation...
[Twitter] Elapsed validation time:0.36s
[Twitter] [Epoch=112] Train Loss=[QuantLoss=0.03725]Val loss = [QuantLoss=0.11026][QuantReg:0.49998]
[Twitter] Starting epoch 113...
[Twitter] Elapsed training time:4.41s
[Twitter] Starting validation...
[Twitter] Elapsed validation time:0.34s
[Twitter] [Epoch=113] Train Loss=[QuantLoss=0.03711]Val loss = [QuantLoss=0.12747][QuantReg:0.50078]
[Twitter] Starting epoch 114...
[Twitter] Elapsed training time:4.50s
[Twitter] Starting validation...
[Twitter] Elapsed validation time:0.39s
[Twitter] [Epoch=114] Train Loss=[QuantLoss=0.03718]Val loss = [QuantLoss=0.14342][QuantReg:0.49969]
[Twitter] Starting epoch 115...
[Twitter] Elapsed training time:4.53s
[Twitter] Starting validation...
[Twitter] Elapsed validation time:0.36s
[Twitter] [Epoch=115] Train Loss=[QuantLoss=0.03635]Val loss = [QuantLoss=0.13559][QuantReg:0.49938]
[Twitter] Starting epoch 116...
[Twitter] Elapsed training time:4.55s
[Twitter] Starting validation...
[Twitter] Elapsed validation time:0.36s
[Twitter] [Epoch=116] Train Loss=[QuantLoss=0.03524]Val loss = [QuantLoss=0.09853][QuantReg:0.49993]
[Twitter] Starting epoch 117...
[Twitter] Elapsed training time:4.41s
[Twitter] Starting validation...
[Twitter] Elapsed validation time:0.36s
[Twitter] [Epoch=117] Train Loss=[QuantLoss=0.03482]Val loss = [QuantLoss=0.09560][QuantReg:0.50183]
[Twitter] Starting epoch 118...
[Twitter] Elapsed training time:4.47s
[Twitter] Starting validation...
[Twitter] Elapsed validation time:0.36s
[Twitter] [Epoch=118] Train Loss=[QuantLoss=0.03587]Val loss = [QuantLoss=0.10380][QuantReg:0.50075]
[Twitter] Starting epoch 119...
[Twitter] Elapsed training time:4.42s
[Twitter] Starting validation...
[Twitter] Elapsed validation time:0.36s
[Twitter] [Epoch=119] Train Loss=[QuantLoss=0.03651]Val loss = [QuantLoss=0.10011][QuantReg:0.50206]
[Twitter] Starting epoch 120...
[Twitter] Elapsed training time:4.35s
[Twitter] Starting validation...
[Twitter] Elapsed validation time:0.34s
[Twitter] [Epoch=120] Train Loss=[QuantLoss=0.03564]Val loss = [QuantLoss=0.12132][QuantReg:0.50193]
[Twitter] Starting epoch 121...
[Twitter] Elapsed training time:4.45s
[Twitter] Starting validation...
[Twitter] Elapsed validation time:0.36s
[Twitter] [Epoch=121] Train Loss=[QuantLoss=0.03482]Val loss = [QuantLoss=0.12734][QuantReg:0.50007]
[Twitter] Starting epoch 122...
[Twitter] Elapsed training time:4.51s
[Twitter] Starting validation...
[Twitter] Elapsed validation time:0.34s
[Twitter] [Epoch=122] Train Loss=[QuantLoss=0.03549]Val loss = [QuantLoss=0.10630][QuantReg:0.50171]
[Twitter] Starting epoch 123...
[Twitter] Elapsed training time:4.78s
[Twitter] Starting validation...
[Twitter] Elapsed validation time:0.37s
[Twitter] [Epoch=123] Train Loss=[QuantLoss=0.03637]Val loss = [QuantLoss=0.11540][QuantReg:0.50578]
[Twitter] Starting epoch 124...
[Twitter] Elapsed training time:4.92s
[Twitter] Starting validation...
[Twitter] Elapsed validation time:0.33s
[Twitter] [Epoch=124] Train Loss=[QuantLoss=0.03586]Val loss = [QuantLoss=0.10174][QuantReg:0.50319]
[Twitter] Starting epoch 125...
[Twitter] Elapsed training time:3.19s
[Twitter] Starting validation...
[Twitter] Elapsed validation time:0.33s
[Twitter] [Epoch=125] Train Loss=[QuantLoss=0.03491]Val loss = [QuantLoss=0.10430][QuantReg:0.50271]
[Twitter] Starting epoch 126...
[Twitter] Elapsed training time:4.53s
[Twitter] Starting validation...
[Twitter] Elapsed validation time:0.35s
[Twitter] [Epoch=126] Train Loss=[QuantLoss=0.03462]Val loss = [QuantLoss=0.09944][QuantReg:0.50146]
[Twitter] Starting epoch 127...
[Twitter] Elapsed training time:4.30s
[Twitter] Starting validation...
[Twitter] Elapsed validation time:0.37s
[Twitter] [Epoch=127] Train Loss=[QuantLoss=0.03552]Val loss = [QuantLoss=0.09950][QuantReg:0.50128]
[Twitter] Starting epoch 128...
[Twitter] Elapsed training time:4.16s
[Twitter] Starting validation...
[Twitter] Elapsed validation time:0.37s
[Twitter] [Epoch=128] Train Loss=[QuantLoss=0.03506]Val loss = [QuantLoss=0.10676][QuantReg:0.50109]
[Twitter] Starting epoch 129...
[Twitter] Elapsed training time:4.41s
[Twitter] Starting validation...
[Twitter] Elapsed validation time:0.24s
[Twitter] [Epoch=129] Train Loss=[QuantLoss=0.03383]Val loss = [QuantLoss=0.11870][QuantReg:0.50170]
[Twitter] Starting epoch 130...
[Twitter] Elapsed training time:4.21s
[Twitter] Starting validation...
[Twitter] Elapsed validation time:0.23s
[Twitter] [Epoch=130] Train Loss=[QuantLoss=0.03458]Val loss = [QuantLoss=0.11398][QuantReg:0.50227]
[Twitter] Starting epoch 131...
[Twitter] Elapsed training time:4.32s
[Twitter] Starting validation...
[Twitter] Elapsed validation time:0.23s
[Twitter] [Epoch=131] Train Loss=[QuantLoss=0.03503]Val loss = [QuantLoss=0.10923][QuantReg:0.50090]
[Twitter] Starting epoch 132...
[Twitter] Elapsed training time:4.24s
[Twitter] Starting validation...
[Twitter] Elapsed validation time:0.23s
[Twitter] [Epoch=132] Train Loss=[QuantLoss=0.03369]Val loss = [QuantLoss=0.12992][QuantReg:0.50149]
[Twitter] Starting epoch 133...
[Twitter] Elapsed training time:4.36s
[Twitter] Starting validation...
[Twitter] Elapsed validation time:0.24s
[Twitter] [Epoch=133] Train Loss=[QuantLoss=0.03548]Val loss = [QuantLoss=0.12037][QuantReg:0.50173]
[Twitter] Starting epoch 134...
[Twitter] Elapsed training time:4.43s
[Twitter] Starting validation...
[Twitter] Elapsed validation time:0.26s
[Twitter] [Epoch=134] Train Loss=[QuantLoss=0.03429]Val loss = [QuantLoss=0.12117][QuantReg:0.50080]
[Twitter] Starting epoch 135...
[Twitter] Elapsed training time:4.27s
[Twitter] Starting validation...
[Twitter] Elapsed validation time:0.24s
[Twitter] [Epoch=135] Train Loss=[QuantLoss=0.03492]Val loss = [QuantLoss=0.12109][QuantReg:0.49970]
[Twitter] Starting epoch 136...
[Twitter] Elapsed training time:4.27s
[Twitter] Starting validation...
[Twitter] Elapsed validation time:0.27s
[Twitter] [Epoch=136] Train Loss=[QuantLoss=0.03484]Val loss = [QuantLoss=0.11221][QuantReg:0.49979]
[Twitter] Starting epoch 137...
[Twitter] Elapsed training time:4.36s
[Twitter] Starting validation...
[Twitter] Elapsed validation time:0.25s
[Twitter] [Epoch=137] Train Loss=[QuantLoss=0.03494]Val loss = [QuantLoss=0.11579][QuantReg:0.49792]
[Twitter] Starting epoch 138...
[Twitter] Elapsed training time:4.32s
[Twitter] Starting validation...
[Twitter] Elapsed validation time:0.29s
[Twitter] [Epoch=138] Train Loss=[QuantLoss=0.03498]Val loss = [QuantLoss=0.10889][QuantReg:0.49934]
[Twitter] Starting epoch 139...
[Twitter] Elapsed training time:4.33s
[Twitter] Starting validation...
[Twitter] Elapsed validation time:0.27s
[Twitter] [Epoch=139] Train Loss=[QuantLoss=0.03441]Val loss = [QuantLoss=0.10810][QuantReg:0.49954]
[Twitter] Starting epoch 140...
[Twitter] Elapsed training time:4.31s
[Twitter] Starting validation...
[Twitter] Elapsed validation time:0.24s
[Twitter] [Epoch=140] Train Loss=[QuantLoss=0.03414]Val loss = [QuantLoss=0.12068][QuantReg:0.49957]
[Twitter] Starting epoch 141...
[Twitter] Elapsed training time:4.41s
[Twitter] Starting validation...
[Twitter] Elapsed validation time:0.25s
[Twitter] [Epoch=141] Train Loss=[QuantLoss=0.03468]Val loss = [QuantLoss=0.12239][QuantReg:0.49869]
[Twitter] Starting epoch 142...
[Twitter] Elapsed training time:4.45s
[Twitter] Starting validation...
[Twitter] Elapsed validation time:0.26s
[Twitter] [Epoch=142] Train Loss=[QuantLoss=0.03483]Val loss = [QuantLoss=0.12536][QuantReg:0.49916]
[Twitter] Starting epoch 143...
[Twitter] Elapsed training time:4.49s
[Twitter] Starting validation...
[Twitter] Elapsed validation time:0.25s
[Twitter] [Epoch=143] Train Loss=[QuantLoss=0.03414]Val loss = [QuantLoss=0.11908][QuantReg:0.49738]
[Twitter] Starting epoch 144...
[Twitter] Elapsed training time:4.52s
[Twitter] Starting validation...
[Twitter] Elapsed validation time:0.27s
[Twitter] [Epoch=144] Train Loss=[QuantLoss=0.03577]Val loss = [QuantLoss=0.13062][QuantReg:0.49899]
[Twitter] Early stopping in epoch 144!
[Twitter] Restoring best model...
MAE médio por bag: 0.1548 ± 0.1137
Salvo em resultados_sanders/resultados_twitter_bert_kl_hardest_4.csv
Dataset: /home/nildaimon/gmnet/experiments/train_curl/Datasets/Sanders/twitter-sanders-apple3.csv
Dificuldade: metric=kl, mode=easiest, top_k=None
Rodada: 4
Salvar resultados em: resultados_sanders
Dispositivo de treino: cpu
Carregando e processando dataset Twitter
Carregando embeddings do cache...
/home/nildaimon/gmnet/experiments/train_curl/train_sanders.py:89: FutureWarning: You are using `torch.load` with `weights_only=False` (the current default value), which uses the default pickle module implicitly. It is possible to construct malicious pickle data which will execute arbitrary code during unpickling (See https://github.com/pytorch/pytorch/blob/main/SECURITY.md#untrusted-models for more details). In a future release, the default value for `weights_only` will be flipped to `True`. This limits the functions that could be executed during unpickling. Arbitrary objects will no longer be allowed to be loaded via this mode unless they are explicitly allowlisted by the user via `torch.serialization.add_safe_globals`. We recommend you start setting `weights_only=True` for any use case where you don't have full control of the loaded file. Please open an issue on GitHub for any issues related to this experimental feature.
  embeddings = torch.load(EMBEDDING_CACHE)
/home/nildaimon/gmnet/experiments/train_curl/train_sanders.py:90: FutureWarning: You are using `torch.load` with `weights_only=False` (the current default value), which uses the default pickle module implicitly. It is possible to construct malicious pickle data which will execute arbitrary code during unpickling (See https://github.com/pytorch/pytorch/blob/main/SECURITY.md#untrusted-models for more details). In a future release, the default value for `weights_only` will be flipped to `True`. This limits the functions that could be executed during unpickling. Arbitrary objects will no longer be allowed to be loaded via this mode unless they are explicitly allowlisted by the user via `torch.serialization.add_safe_globals`. We recommend you start setting `weights_only=True` for any use case where you don't have full control of the loaded file. Please open an issue on GitHub for any issues related to this experimental feature.
  labels = torch.load(LABELS_CACHE)
Ignoring val_split as train and val datasets where given to fit function
We have two datasets: training 1092 examples. validation 100 examples.]
Using device cpu
/home/nildaimon/anaconda3/envs/gmnet/lib/python3.12/site-packages/torch/optim/lr_scheduler.py:62: UserWarning: The verbose parameter is deprecated. Please use get_last_lr() to access the learning rate.
  warnings.warn(
/home/nildaimon/gmnet/dlquantification/main.py:835: FutureWarning: `torch.cuda.amp.GradScaler(args...)` is deprecated. Please use `torch.amp.GradScaler('cuda', args...)` instead.
  scaler = torch.cuda.amp.GradScaler(enabled=self.use_fp16)
[Twitter] Starting epoch 0...
/home/nildaimon/gmnet/dlquantification/main.py:888: FutureWarning: `torch.cuda.amp.autocast(args...)` is deprecated. Please use `torch.amp.autocast('cuda', args...)` instead.
  with torch.cuda.amp.autocast(enabled=self.use_fp16):
[Twitter] Elapsed training time:4.46s
[Twitter] Starting validation...
[Twitter] Elapsed validation time:0.20s
[Twitter] [Epoch=000] Train Loss=[QuantLoss=0.08508]Val loss = [QuantLoss=0.04216][QuantReg:0.50565][saved best model in this epoch]
[Twitter] Starting epoch 1...
[Twitter] Elapsed training time:4.57s
[Twitter] Starting validation...
[Twitter] Elapsed validation time:0.20s
[Twitter] [Epoch=001] Train Loss=[QuantLoss=0.09166]Val loss = [QuantLoss=0.11713][QuantReg:0.46812]
[Twitter] Starting epoch 2...
[Twitter] Elapsed training time:4.53s
[Twitter] Starting validation...
[Twitter] Elapsed validation time:0.21s
[Twitter] [Epoch=002] Train Loss=[QuantLoss=0.09542]Val loss = [QuantLoss=0.03015][QuantReg:0.45653][saved best model in this epoch]
[Twitter] Starting epoch 3...
[Twitter] Elapsed training time:4.56s
[Twitter] Starting validation...
[Twitter] Elapsed validation time:0.21s
[Twitter] [Epoch=003] Train Loss=[QuantLoss=0.07516]Val loss = [QuantLoss=0.04021][QuantReg:0.48609]
[Twitter] Starting epoch 4...
[Twitter] Elapsed training time:4.82s
[Twitter] Starting validation...
[Twitter] Elapsed validation time:0.21s
[Twitter] [Epoch=004] Train Loss=[QuantLoss=0.07170]Val loss = [QuantLoss=0.02633][QuantReg:0.46812][saved best model in this epoch]
[Twitter] Starting epoch 5...
[Twitter] Elapsed training time:4.60s
[Twitter] Starting validation...
[Twitter] Elapsed validation time:0.21s
[Twitter] [Epoch=005] Train Loss=[QuantLoss=0.06306]Val loss = [QuantLoss=0.08765][QuantReg:0.43758]
[Twitter] Starting epoch 6...
[Twitter] Elapsed training time:4.71s
[Twitter] Starting validation...
[Twitter] Elapsed validation time:0.21s
[Twitter] [Epoch=006] Train Loss=[QuantLoss=0.06879]Val loss = [QuantLoss=0.12653][QuantReg:0.44452]
[Twitter] Starting epoch 7...
[Twitter] Elapsed training time:4.95s
[Twitter] Starting validation...
[Twitter] Elapsed validation time:0.21s
[Twitter] [Epoch=007] Train Loss=[QuantLoss=0.06280]Val loss = [QuantLoss=0.09373][QuantReg:0.45888]
[Twitter] Starting epoch 8...
[Twitter] Elapsed training time:4.95s
[Twitter] Starting validation...
[Twitter] Elapsed validation time:0.20s
[Twitter] [Epoch=008] Train Loss=[QuantLoss=0.06273]Val loss = [QuantLoss=0.10530][QuantReg:0.44377]
[Twitter] Starting epoch 9...
[Twitter] Elapsed training time:4.79s
[Twitter] Starting validation...
[Twitter] Elapsed validation time:0.22s
[Twitter] [Epoch=009] Train Loss=[QuantLoss=0.06750]Val loss = [QuantLoss=0.11037][QuantReg:0.44422]
[Twitter] Starting epoch 10...
[Twitter] Elapsed training time:4.82s
[Twitter] Starting validation...
[Twitter] Elapsed validation time:0.21s
[Twitter] [Epoch=010] Train Loss=[QuantLoss=0.05832]Val loss = [QuantLoss=0.13728][QuantReg:0.41763]
[Twitter] Starting epoch 11...
[Twitter] Elapsed training time:4.55s
[Twitter] Starting validation...
[Twitter] Elapsed validation time:0.24s
[Twitter] [Epoch=011] Train Loss=[QuantLoss=0.06806]Val loss = [QuantLoss=0.10985][QuantReg:0.40607]
[Twitter] Starting epoch 12...
[Twitter] Elapsed training time:4.28s
[Twitter] Starting validation...
[Twitter] Elapsed validation time:0.24s
[Twitter] [Epoch=012] Train Loss=[QuantLoss=0.06614]Val loss = [QuantLoss=0.10690][QuantReg:0.41258]
[Twitter] Starting epoch 13...
[Twitter] Elapsed training time:4.19s
[Twitter] Starting validation...
[Twitter] Elapsed validation time:0.25s
[Twitter] [Epoch=013] Train Loss=[QuantLoss=0.06974]Val loss = [QuantLoss=0.12748][QuantReg:0.41667]
[Twitter] Starting epoch 14...
[Twitter] Elapsed training time:4.28s
[Twitter] Starting validation...
[Twitter] Elapsed validation time:0.26s
[Twitter] [Epoch=014] Train Loss=[QuantLoss=0.06487]Val loss = [QuantLoss=0.10112][QuantReg:0.40529]
[Twitter] Starting epoch 15...
[Twitter] Elapsed training time:4.13s
[Twitter] Starting validation...
[Twitter] Elapsed validation time:0.24s
[Twitter] [Epoch=015] Train Loss=[QuantLoss=0.06771]Val loss = [QuantLoss=0.11823][QuantReg:0.40430]
[Twitter] Starting epoch 16...
[Twitter] Elapsed training time:4.24s
[Twitter] Starting validation...
[Twitter] Elapsed validation time:0.22s
[Twitter] [Epoch=016] Train Loss=[QuantLoss=0.07338]Val loss = [QuantLoss=0.13843][QuantReg:0.41704]
[Twitter] Starting epoch 17...
[Twitter] Elapsed training time:4.22s
[Twitter] Starting validation...
[Twitter] Elapsed validation time:0.25s
[Twitter] [Epoch=017] Train Loss=[QuantLoss=0.06518]Val loss = [QuantLoss=0.15896][QuantReg:0.40206]
[Twitter] Starting epoch 18...
[Twitter] Elapsed training time:4.18s
[Twitter] Starting validation...
[Twitter] Elapsed validation time:0.24s
[Twitter] [Epoch=018] Train Loss=[QuantLoss=0.06781]Val loss = [QuantLoss=0.06625][QuantReg:0.40100]
[Twitter] Starting epoch 19...
[Twitter] Elapsed training time:4.25s
[Twitter] Starting validation...
[Twitter] Elapsed validation time:0.24s
[Twitter] [Epoch=019] Train Loss=[QuantLoss=0.05885]Val loss = [QuantLoss=0.14275][QuantReg:0.39245]
[Twitter] Starting epoch 20...
[Twitter] Elapsed training time:4.25s
[Twitter] Starting validation...
[Twitter] Elapsed validation time:0.22s
[Twitter] [Epoch=020] Train Loss=[QuantLoss=0.06345]Val loss = [QuantLoss=0.07380][QuantReg:0.40200]
[Twitter] Starting epoch 21...
[Twitter] Elapsed training time:4.36s
[Twitter] Starting validation...
[Twitter] Elapsed validation time:0.24s
[Twitter] [Epoch=021] Train Loss=[QuantLoss=0.06105]Val loss = [QuantLoss=0.09811][QuantReg:0.39533]
[Twitter] Starting epoch 22...
[Twitter] Elapsed training time:4.45s
[Twitter] Starting validation...
[Twitter] Elapsed validation time:0.24s
[Twitter] [Epoch=022] Train Loss=[QuantLoss=0.05638]Val loss = [QuantLoss=0.09385][QuantReg:0.38480]
[Twitter] Starting epoch 23...
[Twitter] Elapsed training time:4.27s
[Twitter] Starting validation...
[Twitter] Elapsed validation time:0.24s
[Twitter] [Epoch=023] Train Loss=[QuantLoss=0.06417]Val loss = [QuantLoss=0.08547][QuantReg:0.38874]
[Twitter] Starting epoch 24...
[Twitter] Elapsed training time:4.38s
[Twitter] Starting validation...
[Twitter] Elapsed validation time:0.23s
[Twitter] [Epoch=024] Train Loss=[QuantLoss=0.07110]Val loss = [QuantLoss=0.11148][QuantReg:0.38800]
[Twitter] Starting epoch 25...
[Twitter] Elapsed training time:4.29s
[Twitter] Starting validation...
[Twitter] Elapsed validation time:0.34s
[Twitter] [Epoch=025] Train Loss=[QuantLoss=0.05888]Val loss = [QuantLoss=0.11231][QuantReg:0.38626]
[Twitter] Starting epoch 26...
[Twitter] Elapsed training time:4.44s
[Twitter] Starting validation...
[Twitter] Elapsed validation time:0.25s
[Twitter] [Epoch=026] Train Loss=[QuantLoss=0.05642]Val loss = [QuantLoss=0.05851][QuantReg:0.38138]
[Twitter] Starting epoch 27...
[Twitter] Elapsed training time:4.34s
[Twitter] Starting validation...
[Twitter] Elapsed validation time:0.22s
[Twitter] [Epoch=027] Train Loss=[QuantLoss=0.05631]Val loss = [QuantLoss=0.07684][QuantReg:0.38037]
[Twitter] Starting epoch 28...
[Twitter] Elapsed training time:4.35s
[Twitter] Starting validation...
[Twitter] Elapsed validation time:0.35s
[Twitter] [Epoch=028] Train Loss=[QuantLoss=0.05286]Val loss = [QuantLoss=0.08736][QuantReg:0.39300]
[Twitter] Starting epoch 29...
[Twitter] Elapsed training time:4.44s
[Twitter] Starting validation...
[Twitter] Elapsed validation time:0.39s
[Twitter] [Epoch=029] Train Loss=[QuantLoss=0.05417]Val loss = [QuantLoss=0.12512][QuantReg:0.39671]
[Twitter] Starting epoch 30...
[Twitter] Elapsed training time:4.36s
[Twitter] Starting validation...
[Twitter] Elapsed validation time:0.38s
[Twitter] [Epoch=030] Train Loss=[QuantLoss=0.05234]Val loss = [QuantLoss=0.09686][QuantReg:0.38825]
[Twitter] Starting epoch 31...
[Twitter] Elapsed training time:4.27s
[Twitter] Starting validation...
[Twitter] Elapsed validation time:0.36s
[Twitter] [Epoch=031] Train Loss=[QuantLoss=0.04917]Val loss = [QuantLoss=0.12835][QuantReg:0.38590]
[Twitter] Starting epoch 32...
[Twitter] Elapsed training time:4.27s
[Twitter] Starting validation...
[Twitter] Elapsed validation time:0.36s
[Twitter] [Epoch=032] Train Loss=[QuantLoss=0.04909]Val loss = [QuantLoss=0.09159][QuantReg:0.38809]
[Twitter] Starting epoch 33...
[Twitter] Elapsed training time:4.35s
[Twitter] Starting validation...
[Twitter] Elapsed validation time:0.35s
[Twitter] [Epoch=033] Train Loss=[QuantLoss=0.05031]Val loss = [QuantLoss=0.08189][QuantReg:0.39160]
[Twitter] Starting epoch 34...
[Twitter] Elapsed training time:4.29s
[Twitter] Starting validation...
[Twitter] Elapsed validation time:0.36s
[Twitter] [Epoch=034] Train Loss=[QuantLoss=0.05788]Val loss = [QuantLoss=0.06431][QuantReg:0.39498]
[Twitter] Starting epoch 35...
[Twitter] Elapsed training time:4.41s
[Twitter] Starting validation...
[Twitter] Elapsed validation time:0.36s
[Twitter] [Epoch=035] Train Loss=[QuantLoss=0.04848]Val loss = [QuantLoss=0.07127][QuantReg:0.39468]
[Twitter] Starting epoch 36...
[Twitter] Elapsed training time:4.56s
[Twitter] Starting validation...
[Twitter] Elapsed validation time:0.34s
[Twitter] [Epoch=036] Train Loss=[QuantLoss=0.05082]Val loss = [QuantLoss=0.03355][QuantReg:0.39347]
[Twitter] Starting epoch 37...
[Twitter] Elapsed training time:4.44s
[Twitter] Starting validation...
[Twitter] Elapsed validation time:0.30s
[Twitter] [Epoch=037] Train Loss=[QuantLoss=0.04531]Val loss = [QuantLoss=0.09934][QuantReg:0.39552]
[Twitter] Starting epoch 38...
[Twitter] Elapsed training time:4.62s
[Twitter] Starting validation...
[Twitter] Elapsed validation time:0.30s
[Twitter] [Epoch=038] Train Loss=[QuantLoss=0.05468]Val loss = [QuantLoss=0.12283][QuantReg:0.39622]
[Twitter] Starting epoch 39...
[Twitter] Elapsed training time:4.72s
[Twitter] Starting validation...
[Twitter] Elapsed validation time:0.30s
[Twitter] [Epoch=039] Train Loss=[QuantLoss=0.04975]Val loss = [QuantLoss=0.08134][QuantReg:0.39677]
[Twitter] Starting epoch 40...
[Twitter] Elapsed training time:4.83s
[Twitter] Starting validation...
[Twitter] Elapsed validation time:0.29s
[Twitter] [Epoch=040] Train Loss=[QuantLoss=0.04700]Val loss = [QuantLoss=0.07128][QuantReg:0.39997]
[Twitter] Starting epoch 41...
[Twitter] Elapsed training time:5.06s
[Twitter] Starting validation...
[Twitter] Elapsed validation time:0.32s
[Twitter] [Epoch=041] Train Loss=[QuantLoss=0.04611]Val loss = [QuantLoss=0.08345][QuantReg:0.39565]
[Twitter] Starting epoch 42...
[Twitter] Elapsed training time:4.85s
[Twitter] Starting validation...
[Twitter] Elapsed validation time:0.30s
[Twitter] [Epoch=042] Train Loss=[QuantLoss=0.04460]Val loss = [QuantLoss=0.07159][QuantReg:0.38979]
[Twitter] Starting epoch 43...
[Twitter] Elapsed training time:4.80s
[Twitter] Starting validation...
[Twitter] Elapsed validation time:0.32s
[Twitter] [Epoch=043] Train Loss=[QuantLoss=0.04914]Val loss = [QuantLoss=0.12083][QuantReg:0.39389]
[Twitter] Starting epoch 44...
[Twitter] Elapsed training time:4.69s
[Twitter] Starting validation...
[Twitter] Elapsed validation time:0.34s
[Twitter] [Epoch=044] Train Loss=[QuantLoss=0.04691]Val loss = [QuantLoss=0.11794][QuantReg:0.39168]
[Twitter] Starting epoch 45...
[Twitter] Elapsed training time:4.25s
[Twitter] Starting validation...
[Twitter] Elapsed validation time:0.36s
[Twitter] [Epoch=045] Train Loss=[QuantLoss=0.05036]Val loss = [QuantLoss=0.11054][QuantReg:0.38996]
[Twitter] Starting epoch 46...
[Twitter] Elapsed training time:4.30s
[Twitter] Starting validation...
[Twitter] Elapsed validation time:0.34s
[Twitter] [Epoch=046] Train Loss=[QuantLoss=0.05045]Val loss = [QuantLoss=0.13345][QuantReg:0.39110]
[Twitter] Starting epoch 47...
[Twitter] Elapsed training time:4.35s
[Twitter] Starting validation...
[Twitter] Elapsed validation time:0.36s
[Twitter] [Epoch=047] Train Loss=[QuantLoss=0.05199]Val loss = [QuantLoss=0.05790][QuantReg:0.39121]
[Twitter] Starting epoch 48...
[Twitter] Elapsed training time:4.36s
[Twitter] Starting validation...
[Twitter] Elapsed validation time:0.34s
[Twitter] [Epoch=048] Train Loss=[QuantLoss=0.04677]Val loss = [QuantLoss=0.06633][QuantReg:0.39051]
[Twitter] Starting epoch 49...
[Twitter] Elapsed training time:4.32s
[Twitter] Starting validation...
[Twitter] Elapsed validation time:0.36s
[Twitter] [Epoch=049] Train Loss=[QuantLoss=0.04427]Val loss = [QuantLoss=0.06029][QuantReg:0.39065]
[Twitter] Starting epoch 50...
[Twitter] Elapsed training time:4.27s
[Twitter] Starting validation...
[Twitter] Elapsed validation time:0.35s
[Twitter] [Epoch=050] Train Loss=[QuantLoss=0.05198]Val loss = [QuantLoss=0.05314][QuantReg:0.38954]
[Twitter] Starting epoch 51...
[Twitter] Elapsed training time:4.24s
[Twitter] Starting validation...
[Twitter] Elapsed validation time:0.36s
[Twitter] [Epoch=051] Train Loss=[QuantLoss=0.04227]Val loss = [QuantLoss=0.05558][QuantReg:0.39117]
[Twitter] Starting epoch 52...
[Twitter] Elapsed training time:4.19s
[Twitter] Starting validation...
[Twitter] Elapsed validation time:0.35s
[Twitter] [Epoch=052] Train Loss=[QuantLoss=0.04394]Val loss = [QuantLoss=0.03432][QuantReg:0.39052]
[Twitter] Starting epoch 53...
[Twitter] Elapsed training time:4.22s
[Twitter] Starting validation...
[Twitter] Elapsed validation time:0.35s
[Twitter] [Epoch=053] Train Loss=[QuantLoss=0.04397]Val loss = [QuantLoss=0.05899][QuantReg:0.39047]
[Twitter] Starting epoch 54...
[Twitter] Elapsed training time:4.21s
[Twitter] Starting validation...
[Twitter] Elapsed validation time:0.35s
[Twitter] [Epoch=054] Train Loss=[QuantLoss=0.04481]Val loss = [QuantLoss=0.04647][QuantReg:0.39591]
[Twitter] Starting epoch 55...
[Twitter] Elapsed training time:4.26s
[Twitter] Starting validation...
[Twitter] Elapsed validation time:0.36s
[Twitter] [Epoch=055] Train Loss=[QuantLoss=0.04396]Val loss = [QuantLoss=0.05347][QuantReg:0.39952]
[Twitter] Starting epoch 56...
[Twitter] Elapsed training time:4.28s
[Twitter] Starting validation...
[Twitter] Elapsed validation time:0.36s
[Twitter] [Epoch=056] Train Loss=[QuantLoss=0.04104]Val loss = [QuantLoss=0.06657][QuantReg:0.39991]
[Twitter] Starting epoch 57...
[Twitter] Elapsed training time:4.28s
[Twitter] Starting validation...
[Twitter] Elapsed validation time:0.35s
[Twitter] [Epoch=057] Train Loss=[QuantLoss=0.04424]Val loss = [QuantLoss=0.08363][QuantReg:0.40028]
[Twitter] Starting epoch 58...
[Twitter] Elapsed training time:4.22s
[Twitter] Starting validation...
[Twitter] Elapsed validation time:0.35s
[Twitter] [Epoch=058] Train Loss=[QuantLoss=0.04193]Val loss = [QuantLoss=0.07417][QuantReg:0.39659]
[Twitter] Starting epoch 59...
[Twitter] Elapsed training time:4.21s
[Twitter] Starting validation...
[Twitter] Elapsed validation time:0.35s
[Twitter] [Epoch=059] Train Loss=[QuantLoss=0.04144]Val loss = [QuantLoss=0.07747][QuantReg:0.39810]
[Twitter] Starting epoch 60...
[Twitter] Elapsed training time:4.31s
[Twitter] Starting validation...
[Twitter] Elapsed validation time:0.37s
[Twitter] [Epoch=060] Train Loss=[QuantLoss=0.04059]Val loss = [QuantLoss=0.06375][QuantReg:0.40124]
[Twitter] Starting epoch 61...
[Twitter] Elapsed training time:4.33s
[Twitter] Starting validation...
[Twitter] Elapsed validation time:0.35s
[Twitter] [Epoch=061] Train Loss=[QuantLoss=0.04144]Val loss = [QuantLoss=0.02894][QuantReg:0.40090]
[Twitter] Starting epoch 62...
[Twitter] Elapsed training time:4.30s
[Twitter] Starting validation...
[Twitter] Elapsed validation time:0.25s
[Twitter] [Epoch=062] Train Loss=[QuantLoss=0.04171]Val loss = [QuantLoss=0.04181][QuantReg:0.40013]
[Twitter] Starting epoch 63...
[Twitter] Elapsed training time:4.20s
[Twitter] Starting validation...
[Twitter] Elapsed validation time:0.22s
[Twitter] [Epoch=063] Train Loss=[QuantLoss=0.04153]Val loss = [QuantLoss=0.07230][QuantReg:0.40027]
[Twitter] Starting epoch 64...
[Twitter] Elapsed training time:4.17s
[Twitter] Starting validation...
[Twitter] Elapsed validation time:0.24s
[Twitter] [Epoch=064] Train Loss=[QuantLoss=0.04000]Val loss = [QuantLoss=0.03331][QuantReg:0.39928]
[Twitter] Starting epoch 65...
[Twitter] Elapsed training time:4.20s
[Twitter] Starting validation...
[Twitter] Elapsed validation time:0.24s
[Twitter] [Epoch=065] Train Loss=[QuantLoss=0.03877]Val loss = [QuantLoss=0.09667][QuantReg:0.39920]
[Twitter] Starting epoch 66...
[Twitter] Elapsed training time:4.21s
[Twitter] Starting validation...
[Twitter] Elapsed validation time:0.23s
[Twitter] [Epoch=066] Train Loss=[QuantLoss=0.04103]Val loss = [QuantLoss=0.05721][QuantReg:0.39597]
[Twitter] Starting epoch 67...
[Twitter] Elapsed training time:4.24s
[Twitter] Starting validation...
[Twitter] Elapsed validation time:0.24s
[Twitter] [Epoch=067] Train Loss=[QuantLoss=0.04083]Val loss = [QuantLoss=0.09851][QuantReg:0.39328]
[Twitter] Starting epoch 68...
[Twitter] Elapsed training time:4.26s
[Twitter] Starting validation...
[Twitter] Elapsed validation time:0.22s
[Twitter] [Epoch=068] Train Loss=[QuantLoss=0.03911]Val loss = [QuantLoss=0.09118][QuantReg:0.39057]
[Twitter] Starting epoch 69...
[Twitter] Elapsed training time:4.24s
[Twitter] Starting validation...
[Twitter] Elapsed validation time:0.23s
[Twitter] [Epoch=069] Train Loss=[QuantLoss=0.03940]Val loss = [QuantLoss=0.10631][QuantReg:0.39050]
[Twitter] Starting epoch 70...
[Twitter] Elapsed training time:4.29s
[Twitter] Starting validation...
[Twitter] Elapsed validation time:0.25s
[Twitter] [Epoch=070] Train Loss=[QuantLoss=0.03801]Val loss = [QuantLoss=0.11289][QuantReg:0.39145]
[Twitter] Starting epoch 71...
[Twitter] Elapsed training time:4.19s
[Twitter] Starting validation...
[Twitter] Elapsed validation time:0.22s
[Twitter] [Epoch=071] Train Loss=[QuantLoss=0.03716]Val loss = [QuantLoss=0.09841][QuantReg:0.39331]
[Twitter] Starting epoch 72...
[Twitter] Elapsed training time:4.28s
[Twitter] Starting validation...
[Twitter] Elapsed validation time:0.22s
[Twitter] [Epoch=072] Train Loss=[QuantLoss=0.03940]Val loss = [QuantLoss=0.08174][QuantReg:0.39339]
[Twitter] Starting epoch 73...
[Twitter] Elapsed training time:4.25s
[Twitter] Starting validation...
[Twitter] Elapsed validation time:0.23s
[Twitter] [Epoch=073] Train Loss=[QuantLoss=0.04048]Val loss = [QuantLoss=0.08911][QuantReg:0.39407]
[Twitter] Starting epoch 74...
[Twitter] Elapsed training time:4.36s
[Twitter] Starting validation...
[Twitter] Elapsed validation time:0.22s
[Twitter] [Epoch=074] Train Loss=[QuantLoss=0.03882]Val loss = [QuantLoss=0.07775][QuantReg:0.39514]
[Twitter] Starting epoch 75...
[Twitter] Elapsed training time:4.29s
[Twitter] Starting validation...
[Twitter] Elapsed validation time:0.23s
[Twitter] [Epoch=075] Train Loss=[QuantLoss=0.03788]Val loss = [QuantLoss=0.07023][QuantReg:0.39585]
[Twitter] Starting epoch 76...
[Twitter] Elapsed training time:4.33s
[Twitter] Starting validation...
[Twitter] Elapsed validation time:0.22s
[Twitter] [Epoch=076] Train Loss=[QuantLoss=0.03760]Val loss = [QuantLoss=0.06564][QuantReg:0.39565]
[Twitter] Starting epoch 77...
[Twitter] Elapsed training time:4.27s
[Twitter] Starting validation...
[Twitter] Elapsed validation time:0.22s
[Twitter] [Epoch=077] Train Loss=[QuantLoss=0.04193]Val loss = [QuantLoss=0.08858][QuantReg:0.39339]
[Twitter] Starting epoch 78...
[Twitter] Elapsed training time:4.20s
[Twitter] Starting validation...
[Twitter] Elapsed validation time:0.22s
[Twitter] [Epoch=078] Train Loss=[QuantLoss=0.03686]Val loss = [QuantLoss=0.08738][QuantReg:0.39638]
[Twitter] Starting epoch 79...
[Twitter] Elapsed training time:4.28s
[Twitter] Starting validation...
[Twitter] Elapsed validation time:0.24s
[Twitter] [Epoch=079] Train Loss=[QuantLoss=0.03985]Val loss = [QuantLoss=0.08440][QuantReg:0.39442]
[Twitter] Starting epoch 80...
[Twitter] Elapsed training time:4.28s
[Twitter] Starting validation...
[Twitter] Elapsed validation time:0.25s
[Twitter] [Epoch=080] Train Loss=[QuantLoss=0.03714]Val loss = [QuantLoss=0.08525][QuantReg:0.39430]
[Twitter] Starting epoch 81...
[Twitter] Elapsed training time:4.26s
[Twitter] Starting validation...
[Twitter] Elapsed validation time:0.23s
[Twitter] [Epoch=081] Train Loss=[QuantLoss=0.03799]Val loss = [QuantLoss=0.08285][QuantReg:0.39450]
[Twitter] Starting epoch 82...
[Twitter] Elapsed training time:4.35s
[Twitter] Starting validation...
[Twitter] Elapsed validation time:0.22s
[Twitter] [Epoch=082] Train Loss=[QuantLoss=0.04417]Val loss = [QuantLoss=0.08298][QuantReg:0.39123]
[Twitter] Starting epoch 83...
[Twitter] Elapsed training time:4.21s
[Twitter] Starting validation...
[Twitter] Elapsed validation time:0.22s
[Twitter] [Epoch=083] Train Loss=[QuantLoss=0.03704]Val loss = [QuantLoss=0.09038][QuantReg:0.39027]
[Twitter] Starting epoch 84...
[Twitter] Elapsed training time:4.22s
[Twitter] Starting validation...
[Twitter] Elapsed validation time:0.26s
[Twitter] [Epoch=084] Train Loss=[QuantLoss=0.03913]Val loss = [QuantLoss=0.09712][QuantReg:0.39128]
[Twitter] Starting epoch 85...
[Twitter] Elapsed training time:4.22s
[Twitter] Starting validation...
[Twitter] Elapsed validation time:0.24s
[Twitter] [Epoch=085] Train Loss=[QuantLoss=0.03744]Val loss = [QuantLoss=0.07944][QuantReg:0.39087]
[Twitter] Starting epoch 86...
[Twitter] Elapsed training time:4.28s
[Twitter] Starting validation...
[Twitter] Elapsed validation time:0.25s
[Twitter] [Epoch=086] Train Loss=[QuantLoss=0.03553]Val loss = [QuantLoss=0.07924][QuantReg:0.39138]
[Twitter] Starting epoch 87...
[Twitter] Elapsed training time:4.35s
[Twitter] Starting validation...
[Twitter] Elapsed validation time:0.24s
[Twitter] [Epoch=087] Train Loss=[QuantLoss=0.03578]Val loss = [QuantLoss=0.06399][QuantReg:0.39268]
[Twitter] Starting epoch 88...
[Twitter] Elapsed training time:4.27s
[Twitter] Starting validation...
[Twitter] Elapsed validation time:0.23s
[Twitter] [Epoch=088] Train Loss=[QuantLoss=0.03651]Val loss = [QuantLoss=0.07684][QuantReg:0.39167]
[Twitter] Starting epoch 89...
[Twitter] Elapsed training time:4.32s
[Twitter] Starting validation...
[Twitter] Elapsed validation time:0.25s
[Twitter] [Epoch=089] Train Loss=[QuantLoss=0.03629]Val loss = [QuantLoss=0.05731][QuantReg:0.39260]
[Twitter] Starting epoch 90...
[Twitter] Elapsed training time:4.25s
[Twitter] Starting validation...
[Twitter] Elapsed validation time:0.24s
[Twitter] [Epoch=090] Train Loss=[QuantLoss=0.03306]Val loss = [QuantLoss=0.06568][QuantReg:0.39401]
[Twitter] Starting epoch 91...
[Twitter] Elapsed training time:4.27s
[Twitter] Starting validation...
[Twitter] Elapsed validation time:0.24s
[Twitter] [Epoch=091] Train Loss=[QuantLoss=0.03525]Val loss = [QuantLoss=0.05663][QuantReg:0.39553]
[Twitter] Starting epoch 92...
[Twitter] Elapsed training time:4.41s
[Twitter] Starting validation...
[Twitter] Elapsed validation time:0.23s
[Twitter] [Epoch=092] Train Loss=[QuantLoss=0.03593]Val loss = [QuantLoss=0.07087][QuantReg:0.39564]
[Twitter] Starting epoch 93...
[Twitter] Elapsed training time:4.46s
[Twitter] Starting validation...
[Twitter] Elapsed validation time:0.25s
[Twitter] [Epoch=093] Train Loss=[QuantLoss=0.03909]Val loss = [QuantLoss=0.05647][QuantReg:0.39494]
[Twitter] Starting epoch 94...
[Twitter] Elapsed training time:4.35s
[Twitter] Starting validation...
[Twitter] Elapsed validation time:0.24s
[Twitter] [Epoch=094] Train Loss=[QuantLoss=0.03553]Val loss = [QuantLoss=0.06989][QuantReg:0.39359]
[Twitter] Starting epoch 95...
[Twitter] Elapsed training time:4.27s
[Twitter] Starting validation...
[Twitter] Elapsed validation time:0.24s
[Twitter] [Epoch=095] Train Loss=[QuantLoss=0.03508]Val loss = [QuantLoss=0.07158][QuantReg:0.39475]
[Twitter] Starting epoch 96...
[Twitter] Elapsed training time:4.22s
[Twitter] Starting validation...
[Twitter] Elapsed validation time:0.22s
[Twitter] [Epoch=096] Train Loss=[QuantLoss=0.04167]Val loss = [QuantLoss=0.07390][QuantReg:0.39358]
[Twitter] Starting epoch 97...
[Twitter] Elapsed training time:4.39s
[Twitter] Starting validation...
[Twitter] Elapsed validation time:0.25s
[Twitter] [Epoch=097] Train Loss=[QuantLoss=0.04067]Val loss = [QuantLoss=0.06596][QuantReg:0.39241]
[Twitter] Starting epoch 98...
[Twitter] Elapsed training time:4.22s
[Twitter] Starting validation...
[Twitter] Elapsed validation time:0.34s
[Twitter] [Epoch=098] Train Loss=[QuantLoss=0.03624]Val loss = [QuantLoss=0.06490][QuantReg:0.39183]
[Twitter] Starting epoch 99...
[Twitter] Elapsed training time:4.18s
[Twitter] Starting validation...
[Twitter] Elapsed validation time:0.24s
[Twitter] [Epoch=099] Train Loss=[QuantLoss=0.03526]Val loss = [QuantLoss=0.05952][QuantReg:0.39400]
[Twitter] Starting epoch 100...
[Twitter] Elapsed training time:4.32s
[Twitter] Starting validation...
[Twitter] Elapsed validation time:0.36s
[Twitter] [Epoch=100] Train Loss=[QuantLoss=0.03418]Val loss = [QuantLoss=0.06358][QuantReg:0.39451]
[Twitter] Starting epoch 101...
[Twitter] Elapsed training time:4.27s
[Twitter] Starting validation...
[Twitter] Elapsed validation time:0.33s
[Twitter] [Epoch=101] Train Loss=[QuantLoss=0.03372]Val loss = [QuantLoss=0.05824][QuantReg:0.39421]
[Twitter] Starting epoch 102...
[Twitter] Elapsed training time:4.42s
[Twitter] Starting validation...
[Twitter] Elapsed validation time:0.31s
[Twitter] [Epoch=102] Train Loss=[QuantLoss=0.03515]Val loss = [QuantLoss=0.05809][QuantReg:0.39324]
[Twitter] Starting epoch 103...
[Twitter] Elapsed training time:4.70s
[Twitter] Starting validation...
[Twitter] Elapsed validation time:0.30s
[Twitter] [Epoch=103] Train Loss=[QuantLoss=0.03423]Val loss = [QuantLoss=0.06582][QuantReg:0.39264]
[Twitter] Starting epoch 104...
[Twitter] Elapsed training time:4.83s
[Twitter] Starting validation...
[Twitter] Elapsed validation time:0.30s
[Twitter] [Epoch=104] Train Loss=[QuantLoss=0.03425]Val loss = [QuantLoss=0.06440][QuantReg:0.39379]
[Twitter] Starting epoch 105...
[Twitter] Elapsed training time:4.96s
[Twitter] Starting validation...
[Twitter] Elapsed validation time:0.39s
[Twitter] [Epoch=105] Train Loss=[QuantLoss=0.03535]Val loss = [QuantLoss=0.07871][QuantReg:0.39192]
[Twitter] Starting epoch 106...
[Twitter] Elapsed training time:5.12s
[Twitter] Starting validation...
[Twitter] Elapsed validation time:0.31s
[Twitter] [Epoch=106] Train Loss=[QuantLoss=0.03570]Val loss = [QuantLoss=0.06752][QuantReg:0.39149]
[Twitter] Starting epoch 107...
[Twitter] Elapsed training time:4.74s
[Twitter] Starting validation...
[Twitter] Elapsed validation time:0.32s
[Twitter] [Epoch=107] Train Loss=[QuantLoss=0.03338]Val loss = [QuantLoss=0.07356][QuantReg:0.39064]
[Twitter] Starting epoch 108...
[Twitter] Elapsed training time:4.74s
[Twitter] Starting validation...
[Twitter] Elapsed validation time:0.31s
[Twitter] [Epoch=108] Train Loss=[QuantLoss=0.03477]Val loss = [QuantLoss=0.05745][QuantReg:0.39306]
[Twitter] Starting epoch 109...
[Twitter] Elapsed training time:4.79s
[Twitter] Starting validation...
[Twitter] Elapsed validation time:0.31s
[Twitter] [Epoch=109] Train Loss=[QuantLoss=0.03510]Val loss = [QuantLoss=0.06258][QuantReg:0.39160]
[Twitter] Starting epoch 110...
[Twitter] Elapsed training time:4.81s
[Twitter] Starting validation...
[Twitter] Elapsed validation time:0.32s
[Twitter] [Epoch=110] Train Loss=[QuantLoss=0.03309]Val loss = [QuantLoss=0.07164][QuantReg:0.39079]
[Twitter] Starting epoch 111...
[Twitter] Elapsed training time:4.85s
[Twitter] Starting validation...
[Twitter] Elapsed validation time:0.32s
[Twitter] [Epoch=111] Train Loss=[QuantLoss=0.03299]Val loss = [QuantLoss=0.06344][QuantReg:0.39096]
[Twitter] Starting epoch 112...
[Twitter] Elapsed training time:3.13s
[Twitter] Starting validation...
[Twitter] Elapsed validation time:0.32s
[Twitter] [Epoch=112] Train Loss=[QuantLoss=0.03399]Val loss = [QuantLoss=0.07220][QuantReg:0.38999]
[Twitter] Starting epoch 113...
[Twitter] Elapsed training time:4.91s
[Twitter] Starting validation...
[Twitter] Elapsed validation time:0.30s
[Twitter] [Epoch=113] Train Loss=[QuantLoss=0.03518]Val loss = [QuantLoss=0.06650][QuantReg:0.39136]
[Twitter] Starting epoch 114...
[Twitter] Elapsed training time:4.71s
[Twitter] Starting validation...
[Twitter] Elapsed validation time:0.30s
[Twitter] [Epoch=114] Train Loss=[QuantLoss=0.03470]Val loss = [QuantLoss=0.07072][QuantReg:0.39193]
[Twitter] Starting epoch 115...
[Twitter] Elapsed training time:4.64s
[Twitter] Starting validation...
[Twitter] Elapsed validation time:0.32s
[Twitter] [Epoch=115] Train Loss=[QuantLoss=0.03823]Val loss = [QuantLoss=0.08442][QuantReg:0.39127]
[Twitter] Starting epoch 116...
[Twitter] Elapsed training time:4.45s
[Twitter] Starting validation...
[Twitter] Elapsed validation time:0.36s
[Twitter] [Epoch=116] Train Loss=[QuantLoss=0.03966]Val loss = [QuantLoss=0.06602][QuantReg:0.39226]
[Twitter] Starting epoch 117...
[Twitter] Elapsed training time:4.28s
[Twitter] Starting validation...
[Twitter] Elapsed validation time:0.37s
[Twitter] [Epoch=117] Train Loss=[QuantLoss=0.03331]Val loss = [QuantLoss=0.07075][QuantReg:0.39299]
[Twitter] Starting epoch 118...
[Twitter] Elapsed training time:4.23s
[Twitter] Starting validation...
[Twitter] Elapsed validation time:0.34s
[Twitter] [Epoch=118] Train Loss=[QuantLoss=0.03328]Val loss = [QuantLoss=0.07041][QuantReg:0.39297]
[Twitter] Starting epoch 119...
[Twitter] Elapsed training time:4.22s
[Twitter] Starting validation...
[Twitter] Elapsed validation time:0.35s
[Twitter] [Epoch=119] Train Loss=[QuantLoss=0.03295]Val loss = [QuantLoss=0.06309][QuantReg:0.39203]
[Twitter] Starting epoch 120...
[Twitter] Elapsed training time:4.19s
[Twitter] Starting validation...
[Twitter] Elapsed validation time:0.33s
[Twitter] [Epoch=120] Train Loss=[QuantLoss=0.03281]Val loss = [QuantLoss=0.05900][QuantReg:0.39201]
[Twitter] Starting epoch 121...
[Twitter] Elapsed training time:4.32s
[Twitter] Starting validation...
[Twitter] Elapsed validation time:0.35s
[Twitter] [Epoch=121] Train Loss=[QuantLoss=0.03339]Val loss = [QuantLoss=0.05834][QuantReg:0.39143]
[Twitter] Starting epoch 122...
[Twitter] Elapsed training time:4.31s
[Twitter] Starting validation...
[Twitter] Elapsed validation time:0.38s
[Twitter] [Epoch=122] Train Loss=[QuantLoss=0.03297]Val loss = [QuantLoss=0.06841][QuantReg:0.39192]
[Twitter] Starting epoch 123...
[Twitter] Elapsed training time:4.37s
[Twitter] Starting validation...
[Twitter] Elapsed validation time:0.35s
[Twitter] [Epoch=123] Train Loss=[QuantLoss=0.03403]Val loss = [QuantLoss=0.06731][QuantReg:0.39358]
[Twitter] Starting epoch 124...
[Twitter] Elapsed training time:4.32s
[Twitter] Starting validation...
[Twitter] Elapsed validation time:0.36s
[Twitter] [Epoch=124] Train Loss=[QuantLoss=0.03331]Val loss = [QuantLoss=0.07601][QuantReg:0.39185]
[Twitter] Starting epoch 125...
[Twitter] Elapsed training time:4.22s
[Twitter] Starting validation...
[Twitter] Elapsed validation time:0.37s
[Twitter] [Epoch=125] Train Loss=[QuantLoss=0.03304]Val loss = [QuantLoss=0.06574][QuantReg:0.39090]
[Twitter] Starting epoch 126...
[Twitter] Elapsed training time:4.22s
[Twitter] Starting validation...
[Twitter] Elapsed validation time:0.38s
[Twitter] [Epoch=126] Train Loss=[QuantLoss=0.03280]Val loss = [QuantLoss=0.08411][QuantReg:0.39077]
[Twitter] Starting epoch 127...
[Twitter] Elapsed training time:4.40s
[Twitter] Starting validation...
[Twitter] Elapsed validation time:0.35s
[Twitter] [Epoch=127] Train Loss=[QuantLoss=0.03523]Val loss = [QuantLoss=0.08467][QuantReg:0.39173]
[Twitter] Starting epoch 128...
[Twitter] Elapsed training time:4.43s
[Twitter] Starting validation...
[Twitter] Elapsed validation time:0.38s
[Twitter] [Epoch=128] Train Loss=[QuantLoss=0.03356]Val loss = [QuantLoss=0.07946][QuantReg:0.39307]
[Twitter] Starting epoch 129...
[Twitter] Elapsed training time:4.48s
[Twitter] Starting validation...
[Twitter] Elapsed validation time:0.34s
[Twitter] [Epoch=129] Train Loss=[QuantLoss=0.03881]Val loss = [QuantLoss=0.07830][QuantReg:0.39328]
[Twitter] Starting epoch 130...
[Twitter] Elapsed training time:4.38s
[Twitter] Starting validation...
[Twitter] Elapsed validation time:0.35s
[Twitter] [Epoch=130] Train Loss=[QuantLoss=0.03250]Val loss = [QuantLoss=0.08403][QuantReg:0.39202]
[Twitter] Early stopping in epoch 130!
[Twitter] Restoring best model...
MAE médio por bag: 0.1091 ± 0.0810
Salvo em resultados_sanders/resultados_twitter_bert_kl_easiest_4.csv
Dataset: /home/nildaimon/gmnet/experiments/train_curl/Datasets/Sanders/twitter-sanders-apple3.csv
Dificuldade: metric=l1, mode=hardest, top_k=None
Rodada: 4
Salvar resultados em: resultados_sanders
Dispositivo de treino: cpu
Carregando e processando dataset Twitter
Carregando embeddings do cache...
/home/nildaimon/gmnet/experiments/train_curl/train_sanders.py:89: FutureWarning: You are using `torch.load` with `weights_only=False` (the current default value), which uses the default pickle module implicitly. It is possible to construct malicious pickle data which will execute arbitrary code during unpickling (See https://github.com/pytorch/pytorch/blob/main/SECURITY.md#untrusted-models for more details). In a future release, the default value for `weights_only` will be flipped to `True`. This limits the functions that could be executed during unpickling. Arbitrary objects will no longer be allowed to be loaded via this mode unless they are explicitly allowlisted by the user via `torch.serialization.add_safe_globals`. We recommend you start setting `weights_only=True` for any use case where you don't have full control of the loaded file. Please open an issue on GitHub for any issues related to this experimental feature.
  embeddings = torch.load(EMBEDDING_CACHE)
/home/nildaimon/gmnet/experiments/train_curl/train_sanders.py:90: FutureWarning: You are using `torch.load` with `weights_only=False` (the current default value), which uses the default pickle module implicitly. It is possible to construct malicious pickle data which will execute arbitrary code during unpickling (See https://github.com/pytorch/pytorch/blob/main/SECURITY.md#untrusted-models for more details). In a future release, the default value for `weights_only` will be flipped to `True`. This limits the functions that could be executed during unpickling. Arbitrary objects will no longer be allowed to be loaded via this mode unless they are explicitly allowlisted by the user via `torch.serialization.add_safe_globals`. We recommend you start setting `weights_only=True` for any use case where you don't have full control of the loaded file. Please open an issue on GitHub for any issues related to this experimental feature.
  labels = torch.load(LABELS_CACHE)
Ignoring val_split as train and val datasets where given to fit function
We have two datasets: training 1092 examples. validation 100 examples.]
Using device cpu
/home/nildaimon/anaconda3/envs/gmnet/lib/python3.12/site-packages/torch/optim/lr_scheduler.py:62: UserWarning: The verbose parameter is deprecated. Please use get_last_lr() to access the learning rate.
  warnings.warn(
/home/nildaimon/gmnet/dlquantification/main.py:835: FutureWarning: `torch.cuda.amp.GradScaler(args...)` is deprecated. Please use `torch.amp.GradScaler('cuda', args...)` instead.
  scaler = torch.cuda.amp.GradScaler(enabled=self.use_fp16)
[Twitter] Starting epoch 0...
/home/nildaimon/gmnet/dlquantification/main.py:888: FutureWarning: `torch.cuda.amp.autocast(args...)` is deprecated. Please use `torch.amp.autocast('cuda', args...)` instead.
  with torch.cuda.amp.autocast(enabled=self.use_fp16):
[Twitter] Elapsed training time:4.46s
[Twitter] Starting validation...
[Twitter] Elapsed validation time:0.26s
[Twitter] [Epoch=000] Train Loss=[QuantLoss=0.09185]Val loss = [QuantLoss=0.08095][QuantReg:0.62000][saved best model in this epoch]
[Twitter] Starting epoch 1...
[Twitter] Elapsed training time:4.69s
[Twitter] Starting validation...
[Twitter] Elapsed validation time:0.25s
[Twitter] [Epoch=001] Train Loss=[QuantLoss=0.08282]Val loss = [QuantLoss=0.16642][QuantReg:0.54713]
[Twitter] Starting epoch 2...
[Twitter] Elapsed training time:4.71s
[Twitter] Starting validation...
[Twitter] Elapsed validation time:0.23s
[Twitter] [Epoch=002] Train Loss=[QuantLoss=0.08553]Val loss = [QuantLoss=0.13110][QuantReg:0.53057]
[Twitter] Starting epoch 3...
[Twitter] Elapsed training time:4.59s
[Twitter] Starting validation...
[Twitter] Elapsed validation time:0.28s
[Twitter] [Epoch=003] Train Loss=[QuantLoss=0.08923]Val loss = [QuantLoss=0.07001][QuantReg:0.54441][saved best model in this epoch]
[Twitter] Starting epoch 4...
[Twitter] Elapsed training time:4.55s
[Twitter] Starting validation...
[Twitter] Elapsed validation time:0.26s
[Twitter] [Epoch=004] Train Loss=[QuantLoss=0.08825]Val loss = [QuantLoss=0.08444][QuantReg:0.52625]
[Twitter] Starting epoch 5...
[Twitter] Elapsed training time:4.52s
[Twitter] Starting validation...
[Twitter] Elapsed validation time:0.25s
[Twitter] [Epoch=005] Train Loss=[QuantLoss=0.07843]Val loss = [QuantLoss=0.06583][QuantReg:0.53781][saved best model in this epoch]
[Twitter] Starting epoch 6...
[Twitter] Elapsed training time:4.46s
[Twitter] Starting validation...
[Twitter] Elapsed validation time:0.25s
[Twitter] [Epoch=006] Train Loss=[QuantLoss=0.07466]Val loss = [QuantLoss=0.07478][QuantReg:0.51029]
[Twitter] Starting epoch 7...
[Twitter] Elapsed training time:4.46s
[Twitter] Starting validation...
[Twitter] Elapsed validation time:0.24s
[Twitter] [Epoch=007] Train Loss=[QuantLoss=0.08236]Val loss = [QuantLoss=0.05612][QuantReg:0.49776][saved best model in this epoch]
[Twitter] Starting epoch 8...
[Twitter] Elapsed training time:4.57s
[Twitter] Starting validation...
[Twitter] Elapsed validation time:0.22s
[Twitter] [Epoch=008] Train Loss=[QuantLoss=0.07004]Val loss = [QuantLoss=0.05823][QuantReg:0.47265]
[Twitter] Starting epoch 9...
[Twitter] Elapsed training time:4.70s
[Twitter] Starting validation...
[Twitter] Elapsed validation time:0.23s
[Twitter] [Epoch=009] Train Loss=[QuantLoss=0.07958]Val loss = [QuantLoss=0.03283][QuantReg:0.44471][saved best model in this epoch]
[Twitter] Starting epoch 10...
[Twitter] Elapsed training time:4.59s
[Twitter] Starting validation...
[Twitter] Elapsed validation time:0.24s
[Twitter] [Epoch=010] Train Loss=[QuantLoss=0.06950]Val loss = [QuantLoss=0.03152][QuantReg:0.46431][saved best model in this epoch]
[Twitter] Starting epoch 11...
[Twitter] Elapsed training time:4.44s
[Twitter] Starting validation...
[Twitter] Elapsed validation time:0.25s
[Twitter] [Epoch=011] Train Loss=[QuantLoss=0.06349]Val loss = [QuantLoss=0.01818][QuantReg:0.47584][saved best model in this epoch]
[Twitter] Starting epoch 12...
[Twitter] Elapsed training time:4.49s
[Twitter] Starting validation...
[Twitter] Elapsed validation time:0.24s
[Twitter] [Epoch=012] Train Loss=[QuantLoss=0.06136]Val loss = [QuantLoss=0.02422][QuantReg:0.45178]
[Twitter] Starting epoch 13...
[Twitter] Elapsed training time:4.34s
[Twitter] Starting validation...
[Twitter] Elapsed validation time:0.28s
[Twitter] [Epoch=013] Train Loss=[QuantLoss=0.05964]Val loss = [QuantLoss=0.03001][QuantReg:0.44858]
[Twitter] Starting epoch 14...
[Twitter] Elapsed training time:4.55s
[Twitter] Starting validation...
[Twitter] Elapsed validation time:0.24s
[Twitter] [Epoch=014] Train Loss=[QuantLoss=0.05817]Val loss = [QuantLoss=0.10338][QuantReg:0.44139]
[Twitter] Starting epoch 15...
[Twitter] Elapsed training time:4.57s
[Twitter] Starting validation...
[Twitter] Elapsed validation time:0.22s
[Twitter] [Epoch=015] Train Loss=[QuantLoss=0.05461]Val loss = [QuantLoss=0.03186][QuantReg:0.44382]
[Twitter] Starting epoch 16...
[Twitter] Elapsed training time:4.34s
[Twitter] Starting validation...
[Twitter] Elapsed validation time:0.24s
[Twitter] [Epoch=016] Train Loss=[QuantLoss=0.05236]Val loss = [QuantLoss=0.01356][QuantReg:0.43208][saved best model in this epoch]
[Twitter] Starting epoch 17...
[Twitter] Elapsed training time:4.42s
[Twitter] Starting validation...
[Twitter] Elapsed validation time:0.24s
[Twitter] [Epoch=017] Train Loss=[QuantLoss=0.04940]Val loss = [QuantLoss=0.07760][QuantReg:0.43465]
[Twitter] Starting epoch 18...
[Twitter] Elapsed training time:4.61s
[Twitter] Starting validation...
[Twitter] Elapsed validation time:0.23s
[Twitter] [Epoch=018] Train Loss=[QuantLoss=0.04992]Val loss = [QuantLoss=0.02707][QuantReg:0.44031]
[Twitter] Starting epoch 19...
[Twitter] Elapsed training time:4.14s
[Twitter] Starting validation...
[Twitter] Elapsed validation time:0.24s
[Twitter] [Epoch=019] Train Loss=[QuantLoss=0.05328]Val loss = [QuantLoss=0.02911][QuantReg:0.43641]
[Twitter] Starting epoch 20...
[Twitter] Elapsed training time:4.13s
[Twitter] Starting validation...
[Twitter] Elapsed validation time:0.24s
[Twitter] [Epoch=020] Train Loss=[QuantLoss=0.05049]Val loss = [QuantLoss=0.01871][QuantReg:0.43758]
[Twitter] Starting epoch 21...
[Twitter] Elapsed training time:4.21s
[Twitter] Starting validation...
[Twitter] Elapsed validation time:0.25s
[Twitter] [Epoch=021] Train Loss=[QuantLoss=0.05209]Val loss = [QuantLoss=0.09065][QuantReg:0.44748]
[Twitter] Starting epoch 22...
[Twitter] Elapsed training time:4.27s
[Twitter] Starting validation...
[Twitter] Elapsed validation time:0.21s
[Twitter] [Epoch=022] Train Loss=[QuantLoss=0.05713]Val loss = [QuantLoss=0.09993][QuantReg:0.42781]
[Twitter] Starting epoch 23...
[Twitter] Elapsed training time:4.53s
[Twitter] Starting validation...
[Twitter] Elapsed validation time:0.19s
[Twitter] [Epoch=023] Train Loss=[QuantLoss=0.05642]Val loss = [QuantLoss=0.05380][QuantReg:0.41001]
[Twitter] Starting epoch 24...
[Twitter] Elapsed training time:4.98s
[Twitter] Starting validation...
[Twitter] Elapsed validation time:0.30s
[Twitter] [Epoch=024] Train Loss=[QuantLoss=0.06283]Val loss = [QuantLoss=0.01570][QuantReg:0.41841]
[Twitter] Starting epoch 25...
[Twitter] Elapsed training time:4.83s
[Twitter] Starting validation...
[Twitter] Elapsed validation time:0.29s
[Twitter] [Epoch=025] Train Loss=[QuantLoss=0.05143]Val loss = [QuantLoss=0.04778][QuantReg:0.42186]
[Twitter] Starting epoch 26...
[Twitter] Elapsed training time:4.65s
[Twitter] Starting validation...
[Twitter] Elapsed validation time:0.31s
[Twitter] [Epoch=026] Train Loss=[QuantLoss=0.06544]Val loss = [QuantLoss=0.08605][QuantReg:0.40842]
[Twitter] Starting epoch 27...
[Twitter] Elapsed training time:4.78s
[Twitter] Starting validation...
[Twitter] Elapsed validation time:0.32s
[Twitter] [Epoch=027] Train Loss=[QuantLoss=0.05957]Val loss = [QuantLoss=0.12157][QuantReg:0.43827]
[Twitter] Starting epoch 28...
[Twitter] Elapsed training time:4.63s
[Twitter] Starting validation...
[Twitter] Elapsed validation time:0.32s
[Twitter] [Epoch=028] Train Loss=[QuantLoss=0.06580]Val loss = [QuantLoss=0.08630][QuantReg:0.45391]
[Twitter] Starting epoch 29...
[Twitter] Elapsed training time:4.76s
[Twitter] Starting validation...
[Twitter] Elapsed validation time:0.34s
[Twitter] [Epoch=029] Train Loss=[QuantLoss=0.06780]Val loss = [QuantLoss=0.13283][QuantReg:0.46222]
[Twitter] Starting epoch 30...
[Twitter] Elapsed training time:4.74s
[Twitter] Starting validation...
[Twitter] Elapsed validation time:0.36s
[Twitter] [Epoch=030] Train Loss=[QuantLoss=0.05835]Val loss = [QuantLoss=0.02381][QuantReg:0.45799]
[Twitter] Starting epoch 31...
[Twitter] Elapsed training time:4.77s
[Twitter] Starting validation...
[Twitter] Elapsed validation time:0.30s
[Twitter] [Epoch=031] Train Loss=[QuantLoss=0.05912]Val loss = [QuantLoss=0.06716][QuantReg:0.43417]
[Twitter] Starting epoch 32...
[Twitter] Elapsed training time:4.61s
[Twitter] Starting validation...
[Twitter] Elapsed validation time:0.32s
[Twitter] [Epoch=032] Train Loss=[QuantLoss=0.06252]Val loss = [QuantLoss=0.08977][QuantReg:0.43325]
[Twitter] Starting epoch 33...
[Twitter] Elapsed training time:4.82s
[Twitter] Starting validation...
[Twitter] Elapsed validation time:0.35s
[Twitter] [Epoch=033] Train Loss=[QuantLoss=0.06582]Val loss = [QuantLoss=0.02143][QuantReg:0.43566]
[Twitter] Starting epoch 34...
[Twitter] Elapsed training time:4.90s
[Twitter] Starting validation...
[Twitter] Elapsed validation time:0.34s
[Twitter] [Epoch=034] Train Loss=[QuantLoss=0.06126]Val loss = [QuantLoss=0.01528][QuantReg:0.43180]
[Twitter] Starting epoch 35...
[Twitter] Elapsed training time:4.74s
[Twitter] Starting validation...
[Twitter] Elapsed validation time:0.35s
[Twitter] [Epoch=035] Train Loss=[QuantLoss=0.05516]Val loss = [QuantLoss=0.01475][QuantReg:0.42337]
[Twitter] Starting epoch 36...
[Twitter] Elapsed training time:4.60s
[Twitter] Starting validation...
[Twitter] Elapsed validation time:0.36s
[Twitter] [Epoch=036] Train Loss=[QuantLoss=0.05644]Val loss = [QuantLoss=0.04093][QuantReg:0.42006]
[Twitter] Starting epoch 37...
[Twitter] Elapsed training time:4.77s
[Twitter] Starting validation...
[Twitter] Elapsed validation time:0.32s
[Twitter] [Epoch=037] Train Loss=[QuantLoss=0.05510]Val loss = [QuantLoss=0.06893][QuantReg:0.42099]
[Twitter] Starting epoch 38...
[Twitter] Elapsed training time:4.96s
[Twitter] Starting validation...
[Twitter] Elapsed validation time:0.34s
[Twitter] [Epoch=038] Train Loss=[QuantLoss=0.05344]Val loss = [QuantLoss=0.03683][QuantReg:0.41965]
[Twitter] Starting epoch 39...
[Twitter] Elapsed training time:4.81s
[Twitter] Starting validation...
[Twitter] Elapsed validation time:0.35s
[Twitter] [Epoch=039] Train Loss=[QuantLoss=0.05192]Val loss = [QuantLoss=0.02461][QuantReg:0.42024]
[Twitter] Starting epoch 40...
[Twitter] Elapsed training time:5.07s
[Twitter] Starting validation...
[Twitter] Elapsed validation time:0.32s
[Twitter] [Epoch=040] Train Loss=[QuantLoss=0.04744]Val loss = [QuantLoss=0.04028][QuantReg:0.41457]
[Twitter] Starting epoch 41...
[Twitter] Elapsed training time:4.86s
[Twitter] Starting validation...
[Twitter] Elapsed validation time:0.34s
[Twitter] [Epoch=041] Train Loss=[QuantLoss=0.04637]Val loss = [QuantLoss=0.02918][QuantReg:0.41811]
[Twitter] Starting epoch 42...
[Twitter] Elapsed training time:5.00s
[Twitter] Starting validation...
[Twitter] Elapsed validation time:0.35s
[Twitter] [Epoch=042] Train Loss=[QuantLoss=0.04587]Val loss = [QuantLoss=0.04102][QuantReg:0.41339]
[Twitter] Starting epoch 43...
[Twitter] Elapsed training time:5.37s
[Twitter] Starting validation...
[Twitter] Elapsed validation time:0.34s
[Twitter] [Epoch=043] Train Loss=[QuantLoss=0.04584]Val loss = [QuantLoss=0.04145][QuantReg:0.41187]
[Twitter] Starting epoch 44...
[Twitter] Elapsed training time:4.98s
[Twitter] Starting validation...
[Twitter] Elapsed validation time:0.35s
[Twitter] [Epoch=044] Train Loss=[QuantLoss=0.04604]Val loss = [QuantLoss=0.04135][QuantReg:0.41768]
[Twitter] Starting epoch 45...
[Twitter] Elapsed training time:5.02s
[Twitter] Starting validation...
[Twitter] Elapsed validation time:0.33s
[Twitter] [Epoch=045] Train Loss=[QuantLoss=0.04401]Val loss = [QuantLoss=0.06132][QuantReg:0.42420]
[Twitter] Starting epoch 46...
[Twitter] Elapsed training time:5.10s
[Twitter] Starting validation...
[Twitter] Elapsed validation time:0.33s
[Twitter] [Epoch=046] Train Loss=[QuantLoss=0.04609]Val loss = [QuantLoss=0.03078][QuantReg:0.42104]
[Twitter] Starting epoch 47...
[Twitter] Elapsed training time:4.96s
[Twitter] Starting validation...
[Twitter] Elapsed validation time:0.30s
[Twitter] [Epoch=047] Train Loss=[QuantLoss=0.04465]Val loss = [QuantLoss=0.04434][QuantReg:0.40679]
[Twitter] Starting epoch 48...
[Twitter] Elapsed training time:4.88s
[Twitter] Starting validation...
[Twitter] Elapsed validation time:0.32s
[Twitter] [Epoch=048] Train Loss=[QuantLoss=0.04437]Val loss = [QuantLoss=0.04511][QuantReg:0.40007]
[Twitter] Starting epoch 49...
[Twitter] Elapsed training time:4.42s
[Twitter] Starting validation...
[Twitter] Elapsed validation time:0.36s
[Twitter] [Epoch=049] Train Loss=[QuantLoss=0.04537]Val loss = [QuantLoss=0.03831][QuantReg:0.39824]
[Twitter] Starting epoch 50...
[Twitter] Elapsed training time:4.23s
[Twitter] Starting validation...
[Twitter] Elapsed validation time:0.35s
[Twitter] [Epoch=050] Train Loss=[QuantLoss=0.04592]Val loss = [QuantLoss=0.04525][QuantReg:0.39304]
[Twitter] Starting epoch 51...
[Twitter] Elapsed training time:4.20s
[Twitter] Starting validation...
[Twitter] Elapsed validation time:0.36s
[Twitter] [Epoch=051] Train Loss=[QuantLoss=0.04312]Val loss = [QuantLoss=0.05715][QuantReg:0.40245]
[Twitter] Starting epoch 52...
[Twitter] Elapsed training time:4.29s
[Twitter] Starting validation...
[Twitter] Elapsed validation time:0.36s
[Twitter] [Epoch=052] Train Loss=[QuantLoss=0.04216]Val loss = [QuantLoss=0.05314][QuantReg:0.40944]
[Twitter] Starting epoch 53...
[Twitter] Elapsed training time:4.35s
[Twitter] Starting validation...
[Twitter] Elapsed validation time:0.34s
[Twitter] [Epoch=053] Train Loss=[QuantLoss=0.04251]Val loss = [QuantLoss=0.06126][QuantReg:0.40110]
[Twitter] Starting epoch 54...
[Twitter] Elapsed training time:4.38s
[Twitter] Starting validation...
[Twitter] Elapsed validation time:0.35s
[Twitter] [Epoch=054] Train Loss=[QuantLoss=0.04371]Val loss = [QuantLoss=0.06409][QuantReg:0.39752]
[Twitter] Starting epoch 55...
[Twitter] Elapsed training time:4.39s
[Twitter] Starting validation...
[Twitter] Elapsed validation time:0.35s
[Twitter] [Epoch=055] Train Loss=[QuantLoss=0.04099]Val loss = [QuantLoss=0.03427][QuantReg:0.39474]
[Twitter] Starting epoch 56...
[Twitter] Elapsed training time:4.36s
[Twitter] Starting validation...
[Twitter] Elapsed validation time:0.35s
[Twitter] [Epoch=056] Train Loss=[QuantLoss=0.04338]Val loss = [QuantLoss=0.07662][QuantReg:0.39977]
[Twitter] Starting epoch 57...
[Twitter] Elapsed training time:4.44s
[Twitter] Starting validation...
[Twitter] Elapsed validation time:0.35s
[Twitter] [Epoch=057] Train Loss=[QuantLoss=0.04215]Val loss = [QuantLoss=0.06498][QuantReg:0.39905]
[Twitter] Starting epoch 58...
[Twitter] Elapsed training time:4.55s
[Twitter] Starting validation...
[Twitter] Elapsed validation time:0.36s
[Twitter] [Epoch=058] Train Loss=[QuantLoss=0.04244]Val loss = [QuantLoss=0.02965][QuantReg:0.39936]
[Twitter] Starting epoch 59...
[Twitter] Elapsed training time:4.29s
[Twitter] Starting validation...
[Twitter] Elapsed validation time:0.35s
[Twitter] [Epoch=059] Train Loss=[QuantLoss=0.04252]Val loss = [QuantLoss=0.07426][QuantReg:0.39662]
[Twitter] Starting epoch 60...
[Twitter] Elapsed training time:4.45s
[Twitter] Starting validation...
[Twitter] Elapsed validation time:0.36s
[Twitter] [Epoch=060] Train Loss=[QuantLoss=0.03954]Val loss = [QuantLoss=0.03780][QuantReg:0.39429]
[Twitter] Starting epoch 61...
[Twitter] Elapsed training time:4.35s
[Twitter] Starting validation...
[Twitter] Elapsed validation time:0.23s
[Twitter] [Epoch=061] Train Loss=[QuantLoss=0.03954]Val loss = [QuantLoss=0.06713][QuantReg:0.39441]
[Twitter] Starting epoch 62...
[Twitter] Elapsed training time:4.17s
[Twitter] Starting validation...
[Twitter] Elapsed validation time:0.23s
[Twitter] [Epoch=062] Train Loss=[QuantLoss=0.03968]Val loss = [QuantLoss=0.05174][QuantReg:0.39552]
[Twitter] Starting epoch 63...
[Twitter] Elapsed training time:4.26s
[Twitter] Starting validation...
[Twitter] Elapsed validation time:0.24s
[Twitter] [Epoch=063] Train Loss=[QuantLoss=0.03864]Val loss = [QuantLoss=0.08320][QuantReg:0.39753]
[Twitter] Starting epoch 64...
[Twitter] Elapsed training time:4.33s
[Twitter] Starting validation...
[Twitter] Elapsed validation time:0.23s
[Twitter] [Epoch=064] Train Loss=[QuantLoss=0.03686]Val loss = [QuantLoss=0.05406][QuantReg:0.39573]
[Twitter] Starting epoch 65...
[Twitter] Elapsed training time:4.44s
[Twitter] Starting validation...
[Twitter] Elapsed validation time:0.22s
[Twitter] [Epoch=065] Train Loss=[QuantLoss=0.03707]Val loss = [QuantLoss=0.06111][QuantReg:0.39800]
[Twitter] Starting epoch 66...
[Twitter] Elapsed training time:4.17s
[Twitter] Starting validation...
[Twitter] Elapsed validation time:0.23s
[Twitter] [Epoch=066] Train Loss=[QuantLoss=0.03666]Val loss = [QuantLoss=0.06641][QuantReg:0.39518]
[Twitter] Starting epoch 67...
[Twitter] Elapsed training time:4.32s
[Twitter] Starting validation...
[Twitter] Elapsed validation time:0.25s
[Twitter] [Epoch=067] Train Loss=[QuantLoss=0.03780]Val loss = [QuantLoss=0.06032][QuantReg:0.39677]
[Twitter] Starting epoch 68...
[Twitter] Elapsed training time:4.35s
[Twitter] Starting validation...
[Twitter] Elapsed validation time:0.24s
[Twitter] [Epoch=068] Train Loss=[QuantLoss=0.03755]Val loss = [QuantLoss=0.04332][QuantReg:0.39830]
[Twitter] Starting epoch 69...
[Twitter] Elapsed training time:4.17s
[Twitter] Starting validation...
[Twitter] Elapsed validation time:0.24s
[Twitter] [Epoch=069] Train Loss=[QuantLoss=0.03634]Val loss = [QuantLoss=0.04966][QuantReg:0.39503]
[Twitter] Starting epoch 70...
[Twitter] Elapsed training time:4.13s
[Twitter] Starting validation...
[Twitter] Elapsed validation time:0.24s
[Twitter] [Epoch=070] Train Loss=[QuantLoss=0.03756]Val loss = [QuantLoss=0.03276][QuantReg:0.39214]
[Twitter] Starting epoch 71...
[Twitter] Elapsed training time:4.27s
[Twitter] Starting validation...
[Twitter] Elapsed validation time:0.26s
[Twitter] [Epoch=071] Train Loss=[QuantLoss=0.03899]Val loss = [QuantLoss=0.05468][QuantReg:0.39160]
[Twitter] Starting epoch 72...
[Twitter] Elapsed training time:4.22s
[Twitter] Starting validation...
[Twitter] Elapsed validation time:0.24s
[Twitter] [Epoch=072] Train Loss=[QuantLoss=0.03745]Val loss = [QuantLoss=0.05210][QuantReg:0.39427]
[Twitter] Starting epoch 73...
[Twitter] Elapsed training time:4.24s
[Twitter] Starting validation...
[Twitter] Elapsed validation time:0.26s
[Twitter] [Epoch=073] Train Loss=[QuantLoss=0.03788]Val loss = [QuantLoss=0.05624][QuantReg:0.39217]
[Twitter] Starting epoch 74...
[Twitter] Elapsed training time:4.25s
[Twitter] Starting validation...
[Twitter] Elapsed validation time:0.24s
[Twitter] [Epoch=074] Train Loss=[QuantLoss=0.03813]Val loss = [QuantLoss=0.05048][QuantReg:0.39724]
[Twitter] Starting epoch 75...
[Twitter] Elapsed training time:4.29s
[Twitter] Starting validation...
[Twitter] Elapsed validation time:0.23s
[Twitter] [Epoch=075] Train Loss=[QuantLoss=0.03840]Val loss = [QuantLoss=0.05062][QuantReg:0.39862]
[Twitter] Starting epoch 76...
[Twitter] Elapsed training time:4.31s
[Twitter] Starting validation...
[Twitter] Elapsed validation time:0.24s
[Twitter] [Epoch=076] Train Loss=[QuantLoss=0.03724]Val loss = [QuantLoss=0.06036][QuantReg:0.39507]
[Twitter] Starting epoch 77...
[Twitter] Elapsed training time:4.26s
[Twitter] Starting validation...
[Twitter] Elapsed validation time:0.22s
[Twitter] [Epoch=077] Train Loss=[QuantLoss=0.03735]Val loss = [QuantLoss=0.05501][QuantReg:0.39480]
[Twitter] Starting epoch 78...
[Twitter] Elapsed training time:4.28s
[Twitter] Starting validation...
[Twitter] Elapsed validation time:0.24s
[Twitter] [Epoch=078] Train Loss=[QuantLoss=0.03747]Val loss = [QuantLoss=0.05971][QuantReg:0.39453]
[Twitter] Starting epoch 79...
[Twitter] Elapsed training time:4.33s
[Twitter] Starting validation...
[Twitter] Elapsed validation time:0.25s
[Twitter] [Epoch=079] Train Loss=[QuantLoss=0.03732]Val loss = [QuantLoss=0.05945][QuantReg:0.39420]
[Twitter] Starting epoch 80...
[Twitter] Elapsed training time:4.24s
[Twitter] Starting validation...
[Twitter] Elapsed validation time:0.23s
[Twitter] [Epoch=080] Train Loss=[QuantLoss=0.03856]Val loss = [QuantLoss=0.06166][QuantReg:0.39832]
[Twitter] Starting epoch 81...
[Twitter] Elapsed training time:4.30s
[Twitter] Starting validation...
[Twitter] Elapsed validation time:0.25s
[Twitter] [Epoch=081] Train Loss=[QuantLoss=0.03582]Val loss = [QuantLoss=0.04489][QuantReg:0.39808]
[Twitter] Starting epoch 82...
[Twitter] Elapsed training time:4.36s
[Twitter] Starting validation...
[Twitter] Elapsed validation time:0.25s
[Twitter] [Epoch=082] Train Loss=[QuantLoss=0.03426]Val loss = [QuantLoss=0.04710][QuantReg:0.39672]
[Twitter] Starting epoch 83...
[Twitter] Elapsed training time:4.24s
[Twitter] Starting validation...
[Twitter] Elapsed validation time:0.25s
[Twitter] [Epoch=083] Train Loss=[QuantLoss=0.03307]Val loss = [QuantLoss=0.04523][QuantReg:0.39737]
[Twitter] Starting epoch 84...
[Twitter] Elapsed training time:4.17s
[Twitter] Starting validation...
[Twitter] Elapsed validation time:0.23s
[Twitter] [Epoch=084] Train Loss=[QuantLoss=0.03501]Val loss = [QuantLoss=0.04378][QuantReg:0.39669]
[Twitter] Starting epoch 85...
[Twitter] Elapsed training time:4.24s
[Twitter] Starting validation...
[Twitter] Elapsed validation time:0.24s
[Twitter] [Epoch=085] Train Loss=[QuantLoss=0.03496]Val loss = [QuantLoss=0.04889][QuantReg:0.39678]
[Twitter] Starting epoch 86...
[Twitter] Elapsed training time:4.22s
[Twitter] Starting validation...
[Twitter] Elapsed validation time:0.24s
[Twitter] [Epoch=086] Train Loss=[QuantLoss=0.03506]Val loss = [QuantLoss=0.06355][QuantReg:0.39938]
[Twitter] Starting epoch 87...
[Twitter] Elapsed training time:4.19s
[Twitter] Starting validation...
[Twitter] Elapsed validation time:0.22s
[Twitter] [Epoch=087] Train Loss=[QuantLoss=0.03269]Val loss = [QuantLoss=0.07484][QuantReg:0.39718]
[Twitter] Starting epoch 88...
[Twitter] Elapsed training time:4.16s
[Twitter] Starting validation...
[Twitter] Elapsed validation time:0.24s
[Twitter] [Epoch=088] Train Loss=[QuantLoss=0.03401]Val loss = [QuantLoss=0.06432][QuantReg:0.39573]
[Twitter] Starting epoch 89...
[Twitter] Elapsed training time:4.24s
[Twitter] Starting validation...
[Twitter] Elapsed validation time:0.24s
[Twitter] [Epoch=089] Train Loss=[QuantLoss=0.03402]Val loss = [QuantLoss=0.06088][QuantReg:0.39665]
[Twitter] Starting epoch 90...
[Twitter] Elapsed training time:4.43s
[Twitter] Starting validation...
[Twitter] Elapsed validation time:0.19s
[Twitter] [Epoch=090] Train Loss=[QuantLoss=0.03459]Val loss = [QuantLoss=0.05204][QuantReg:0.39792]
[Twitter] Starting epoch 91...
[Twitter] Elapsed training time:4.71s
[Twitter] Starting validation...
[Twitter] Elapsed validation time:0.21s
[Twitter] [Epoch=091] Train Loss=[QuantLoss=0.03430]Val loss = [QuantLoss=0.05887][QuantReg:0.39628]
[Twitter] Starting epoch 92...
[Twitter] Elapsed training time:4.49s
[Twitter] Starting validation...
[Twitter] Elapsed validation time:0.26s
[Twitter] [Epoch=092] Train Loss=[QuantLoss=0.03356]Val loss = [QuantLoss=0.05169][QuantReg:0.39318]
[Twitter] Starting epoch 93...
[Twitter] Elapsed training time:4.67s
[Twitter] Starting validation...
[Twitter] Elapsed validation time:0.23s
[Twitter] [Epoch=093] Train Loss=[QuantLoss=0.03378]Val loss = [QuantLoss=0.04164][QuantReg:0.39423]
[Twitter] Starting epoch 94...
[Twitter] Elapsed training time:4.84s
[Twitter] Starting validation...
[Twitter] Elapsed validation time:0.21s
[Twitter] [Epoch=094] Train Loss=[QuantLoss=0.03361]Val loss = [QuantLoss=0.03265][QuantReg:0.39436]
[Twitter] Starting epoch 95...
[Twitter] Elapsed training time:4.88s
[Twitter] Starting validation...
[Twitter] Elapsed validation time:0.21s
[Twitter] [Epoch=095] Train Loss=[QuantLoss=0.03432]Val loss = [QuantLoss=0.03771][QuantReg:0.39460]
[Twitter] Starting epoch 96...
[Twitter] Elapsed training time:4.51s
[Twitter] Starting validation...
[Twitter] Elapsed validation time:0.31s
[Twitter] [Epoch=096] Train Loss=[QuantLoss=0.03454]Val loss = [QuantLoss=0.03719][QuantReg:0.39300]
[Twitter] Starting epoch 97...
[Twitter] Elapsed training time:4.54s
[Twitter] Starting validation...
[Twitter] Elapsed validation time:0.22s
[Twitter] [Epoch=097] Train Loss=[QuantLoss=0.03376]Val loss = [QuantLoss=0.03967][QuantReg:0.39113]
[Twitter] Starting epoch 98...
[Twitter] Elapsed training time:4.54s
[Twitter] Starting validation...
[Twitter] Elapsed validation time:0.33s
[Twitter] [Epoch=098] Train Loss=[QuantLoss=0.03346]Val loss = [QuantLoss=0.05337][QuantReg:0.39225]
[Twitter] Starting epoch 99...
[Twitter] Elapsed training time:4.33s
[Twitter] Starting validation...
[Twitter] Elapsed validation time:0.25s
[Twitter] [Epoch=099] Train Loss=[QuantLoss=0.03419]Val loss = [QuantLoss=0.04608][QuantReg:0.39565]
[Twitter] Starting epoch 100...
[Twitter] Elapsed training time:4.19s
[Twitter] Starting validation...
[Twitter] Elapsed validation time:0.35s
[Twitter] [Epoch=100] Train Loss=[QuantLoss=0.03436]Val loss = [QuantLoss=0.04316][QuantReg:0.39212]
[Twitter] Starting epoch 101...
[Twitter] Elapsed training time:4.16s
[Twitter] Starting validation...
[Twitter] Elapsed validation time:0.36s
[Twitter] [Epoch=101] Train Loss=[QuantLoss=0.03184]Val loss = [QuantLoss=0.03815][QuantReg:0.39007]
[Twitter] Starting epoch 102...
[Twitter] Elapsed training time:4.26s
[Twitter] Starting validation...
[Twitter] Elapsed validation time:0.34s
[Twitter] [Epoch=102] Train Loss=[QuantLoss=0.03232]Val loss = [QuantLoss=0.04263][QuantReg:0.38925]
[Twitter] Starting epoch 103...
[Twitter] Elapsed training time:4.23s
[Twitter] Starting validation...
[Twitter] Elapsed validation time:0.35s
[Twitter] [Epoch=103] Train Loss=[QuantLoss=0.03291]Val loss = [QuantLoss=0.04099][QuantReg:0.38885]
[Twitter] Starting epoch 104...
[Twitter] Elapsed training time:4.35s
[Twitter] Starting validation...
[Twitter] Elapsed validation time:0.36s
[Twitter] [Epoch=104] Train Loss=[QuantLoss=0.03127]Val loss = [QuantLoss=0.03899][QuantReg:0.39027]
[Twitter] Starting epoch 105...
[Twitter] Elapsed training time:4.35s
[Twitter] Starting validation...
[Twitter] Elapsed validation time:0.34s
[Twitter] [Epoch=105] Train Loss=[QuantLoss=0.03248]Val loss = [QuantLoss=0.04032][QuantReg:0.39120]
[Twitter] Starting epoch 106...
[Twitter] Elapsed training time:4.36s
[Twitter] Starting validation...
[Twitter] Elapsed validation time:0.35s
[Twitter] [Epoch=106] Train Loss=[QuantLoss=0.03224]Val loss = [QuantLoss=0.03509][QuantReg:0.39113]
[Twitter] Starting epoch 107...
[Twitter] Elapsed training time:4.29s
[Twitter] Starting validation...
[Twitter] Elapsed validation time:0.38s
[Twitter] [Epoch=107] Train Loss=[QuantLoss=0.03203]Val loss = [QuantLoss=0.04212][QuantReg:0.39196]
[Twitter] Starting epoch 108...
[Twitter] Elapsed training time:4.43s
[Twitter] Starting validation...
[Twitter] Elapsed validation time:0.34s
[Twitter] [Epoch=108] Train Loss=[QuantLoss=0.03298]Val loss = [QuantLoss=0.04194][QuantReg:0.39234]
[Twitter] Starting epoch 109...
[Twitter] Elapsed training time:4.31s
[Twitter] Starting validation...
[Twitter] Elapsed validation time:0.33s
[Twitter] [Epoch=109] Train Loss=[QuantLoss=0.03305]Val loss = [QuantLoss=0.04487][QuantReg:0.39131]
[Twitter] Starting epoch 110...
[Twitter] Elapsed training time:4.40s
[Twitter] Starting validation...
[Twitter] Elapsed validation time:0.33s
[Twitter] [Epoch=110] Train Loss=[QuantLoss=0.03169]Val loss = [QuantLoss=0.04614][QuantReg:0.39161]
[Twitter] Starting epoch 111...
[Twitter] Elapsed training time:4.66s
[Twitter] Starting validation...
[Twitter] Elapsed validation time:0.33s
[Twitter] [Epoch=111] Train Loss=[QuantLoss=0.03282]Val loss = [QuantLoss=0.04542][QuantReg:0.39178]
[Twitter] Starting epoch 112...
[Twitter] Elapsed training time:4.36s
[Twitter] Starting validation...
[Twitter] Elapsed validation time:0.34s
[Twitter] [Epoch=112] Train Loss=[QuantLoss=0.03260]Val loss = [QuantLoss=0.04300][QuantReg:0.39107]
[Twitter] Starting epoch 113...
[Twitter] Elapsed training time:4.55s
[Twitter] Starting validation...
[Twitter] Elapsed validation time:0.32s
[Twitter] [Epoch=113] Train Loss=[QuantLoss=0.03121]Val loss = [QuantLoss=0.04400][QuantReg:0.39287]
[Twitter] Starting epoch 114...
[Twitter] Elapsed training time:4.45s
[Twitter] Starting validation...
[Twitter] Elapsed validation time:0.33s
[Twitter] [Epoch=114] Train Loss=[QuantLoss=0.03317]Val loss = [QuantLoss=0.04543][QuantReg:0.39157]
[Twitter] Starting epoch 115...
[Twitter] Elapsed training time:4.30s
[Twitter] Starting validation...
[Twitter] Elapsed validation time:0.36s
[Twitter] [Epoch=115] Train Loss=[QuantLoss=0.03146]Val loss = [QuantLoss=0.04761][QuantReg:0.39094]
[Twitter] Starting epoch 116...
[Twitter] Elapsed training time:4.49s
[Twitter] Starting validation...
[Twitter] Elapsed validation time:0.33s
[Twitter] [Epoch=116] Train Loss=[QuantLoss=0.03118]Val loss = [QuantLoss=0.05610][QuantReg:0.38959]
[Twitter] Starting epoch 117...
[Twitter] Elapsed training time:4.76s
[Twitter] Starting validation...
[Twitter] Elapsed validation time:0.32s
[Twitter] [Epoch=117] Train Loss=[QuantLoss=0.03126]Val loss = [QuantLoss=0.05241][QuantReg:0.39032]
[Twitter] Starting epoch 118...
[Twitter] Elapsed training time:4.74s
[Twitter] Starting validation...
[Twitter] Elapsed validation time:0.31s
[Twitter] [Epoch=118] Train Loss=[QuantLoss=0.03024]Val loss = [QuantLoss=0.06446][QuantReg:0.39034]
[Twitter] Starting epoch 119...
[Twitter] Elapsed training time:5.19s
[Twitter] Starting validation...
[Twitter] Elapsed validation time:0.30s
[Twitter] [Epoch=119] Train Loss=[QuantLoss=0.03218]Val loss = [QuantLoss=0.05892][QuantReg:0.39013]
[Twitter] Starting epoch 120...
[Twitter] Elapsed training time:4.70s
[Twitter] Starting validation...
[Twitter] Elapsed validation time:0.32s
[Twitter] [Epoch=120] Train Loss=[QuantLoss=0.03172]Val loss = [QuantLoss=0.05629][QuantReg:0.38937]
[Twitter] Starting epoch 121...
[Twitter] Elapsed training time:4.48s
[Twitter] Starting validation...
[Twitter] Elapsed validation time:0.36s
[Twitter] [Epoch=121] Train Loss=[QuantLoss=0.03105]Val loss = [QuantLoss=0.04621][QuantReg:0.38988]
[Twitter] Starting epoch 122...
[Twitter] Elapsed training time:4.50s
[Twitter] Starting validation...
[Twitter] Elapsed validation time:0.36s
[Twitter] [Epoch=122] Train Loss=[QuantLoss=0.03180]Val loss = [QuantLoss=0.03977][QuantReg:0.39019]
[Twitter] Starting epoch 123...
[Twitter] Elapsed training time:4.37s
[Twitter] Starting validation...
[Twitter] Elapsed validation time:0.28s
[Twitter] [Epoch=123] Train Loss=[QuantLoss=0.03224]Val loss = [QuantLoss=0.04500][QuantReg:0.39147]
[Twitter] Starting epoch 124...
[Twitter] Elapsed training time:3.36s
[Twitter] Starting validation...
[Twitter] Elapsed validation time:0.37s
[Twitter] [Epoch=124] Train Loss=[QuantLoss=0.03058]Val loss = [QuantLoss=0.04210][QuantReg:0.39072]
[Twitter] Starting epoch 125...
[Twitter] Elapsed training time:4.50s
[Twitter] Starting validation...
[Twitter] Elapsed validation time:0.35s
[Twitter] [Epoch=125] Train Loss=[QuantLoss=0.03050]Val loss = [QuantLoss=0.04469][QuantReg:0.39005]
[Twitter] Starting epoch 126...
[Twitter] Elapsed training time:4.48s
[Twitter] Starting validation...
[Twitter] Elapsed validation time:0.37s
[Twitter] [Epoch=126] Train Loss=[QuantLoss=0.02948]Val loss = [QuantLoss=0.04318][QuantReg:0.38986]
[Twitter] Starting epoch 127...
[Twitter] Elapsed training time:4.43s
[Twitter] Starting validation...
[Twitter] Elapsed validation time:0.35s
[Twitter] [Epoch=127] Train Loss=[QuantLoss=0.03049]Val loss = [QuantLoss=0.04956][QuantReg:0.39073]
[Twitter] Starting epoch 128...
[Twitter] Elapsed training time:4.38s
[Twitter] Starting validation...
[Twitter] Elapsed validation time:0.36s
[Twitter] [Epoch=128] Train Loss=[QuantLoss=0.02963]Val loss = [QuantLoss=0.05157][QuantReg:0.39102]
[Twitter] Starting epoch 129...
[Twitter] Elapsed training time:4.37s
[Twitter] Starting validation...
[Twitter] Elapsed validation time:0.36s
[Twitter] [Epoch=129] Train Loss=[QuantLoss=0.02994]Val loss = [QuantLoss=0.04663][QuantReg:0.39211]
[Twitter] Starting epoch 130...
[Twitter] Elapsed training time:4.41s
[Twitter] Starting validation...
[Twitter] Elapsed validation time:0.36s
[Twitter] [Epoch=130] Train Loss=[QuantLoss=0.03062]Val loss = [QuantLoss=0.04642][QuantReg:0.39195]
[Twitter] Starting epoch 131...
[Twitter] Elapsed training time:4.56s
[Twitter] Starting validation...
[Twitter] Elapsed validation time:0.37s
[Twitter] [Epoch=131] Train Loss=[QuantLoss=0.02998]Val loss = [QuantLoss=0.04875][QuantReg:0.39146]
[Twitter] Starting epoch 132...
[Twitter] Elapsed training time:4.30s
[Twitter] Starting validation...
[Twitter] Elapsed validation time:0.36s
[Twitter] [Epoch=132] Train Loss=[QuantLoss=0.03058]Val loss = [QuantLoss=0.05290][QuantReg:0.39208]
[Twitter] Starting epoch 133...
[Twitter] Elapsed training time:4.51s
[Twitter] Starting validation...
[Twitter] Elapsed validation time:0.35s
[Twitter] [Epoch=133] Train Loss=[QuantLoss=0.03096]Val loss = [QuantLoss=0.05072][QuantReg:0.39267]
[Twitter] Starting epoch 134...
[Twitter] Elapsed training time:4.39s
[Twitter] Starting validation...
[Twitter] Elapsed validation time:0.36s
[Twitter] [Epoch=134] Train Loss=[QuantLoss=0.03075]Val loss = [QuantLoss=0.04847][QuantReg:0.39190]
[Twitter] Starting epoch 135...
[Twitter] Elapsed training time:4.56s
[Twitter] Starting validation...
[Twitter] Elapsed validation time:0.23s
[Twitter] [Epoch=135] Train Loss=[QuantLoss=0.02930]Val loss = [QuantLoss=0.04945][QuantReg:0.39211]
[Twitter] Starting epoch 136...
[Twitter] Elapsed training time:4.52s
[Twitter] Starting validation...
[Twitter] Elapsed validation time:0.23s
[Twitter] [Epoch=136] Train Loss=[QuantLoss=0.02962]Val loss = [QuantLoss=0.04973][QuantReg:0.39200]
[Twitter] Starting epoch 137...
[Twitter] Elapsed training time:4.42s
[Twitter] Starting validation...
[Twitter] Elapsed validation time:0.28s
[Twitter] [Epoch=137] Train Loss=[QuantLoss=0.03115]Val loss = [QuantLoss=0.05618][QuantReg:0.39041]
[Twitter] Starting epoch 138...
[Twitter] Elapsed training time:4.46s
[Twitter] Starting validation...
[Twitter] Elapsed validation time:0.28s
[Twitter] [Epoch=138] Train Loss=[QuantLoss=0.03171]Val loss = [QuantLoss=0.05235][QuantReg:0.39084]
[Twitter] Starting epoch 139...
[Twitter] Elapsed training time:4.34s
[Twitter] Starting validation...
[Twitter] Elapsed validation time:0.25s
[Twitter] [Epoch=139] Train Loss=[QuantLoss=0.03110]Val loss = [QuantLoss=0.05048][QuantReg:0.38999]
[Twitter] Starting epoch 140...
[Twitter] Elapsed training time:4.50s
[Twitter] Starting validation...
[Twitter] Elapsed validation time:0.28s
[Twitter] [Epoch=140] Train Loss=[QuantLoss=0.03162]Val loss = [QuantLoss=0.05243][QuantReg:0.38904]
[Twitter] Starting epoch 141...
[Twitter] Elapsed training time:4.59s
[Twitter] Starting validation...
[Twitter] Elapsed validation time:0.30s
[Twitter] [Epoch=141] Train Loss=[QuantLoss=0.03131]Val loss = [QuantLoss=0.05221][QuantReg:0.38937]
[Twitter] Starting epoch 142...
[Twitter] Elapsed training time:4.58s
[Twitter] Starting validation...
[Twitter] Elapsed validation time:0.23s
[Twitter] [Epoch=142] Train Loss=[QuantLoss=0.02981]Val loss = [QuantLoss=0.05652][QuantReg:0.39057]
[Twitter] Early stopping in epoch 142!
[Twitter] Restoring best model...
MAE médio por bag: 0.0468 ± 0.0223
Salvo em resultados_sanders/resultados_twitter_bert_l1_hardest_4.csv
Dataset: /home/nildaimon/gmnet/experiments/train_curl/Datasets/Sanders/twitter-sanders-apple3.csv
Dificuldade: metric=l1, mode=easiest, top_k=None
Rodada: 4
Salvar resultados em: resultados_sanders
Dispositivo de treino: cpu
Carregando e processando dataset Twitter
Carregando embeddings do cache...
/home/nildaimon/gmnet/experiments/train_curl/train_sanders.py:89: FutureWarning: You are using `torch.load` with `weights_only=False` (the current default value), which uses the default pickle module implicitly. It is possible to construct malicious pickle data which will execute arbitrary code during unpickling (See https://github.com/pytorch/pytorch/blob/main/SECURITY.md#untrusted-models for more details). In a future release, the default value for `weights_only` will be flipped to `True`. This limits the functions that could be executed during unpickling. Arbitrary objects will no longer be allowed to be loaded via this mode unless they are explicitly allowlisted by the user via `torch.serialization.add_safe_globals`. We recommend you start setting `weights_only=True` for any use case where you don't have full control of the loaded file. Please open an issue on GitHub for any issues related to this experimental feature.
  embeddings = torch.load(EMBEDDING_CACHE)
/home/nildaimon/gmnet/experiments/train_curl/train_sanders.py:90: FutureWarning: You are using `torch.load` with `weights_only=False` (the current default value), which uses the default pickle module implicitly. It is possible to construct malicious pickle data which will execute arbitrary code during unpickling (See https://github.com/pytorch/pytorch/blob/main/SECURITY.md#untrusted-models for more details). In a future release, the default value for `weights_only` will be flipped to `True`. This limits the functions that could be executed during unpickling. Arbitrary objects will no longer be allowed to be loaded via this mode unless they are explicitly allowlisted by the user via `torch.serialization.add_safe_globals`. We recommend you start setting `weights_only=True` for any use case where you don't have full control of the loaded file. Please open an issue on GitHub for any issues related to this experimental feature.
  labels = torch.load(LABELS_CACHE)
Ignoring val_split as train and val datasets where given to fit function
We have two datasets: training 1092 examples. validation 100 examples.]
Using device cpu
/home/nildaimon/anaconda3/envs/gmnet/lib/python3.12/site-packages/torch/optim/lr_scheduler.py:62: UserWarning: The verbose parameter is deprecated. Please use get_last_lr() to access the learning rate.
  warnings.warn(
/home/nildaimon/gmnet/dlquantification/main.py:835: FutureWarning: `torch.cuda.amp.GradScaler(args...)` is deprecated. Please use `torch.amp.GradScaler('cuda', args...)` instead.
  scaler = torch.cuda.amp.GradScaler(enabled=self.use_fp16)
[Twitter] Starting epoch 0...
/home/nildaimon/gmnet/dlquantification/main.py:888: FutureWarning: `torch.cuda.amp.autocast(args...)` is deprecated. Please use `torch.amp.autocast('cuda', args...)` instead.
  with torch.cuda.amp.autocast(enabled=self.use_fp16):
[Twitter] Elapsed training time:4.44s
[Twitter] Starting validation...
[Twitter] Elapsed validation time:0.23s
[Twitter] [Epoch=000] Train Loss=[QuantLoss=0.07876]Val loss = [QuantLoss=0.02965][QuantReg:0.41939][saved best model in this epoch]
[Twitter] Starting epoch 1...
[Twitter] Elapsed training time:4.55s
[Twitter] Starting validation...
[Twitter] Elapsed validation time:0.23s
[Twitter] [Epoch=001] Train Loss=[QuantLoss=0.07351]Val loss = [QuantLoss=0.07176][QuantReg:0.45114]
[Twitter] Starting epoch 2...
[Twitter] Elapsed training time:4.45s
[Twitter] Starting validation...
[Twitter] Elapsed validation time:0.23s
[Twitter] [Epoch=002] Train Loss=[QuantLoss=0.07414]Val loss = [QuantLoss=0.17016][QuantReg:0.46868]
[Twitter] Starting epoch 3...
[Twitter] Elapsed training time:4.45s
[Twitter] Starting validation...
[Twitter] Elapsed validation time:0.25s
[Twitter] [Epoch=003] Train Loss=[QuantLoss=0.07129]Val loss = [QuantLoss=0.18500][QuantReg:0.49325]
[Twitter] Starting epoch 4...
[Twitter] Elapsed training time:4.43s
[Twitter] Starting validation...
[Twitter] Elapsed validation time:0.24s
[Twitter] [Epoch=004] Train Loss=[QuantLoss=0.07263]Val loss = [QuantLoss=0.18744][QuantReg:0.48369]
[Twitter] Starting epoch 5...
[Twitter] Elapsed training time:4.40s
[Twitter] Starting validation...
[Twitter] Elapsed validation time:0.23s
[Twitter] [Epoch=005] Train Loss=[QuantLoss=0.06587]Val loss = [QuantLoss=0.04145][QuantReg:0.49699]
[Twitter] Starting epoch 6...
[Twitter] Elapsed training time:4.40s
[Twitter] Starting validation...
[Twitter] Elapsed validation time:0.24s
[Twitter] [Epoch=006] Train Loss=[QuantLoss=0.06538]Val loss = [QuantLoss=0.09950][QuantReg:0.46509]
[Twitter] Starting epoch 7...
[Twitter] Elapsed training time:4.58s
[Twitter] Starting validation...
[Twitter] Elapsed validation time:0.24s
[Twitter] [Epoch=007] Train Loss=[QuantLoss=0.06279]Val loss = [QuantLoss=0.11155][QuantReg:0.47768]
[Twitter] Starting epoch 8...
[Twitter] Elapsed training time:4.42s
[Twitter] Starting validation...
[Twitter] Elapsed validation time:0.25s
[Twitter] [Epoch=008] Train Loss=[QuantLoss=0.06326]Val loss = [QuantLoss=0.15603][QuantReg:0.44561]
[Twitter] Starting epoch 9...
[Twitter] Elapsed training time:4.27s
[Twitter] Starting validation...
[Twitter] Elapsed validation time:0.24s
[Twitter] [Epoch=009] Train Loss=[QuantLoss=0.05967]Val loss = [QuantLoss=0.13254][QuantReg:0.47468]
[Twitter] Starting epoch 10...
[Twitter] Elapsed training time:4.50s
[Twitter] Starting validation...
[Twitter] Elapsed validation time:0.23s
[Twitter] [Epoch=010] Train Loss=[QuantLoss=0.06414]Val loss = [QuantLoss=0.06607][QuantReg:0.48677]
[Twitter] Starting epoch 11...
[Twitter] Elapsed training time:4.43s
[Twitter] Starting validation...
[Twitter] Elapsed validation time:0.24s
[Twitter] [Epoch=011] Train Loss=[QuantLoss=0.05816]Val loss = [QuantLoss=0.08620][QuantReg:0.48867]
[Twitter] Starting epoch 12...
[Twitter] Elapsed training time:4.37s
[Twitter] Starting validation...
[Twitter] Elapsed validation time:0.24s
[Twitter] [Epoch=012] Train Loss=[QuantLoss=0.06145]Val loss = [QuantLoss=0.09456][QuantReg:0.49559]
[Twitter] Starting epoch 13...
[Twitter] Elapsed training time:4.43s
[Twitter] Starting validation...
[Twitter] Elapsed validation time:0.23s
[Twitter] [Epoch=013] Train Loss=[QuantLoss=0.06371]Val loss = [QuantLoss=0.07018][QuantReg:0.52912]
[Twitter] Starting epoch 14...
[Twitter] Elapsed training time:4.64s
[Twitter] Starting validation...
[Twitter] Elapsed validation time:0.25s
[Twitter] [Epoch=014] Train Loss=[QuantLoss=0.05963]Val loss = [QuantLoss=0.01160][QuantReg:0.53701][saved best model in this epoch]
[Twitter] Starting epoch 15...
[Twitter] Elapsed training time:4.52s
[Twitter] Starting validation...
[Twitter] Elapsed validation time:0.24s
[Twitter] [Epoch=015] Train Loss=[QuantLoss=0.06013]Val loss = [QuantLoss=0.07649][QuantReg:0.52260]
[Twitter] Starting epoch 16...
[Twitter] Elapsed training time:4.36s
[Twitter] Starting validation...
[Twitter] Elapsed validation time:0.24s
[Twitter] [Epoch=016] Train Loss=[QuantLoss=0.06627]Val loss = [QuantLoss=0.07344][QuantReg:0.51692]
[Twitter] Starting epoch 17...
[Twitter] Elapsed training time:4.45s
[Twitter] Starting validation...
[Twitter] Elapsed validation time:0.23s
[Twitter] [Epoch=017] Train Loss=[QuantLoss=0.05566]Val loss = [QuantLoss=0.04112][QuantReg:0.48358]
[Twitter] Starting epoch 18...
[Twitter] Elapsed training time:4.26s
[Twitter] Starting validation...
[Twitter] Elapsed validation time:0.23s
[Twitter] [Epoch=018] Train Loss=[QuantLoss=0.05493]Val loss = [QuantLoss=0.04346][QuantReg:0.48263]
[Twitter] Starting epoch 19...
[Twitter] Elapsed training time:4.20s
[Twitter] Starting validation...
[Twitter] Elapsed validation time:0.26s
[Twitter] [Epoch=019] Train Loss=[QuantLoss=0.05315]Val loss = [QuantLoss=0.06441][QuantReg:0.47874]
[Twitter] Starting epoch 20...
[Twitter] Elapsed training time:4.27s
[Twitter] Starting validation...
[Twitter] Elapsed validation time:0.25s
[Twitter] [Epoch=020] Train Loss=[QuantLoss=0.05006]Val loss = [QuantLoss=0.04909][QuantReg:0.45825]
[Twitter] Starting epoch 21...
[Twitter] Elapsed training time:4.26s
[Twitter] Starting validation...
[Twitter] Elapsed validation time:0.24s
[Twitter] [Epoch=021] Train Loss=[QuantLoss=0.05294]Val loss = [QuantLoss=0.03105][QuantReg:0.46905]
[Twitter] Starting epoch 22...
[Twitter] Elapsed training time:4.30s
[Twitter] Starting validation...
[Twitter] Elapsed validation time:0.25s
[Twitter] [Epoch=022] Train Loss=[QuantLoss=0.05299]Val loss = [QuantLoss=0.05719][QuantReg:0.47875]
[Twitter] Starting epoch 23...
[Twitter] Elapsed training time:4.33s
[Twitter] Starting validation...
[Twitter] Elapsed validation time:0.23s
[Twitter] [Epoch=023] Train Loss=[QuantLoss=0.05660]Val loss = [QuantLoss=0.06456][QuantReg:0.47441]
[Twitter] Starting epoch 24...
[Twitter] Elapsed training time:4.40s
[Twitter] Starting validation...
[Twitter] Elapsed validation time:0.20s
[Twitter] [Epoch=024] Train Loss=[QuantLoss=0.06463]Val loss = [QuantLoss=0.07309][QuantReg:0.47413]
[Twitter] Starting epoch 25...
[Twitter] Elapsed training time:4.60s
[Twitter] Starting validation...
[Twitter] Elapsed validation time:0.32s
[Twitter] [Epoch=025] Train Loss=[QuantLoss=0.05423]Val loss = [QuantLoss=0.05704][QuantReg:0.45734]
[Twitter] Starting epoch 26...
[Twitter] Elapsed training time:4.78s
[Twitter] Starting validation...
[Twitter] Elapsed validation time:0.22s
[Twitter] [Epoch=026] Train Loss=[QuantLoss=0.05642]Val loss = [QuantLoss=0.01955][QuantReg:0.44877]
[Twitter] Starting epoch 27...
[Twitter] Elapsed training time:5.08s
[Twitter] Starting validation...
[Twitter] Elapsed validation time:0.30s
[Twitter] [Epoch=027] Train Loss=[QuantLoss=0.05528]Val loss = [QuantLoss=0.09277][QuantReg:0.45058]
[Twitter] Starting epoch 28...
[Twitter] Elapsed training time:5.12s
[Twitter] Starting validation...
[Twitter] Elapsed validation time:0.22s
[Twitter] [Epoch=028] Train Loss=[QuantLoss=0.05661]Val loss = [QuantLoss=0.09921][QuantReg:0.45792]
[Twitter] Starting epoch 29...
[Twitter] Elapsed training time:5.04s
[Twitter] Starting validation...
[Twitter] Elapsed validation time:0.31s
[Twitter] [Epoch=029] Train Loss=[QuantLoss=0.05387]Val loss = [QuantLoss=0.08499][QuantReg:0.45669]
[Twitter] Starting epoch 30...
[Twitter] Elapsed training time:4.76s
[Twitter] Starting validation...
[Twitter] Elapsed validation time:0.31s
[Twitter] [Epoch=030] Train Loss=[QuantLoss=0.05885]Val loss = [QuantLoss=0.09166][QuantReg:0.44140]
[Twitter] Starting epoch 31...
[Twitter] Elapsed training time:4.75s
[Twitter] Starting validation...
[Twitter] Elapsed validation time:0.31s
[Twitter] [Epoch=031] Train Loss=[QuantLoss=0.05649]Val loss = [QuantLoss=0.06643][QuantReg:0.44549]
[Twitter] Starting epoch 32...
[Twitter] Elapsed training time:4.82s
[Twitter] Starting validation...
[Twitter] Elapsed validation time:0.31s
[Twitter] [Epoch=032] Train Loss=[QuantLoss=0.05406]Val loss = [QuantLoss=0.02454][QuantReg:0.45136]
[Twitter] Starting epoch 33...
[Twitter] Elapsed training time:4.64s
[Twitter] Starting validation...
[Twitter] Elapsed validation time:0.34s
[Twitter] [Epoch=033] Train Loss=[QuantLoss=0.05183]Val loss = [QuantLoss=0.09048][QuantReg:0.44187]
[Twitter] Starting epoch 34...
[Twitter] Elapsed training time:4.64s
[Twitter] Starting validation...
[Twitter] Elapsed validation time:0.31s
[Twitter] [Epoch=034] Train Loss=[QuantLoss=0.06133]Val loss = [QuantLoss=0.03666][QuantReg:0.44619]
[Twitter] Starting epoch 35...
[Twitter] Elapsed training time:4.62s
[Twitter] Starting validation...
[Twitter] Elapsed validation time:0.32s
[Twitter] [Epoch=035] Train Loss=[QuantLoss=0.05535]Val loss = [QuantLoss=0.04267][QuantReg:0.43906]
[Twitter] Starting epoch 36...
[Twitter] Elapsed training time:4.88s
[Twitter] Starting validation...
[Twitter] Elapsed validation time:0.31s
[Twitter] [Epoch=036] Train Loss=[QuantLoss=0.05049]Val loss = [QuantLoss=0.03905][QuantReg:0.43702]
[Twitter] Starting epoch 37...
[Twitter] Elapsed training time:4.67s
[Twitter] Starting validation...
[Twitter] Elapsed validation time:0.32s
[Twitter] [Epoch=037] Train Loss=[QuantLoss=0.04954]Val loss = [QuantLoss=0.09494][QuantReg:0.43257]
[Twitter] Starting epoch 38...
[Twitter] Elapsed training time:4.60s
[Twitter] Starting validation...
[Twitter] Elapsed validation time:0.33s
[Twitter] [Epoch=038] Train Loss=[QuantLoss=0.05602]Val loss = [QuantLoss=0.08314][QuantReg:0.43516]
[Twitter] Starting epoch 39...
[Twitter] Elapsed training time:4.65s
[Twitter] Starting validation...
[Twitter] Elapsed validation time:0.35s
[Twitter] [Epoch=039] Train Loss=[QuantLoss=0.05021]Val loss = [QuantLoss=0.03789][QuantReg:0.43350]
[Twitter] Starting epoch 40...
[Twitter] Elapsed training time:4.77s
[Twitter] Starting validation...
[Twitter] Elapsed validation time:0.31s
[Twitter] [Epoch=040] Train Loss=[QuantLoss=0.04363]Val loss = [QuantLoss=0.06347][QuantReg:0.43454]
[Twitter] Starting epoch 41...
[Twitter] Elapsed training time:4.54s
[Twitter] Starting validation...
[Twitter] Elapsed validation time:0.33s
[Twitter] [Epoch=041] Train Loss=[QuantLoss=0.04573]Val loss = [QuantLoss=0.07010][QuantReg:0.43359]
[Twitter] Starting epoch 42...
[Twitter] Elapsed training time:5.00s
[Twitter] Starting validation...
[Twitter] Elapsed validation time:0.35s
[Twitter] [Epoch=042] Train Loss=[QuantLoss=0.04523]Val loss = [QuantLoss=0.03632][QuantReg:0.43460]
[Twitter] Starting epoch 43...
[Twitter] Elapsed training time:5.16s
[Twitter] Starting validation...
[Twitter] Elapsed validation time:0.34s
[Twitter] [Epoch=043] Train Loss=[QuantLoss=0.04784]Val loss = [QuantLoss=0.08383][QuantReg:0.43245]
[Twitter] Starting epoch 44...
[Twitter] Elapsed training time:5.03s
[Twitter] Starting validation...
[Twitter] Elapsed validation time:0.33s
[Twitter] [Epoch=044] Train Loss=[QuantLoss=0.04396]Val loss = [QuantLoss=0.05678][QuantReg:0.43180]
[Twitter] Starting epoch 45...
[Twitter] Elapsed training time:5.03s
[Twitter] Starting validation...
[Twitter] Elapsed validation time:0.30s
[Twitter] [Epoch=045] Train Loss=[QuantLoss=0.04629]Val loss = [QuantLoss=0.06357][QuantReg:0.43081]
[Twitter] Starting epoch 46...
[Twitter] Elapsed training time:4.64s
[Twitter] Starting validation...
[Twitter] Elapsed validation time:0.29s
[Twitter] [Epoch=046] Train Loss=[QuantLoss=0.04428]Val loss = [QuantLoss=0.05465][QuantReg:0.43080]
[Twitter] Starting epoch 47...
[Twitter] Elapsed training time:4.38s
[Twitter] Starting validation...
[Twitter] Elapsed validation time:0.36s
[Twitter] [Epoch=047] Train Loss=[QuantLoss=0.04672]Val loss = [QuantLoss=0.05644][QuantReg:0.43069]
[Twitter] Starting epoch 48...
[Twitter] Elapsed training time:4.33s
[Twitter] Starting validation...
[Twitter] Elapsed validation time:0.34s
[Twitter] [Epoch=048] Train Loss=[QuantLoss=0.04597]Val loss = [QuantLoss=0.07400][QuantReg:0.44019]
[Twitter] Starting epoch 49...
[Twitter] Elapsed training time:4.24s
[Twitter] Starting validation...
[Twitter] Elapsed validation time:0.35s
[Twitter] [Epoch=049] Train Loss=[QuantLoss=0.04863]Val loss = [QuantLoss=0.04630][QuantReg:0.43342]
[Twitter] Starting epoch 50...
[Twitter] Elapsed training time:4.39s
[Twitter] Starting validation...
[Twitter] Elapsed validation time:0.34s
[Twitter] [Epoch=050] Train Loss=[QuantLoss=0.04831]Val loss = [QuantLoss=0.05140][QuantReg:0.42382]
[Twitter] Starting epoch 51...
[Twitter] Elapsed training time:4.46s
[Twitter] Starting validation...
[Twitter] Elapsed validation time:0.35s
[Twitter] [Epoch=051] Train Loss=[QuantLoss=0.04827]Val loss = [QuantLoss=0.09196][QuantReg:0.42104]
[Twitter] Starting epoch 52...
[Twitter] Elapsed training time:4.41s
[Twitter] Starting validation...
[Twitter] Elapsed validation time:0.35s
[Twitter] [Epoch=052] Train Loss=[QuantLoss=0.04960]Val loss = [QuantLoss=0.05109][QuantReg:0.41863]
[Twitter] Starting epoch 53...
[Twitter] Elapsed training time:4.39s
[Twitter] Starting validation...
[Twitter] Elapsed validation time:0.35s
[Twitter] [Epoch=053] Train Loss=[QuantLoss=0.04722]Val loss = [QuantLoss=0.07795][QuantReg:0.42895]
[Twitter] Starting epoch 54...
[Twitter] Elapsed training time:4.44s
[Twitter] Starting validation...
[Twitter] Elapsed validation time:0.35s
[Twitter] [Epoch=054] Train Loss=[QuantLoss=0.04878]Val loss = [QuantLoss=0.08054][QuantReg:0.42902]
[Twitter] Starting epoch 55...
[Twitter] Elapsed training time:4.28s
[Twitter] Starting validation...
[Twitter] Elapsed validation time:0.39s
[Twitter] [Epoch=055] Train Loss=[QuantLoss=0.04628]Val loss = [QuantLoss=0.09061][QuantReg:0.43347]
[Twitter] Starting epoch 56...
[Twitter] Elapsed training time:4.24s
[Twitter] Starting validation...
[Twitter] Elapsed validation time:0.36s
[Twitter] [Epoch=056] Train Loss=[QuantLoss=0.04602]Val loss = [QuantLoss=0.17197][QuantReg:0.43056]
[Twitter] Starting epoch 57...
[Twitter] Elapsed training time:4.35s
[Twitter] Starting validation...
[Twitter] Elapsed validation time:0.37s
[Twitter] [Epoch=057] Train Loss=[QuantLoss=0.04984]Val loss = [QuantLoss=0.14105][QuantReg:0.42372]
[Twitter] Starting epoch 58...
[Twitter] Elapsed training time:4.25s
[Twitter] Starting validation...
[Twitter] Elapsed validation time:0.35s
[Twitter] [Epoch=058] Train Loss=[QuantLoss=0.03939]Val loss = [QuantLoss=0.10098][QuantReg:0.42348]
[Twitter] Starting epoch 59...
[Twitter] Elapsed training time:4.35s
[Twitter] Starting validation...
[Twitter] Elapsed validation time:0.38s
[Twitter] [Epoch=059] Train Loss=[QuantLoss=0.04086]Val loss = [QuantLoss=0.08383][QuantReg:0.41798]
[Twitter] Starting epoch 60...
[Twitter] Elapsed training time:4.28s
[Twitter] Starting validation...
[Twitter] Elapsed validation time:0.36s
[Twitter] [Epoch=060] Train Loss=[QuantLoss=0.03901]Val loss = [QuantLoss=0.06110][QuantReg:0.41719]
[Twitter] Starting epoch 61...
[Twitter] Elapsed training time:4.39s
[Twitter] Starting validation...
[Twitter] Elapsed validation time:0.36s
[Twitter] [Epoch=061] Train Loss=[QuantLoss=0.03838]Val loss = [QuantLoss=0.06431][QuantReg:0.41799]
[Twitter] Starting epoch 62...
[Twitter] Elapsed training time:4.47s
[Twitter] Starting validation...
[Twitter] Elapsed validation time:0.36s
[Twitter] [Epoch=062] Train Loss=[QuantLoss=0.03882]Val loss = [QuantLoss=0.07695][QuantReg:0.41769]
[Twitter] Starting epoch 63...
[Twitter] Elapsed training time:4.35s
[Twitter] Starting validation...
[Twitter] Elapsed validation time:0.34s
[Twitter] [Epoch=063] Train Loss=[QuantLoss=0.04149]Val loss = [QuantLoss=0.09202][QuantReg:0.41423]
[Twitter] Starting epoch 64...
[Twitter] Elapsed training time:4.95s
[Twitter] Starting validation...
[Twitter] Elapsed validation time:0.22s
[Twitter] [Epoch=064] Train Loss=[QuantLoss=0.03869]Val loss = [QuantLoss=0.07198][QuantReg:0.40882]
[Twitter] Starting epoch 65...
[Twitter] Elapsed training time:4.55s
[Twitter] Starting validation...
[Twitter] Elapsed validation time:0.25s
[Twitter] [Epoch=065] Train Loss=[QuantLoss=0.03818]Val loss = [QuantLoss=0.18054][QuantReg:0.41031]
[Twitter] Starting epoch 66...
[Twitter] Elapsed training time:4.52s
[Twitter] Starting validation...
[Twitter] Elapsed validation time:0.22s
[Twitter] [Epoch=066] Train Loss=[QuantLoss=0.03887]Val loss = [QuantLoss=0.05641][QuantReg:0.41242]
[Twitter] Starting epoch 67...
[Twitter] Elapsed training time:4.40s
[Twitter] Starting validation...
[Twitter] Elapsed validation time:0.23s
[Twitter] [Epoch=067] Train Loss=[QuantLoss=0.04529]Val loss = [QuantLoss=0.06669][QuantReg:0.41520]
[Twitter] Starting epoch 68...
[Twitter] Elapsed training time:4.44s
[Twitter] Starting validation...
[Twitter] Elapsed validation time:0.26s
[Twitter] [Epoch=068] Train Loss=[QuantLoss=0.03631]Val loss = [QuantLoss=0.05370][QuantReg:0.41332]
[Twitter] Starting epoch 69...
[Twitter] Elapsed training time:4.61s
[Twitter] Starting validation...
[Twitter] Elapsed validation time:0.24s
[Twitter] [Epoch=069] Train Loss=[QuantLoss=0.03891]Val loss = [QuantLoss=0.08285][QuantReg:0.41162]
[Twitter] Starting epoch 70...
[Twitter] Elapsed training time:4.39s
[Twitter] Starting validation...
[Twitter] Elapsed validation time:0.26s
[Twitter] [Epoch=070] Train Loss=[QuantLoss=0.03926]Val loss = [QuantLoss=0.07745][QuantReg:0.41161]
[Twitter] Starting epoch 71...
[Twitter] Elapsed training time:4.36s
[Twitter] Starting validation...
[Twitter] Elapsed validation time:0.23s
[Twitter] [Epoch=071] Train Loss=[QuantLoss=0.03707]Val loss = [QuantLoss=0.05744][QuantReg:0.40734]
[Twitter] Starting epoch 72...
[Twitter] Elapsed training time:4.33s
[Twitter] Starting validation...
[Twitter] Elapsed validation time:0.25s
[Twitter] [Epoch=072] Train Loss=[QuantLoss=0.03812]Val loss = [QuantLoss=0.05913][QuantReg:0.40832]
[Twitter] Starting epoch 73...
[Twitter] Elapsed training time:4.40s
[Twitter] Starting validation...
[Twitter] Elapsed validation time:0.24s
[Twitter] [Epoch=073] Train Loss=[QuantLoss=0.03992]Val loss = [QuantLoss=0.06030][QuantReg:0.40804]
[Twitter] Starting epoch 74...
[Twitter] Elapsed training time:4.41s
[Twitter] Starting validation...
[Twitter] Elapsed validation time:0.24s
[Twitter] [Epoch=074] Train Loss=[QuantLoss=0.03891]Val loss = [QuantLoss=0.07644][QuantReg:0.40834]
[Twitter] Starting epoch 75...
[Twitter] Elapsed training time:4.34s
[Twitter] Starting validation...
[Twitter] Elapsed validation time:0.25s
[Twitter] [Epoch=075] Train Loss=[QuantLoss=0.03991]Val loss = [QuantLoss=0.05485][QuantReg:0.40635]
[Twitter] Starting epoch 76...
[Twitter] Elapsed training time:4.38s
[Twitter] Starting validation...
[Twitter] Elapsed validation time:0.24s
[Twitter] [Epoch=076] Train Loss=[QuantLoss=0.03682]Val loss = [QuantLoss=0.05991][QuantReg:0.40736]
[Twitter] Starting epoch 77...
[Twitter] Elapsed training time:4.32s
[Twitter] Starting validation...
[Twitter] Elapsed validation time:0.22s
[Twitter] [Epoch=077] Train Loss=[QuantLoss=0.04285]Val loss = [QuantLoss=0.08183][QuantReg:0.40642]
[Twitter] Starting epoch 78...
[Twitter] Elapsed training time:4.55s
[Twitter] Starting validation...
[Twitter] Elapsed validation time:0.25s
[Twitter] [Epoch=078] Train Loss=[QuantLoss=0.03960]Val loss = [QuantLoss=0.07436][QuantReg:0.40474]
[Twitter] Starting epoch 79...
[Twitter] Elapsed training time:4.34s
[Twitter] Starting validation...
[Twitter] Elapsed validation time:0.23s
[Twitter] [Epoch=079] Train Loss=[QuantLoss=0.03652]Val loss = [QuantLoss=0.06514][QuantReg:0.40234]
[Twitter] Starting epoch 80...
[Twitter] Elapsed training time:4.31s
[Twitter] Starting validation...
[Twitter] Elapsed validation time:0.25s
[Twitter] [Epoch=080] Train Loss=[QuantLoss=0.03603]Val loss = [QuantLoss=0.06089][QuantReg:0.40626]
[Twitter] Starting epoch 81...
[Twitter] Elapsed training time:4.23s
[Twitter] Starting validation...
[Twitter] Elapsed validation time:0.25s
[Twitter] [Epoch=081] Train Loss=[QuantLoss=0.03464]Val loss = [QuantLoss=0.07955][QuantReg:0.40587]
[Twitter] Starting epoch 82...
[Twitter] Elapsed training time:4.17s
[Twitter] Starting validation...
[Twitter] Elapsed validation time:0.23s
[Twitter] [Epoch=082] Train Loss=[QuantLoss=0.04185]Val loss = [QuantLoss=0.08016][QuantReg:0.40609]
[Twitter] Starting epoch 83...
[Twitter] Elapsed training time:4.24s
[Twitter] Starting validation...
[Twitter] Elapsed validation time:0.25s
[Twitter] [Epoch=083] Train Loss=[QuantLoss=0.03414]Val loss = [QuantLoss=0.08305][QuantReg:0.40536]
[Twitter] Starting epoch 84...
[Twitter] Elapsed training time:4.19s
[Twitter] Starting validation...
[Twitter] Elapsed validation time:0.25s
[Twitter] [Epoch=084] Train Loss=[QuantLoss=0.03870]Val loss = [QuantLoss=0.08160][QuantReg:0.40387]
[Twitter] Starting epoch 85...
[Twitter] Elapsed training time:4.17s
[Twitter] Starting validation...
[Twitter] Elapsed validation time:0.23s
[Twitter] [Epoch=085] Train Loss=[QuantLoss=0.03541]Val loss = [QuantLoss=0.07616][QuantReg:0.40048]
[Twitter] Starting epoch 86...
[Twitter] Elapsed training time:4.20s
[Twitter] Starting validation...
[Twitter] Elapsed validation time:0.25s
[Twitter] [Epoch=086] Train Loss=[QuantLoss=0.03428]Val loss = [QuantLoss=0.05546][QuantReg:0.40333]
[Twitter] Starting epoch 87...
[Twitter] Elapsed training time:4.26s
[Twitter] Starting validation...
[Twitter] Elapsed validation time:0.24s
[Twitter] [Epoch=087] Train Loss=[QuantLoss=0.03323]Val loss = [QuantLoss=0.07300][QuantReg:0.40208]
[Twitter] Starting epoch 88...
[Twitter] Elapsed training time:4.21s
[Twitter] Starting validation...
[Twitter] Elapsed validation time:0.22s
[Twitter] [Epoch=088] Train Loss=[QuantLoss=0.03478]Val loss = [QuantLoss=0.07960][QuantReg:0.39951]
[Twitter] Starting epoch 89...
[Twitter] Elapsed training time:4.20s
[Twitter] Starting validation...
[Twitter] Elapsed validation time:0.26s
[Twitter] [Epoch=089] Train Loss=[QuantLoss=0.03496]Val loss = [QuantLoss=0.08150][QuantReg:0.40360]
[Twitter] Starting epoch 90...
[Twitter] Elapsed training time:4.21s
[Twitter] Starting validation...
[Twitter] Elapsed validation time:0.23s
[Twitter] [Epoch=090] Train Loss=[QuantLoss=0.03322]Val loss = [QuantLoss=0.07532][QuantReg:0.40466]
[Twitter] Starting epoch 91...
[Twitter] Elapsed training time:4.38s
[Twitter] Starting validation...
[Twitter] Elapsed validation time:0.23s
[Twitter] [Epoch=091] Train Loss=[QuantLoss=0.03547]Val loss = [QuantLoss=0.07204][QuantReg:0.40433]
[Twitter] Starting epoch 92...
[Twitter] Elapsed training time:4.26s
[Twitter] Starting validation...
[Twitter] Elapsed validation time:0.25s
[Twitter] [Epoch=092] Train Loss=[QuantLoss=0.03245]Val loss = [QuantLoss=0.08580][QuantReg:0.40309]
[Twitter] Starting epoch 93...
[Twitter] Elapsed training time:4.18s
[Twitter] Starting validation...
[Twitter] Elapsed validation time:0.23s
[Twitter] [Epoch=093] Train Loss=[QuantLoss=0.03347]Val loss = [QuantLoss=0.07045][QuantReg:0.40546]
[Twitter] Starting epoch 94...
[Twitter] Elapsed training time:4.22s
[Twitter] Starting validation...
[Twitter] Elapsed validation time:0.24s
[Twitter] [Epoch=094] Train Loss=[QuantLoss=0.03346]Val loss = [QuantLoss=0.08081][QuantReg:0.40410]
[Twitter] Starting epoch 95...
[Twitter] Elapsed training time:4.30s
[Twitter] Starting validation...
[Twitter] Elapsed validation time:0.22s
[Twitter] [Epoch=095] Train Loss=[QuantLoss=0.03359]Val loss = [QuantLoss=0.07579][QuantReg:0.40478]
[Twitter] Starting epoch 96...
[Twitter] Elapsed training time:4.35s
[Twitter] Starting validation...
[Twitter] Elapsed validation time:0.23s
[Twitter] [Epoch=096] Train Loss=[QuantLoss=0.04122]Val loss = [QuantLoss=0.07881][QuantReg:0.40428]
[Twitter] Starting epoch 97...
[Twitter] Elapsed training time:4.28s
[Twitter] Starting validation...
[Twitter] Elapsed validation time:0.24s
[Twitter] [Epoch=097] Train Loss=[QuantLoss=0.03716]Val loss = [QuantLoss=0.07358][QuantReg:0.40371]
[Twitter] Starting epoch 98...
[Twitter] Elapsed training time:4.34s
[Twitter] Starting validation...
[Twitter] Elapsed validation time:0.24s
[Twitter] [Epoch=098] Train Loss=[QuantLoss=0.03365]Val loss = [QuantLoss=0.06698][QuantReg:0.40198]
[Twitter] Starting epoch 99...
[Twitter] Elapsed training time:4.24s
[Twitter] Starting validation...
[Twitter] Elapsed validation time:0.25s
[Twitter] [Epoch=099] Train Loss=[QuantLoss=0.03370]Val loss = [QuantLoss=0.06512][QuantReg:0.40303]
[Twitter] Starting epoch 100...
[Twitter] Elapsed training time:4.28s
[Twitter] Starting validation...
[Twitter] Elapsed validation time:0.24s
[Twitter] [Epoch=100] Train Loss=[QuantLoss=0.03220]Val loss = [QuantLoss=0.07693][QuantReg:0.40336]
[Twitter] Starting epoch 101...
[Twitter] Elapsed training time:4.52s
[Twitter] Starting validation...
[Twitter] Elapsed validation time:0.30s
[Twitter] [Epoch=101] Train Loss=[QuantLoss=0.03064]Val loss = [QuantLoss=0.06636][QuantReg:0.40352]
[Twitter] Starting epoch 102...
[Twitter] Elapsed training time:4.57s
[Twitter] Starting validation...
[Twitter] Elapsed validation time:0.19s
[Twitter] [Epoch=102] Train Loss=[QuantLoss=0.03133]Val loss = [QuantLoss=0.06890][QuantReg:0.40139]
[Twitter] Starting epoch 103...
[Twitter] Elapsed training time:4.49s
[Twitter] Starting validation...
[Twitter] Elapsed validation time:0.31s
[Twitter] [Epoch=103] Train Loss=[QuantLoss=0.03174]Val loss = [QuantLoss=0.06401][QuantReg:0.40274]
[Twitter] Starting epoch 104...
[Twitter] Elapsed training time:4.48s
[Twitter] Starting validation...
[Twitter] Elapsed validation time:0.32s
[Twitter] [Epoch=104] Train Loss=[QuantLoss=0.03118]Val loss = [QuantLoss=0.06807][QuantReg:0.40378]
[Twitter] Starting epoch 105...
[Twitter] Elapsed training time:4.38s
[Twitter] Starting validation...
[Twitter] Elapsed validation time:0.30s
[Twitter] [Epoch=105] Train Loss=[QuantLoss=0.03295]Val loss = [QuantLoss=0.07593][QuantReg:0.40371]
[Twitter] Starting epoch 106...
[Twitter] Elapsed training time:4.67s
[Twitter] Starting validation...
[Twitter] Elapsed validation time:0.30s
[Twitter] [Epoch=106] Train Loss=[QuantLoss=0.03217]Val loss = [QuantLoss=0.06404][QuantReg:0.40207]
[Twitter] Starting epoch 107...
[Twitter] Elapsed training time:4.66s
[Twitter] Starting validation...
[Twitter] Elapsed validation time:0.32s
[Twitter] [Epoch=107] Train Loss=[QuantLoss=0.03188]Val loss = [QuantLoss=0.07754][QuantReg:0.40293]
[Twitter] Starting epoch 108...
[Twitter] Elapsed training time:4.50s
[Twitter] Starting validation...
[Twitter] Elapsed validation time:0.32s
[Twitter] [Epoch=108] Train Loss=[QuantLoss=0.03143]Val loss = [QuantLoss=0.05903][QuantReg:0.40422]
[Twitter] Starting epoch 109...
[Twitter] Elapsed training time:5.03s
[Twitter] Starting validation...
[Twitter] Elapsed validation time:0.32s
[Twitter] [Epoch=109] Train Loss=[QuantLoss=0.03241]Val loss = [QuantLoss=0.06021][QuantReg:0.40378]
[Twitter] Starting epoch 110...
[Twitter] Elapsed training time:4.58s
[Twitter] Starting validation...
[Twitter] Elapsed validation time:0.30s
[Twitter] [Epoch=110] Train Loss=[QuantLoss=0.03119]Val loss = [QuantLoss=0.06236][QuantReg:0.40119]
[Twitter] Starting epoch 111...
[Twitter] Elapsed training time:4.64s
[Twitter] Starting validation...
[Twitter] Elapsed validation time:0.31s
[Twitter] [Epoch=111] Train Loss=[QuantLoss=0.03154]Val loss = [QuantLoss=0.06170][QuantReg:0.40127]
[Twitter] Starting epoch 112...
[Twitter] Elapsed training time:4.88s
[Twitter] Starting validation...
[Twitter] Elapsed validation time:0.32s
[Twitter] [Epoch=112] Train Loss=[QuantLoss=0.03259]Val loss = [QuantLoss=0.06721][QuantReg:0.40034]
[Twitter] Starting epoch 113...
[Twitter] Elapsed training time:4.69s
[Twitter] Starting validation...
[Twitter] Elapsed validation time:0.37s
[Twitter] [Epoch=113] Train Loss=[QuantLoss=0.03140]Val loss = [QuantLoss=0.05435][QuantReg:0.40146]
[Twitter] Starting epoch 114...
[Twitter] Elapsed training time:4.80s
[Twitter] Starting validation...
[Twitter] Elapsed validation time:0.33s
[Twitter] [Epoch=114] Train Loss=[QuantLoss=0.03449]Val loss = [QuantLoss=0.06264][QuantReg:0.40230]
[Twitter] Starting epoch 115...
[Twitter] Elapsed training time:4.73s
[Twitter] Starting validation...
[Twitter] Elapsed validation time:0.36s
[Twitter] [Epoch=115] Train Loss=[QuantLoss=0.03506]Val loss = [QuantLoss=0.06888][QuantReg:0.40088]
[Twitter] Starting epoch 116...
[Twitter] Elapsed training time:4.60s
[Twitter] Starting validation...
[Twitter] Elapsed validation time:0.39s
[Twitter] [Epoch=116] Train Loss=[QuantLoss=0.03316]Val loss = [QuantLoss=0.06585][QuantReg:0.40262]
[Twitter] Starting epoch 117...
[Twitter] Elapsed training time:5.07s
[Twitter] Starting validation...
[Twitter] Elapsed validation time:0.30s
[Twitter] [Epoch=117] Train Loss=[QuantLoss=0.03240]Val loss = [QuantLoss=0.06271][QuantReg:0.40146]
[Twitter] Starting epoch 118...
[Twitter] Elapsed training time:4.68s
[Twitter] Starting validation...
[Twitter] Elapsed validation time:0.31s
[Twitter] [Epoch=118] Train Loss=[QuantLoss=0.02993]Val loss = [QuantLoss=0.06777][QuantReg:0.40345]
[Twitter] Starting epoch 119...
[Twitter] Elapsed training time:4.78s
[Twitter] Starting validation...
[Twitter] Elapsed validation time:0.30s
[Twitter] [Epoch=119] Train Loss=[QuantLoss=0.03037]Val loss = [QuantLoss=0.06016][QuantReg:0.40293]
[Twitter] Starting epoch 120...
[Twitter] Elapsed training time:4.67s
[Twitter] Starting validation...
[Twitter] Elapsed validation time:0.30s
[Twitter] [Epoch=120] Train Loss=[QuantLoss=0.02992]Val loss = [QuantLoss=0.05974][QuantReg:0.40286]
[Twitter] Starting epoch 121...
[Twitter] Elapsed training time:4.57s
[Twitter] Starting validation...
[Twitter] Elapsed validation time:0.32s
[Twitter] [Epoch=121] Train Loss=[QuantLoss=0.03067]Val loss = [QuantLoss=0.06869][QuantReg:0.40135]
[Twitter] Starting epoch 122...
[Twitter] Elapsed training time:3.16s
[Twitter] Starting validation...
[Twitter] Elapsed validation time:0.35s
[Twitter] [Epoch=122] Train Loss=[QuantLoss=0.03168]Val loss = [QuantLoss=0.06830][QuantReg:0.40035]
[Twitter] Starting epoch 123...
[Twitter] Elapsed training time:4.30s
[Twitter] Starting validation...
[Twitter] Elapsed validation time:0.35s
[Twitter] [Epoch=123] Train Loss=[QuantLoss=0.03332]Val loss = [QuantLoss=0.06466][QuantReg:0.40116]
[Twitter] Starting epoch 124...
[Twitter] Elapsed training time:4.29s
[Twitter] Starting validation...
[Twitter] Elapsed validation time:0.35s
[Twitter] [Epoch=124] Train Loss=[QuantLoss=0.03057]Val loss = [QuantLoss=0.05886][QuantReg:0.40046]
[Twitter] Starting epoch 125...
[Twitter] Elapsed training time:4.44s
[Twitter] Starting validation...
[Twitter] Elapsed validation time:0.36s
[Twitter] [Epoch=125] Train Loss=[QuantLoss=0.03165]Val loss = [QuantLoss=0.05978][QuantReg:0.40132]
[Twitter] Starting epoch 126...
[Twitter] Elapsed training time:4.44s
[Twitter] Starting validation...
[Twitter] Elapsed validation time:0.34s
[Twitter] [Epoch=126] Train Loss=[QuantLoss=0.03114]Val loss = [QuantLoss=0.06287][QuantReg:0.40072]
[Twitter] Starting epoch 127...
[Twitter] Elapsed training time:4.44s
[Twitter] Starting validation...
[Twitter] Elapsed validation time:0.35s
[Twitter] [Epoch=127] Train Loss=[QuantLoss=0.03285]Val loss = [QuantLoss=0.06999][QuantReg:0.40177]
[Twitter] Starting epoch 128...
[Twitter] Elapsed training time:4.32s
[Twitter] Starting validation...
[Twitter] Elapsed validation time:0.35s
[Twitter] [Epoch=128] Train Loss=[QuantLoss=0.02931]Val loss = [QuantLoss=0.06183][QuantReg:0.40080]
[Twitter] Starting epoch 129...
[Twitter] Elapsed training time:4.45s
[Twitter] Starting validation...
[Twitter] Elapsed validation time:0.38s
[Twitter] [Epoch=129] Train Loss=[QuantLoss=0.03107]Val loss = [QuantLoss=0.06320][QuantReg:0.40157]
[Twitter] Starting epoch 130...
[Twitter] Elapsed training time:4.39s
[Twitter] Starting validation...
[Twitter] Elapsed validation time:0.37s
[Twitter] [Epoch=130] Train Loss=[QuantLoss=0.02993]Val loss = [QuantLoss=0.06165][QuantReg:0.40071]
[Twitter] Starting epoch 131...
[Twitter] Elapsed training time:4.43s
[Twitter] Starting validation...
[Twitter] Elapsed validation time:0.37s
[Twitter] [Epoch=131] Train Loss=[QuantLoss=0.03279]Val loss = [QuantLoss=0.06767][QuantReg:0.40024]
[Twitter] Starting epoch 132...
[Twitter] Elapsed training time:4.50s
[Twitter] Starting validation...
[Twitter] Elapsed validation time:0.38s
[Twitter] [Epoch=132] Train Loss=[QuantLoss=0.02987]Val loss = [QuantLoss=0.05218][QuantReg:0.40130]
[Twitter] Starting epoch 133...
[Twitter] Elapsed training time:4.78s
[Twitter] Starting validation...
[Twitter] Elapsed validation time:0.37s
[Twitter] [Epoch=133] Train Loss=[QuantLoss=0.03332]Val loss = [QuantLoss=0.06638][QuantReg:0.40185]
[Twitter] Starting epoch 134...
[Twitter] Elapsed training time:4.61s
[Twitter] Starting validation...
[Twitter] Elapsed validation time:0.37s
[Twitter] [Epoch=134] Train Loss=[QuantLoss=0.03009]Val loss = [QuantLoss=0.04711][QuantReg:0.40250]
[Twitter] Starting epoch 135...
[Twitter] Elapsed training time:4.42s
[Twitter] Starting validation...
[Twitter] Elapsed validation time:0.36s
[Twitter] [Epoch=135] Train Loss=[QuantLoss=0.02891]Val loss = [QuantLoss=0.05316][QuantReg:0.40168]
[Twitter] Starting epoch 136...
[Twitter] Elapsed training time:4.60s
[Twitter] Starting validation...
[Twitter] Elapsed validation time:0.39s
[Twitter] [Epoch=136] Train Loss=[QuantLoss=0.03009]Val loss = [QuantLoss=0.04765][QuantReg:0.40116]
[Twitter] Starting epoch 137...
[Twitter] Elapsed training time:4.80s
[Twitter] Starting validation...
[Twitter] Elapsed validation time:0.24s
[Twitter] [Epoch=137] Train Loss=[QuantLoss=0.03311]Val loss = [QuantLoss=0.06405][QuantReg:0.40123]
[Twitter] Starting epoch 138...
[Twitter] Elapsed training time:4.36s
[Twitter] Starting validation...
[Twitter] Elapsed validation time:0.24s
[Twitter] [Epoch=138] Train Loss=[QuantLoss=0.03251]Val loss = [QuantLoss=0.04993][QuantReg:0.40320]
[Twitter] Starting epoch 139...
[Twitter] Elapsed training time:4.29s
[Twitter] Starting validation...
[Twitter] Elapsed validation time:0.25s
[Twitter] [Epoch=139] Train Loss=[QuantLoss=0.03133]Val loss = [QuantLoss=0.05078][QuantReg:0.40258]
[Twitter] Starting epoch 140...
[Twitter] Elapsed training time:4.35s
[Twitter] Starting validation...
[Twitter] Elapsed validation time:0.22s
[Twitter] [Epoch=140] Train Loss=[QuantLoss=0.03065]Val loss = [QuantLoss=0.05934][QuantReg:0.40097]
[Twitter] Early stopping in epoch 140!
[Twitter] Restoring best model...
MAE médio por bag: 0.0561 ± 0.0281
Salvo em resultados_sanders/resultados_twitter_bert_l1_easiest_4.csv
=== Execução 5 ===
Dataset: /home/nildaimon/gmnet/experiments/train_curl/Datasets/Sanders/twitter-sanders-apple3.csv
Dificuldade: metric=None, mode=None, top_k=None
Rodada: 5
Salvar resultados em: resultados_sanders
Dispositivo de treino: cpu
Carregando e processando dataset Twitter
Carregando embeddings do cache...
/home/nildaimon/gmnet/experiments/train_curl/train_sanders.py:89: FutureWarning: You are using `torch.load` with `weights_only=False` (the current default value), which uses the default pickle module implicitly. It is possible to construct malicious pickle data which will execute arbitrary code during unpickling (See https://github.com/pytorch/pytorch/blob/main/SECURITY.md#untrusted-models for more details). In a future release, the default value for `weights_only` will be flipped to `True`. This limits the functions that could be executed during unpickling. Arbitrary objects will no longer be allowed to be loaded via this mode unless they are explicitly allowlisted by the user via `torch.serialization.add_safe_globals`. We recommend you start setting `weights_only=True` for any use case where you don't have full control of the loaded file. Please open an issue on GitHub for any issues related to this experimental feature.
  embeddings = torch.load(EMBEDDING_CACHE)
/home/nildaimon/gmnet/experiments/train_curl/train_sanders.py:90: FutureWarning: You are using `torch.load` with `weights_only=False` (the current default value), which uses the default pickle module implicitly. It is possible to construct malicious pickle data which will execute arbitrary code during unpickling (See https://github.com/pytorch/pytorch/blob/main/SECURITY.md#untrusted-models for more details). In a future release, the default value for `weights_only` will be flipped to `True`. This limits the functions that could be executed during unpickling. Arbitrary objects will no longer be allowed to be loaded via this mode unless they are explicitly allowlisted by the user via `torch.serialization.add_safe_globals`. We recommend you start setting `weights_only=True` for any use case where you don't have full control of the loaded file. Please open an issue on GitHub for any issues related to this experimental feature.
  labels = torch.load(LABELS_CACHE)
Ignoring val_split as train and val datasets where given to fit function
We have two datasets: training 1092 examples. validation 100 examples.]
Using device cpu
/home/nildaimon/anaconda3/envs/gmnet/lib/python3.12/site-packages/torch/optim/lr_scheduler.py:62: UserWarning: The verbose parameter is deprecated. Please use get_last_lr() to access the learning rate.
  warnings.warn(
/home/nildaimon/gmnet/dlquantification/main.py:835: FutureWarning: `torch.cuda.amp.GradScaler(args...)` is deprecated. Please use `torch.amp.GradScaler('cuda', args...)` instead.
  scaler = torch.cuda.amp.GradScaler(enabled=self.use_fp16)
[Twitter] Starting epoch 0...
/home/nildaimon/gmnet/dlquantification/main.py:888: FutureWarning: `torch.cuda.amp.autocast(args...)` is deprecated. Please use `torch.amp.autocast('cuda', args...)` instead.
  with torch.cuda.amp.autocast(enabled=self.use_fp16):
[Twitter] Elapsed training time:4.21s
[Twitter] Starting validation...
[Twitter] Elapsed validation time:0.24s
[Twitter] [Epoch=000] Train Loss=[QuantLoss=0.05486]Val loss = [QuantLoss=0.02195][QuantReg:0.41260][saved best model in this epoch]
[Twitter] Starting epoch 1...
[Twitter] Elapsed training time:4.34s
[Twitter] Starting validation...
[Twitter] Elapsed validation time:0.28s
[Twitter] [Epoch=001] Train Loss=[QuantLoss=0.03537]Val loss = [QuantLoss=0.00542][QuantReg:0.42989][saved best model in this epoch]
[Twitter] Starting epoch 2...
[Twitter] Elapsed training time:4.27s
[Twitter] Starting validation...
[Twitter] Elapsed validation time:0.22s
[Twitter] [Epoch=002] Train Loss=[QuantLoss=0.03003]Val loss = [QuantLoss=0.03163][QuantReg:0.38961]
[Twitter] Starting epoch 3...
[Twitter] Elapsed training time:4.31s
[Twitter] Starting validation...
[Twitter] Elapsed validation time:0.22s
[Twitter] [Epoch=003] Train Loss=[QuantLoss=0.03077]Val loss = [QuantLoss=0.04356][QuantReg:0.39902]
[Twitter] Starting epoch 4...
[Twitter] Elapsed training time:4.25s
[Twitter] Starting validation...
[Twitter] Elapsed validation time:0.24s
[Twitter] [Epoch=004] Train Loss=[QuantLoss=0.02731]Val loss = [QuantLoss=0.02231][QuantReg:0.41106]
[Twitter] Starting epoch 5...
[Twitter] Elapsed training time:4.29s
[Twitter] Starting validation...
[Twitter] Elapsed validation time:0.27s
[Twitter] [Epoch=005] Train Loss=[QuantLoss=0.02621]Val loss = [QuantLoss=0.03236][QuantReg:0.41466]
[Twitter] Starting epoch 6...
[Twitter] Elapsed training time:4.28s
[Twitter] Starting validation...
[Twitter] Elapsed validation time:0.27s
[Twitter] [Epoch=006] Train Loss=[QuantLoss=0.02611]Val loss = [QuantLoss=0.00841][QuantReg:0.42305]
[Twitter] Starting epoch 7...
[Twitter] Elapsed training time:4.41s
[Twitter] Starting validation...
[Twitter] Elapsed validation time:0.24s
[Twitter] [Epoch=007] Train Loss=[QuantLoss=0.02683]Val loss = [QuantLoss=0.02348][QuantReg:0.45210]
[Twitter] Starting epoch 8...
[Twitter] Elapsed training time:4.36s
[Twitter] Starting validation...
[Twitter] Elapsed validation time:0.23s
[Twitter] [Epoch=008] Train Loss=[QuantLoss=0.02504]Val loss = [QuantLoss=0.01782][QuantReg:0.44539]
[Twitter] Starting epoch 9...
[Twitter] Elapsed training time:4.39s
[Twitter] Starting validation...
[Twitter] Elapsed validation time:0.23s
[Twitter] [Epoch=009] Train Loss=[QuantLoss=0.02433]Val loss = [QuantLoss=0.01965][QuantReg:0.41218]
[Twitter] Starting epoch 10...
[Twitter] Elapsed training time:4.27s
[Twitter] Starting validation...
[Twitter] Elapsed validation time:0.23s
[Twitter] [Epoch=010] Train Loss=[QuantLoss=0.02382]Val loss = [QuantLoss=0.03778][QuantReg:0.41458]
[Twitter] Starting epoch 11...
[Twitter] Elapsed training time:4.34s
[Twitter] Starting validation...
[Twitter] Elapsed validation time:0.24s
[Twitter] [Epoch=011] Train Loss=[QuantLoss=0.02146]Val loss = [QuantLoss=0.00994][QuantReg:0.44092]
[Twitter] Starting epoch 12...
[Twitter] Elapsed training time:4.54s
[Twitter] Starting validation...
[Twitter] Elapsed validation time:0.23s
[Twitter] [Epoch=012] Train Loss=[QuantLoss=0.02219]Val loss = [QuantLoss=0.01258][QuantReg:0.44865]
[Twitter] Starting epoch 13...
[Twitter] Elapsed training time:4.47s
[Twitter] Starting validation...
[Twitter] Elapsed validation time:0.24s
[Twitter] [Epoch=013] Train Loss=[QuantLoss=0.02243]Val loss = [QuantLoss=0.01966][QuantReg:0.42720]
[Twitter] Starting epoch 14...
[Twitter] Elapsed training time:4.60s
[Twitter] Starting validation...
[Twitter] Elapsed validation time:0.24s
[Twitter] [Epoch=014] Train Loss=[QuantLoss=0.02090]Val loss = [QuantLoss=0.04343][QuantReg:0.41998]
[Twitter] Starting epoch 15...
[Twitter] Elapsed training time:4.31s
[Twitter] Starting validation...
[Twitter] Elapsed validation time:0.24s
[Twitter] [Epoch=015] Train Loss=[QuantLoss=0.02011]Val loss = [QuantLoss=0.05092][QuantReg:0.40589]
[Twitter] Starting epoch 16...
[Twitter] Elapsed training time:4.37s
[Twitter] Starting validation...
[Twitter] Elapsed validation time:0.24s
[Twitter] [Epoch=016] Train Loss=[QuantLoss=0.02084]Val loss = [QuantLoss=0.01939][QuantReg:0.41194]
[Twitter] Starting epoch 17...
[Twitter] Elapsed training time:4.54s
[Twitter] Starting validation...
[Twitter] Elapsed validation time:0.25s
[Twitter] [Epoch=017] Train Loss=[QuantLoss=0.02273]Val loss = [QuantLoss=0.07633][QuantReg:0.40726]
[Twitter] Starting epoch 18...
[Twitter] Elapsed training time:4.37s
[Twitter] Starting validation...
[Twitter] Elapsed validation time:0.24s
[Twitter] [Epoch=018] Train Loss=[QuantLoss=0.02074]Val loss = [QuantLoss=0.02408][QuantReg:0.38734]
[Twitter] Starting epoch 19...
[Twitter] Elapsed training time:4.48s
[Twitter] Starting validation...
[Twitter] Elapsed validation time:0.23s
[Twitter] [Epoch=019] Train Loss=[QuantLoss=0.02229]Val loss = [QuantLoss=0.05854][QuantReg:0.39188]
[Twitter] Starting epoch 20...
[Twitter] Elapsed training time:4.56s
[Twitter] Starting validation...
[Twitter] Elapsed validation time:0.24s
[Twitter] [Epoch=020] Train Loss=[QuantLoss=0.02262]Val loss = [QuantLoss=0.01008][QuantReg:0.38817]
[Twitter] Starting epoch 21...
[Twitter] Elapsed training time:4.31s
[Twitter] Starting validation...
[Twitter] Elapsed validation time:0.22s
[Twitter] [Epoch=021] Train Loss=[QuantLoss=0.01929]Val loss = [QuantLoss=0.03700][QuantReg:0.37934]
[Twitter] Starting epoch 22...
[Twitter] Elapsed training time:4.12s
[Twitter] Starting validation...
[Twitter] Elapsed validation time:0.24s
[Twitter] [Epoch=022] Train Loss=[QuantLoss=0.02019]Val loss = [QuantLoss=0.07202][QuantReg:0.38396]
[Twitter] Starting epoch 23...
[Twitter] Elapsed training time:4.08s
[Twitter] Starting validation...
[Twitter] Elapsed validation time:0.23s
[Twitter] [Epoch=023] Train Loss=[QuantLoss=0.02111]Val loss = [QuantLoss=0.03318][QuantReg:0.38791]
[Twitter] Starting epoch 24...
[Twitter] Elapsed training time:4.03s
[Twitter] Starting validation...
[Twitter] Elapsed validation time:0.24s
[Twitter] [Epoch=024] Train Loss=[QuantLoss=0.01731]Val loss = [QuantLoss=0.04152][QuantReg:0.39106]
[Twitter] Starting epoch 25...
[Twitter] Elapsed training time:4.11s
[Twitter] Starting validation...
[Twitter] Elapsed validation time:0.35s
[Twitter] [Epoch=025] Train Loss=[QuantLoss=0.01727]Val loss = [QuantLoss=0.02345][QuantReg:0.38538]
[Twitter] Starting epoch 26...
[Twitter] Elapsed training time:4.11s
[Twitter] Starting validation...
[Twitter] Elapsed validation time:0.25s
[Twitter] [Epoch=026] Train Loss=[QuantLoss=0.01707]Val loss = [QuantLoss=0.01789][QuantReg:0.38122]
[Twitter] Starting epoch 27...
[Twitter] Elapsed training time:4.25s
[Twitter] Starting validation...
[Twitter] Elapsed validation time:0.35s
[Twitter] [Epoch=027] Train Loss=[QuantLoss=0.01754]Val loss = [QuantLoss=0.01511][QuantReg:0.38291]
[Twitter] Starting epoch 28...
[Twitter] Elapsed training time:4.25s
[Twitter] Starting validation...
[Twitter] Elapsed validation time:0.35s
[Twitter] [Epoch=028] Train Loss=[QuantLoss=0.01669]Val loss = [QuantLoss=0.00914][QuantReg:0.38473]
[Twitter] Starting epoch 29...
[Twitter] Elapsed training time:4.28s
[Twitter] Starting validation...
[Twitter] Elapsed validation time:0.32s
[Twitter] [Epoch=029] Train Loss=[QuantLoss=0.01649]Val loss = [QuantLoss=0.01033][QuantReg:0.38435]
[Twitter] Starting epoch 30...
[Twitter] Elapsed training time:4.44s
[Twitter] Starting validation...
[Twitter] Elapsed validation time:0.29s
[Twitter] [Epoch=030] Train Loss=[QuantLoss=0.01729]Val loss = [QuantLoss=0.01138][QuantReg:0.37713]
[Twitter] Starting epoch 31...
[Twitter] Elapsed training time:4.32s
[Twitter] Starting validation...
[Twitter] Elapsed validation time:0.30s
[Twitter] [Epoch=031] Train Loss=[QuantLoss=0.01664]Val loss = [QuantLoss=0.02446][QuantReg:0.37849]
[Twitter] Starting epoch 32...
[Twitter] Elapsed training time:4.40s
[Twitter] Starting validation...
[Twitter] Elapsed validation time:0.32s
[Twitter] [Epoch=032] Train Loss=[QuantLoss=0.01787]Val loss = [QuantLoss=0.01637][QuantReg:0.37882]
[Twitter] Starting epoch 33...
[Twitter] Elapsed training time:4.51s
[Twitter] Starting validation...
[Twitter] Elapsed validation time:0.30s
[Twitter] [Epoch=033] Train Loss=[QuantLoss=0.01473]Val loss = [QuantLoss=0.00541][QuantReg:0.38015][saved best model in this epoch]
[Twitter] Starting epoch 34...
[Twitter] Elapsed training time:4.56s
[Twitter] Starting validation...
[Twitter] Elapsed validation time:0.32s
[Twitter] [Epoch=034] Train Loss=[QuantLoss=0.01655]Val loss = [QuantLoss=0.01113][QuantReg:0.38453]
[Twitter] Starting epoch 35...
[Twitter] Elapsed training time:4.66s
[Twitter] Starting validation...
[Twitter] Elapsed validation time:0.31s
[Twitter] [Epoch=035] Train Loss=[QuantLoss=0.01673]Val loss = [QuantLoss=0.03215][QuantReg:0.38504]
[Twitter] Starting epoch 36...
[Twitter] Elapsed training time:4.79s
[Twitter] Starting validation...
[Twitter] Elapsed validation time:0.31s
[Twitter] [Epoch=036] Train Loss=[QuantLoss=0.01618]Val loss = [QuantLoss=0.02174][QuantReg:0.39378]
[Twitter] Starting epoch 37...
[Twitter] Elapsed training time:4.53s
[Twitter] Starting validation...
[Twitter] Elapsed validation time:0.30s
[Twitter] [Epoch=037] Train Loss=[QuantLoss=0.01634]Val loss = [QuantLoss=0.03677][QuantReg:0.38608]
[Twitter] Starting epoch 38...
[Twitter] Elapsed training time:4.62s
[Twitter] Starting validation...
[Twitter] Elapsed validation time:0.36s
[Twitter] [Epoch=038] Train Loss=[QuantLoss=0.01563]Val loss = [QuantLoss=0.01038][QuantReg:0.38343]
[Twitter] Starting epoch 39...
[Twitter] Elapsed training time:4.94s
[Twitter] Starting validation...
[Twitter] Elapsed validation time:0.34s
[Twitter] [Epoch=039] Train Loss=[QuantLoss=0.01495]Val loss = [QuantLoss=0.01976][QuantReg:0.38406]
[Twitter] Starting epoch 40...
[Twitter] Elapsed training time:5.00s
[Twitter] Starting validation...
[Twitter] Elapsed validation time:0.33s
[Twitter] [Epoch=040] Train Loss=[QuantLoss=0.01602]Val loss = [QuantLoss=0.02416][QuantReg:0.39820]
[Twitter] Starting epoch 41...
[Twitter] Elapsed training time:4.90s
[Twitter] Starting validation...
[Twitter] Elapsed validation time:0.35s
[Twitter] [Epoch=041] Train Loss=[QuantLoss=0.01709]Val loss = [QuantLoss=0.02681][QuantReg:0.39665]
[Twitter] Starting epoch 42...
[Twitter] Elapsed training time:4.65s
[Twitter] Starting validation...
[Twitter] Elapsed validation time:0.31s
[Twitter] [Epoch=042] Train Loss=[QuantLoss=0.01524]Val loss = [QuantLoss=0.01770][QuantReg:0.39037]
[Twitter] Starting epoch 43...
[Twitter] Elapsed training time:4.64s
[Twitter] Starting validation...
[Twitter] Elapsed validation time:0.33s
[Twitter] [Epoch=043] Train Loss=[QuantLoss=0.01441]Val loss = [QuantLoss=0.01441][QuantReg:0.39105]
[Twitter] Starting epoch 44...
[Twitter] Elapsed training time:4.75s
[Twitter] Starting validation...
[Twitter] Elapsed validation time:0.32s
[Twitter] [Epoch=044] Train Loss=[QuantLoss=0.01741]Val loss = [QuantLoss=0.01659][QuantReg:0.39881]
[Twitter] Starting epoch 45...
[Twitter] Elapsed training time:4.45s
[Twitter] Starting validation...
[Twitter] Elapsed validation time:0.34s
[Twitter] [Epoch=045] Train Loss=[QuantLoss=0.01560]Val loss = [QuantLoss=0.02204][QuantReg:0.39049]
[Twitter] Starting epoch 46...
[Twitter] Elapsed training time:4.46s
[Twitter] Starting validation...
[Twitter] Elapsed validation time:0.31s
[Twitter] [Epoch=046] Train Loss=[QuantLoss=0.01555]Val loss = [QuantLoss=0.01883][QuantReg:0.38899]
[Twitter] Starting epoch 47...
[Twitter] Elapsed training time:4.31s
[Twitter] Starting validation...
[Twitter] Elapsed validation time:0.31s
[Twitter] [Epoch=047] Train Loss=[QuantLoss=0.01646]Val loss = [QuantLoss=0.02617][QuantReg:0.38679]
[Twitter] Starting epoch 48...
[Twitter] Elapsed training time:4.39s
[Twitter] Starting validation...
[Twitter] Elapsed validation time:0.35s
[Twitter] [Epoch=048] Train Loss=[QuantLoss=0.01684]Val loss = [QuantLoss=0.01811][QuantReg:0.39413]
[Twitter] Starting epoch 49...
[Twitter] Elapsed training time:4.17s
[Twitter] Starting validation...
[Twitter] Elapsed validation time:0.35s
[Twitter] [Epoch=049] Train Loss=[QuantLoss=0.01524]Val loss = [QuantLoss=0.01402][QuantReg:0.40107]
[Twitter] Starting epoch 50...
[Twitter] Elapsed training time:4.18s
[Twitter] Starting validation...
[Twitter] Elapsed validation time:0.34s
[Twitter] [Epoch=050] Train Loss=[QuantLoss=0.01592]Val loss = [QuantLoss=0.02243][QuantReg:0.39599]
[Twitter] Starting epoch 51...
[Twitter] Elapsed training time:4.21s
[Twitter] Starting validation...
[Twitter] Elapsed validation time:0.35s
[Twitter] [Epoch=051] Train Loss=[QuantLoss=0.01499]Val loss = [QuantLoss=0.02228][QuantReg:0.39896]
[Twitter] Starting epoch 52...
[Twitter] Elapsed training time:4.18s
[Twitter] Starting validation...
[Twitter] Elapsed validation time:0.35s
[Twitter] [Epoch=052] Train Loss=[QuantLoss=0.01540]Val loss = [QuantLoss=0.02992][QuantReg:0.39699]
[Twitter] Starting epoch 53...
[Twitter] Elapsed training time:4.28s
[Twitter] Starting validation...
[Twitter] Elapsed validation time:0.34s
[Twitter] [Epoch=053] Train Loss=[QuantLoss=0.01614]Val loss = [QuantLoss=0.02702][QuantReg:0.39025]
[Twitter] Starting epoch 54...
[Twitter] Elapsed training time:4.15s
[Twitter] Starting validation...
[Twitter] Elapsed validation time:0.36s
[Twitter] [Epoch=054] Train Loss=[QuantLoss=0.01762]Val loss = [QuantLoss=0.01445][QuantReg:0.39323]
[Twitter] Starting epoch 55...
[Twitter] Elapsed training time:4.27s
[Twitter] Starting validation...
[Twitter] Elapsed validation time:0.36s
[Twitter] [Epoch=055] Train Loss=[QuantLoss=0.01485]Val loss = [QuantLoss=0.01760][QuantReg:0.39456]
[Twitter] Starting epoch 56...
[Twitter] Elapsed training time:4.23s
[Twitter] Starting validation...
[Twitter] Elapsed validation time:0.37s
[Twitter] [Epoch=056] Train Loss=[QuantLoss=0.01370]Val loss = [QuantLoss=0.01679][QuantReg:0.39210]
[Twitter] Starting epoch 57...
[Twitter] Elapsed training time:4.23s
[Twitter] Starting validation...
[Twitter] Elapsed validation time:0.35s
[Twitter] [Epoch=057] Train Loss=[QuantLoss=0.01503]Val loss = [QuantLoss=0.01457][QuantReg:0.39360]
[Twitter] Starting epoch 58...
[Twitter] Elapsed training time:4.24s
[Twitter] Starting validation...
[Twitter] Elapsed validation time:0.34s
[Twitter] [Epoch=058] Train Loss=[QuantLoss=0.01474]Val loss = [QuantLoss=0.02073][QuantReg:0.39526]
[Twitter] Starting epoch 59...
[Twitter] Elapsed training time:4.18s
[Twitter] Starting validation...
[Twitter] Elapsed validation time:0.36s
[Twitter] [Epoch=059] Train Loss=[QuantLoss=0.01373]Val loss = [QuantLoss=0.02046][QuantReg:0.39000]
[Twitter] Starting epoch 60...
[Twitter] Elapsed training time:4.30s
[Twitter] Starting validation...
[Twitter] Elapsed validation time:0.37s
[Twitter] [Epoch=060] Train Loss=[QuantLoss=0.01468]Val loss = [QuantLoss=0.01912][QuantReg:0.39281]
[Twitter] Starting epoch 61...
[Twitter] Elapsed training time:4.28s
[Twitter] Starting validation...
[Twitter] Elapsed validation time:0.36s
[Twitter] [Epoch=061] Train Loss=[QuantLoss=0.01475]Val loss = [QuantLoss=0.02422][QuantReg:0.39459]
[Twitter] Starting epoch 62...
[Twitter] Elapsed training time:4.37s
[Twitter] Starting validation...
[Twitter] Elapsed validation time:0.23s
[Twitter] [Epoch=062] Train Loss=[QuantLoss=0.01494]Val loss = [QuantLoss=0.02689][QuantReg:0.39356]
[Twitter] Starting epoch 63...
[Twitter] Elapsed training time:4.13s
[Twitter] Starting validation...
[Twitter] Elapsed validation time:0.24s
[Twitter] [Epoch=063] Train Loss=[QuantLoss=0.01415]Val loss = [QuantLoss=0.03318][QuantReg:0.39598]
[Twitter] Starting epoch 64...
[Twitter] Elapsed training time:4.21s
[Twitter] Starting validation...
[Twitter] Elapsed validation time:0.23s
[Twitter] [Epoch=064] Train Loss=[QuantLoss=0.01293]Val loss = [QuantLoss=0.02331][QuantReg:0.39468]
[Twitter] Starting epoch 65...
[Twitter] Elapsed training time:4.32s
[Twitter] Starting validation...
[Twitter] Elapsed validation time:0.25s
[Twitter] [Epoch=065] Train Loss=[QuantLoss=0.01462]Val loss = [QuantLoss=0.02731][QuantReg:0.39316]
[Twitter] Starting epoch 66...
[Twitter] Elapsed training time:4.30s
[Twitter] Starting validation...
[Twitter] Elapsed validation time:0.24s
[Twitter] [Epoch=066] Train Loss=[QuantLoss=0.01462]Val loss = [QuantLoss=0.02496][QuantReg:0.39825]
[Twitter] Starting epoch 67...
[Twitter] Elapsed training time:4.31s
[Twitter] Starting validation...
[Twitter] Elapsed validation time:0.25s
[Twitter] [Epoch=067] Train Loss=[QuantLoss=0.01424]Val loss = [QuantLoss=0.01792][QuantReg:0.39797]
[Twitter] Starting epoch 68...
[Twitter] Elapsed training time:4.34s
[Twitter] Starting validation...
[Twitter] Elapsed validation time:0.24s
[Twitter] [Epoch=068] Train Loss=[QuantLoss=0.01327]Val loss = [QuantLoss=0.02213][QuantReg:0.39619]
[Twitter] Starting epoch 69...
[Twitter] Elapsed training time:4.28s
[Twitter] Starting validation...
[Twitter] Elapsed validation time:0.24s
[Twitter] [Epoch=069] Train Loss=[QuantLoss=0.01391]Val loss = [QuantLoss=0.01721][QuantReg:0.39799]
[Twitter] Starting epoch 70...
[Twitter] Elapsed training time:4.40s
[Twitter] Starting validation...
[Twitter] Elapsed validation time:0.23s
[Twitter] [Epoch=070] Train Loss=[QuantLoss=0.01425]Val loss = [QuantLoss=0.02331][QuantReg:0.39853]
[Twitter] Starting epoch 71...
[Twitter] Elapsed training time:4.53s
[Twitter] Starting validation...
[Twitter] Elapsed validation time:0.24s
[Twitter] [Epoch=071] Train Loss=[QuantLoss=0.01356]Val loss = [QuantLoss=0.02396][QuantReg:0.39676]
[Twitter] Starting epoch 72...
[Twitter] Elapsed training time:4.30s
[Twitter] Starting validation...
[Twitter] Elapsed validation time:0.24s
[Twitter] [Epoch=072] Train Loss=[QuantLoss=0.01387]Val loss = [QuantLoss=0.02751][QuantReg:0.39886]
[Twitter] Starting epoch 73...
[Twitter] Elapsed training time:4.23s
[Twitter] Starting validation...
[Twitter] Elapsed validation time:0.23s
[Twitter] [Epoch=073] Train Loss=[QuantLoss=0.01441]Val loss = [QuantLoss=0.03118][QuantReg:0.39552]
[Twitter] Starting epoch 74...
[Twitter] Elapsed training time:4.33s
[Twitter] Starting validation...
[Twitter] Elapsed validation time:0.23s
[Twitter] [Epoch=074] Train Loss=[QuantLoss=0.01494]Val loss = [QuantLoss=0.02467][QuantReg:0.40202]
[Twitter] Starting epoch 75...
[Twitter] Elapsed training time:4.25s
[Twitter] Starting validation...
[Twitter] Elapsed validation time:0.25s
[Twitter] [Epoch=075] Train Loss=[QuantLoss=0.01404]Val loss = [QuantLoss=0.02309][QuantReg:0.40451]
[Twitter] Starting epoch 76...
[Twitter] Elapsed training time:4.31s
[Twitter] Starting validation...
[Twitter] Elapsed validation time:0.22s
[Twitter] [Epoch=076] Train Loss=[QuantLoss=0.01471]Val loss = [QuantLoss=0.02482][QuantReg:0.40315]
[Twitter] Starting epoch 77...
[Twitter] Elapsed training time:4.38s
[Twitter] Starting validation...
[Twitter] Elapsed validation time:0.24s
[Twitter] [Epoch=077] Train Loss=[QuantLoss=0.01352]Val loss = [QuantLoss=0.02219][QuantReg:0.39688]
[Twitter] Starting epoch 78...
[Twitter] Elapsed training time:4.47s
[Twitter] Starting validation...
[Twitter] Elapsed validation time:0.23s
[Twitter] [Epoch=078] Train Loss=[QuantLoss=0.01380]Val loss = [QuantLoss=0.02344][QuantReg:0.40041]
[Twitter] Starting epoch 79...
[Twitter] Elapsed training time:4.39s
[Twitter] Starting validation...
[Twitter] Elapsed validation time:0.24s
[Twitter] [Epoch=079] Train Loss=[QuantLoss=0.01497]Val loss = [QuantLoss=0.02675][QuantReg:0.40160]
[Twitter] Starting epoch 80...
[Twitter] Elapsed training time:4.43s
[Twitter] Starting validation...
[Twitter] Elapsed validation time:0.25s
[Twitter] [Epoch=080] Train Loss=[QuantLoss=0.01436]Val loss = [QuantLoss=0.01453][QuantReg:0.39936]
[Twitter] Starting epoch 81...
[Twitter] Elapsed training time:4.31s
[Twitter] Starting validation...
[Twitter] Elapsed validation time:0.25s
[Twitter] [Epoch=081] Train Loss=[QuantLoss=0.01304]Val loss = [QuantLoss=0.02621][QuantReg:0.39601]
[Twitter] Starting epoch 82...
[Twitter] Elapsed training time:4.41s
[Twitter] Starting validation...
[Twitter] Elapsed validation time:0.25s
[Twitter] [Epoch=082] Train Loss=[QuantLoss=0.01224]Val loss = [QuantLoss=0.02295][QuantReg:0.39487]
[Twitter] Starting epoch 83...
[Twitter] Elapsed training time:4.30s
[Twitter] Starting validation...
[Twitter] Elapsed validation time:0.24s
[Twitter] [Epoch=083] Train Loss=[QuantLoss=0.01418]Val loss = [QuantLoss=0.01805][QuantReg:0.39914]
[Twitter] Starting epoch 84...
[Twitter] Elapsed training time:4.45s
[Twitter] Starting validation...
[Twitter] Elapsed validation time:0.24s
[Twitter] [Epoch=084] Train Loss=[QuantLoss=0.01279]Val loss = [QuantLoss=0.01298][QuantReg:0.40250]
[Twitter] Starting epoch 85...
[Twitter] Elapsed training time:4.51s
[Twitter] Starting validation...
[Twitter] Elapsed validation time:0.24s
[Twitter] [Epoch=085] Train Loss=[QuantLoss=0.01331]Val loss = [QuantLoss=0.02568][QuantReg:0.39827]
[Twitter] Starting epoch 86...
[Twitter] Elapsed training time:4.58s
[Twitter] Starting validation...
[Twitter] Elapsed validation time:0.23s
[Twitter] [Epoch=086] Train Loss=[QuantLoss=0.01204]Val loss = [QuantLoss=0.03366][QuantReg:0.39892]
[Twitter] Starting epoch 87...
[Twitter] Elapsed training time:4.26s
[Twitter] Starting validation...
[Twitter] Elapsed validation time:0.23s
[Twitter] [Epoch=087] Train Loss=[QuantLoss=0.01237]Val loss = [QuantLoss=0.02981][QuantReg:0.40070]
[Twitter] Starting epoch 88...
[Twitter] Elapsed training time:4.27s
[Twitter] Starting validation...
[Twitter] Elapsed validation time:0.24s
[Twitter] [Epoch=088] Train Loss=[QuantLoss=0.01288]Val loss = [QuantLoss=0.03559][QuantReg:0.39684]
[Twitter] Starting epoch 89...
[Twitter] Elapsed training time:4.26s
[Twitter] Starting validation...
[Twitter] Elapsed validation time:0.23s
[Twitter] [Epoch=089] Train Loss=[QuantLoss=0.01294]Val loss = [QuantLoss=0.02578][QuantReg:0.39689]
[Twitter] Starting epoch 90...
[Twitter] Elapsed training time:4.29s
[Twitter] Starting validation...
[Twitter] Elapsed validation time:0.21s
[Twitter] [Epoch=090] Train Loss=[QuantLoss=0.01316]Val loss = [QuantLoss=0.01652][QuantReg:0.39662]
[Twitter] Starting epoch 91...
[Twitter] Elapsed training time:4.62s
[Twitter] Starting validation...
[Twitter] Elapsed validation time:0.20s
[Twitter] [Epoch=091] Train Loss=[QuantLoss=0.01198]Val loss = [QuantLoss=0.01831][QuantReg:0.39920]
[Twitter] Starting epoch 92...
[Twitter] Elapsed training time:4.54s
[Twitter] Starting validation...
[Twitter] Elapsed validation time:0.21s
[Twitter] [Epoch=092] Train Loss=[QuantLoss=0.01303]Val loss = [QuantLoss=0.02713][QuantReg:0.39987]
[Twitter] Starting epoch 93...
[Twitter] Elapsed training time:4.72s
[Twitter] Starting validation...
[Twitter] Elapsed validation time:0.21s
[Twitter] [Epoch=093] Train Loss=[QuantLoss=0.01328]Val loss = [QuantLoss=0.02315][QuantReg:0.40033]
[Twitter] Starting epoch 94...
[Twitter] Elapsed training time:4.83s
[Twitter] Starting validation...
[Twitter] Elapsed validation time:0.20s
[Twitter] [Epoch=094] Train Loss=[QuantLoss=0.01269]Val loss = [QuantLoss=0.02476][QuantReg:0.40462]
[Twitter] Starting epoch 95...
[Twitter] Elapsed training time:4.73s
[Twitter] Starting validation...
[Twitter] Elapsed validation time:0.21s
[Twitter] [Epoch=095] Train Loss=[QuantLoss=0.01296]Val loss = [QuantLoss=0.02384][QuantReg:0.40694]
[Twitter] Starting epoch 96...
[Twitter] Elapsed training time:4.93s
[Twitter] Starting validation...
[Twitter] Elapsed validation time:0.33s
[Twitter] [Epoch=096] Train Loss=[QuantLoss=0.01221]Val loss = [QuantLoss=0.02764][QuantReg:0.40325]
[Twitter] Starting epoch 97...
[Twitter] Elapsed training time:5.16s
[Twitter] Starting validation...
[Twitter] Elapsed validation time:0.24s
[Twitter] [Epoch=097] Train Loss=[QuantLoss=0.01275]Val loss = [QuantLoss=0.03591][QuantReg:0.39988]
[Twitter] Starting epoch 98...
[Twitter] Elapsed training time:5.00s
[Twitter] Starting validation...
[Twitter] Elapsed validation time:0.30s
[Twitter] [Epoch=098] Train Loss=[QuantLoss=0.01192]Val loss = [QuantLoss=0.03123][QuantReg:0.39812]
[Twitter] Starting epoch 99...
[Twitter] Elapsed training time:4.70s
[Twitter] Starting validation...
[Twitter] Elapsed validation time:0.21s
[Twitter] [Epoch=099] Train Loss=[QuantLoss=0.01225]Val loss = [QuantLoss=0.02835][QuantReg:0.39797]
[Twitter] Starting epoch 100...
[Twitter] Elapsed training time:4.84s
[Twitter] Starting validation...
[Twitter] Elapsed validation time:0.20s
[Twitter] [Epoch=100] Train Loss=[QuantLoss=0.01297]Val loss = [QuantLoss=0.02099][QuantReg:0.39795]
[Twitter] Starting epoch 101...
[Twitter] Elapsed training time:4.61s
[Twitter] Starting validation...
[Twitter] Elapsed validation time:0.35s
[Twitter] [Epoch=101] Train Loss=[QuantLoss=0.01254]Val loss = [QuantLoss=0.02185][QuantReg:0.39414]
[Twitter] Starting epoch 102...
[Twitter] Elapsed training time:4.58s
[Twitter] Starting validation...
[Twitter] Elapsed validation time:0.35s
[Twitter] [Epoch=102] Train Loss=[QuantLoss=0.01222]Val loss = [QuantLoss=0.02241][QuantReg:0.39357]
[Twitter] Starting epoch 103...
[Twitter] Elapsed training time:4.75s
[Twitter] Starting validation...
[Twitter] Elapsed validation time:0.32s
[Twitter] [Epoch=103] Train Loss=[QuantLoss=0.01200]Val loss = [QuantLoss=0.02246][QuantReg:0.39433]
[Twitter] Starting epoch 104...
[Twitter] Elapsed training time:4.65s
[Twitter] Starting validation...
[Twitter] Elapsed validation time:0.30s
[Twitter] [Epoch=104] Train Loss=[QuantLoss=0.01260]Val loss = [QuantLoss=0.02894][QuantReg:0.39572]
[Twitter] Starting epoch 105...
[Twitter] Elapsed training time:4.78s
[Twitter] Starting validation...
[Twitter] Elapsed validation time:0.31s
[Twitter] [Epoch=105] Train Loss=[QuantLoss=0.01208]Val loss = [QuantLoss=0.02134][QuantReg:0.39539]
[Twitter] Starting epoch 106...
[Twitter] Elapsed training time:4.55s
[Twitter] Starting validation...
[Twitter] Elapsed validation time:0.35s
[Twitter] [Epoch=106] Train Loss=[QuantLoss=0.01249]Val loss = [QuantLoss=0.02542][QuantReg:0.39613]
[Twitter] Starting epoch 107...
[Twitter] Elapsed training time:4.65s
[Twitter] Starting validation...
[Twitter] Elapsed validation time:0.32s
[Twitter] [Epoch=107] Train Loss=[QuantLoss=0.01203]Val loss = [QuantLoss=0.01986][QuantReg:0.39545]
[Twitter] Starting epoch 108...
[Twitter] Elapsed training time:4.82s
[Twitter] Starting validation...
[Twitter] Elapsed validation time:0.33s
[Twitter] [Epoch=108] Train Loss=[QuantLoss=0.01269]Val loss = [QuantLoss=0.02440][QuantReg:0.40011]
[Twitter] Starting epoch 109...
[Twitter] Elapsed training time:4.65s
[Twitter] Starting validation...
[Twitter] Elapsed validation time:0.30s
[Twitter] [Epoch=109] Train Loss=[QuantLoss=0.01188]Val loss = [QuantLoss=0.02495][QuantReg:0.39830]
[Twitter] Starting epoch 110...
[Twitter] Elapsed training time:4.82s
[Twitter] Starting validation...
[Twitter] Elapsed validation time:0.32s
[Twitter] [Epoch=110] Train Loss=[QuantLoss=0.01244]Val loss = [QuantLoss=0.02028][QuantReg:0.39860]
[Twitter] Starting epoch 111...
[Twitter] Elapsed training time:4.62s
[Twitter] Starting validation...
[Twitter] Elapsed validation time:0.32s
[Twitter] [Epoch=111] Train Loss=[QuantLoss=0.01195]Val loss = [QuantLoss=0.03093][QuantReg:0.39645]
[Twitter] Starting epoch 112...
[Twitter] Elapsed training time:4.48s
[Twitter] Starting validation...
[Twitter] Elapsed validation time:0.32s
[Twitter] [Epoch=112] Train Loss=[QuantLoss=0.01269]Val loss = [QuantLoss=0.02389][QuantReg:0.39447]
[Twitter] Starting epoch 113...
[Twitter] Elapsed training time:4.85s
[Twitter] Starting validation...
[Twitter] Elapsed validation time:0.32s
[Twitter] [Epoch=113] Train Loss=[QuantLoss=0.01211]Val loss = [QuantLoss=0.02910][QuantReg:0.39539]
[Twitter] Starting epoch 114...
[Twitter] Elapsed training time:4.77s
[Twitter] Starting validation...
[Twitter] Elapsed validation time:0.31s
[Twitter] [Epoch=114] Train Loss=[QuantLoss=0.01232]Val loss = [QuantLoss=0.02280][QuantReg:0.39171]
[Twitter] Starting epoch 115...
[Twitter] Elapsed training time:4.67s
[Twitter] Starting validation...
[Twitter] Elapsed validation time:0.31s
[Twitter] [Epoch=115] Train Loss=[QuantLoss=0.01214]Val loss = [QuantLoss=0.03157][QuantReg:0.39006]
[Twitter] Starting epoch 116...
[Twitter] Elapsed training time:4.70s
[Twitter] Starting validation...
[Twitter] Elapsed validation time:0.31s
[Twitter] [Epoch=116] Train Loss=[QuantLoss=0.01256]Val loss = [QuantLoss=0.02823][QuantReg:0.39149]
[Twitter] Starting epoch 117...
[Twitter] Elapsed training time:4.56s
[Twitter] Starting validation...
[Twitter] Elapsed validation time:0.30s
[Twitter] [Epoch=117] Train Loss=[QuantLoss=0.01232]Val loss = [QuantLoss=0.02125][QuantReg:0.39459]
[Twitter] Starting epoch 118...
[Twitter] Elapsed training time:4.37s
[Twitter] Starting validation...
[Twitter] Elapsed validation time:0.36s
[Twitter] [Epoch=118] Train Loss=[QuantLoss=0.01213]Val loss = [QuantLoss=0.01501][QuantReg:0.39382]
[Twitter] Starting epoch 119...
[Twitter] Elapsed training time:4.59s
[Twitter] Starting validation...
[Twitter] Elapsed validation time:0.31s
[Twitter] [Epoch=119] Train Loss=[QuantLoss=0.01218]Val loss = [QuantLoss=0.02016][QuantReg:0.39286]
[Twitter] Starting epoch 120...
[Twitter] Elapsed training time:3.15s
[Twitter] Starting validation...
[Twitter] Elapsed validation time:0.29s
[Twitter] [Epoch=120] Train Loss=[QuantLoss=0.01213]Val loss = [QuantLoss=0.01700][QuantReg:0.39388]
[Twitter] Starting epoch 121...
[Twitter] Elapsed training time:4.54s
[Twitter] Starting validation...
[Twitter] Elapsed validation time:0.30s
[Twitter] [Epoch=121] Train Loss=[QuantLoss=0.01153]Val loss = [QuantLoss=0.01720][QuantReg:0.39316]
[Twitter] Starting epoch 122...
[Twitter] Elapsed training time:4.45s
[Twitter] Starting validation...
[Twitter] Elapsed validation time:0.31s
[Twitter] [Epoch=122] Train Loss=[QuantLoss=0.01110]Val loss = [QuantLoss=0.01867][QuantReg:0.39360]
[Twitter] Starting epoch 123...
[Twitter] Elapsed training time:4.50s
[Twitter] Starting validation...
[Twitter] Elapsed validation time:0.30s
[Twitter] [Epoch=123] Train Loss=[QuantLoss=0.01211]Val loss = [QuantLoss=0.01585][QuantReg:0.39487]
[Twitter] Starting epoch 124...
[Twitter] Elapsed training time:4.45s
[Twitter] Starting validation...
[Twitter] Elapsed validation time:0.34s
[Twitter] [Epoch=124] Train Loss=[QuantLoss=0.01162]Val loss = [QuantLoss=0.01393][QuantReg:0.39289]
[Twitter] Starting epoch 125...
[Twitter] Elapsed training time:4.25s
[Twitter] Starting validation...
[Twitter] Elapsed validation time:0.35s
[Twitter] [Epoch=125] Train Loss=[QuantLoss=0.01084]Val loss = [QuantLoss=0.02137][QuantReg:0.39268]
[Twitter] Starting epoch 126...
[Twitter] Elapsed training time:4.27s
[Twitter] Starting validation...
[Twitter] Elapsed validation time:0.34s
[Twitter] [Epoch=126] Train Loss=[QuantLoss=0.01233]Val loss = [QuantLoss=0.02704][QuantReg:0.39146]
[Twitter] Starting epoch 127...
[Twitter] Elapsed training time:4.34s
[Twitter] Starting validation...
[Twitter] Elapsed validation time:0.34s
[Twitter] [Epoch=127] Train Loss=[QuantLoss=0.01179]Val loss = [QuantLoss=0.01890][QuantReg:0.39216]
[Twitter] Starting epoch 128...
[Twitter] Elapsed training time:4.22s
[Twitter] Starting validation...
[Twitter] Elapsed validation time:0.34s
[Twitter] [Epoch=128] Train Loss=[QuantLoss=0.01214]Val loss = [QuantLoss=0.01969][QuantReg:0.39328]
[Twitter] Starting epoch 129...
[Twitter] Elapsed training time:4.31s
[Twitter] Starting validation...
[Twitter] Elapsed validation time:0.36s
[Twitter] [Epoch=129] Train Loss=[QuantLoss=0.01155]Val loss = [QuantLoss=0.01829][QuantReg:0.39484]
[Twitter] Starting epoch 130...
[Twitter] Elapsed training time:4.23s
[Twitter] Starting validation...
[Twitter] Elapsed validation time:0.35s
[Twitter] [Epoch=130] Train Loss=[QuantLoss=0.01158]Val loss = [QuantLoss=0.02042][QuantReg:0.39414]
[Twitter] Starting epoch 131...
[Twitter] Elapsed training time:4.40s
[Twitter] Starting validation...
[Twitter] Elapsed validation time:0.35s
[Twitter] [Epoch=131] Train Loss=[QuantLoss=0.01088]Val loss = [QuantLoss=0.01706][QuantReg:0.39514]
[Twitter] Starting epoch 132...
[Twitter] Elapsed training time:4.28s
[Twitter] Starting validation...
[Twitter] Elapsed validation time:0.38s
[Twitter] [Epoch=132] Train Loss=[QuantLoss=0.01124]Val loss = [QuantLoss=0.01572][QuantReg:0.39727]
[Twitter] Starting epoch 133...
[Twitter] Elapsed training time:4.31s
[Twitter] Starting validation...
[Twitter] Elapsed validation time:0.39s
[Twitter] [Epoch=133] Train Loss=[QuantLoss=0.01184]Val loss = [QuantLoss=0.01440][QuantReg:0.39578]
[Twitter] Starting epoch 134...
[Twitter] Elapsed training time:4.42s
[Twitter] Starting validation...
[Twitter] Elapsed validation time:0.35s
[Twitter] [Epoch=134] Train Loss=[QuantLoss=0.01149]Val loss = [QuantLoss=0.01347][QuantReg:0.39479]
[Twitter] Starting epoch 135...
[Twitter] Elapsed training time:4.51s
[Twitter] Starting validation...
[Twitter] Elapsed validation time:0.24s
[Twitter] [Epoch=135] Train Loss=[QuantLoss=0.01113]Val loss = [QuantLoss=0.02030][QuantReg:0.39523]
[Twitter] Starting epoch 136...
[Twitter] Elapsed training time:4.40s
[Twitter] Starting validation...
[Twitter] Elapsed validation time:0.25s
[Twitter] [Epoch=136] Train Loss=[QuantLoss=0.01184]Val loss = [QuantLoss=0.01423][QuantReg:0.39477]
[Twitter] Starting epoch 137...
[Twitter] Elapsed training time:4.28s
[Twitter] Starting validation...
[Twitter] Elapsed validation time:0.24s
[Twitter] [Epoch=137] Train Loss=[QuantLoss=0.01227]Val loss = [QuantLoss=0.01593][QuantReg:0.39333]
[Twitter] Starting epoch 138...
[Twitter] Elapsed training time:4.58s
[Twitter] Starting validation...
[Twitter] Elapsed validation time:0.23s
[Twitter] [Epoch=138] Train Loss=[QuantLoss=0.01177]Val loss = [QuantLoss=0.01105][QuantReg:0.39293]
[Twitter] Early stopping in epoch 138!
[Twitter] Restoring best model...
MAE médio por bag: 0.0349 ± 0.0198
Salvo em resultados_sanders/resultados_twitter_bert_5.csv
Dataset: /home/nildaimon/gmnet/experiments/train_curl/Datasets/Sanders/twitter-sanders-apple3.csv
Dificuldade: metric=kl, mode=hardest, top_k=None
Rodada: 5
Salvar resultados em: resultados_sanders
Dispositivo de treino: cpu
Carregando e processando dataset Twitter
Carregando embeddings do cache...
/home/nildaimon/gmnet/experiments/train_curl/train_sanders.py:89: FutureWarning: You are using `torch.load` with `weights_only=False` (the current default value), which uses the default pickle module implicitly. It is possible to construct malicious pickle data which will execute arbitrary code during unpickling (See https://github.com/pytorch/pytorch/blob/main/SECURITY.md#untrusted-models for more details). In a future release, the default value for `weights_only` will be flipped to `True`. This limits the functions that could be executed during unpickling. Arbitrary objects will no longer be allowed to be loaded via this mode unless they are explicitly allowlisted by the user via `torch.serialization.add_safe_globals`. We recommend you start setting `weights_only=True` for any use case where you don't have full control of the loaded file. Please open an issue on GitHub for any issues related to this experimental feature.
  embeddings = torch.load(EMBEDDING_CACHE)
/home/nildaimon/gmnet/experiments/train_curl/train_sanders.py:90: FutureWarning: You are using `torch.load` with `weights_only=False` (the current default value), which uses the default pickle module implicitly. It is possible to construct malicious pickle data which will execute arbitrary code during unpickling (See https://github.com/pytorch/pytorch/blob/main/SECURITY.md#untrusted-models for more details). In a future release, the default value for `weights_only` will be flipped to `True`. This limits the functions that could be executed during unpickling. Arbitrary objects will no longer be allowed to be loaded via this mode unless they are explicitly allowlisted by the user via `torch.serialization.add_safe_globals`. We recommend you start setting `weights_only=True` for any use case where you don't have full control of the loaded file. Please open an issue on GitHub for any issues related to this experimental feature.
  labels = torch.load(LABELS_CACHE)
Ignoring val_split as train and val datasets where given to fit function
We have two datasets: training 1092 examples. validation 100 examples.]
Using device cpu
/home/nildaimon/anaconda3/envs/gmnet/lib/python3.12/site-packages/torch/optim/lr_scheduler.py:62: UserWarning: The verbose parameter is deprecated. Please use get_last_lr() to access the learning rate.
  warnings.warn(
/home/nildaimon/gmnet/dlquantification/main.py:835: FutureWarning: `torch.cuda.amp.GradScaler(args...)` is deprecated. Please use `torch.amp.GradScaler('cuda', args...)` instead.
  scaler = torch.cuda.amp.GradScaler(enabled=self.use_fp16)
[Twitter] Starting epoch 0...
/home/nildaimon/gmnet/dlquantification/main.py:888: FutureWarning: `torch.cuda.amp.autocast(args...)` is deprecated. Please use `torch.amp.autocast('cuda', args...)` instead.
  with torch.cuda.amp.autocast(enabled=self.use_fp16):
[Twitter] Elapsed training time:4.35s
[Twitter] Starting validation...
[Twitter] Elapsed validation time:0.25s
[Twitter] [Epoch=000] Train Loss=[QuantLoss=0.09043]Val loss = [QuantLoss=0.10776][QuantReg:0.62704][saved best model in this epoch]
[Twitter] Starting epoch 1...
[Twitter] Elapsed training time:4.53s
[Twitter] Starting validation...
[Twitter] Elapsed validation time:0.26s
[Twitter] [Epoch=001] Train Loss=[QuantLoss=0.09297]Val loss = [QuantLoss=0.10000][QuantReg:0.59796][saved best model in this epoch]
[Twitter] Starting epoch 2...
[Twitter] Elapsed training time:4.49s
[Twitter] Starting validation...
[Twitter] Elapsed validation time:0.24s
[Twitter] [Epoch=002] Train Loss=[QuantLoss=0.08923]Val loss = [QuantLoss=0.15983][QuantReg:0.55630]
[Twitter] Starting epoch 3...
[Twitter] Elapsed training time:4.49s
[Twitter] Starting validation...
[Twitter] Elapsed validation time:0.24s
[Twitter] [Epoch=003] Train Loss=[QuantLoss=0.08793]Val loss = [QuantLoss=0.10064][QuantReg:0.53230]
[Twitter] Starting epoch 4...
[Twitter] Elapsed training time:4.67s
[Twitter] Starting validation...
[Twitter] Elapsed validation time:0.23s
[Twitter] [Epoch=004] Train Loss=[QuantLoss=0.08057]Val loss = [QuantLoss=0.09223][QuantReg:0.56825][saved best model in this epoch]
[Twitter] Starting epoch 5...
[Twitter] Elapsed training time:4.50s
[Twitter] Starting validation...
[Twitter] Elapsed validation time:0.25s
[Twitter] [Epoch=005] Train Loss=[QuantLoss=0.07367]Val loss = [QuantLoss=0.05875][QuantReg:0.56922][saved best model in this epoch]
[Twitter] Starting epoch 6...
[Twitter] Elapsed training time:4.38s
[Twitter] Starting validation...
[Twitter] Elapsed validation time:0.23s
[Twitter] [Epoch=006] Train Loss=[QuantLoss=0.07230]Val loss = [QuantLoss=0.01689][QuantReg:0.56349][saved best model in this epoch]
[Twitter] Starting epoch 7...
[Twitter] Elapsed training time:4.51s
[Twitter] Starting validation...
[Twitter] Elapsed validation time:0.23s
[Twitter] [Epoch=007] Train Loss=[QuantLoss=0.07203]Val loss = [QuantLoss=0.07273][QuantReg:0.57879]
[Twitter] Starting epoch 8...
[Twitter] Elapsed training time:4.37s
[Twitter] Starting validation...
[Twitter] Elapsed validation time:0.23s
[Twitter] [Epoch=008] Train Loss=[QuantLoss=0.06602]Val loss = [QuantLoss=0.18080][QuantReg:0.56043]
[Twitter] Starting epoch 9...
[Twitter] Elapsed training time:4.29s
[Twitter] Starting validation...
[Twitter] Elapsed validation time:0.23s
[Twitter] [Epoch=009] Train Loss=[QuantLoss=0.06583]Val loss = [QuantLoss=0.08748][QuantReg:0.55824]
[Twitter] Starting epoch 10...
[Twitter] Elapsed training time:4.22s
[Twitter] Starting validation...
[Twitter] Elapsed validation time:0.25s
[Twitter] [Epoch=010] Train Loss=[QuantLoss=0.06860]Val loss = [QuantLoss=0.10148][QuantReg:0.57106]
[Twitter] Starting epoch 11...
[Twitter] Elapsed training time:4.58s
[Twitter] Starting validation...
[Twitter] Elapsed validation time:0.20s
[Twitter] [Epoch=011] Train Loss=[QuantLoss=0.07122]Val loss = [QuantLoss=0.10541][QuantReg:0.56069]
[Twitter] Starting epoch 12...
[Twitter] Elapsed training time:4.35s
[Twitter] Starting validation...
[Twitter] Elapsed validation time:0.19s
[Twitter] [Epoch=012] Train Loss=[QuantLoss=0.06829]Val loss = [QuantLoss=0.07750][QuantReg:0.56398]
[Twitter] Starting epoch 13...
[Twitter] Elapsed training time:4.71s
[Twitter] Starting validation...
[Twitter] Elapsed validation time:0.25s
[Twitter] [Epoch=013] Train Loss=[QuantLoss=0.06715]Val loss = [QuantLoss=0.12011][QuantReg:0.55691]
[Twitter] Starting epoch 14...
[Twitter] Elapsed training time:4.87s
[Twitter] Starting validation...
[Twitter] Elapsed validation time:0.24s
[Twitter] [Epoch=014] Train Loss=[QuantLoss=0.06731]Val loss = [QuantLoss=0.14860][QuantReg:0.55695]
[Twitter] Starting epoch 15...
[Twitter] Elapsed training time:5.17s
[Twitter] Starting validation...
[Twitter] Elapsed validation time:0.21s
[Twitter] [Epoch=015] Train Loss=[QuantLoss=0.06686]Val loss = [QuantLoss=0.17981][QuantReg:0.52943]
[Twitter] Starting epoch 16...
[Twitter] Elapsed training time:5.15s
[Twitter] Starting validation...
[Twitter] Elapsed validation time:0.23s
[Twitter] [Epoch=016] Train Loss=[QuantLoss=0.06875]Val loss = [QuantLoss=0.26999][QuantReg:0.50960]
[Twitter] Starting epoch 17...
[Twitter] Elapsed training time:4.89s
[Twitter] Starting validation...
[Twitter] Elapsed validation time:0.22s
[Twitter] [Epoch=017] Train Loss=[QuantLoss=0.06645]Val loss = [QuantLoss=0.17810][QuantReg:0.53109]
[Twitter] Starting epoch 18...
[Twitter] Elapsed training time:4.64s
[Twitter] Starting validation...
[Twitter] Elapsed validation time:0.23s
[Twitter] [Epoch=018] Train Loss=[QuantLoss=0.06205]Val loss = [QuantLoss=0.01655][QuantReg:0.53262][saved best model in this epoch]
[Twitter] Starting epoch 19...
[Twitter] Elapsed training time:4.43s
[Twitter] Starting validation...
[Twitter] Elapsed validation time:0.27s
[Twitter] [Epoch=019] Train Loss=[QuantLoss=0.06189]Val loss = [QuantLoss=0.02450][QuantReg:0.52488]
[Twitter] Starting epoch 20...
[Twitter] Elapsed training time:4.31s
[Twitter] Starting validation...
[Twitter] Elapsed validation time:0.24s
[Twitter] [Epoch=020] Train Loss=[QuantLoss=0.05780]Val loss = [QuantLoss=0.09745][QuantReg:0.54203]
[Twitter] Starting epoch 21...
[Twitter] Elapsed training time:4.31s
[Twitter] Starting validation...
[Twitter] Elapsed validation time:0.23s
[Twitter] [Epoch=021] Train Loss=[QuantLoss=0.05866]Val loss = [QuantLoss=0.02254][QuantReg:0.53122]
[Twitter] Starting epoch 22...
[Twitter] Elapsed training time:4.22s
[Twitter] Starting validation...
[Twitter] Elapsed validation time:0.24s
[Twitter] [Epoch=022] Train Loss=[QuantLoss=0.05658]Val loss = [QuantLoss=0.08049][QuantReg:0.51757]
[Twitter] Starting epoch 23...
[Twitter] Elapsed training time:4.28s
[Twitter] Starting validation...
[Twitter] Elapsed validation time:0.24s
[Twitter] [Epoch=023] Train Loss=[QuantLoss=0.05936]Val loss = [QuantLoss=0.03734][QuantReg:0.52610]
[Twitter] Starting epoch 24...
[Twitter] Elapsed training time:4.27s
[Twitter] Starting validation...
[Twitter] Elapsed validation time:0.24s
[Twitter] [Epoch=024] Train Loss=[QuantLoss=0.06463]Val loss = [QuantLoss=0.04819][QuantReg:0.53788]
[Twitter] Starting epoch 25...
[Twitter] Elapsed training time:4.41s
[Twitter] Starting validation...
[Twitter] Elapsed validation time:0.24s
[Twitter] [Epoch=025] Train Loss=[QuantLoss=0.05409]Val loss = [QuantLoss=0.32295][QuantReg:0.54774]
[Twitter] Starting epoch 26...
[Twitter] Elapsed training time:4.42s
[Twitter] Starting validation...
[Twitter] Elapsed validation time:0.25s
[Twitter] [Epoch=026] Train Loss=[QuantLoss=0.06011]Val loss = [QuantLoss=0.04654][QuantReg:0.54215]
[Twitter] Starting epoch 27...
[Twitter] Elapsed training time:4.46s
[Twitter] Starting validation...
[Twitter] Elapsed validation time:0.35s
[Twitter] [Epoch=027] Train Loss=[QuantLoss=0.05736]Val loss = [QuantLoss=0.45254][QuantReg:0.55771]
[Twitter] Starting epoch 28...
[Twitter] Elapsed training time:4.29s
[Twitter] Starting validation...
[Twitter] Elapsed validation time:0.37s
[Twitter] [Epoch=028] Train Loss=[QuantLoss=0.05658]Val loss = [QuantLoss=0.33384][QuantReg:0.55568]
[Twitter] Starting epoch 29...
[Twitter] Elapsed training time:4.31s
[Twitter] Starting validation...
[Twitter] Elapsed validation time:0.35s
[Twitter] [Epoch=029] Train Loss=[QuantLoss=0.06620]Val loss = [QuantLoss=0.06683][QuantReg:0.53542]
[Twitter] Starting epoch 30...
[Twitter] Elapsed training time:4.36s
[Twitter] Starting validation...
[Twitter] Elapsed validation time:0.38s
[Twitter] [Epoch=030] Train Loss=[QuantLoss=0.05680]Val loss = [QuantLoss=0.25034][QuantReg:0.54099]
[Twitter] Starting epoch 31...
[Twitter] Elapsed training time:4.54s
[Twitter] Starting validation...
[Twitter] Elapsed validation time:0.36s
[Twitter] [Epoch=031] Train Loss=[QuantLoss=0.06326]Val loss = [QuantLoss=0.10324][QuantReg:0.55649]
[Twitter] Starting epoch 32...
[Twitter] Elapsed training time:4.36s
[Twitter] Starting validation...
[Twitter] Elapsed validation time:0.37s
[Twitter] [Epoch=032] Train Loss=[QuantLoss=0.06295]Val loss = [QuantLoss=0.03448][QuantReg:0.55483]
[Twitter] Starting epoch 33...
[Twitter] Elapsed training time:4.32s
[Twitter] Starting validation...
[Twitter] Elapsed validation time:0.36s
[Twitter] [Epoch=033] Train Loss=[QuantLoss=0.05916]Val loss = [QuantLoss=0.03836][QuantReg:0.54944]
[Twitter] Starting epoch 34...
[Twitter] Elapsed training time:4.55s
[Twitter] Starting validation...
[Twitter] Elapsed validation time:0.37s
[Twitter] [Epoch=034] Train Loss=[QuantLoss=0.06182]Val loss = [QuantLoss=0.03142][QuantReg:0.55606]
[Twitter] Starting epoch 35...
[Twitter] Elapsed training time:4.40s
[Twitter] Starting validation...
[Twitter] Elapsed validation time:0.34s
[Twitter] [Epoch=035] Train Loss=[QuantLoss=0.05933]Val loss = [QuantLoss=0.04337][QuantReg:0.54286]
[Twitter] Starting epoch 36...
[Twitter] Elapsed training time:4.44s
[Twitter] Starting validation...
[Twitter] Elapsed validation time:0.37s
[Twitter] [Epoch=036] Train Loss=[QuantLoss=0.06632]Val loss = [QuantLoss=0.14366][QuantReg:0.55070]
[Twitter] Starting epoch 37...
[Twitter] Elapsed training time:4.36s
[Twitter] Starting validation...
[Twitter] Elapsed validation time:0.37s
[Twitter] [Epoch=037] Train Loss=[QuantLoss=0.05877]Val loss = [QuantLoss=0.04038][QuantReg:0.54192]
[Twitter] Starting epoch 38...
[Twitter] Elapsed training time:4.39s
[Twitter] Starting validation...
[Twitter] Elapsed validation time:0.36s
[Twitter] [Epoch=038] Train Loss=[QuantLoss=0.06533]Val loss = [QuantLoss=0.04398][QuantReg:0.54449]
[Twitter] Starting epoch 39...
[Twitter] Elapsed training time:4.37s
[Twitter] Starting validation...
[Twitter] Elapsed validation time:0.35s
[Twitter] [Epoch=039] Train Loss=[QuantLoss=0.05402]Val loss = [QuantLoss=0.14476][QuantReg:0.53566]
[Twitter] Starting epoch 40...
[Twitter] Elapsed training time:4.39s
[Twitter] Starting validation...
[Twitter] Elapsed validation time:0.35s
[Twitter] [Epoch=040] Train Loss=[QuantLoss=0.06854]Val loss = [QuantLoss=0.12721][QuantReg:0.53457]
[Twitter] Starting epoch 41...
[Twitter] Elapsed training time:4.36s
[Twitter] Starting validation...
[Twitter] Elapsed validation time:0.36s
[Twitter] [Epoch=041] Train Loss=[QuantLoss=0.06155]Val loss = [QuantLoss=0.13204][QuantReg:0.53092]
[Twitter] Starting epoch 42...
[Twitter] Elapsed training time:4.48s
[Twitter] Starting validation...
[Twitter] Elapsed validation time:0.36s
[Twitter] [Epoch=042] Train Loss=[QuantLoss=0.06173]Val loss = [QuantLoss=0.11882][QuantReg:0.53018]
[Twitter] Starting epoch 43...
[Twitter] Elapsed training time:4.45s
[Twitter] Starting validation...
[Twitter] Elapsed validation time:0.35s
[Twitter] [Epoch=043] Train Loss=[QuantLoss=0.05809]Val loss = [QuantLoss=0.09641][QuantReg:0.52793]
[Twitter] Starting epoch 44...
[Twitter] Elapsed training time:4.48s
[Twitter] Starting validation...
[Twitter] Elapsed validation time:0.35s
[Twitter] [Epoch=044] Train Loss=[QuantLoss=0.05268]Val loss = [QuantLoss=0.11189][QuantReg:0.52744]
[Twitter] Starting epoch 45...
[Twitter] Elapsed training time:4.67s
[Twitter] Starting validation...
[Twitter] Elapsed validation time:0.36s
[Twitter] [Epoch=045] Train Loss=[QuantLoss=0.05013]Val loss = [QuantLoss=0.09845][QuantReg:0.52552]
[Twitter] Starting epoch 46...
[Twitter] Elapsed training time:4.43s
[Twitter] Starting validation...
[Twitter] Elapsed validation time:0.34s
[Twitter] [Epoch=046] Train Loss=[QuantLoss=0.05173]Val loss = [QuantLoss=0.09551][QuantReg:0.52504]
[Twitter] Starting epoch 47...
[Twitter] Elapsed training time:4.39s
[Twitter] Starting validation...
[Twitter] Elapsed validation time:0.37s
[Twitter] [Epoch=047] Train Loss=[QuantLoss=0.05022]Val loss = [QuantLoss=0.13058][QuantReg:0.52512]
[Twitter] Starting epoch 48...
[Twitter] Elapsed training time:4.49s
[Twitter] Starting validation...
[Twitter] Elapsed validation time:0.33s
[Twitter] [Epoch=048] Train Loss=[QuantLoss=0.04850]Val loss = [QuantLoss=0.12897][QuantReg:0.52420]
[Twitter] Starting epoch 49...
[Twitter] Elapsed training time:4.70s
[Twitter] Starting validation...
[Twitter] Elapsed validation time:0.36s
[Twitter] [Epoch=049] Train Loss=[QuantLoss=0.04753]Val loss = [QuantLoss=0.15203][QuantReg:0.52523]
[Twitter] Starting epoch 50...
[Twitter] Elapsed training time:4.59s
[Twitter] Starting validation...
[Twitter] Elapsed validation time:0.35s
[Twitter] [Epoch=050] Train Loss=[QuantLoss=0.05309]Val loss = [QuantLoss=0.14979][QuantReg:0.52598]
[Twitter] Starting epoch 51...
[Twitter] Elapsed training time:4.53s
[Twitter] Starting validation...
[Twitter] Elapsed validation time:0.35s
[Twitter] [Epoch=051] Train Loss=[QuantLoss=0.04860]Val loss = [QuantLoss=0.11763][QuantReg:0.52576]
[Twitter] Starting epoch 52...
[Twitter] Elapsed training time:4.42s
[Twitter] Starting validation...
[Twitter] Elapsed validation time:0.34s
[Twitter] [Epoch=052] Train Loss=[QuantLoss=0.04717]Val loss = [QuantLoss=0.13487][QuantReg:0.52283]
[Twitter] Starting epoch 53...
[Twitter] Elapsed training time:4.78s
[Twitter] Starting validation...
[Twitter] Elapsed validation time:0.32s
[Twitter] [Epoch=053] Train Loss=[QuantLoss=0.04680]Val loss = [QuantLoss=0.17189][QuantReg:0.52452]
[Twitter] Starting epoch 54...
[Twitter] Elapsed training time:4.88s
[Twitter] Starting validation...
[Twitter] Elapsed validation time:0.35s
[Twitter] [Epoch=054] Train Loss=[QuantLoss=0.04840]Val loss = [QuantLoss=0.13254][QuantReg:0.52293]
[Twitter] Starting epoch 55...
[Twitter] Elapsed training time:4.71s
[Twitter] Starting validation...
[Twitter] Elapsed validation time:0.33s
[Twitter] [Epoch=055] Train Loss=[QuantLoss=0.04529]Val loss = [QuantLoss=0.28140][QuantReg:0.52128]
[Twitter] Starting epoch 56...
[Twitter] Elapsed training time:4.57s
[Twitter] Starting validation...
[Twitter] Elapsed validation time:0.31s
[Twitter] [Epoch=056] Train Loss=[QuantLoss=0.05006]Val loss = [QuantLoss=0.12608][QuantReg:0.52183]
[Twitter] Starting epoch 57...
[Twitter] Elapsed training time:4.63s
[Twitter] Starting validation...
[Twitter] Elapsed validation time:0.28s
[Twitter] [Epoch=057] Train Loss=[QuantLoss=0.04775]Val loss = [QuantLoss=0.10647][QuantReg:0.51682]
[Twitter] Starting epoch 58...
[Twitter] Elapsed training time:4.67s
[Twitter] Starting validation...
[Twitter] Elapsed validation time:0.30s
[Twitter] [Epoch=058] Train Loss=[QuantLoss=0.04616]Val loss = [QuantLoss=0.15799][QuantReg:0.52110]
[Twitter] Starting epoch 59...
[Twitter] Elapsed training time:4.36s
[Twitter] Starting validation...
[Twitter] Elapsed validation time:0.35s
[Twitter] [Epoch=059] Train Loss=[QuantLoss=0.04972]Val loss = [QuantLoss=0.13063][QuantReg:0.51427]
[Twitter] Starting epoch 60...
[Twitter] Elapsed training time:4.32s
[Twitter] Starting validation...
[Twitter] Elapsed validation time:0.35s
[Twitter] [Epoch=060] Train Loss=[QuantLoss=0.04815]Val loss = [QuantLoss=0.13078][QuantReg:0.51319]
[Twitter] Starting epoch 61...
[Twitter] Elapsed training time:4.17s
[Twitter] Starting validation...
[Twitter] Elapsed validation time:0.34s
[Twitter] [Epoch=061] Train Loss=[QuantLoss=0.04681]Val loss = [QuantLoss=0.14678][QuantReg:0.51188]
[Twitter] Starting epoch 62...
[Twitter] Elapsed training time:4.26s
[Twitter] Starting validation...
[Twitter] Elapsed validation time:0.34s
[Twitter] [Epoch=062] Train Loss=[QuantLoss=0.04633]Val loss = [QuantLoss=0.12885][QuantReg:0.51204]
[Twitter] Starting epoch 63...
[Twitter] Elapsed training time:4.37s
[Twitter] Starting validation...
[Twitter] Elapsed validation time:0.24s
[Twitter] [Epoch=063] Train Loss=[QuantLoss=0.04399]Val loss = [QuantLoss=0.12858][QuantReg:0.50907]
[Twitter] Starting epoch 64...
[Twitter] Elapsed training time:4.30s
[Twitter] Starting validation...
[Twitter] Elapsed validation time:0.23s
[Twitter] [Epoch=064] Train Loss=[QuantLoss=0.04239]Val loss = [QuantLoss=0.13748][QuantReg:0.50411]
[Twitter] Starting epoch 65...
[Twitter] Elapsed training time:4.24s
[Twitter] Starting validation...
[Twitter] Elapsed validation time:0.25s
[Twitter] [Epoch=065] Train Loss=[QuantLoss=0.04173]Val loss = [QuantLoss=0.11633][QuantReg:0.50704]
[Twitter] Starting epoch 66...
[Twitter] Elapsed training time:4.27s
[Twitter] Starting validation...
[Twitter] Elapsed validation time:0.24s
[Twitter] [Epoch=066] Train Loss=[QuantLoss=0.04242]Val loss = [QuantLoss=0.12816][QuantReg:0.50313]
[Twitter] Starting epoch 67...
[Twitter] Elapsed training time:4.33s
[Twitter] Starting validation...
[Twitter] Elapsed validation time:0.23s
[Twitter] [Epoch=067] Train Loss=[QuantLoss=0.04120]Val loss = [QuantLoss=0.16915][QuantReg:0.50436]
[Twitter] Starting epoch 68...
[Twitter] Elapsed training time:4.46s
[Twitter] Starting validation...
[Twitter] Elapsed validation time:0.24s
[Twitter] [Epoch=068] Train Loss=[QuantLoss=0.04141]Val loss = [QuantLoss=0.17515][QuantReg:0.50293]
[Twitter] Starting epoch 69...
[Twitter] Elapsed training time:4.32s
[Twitter] Starting validation...
[Twitter] Elapsed validation time:0.24s
[Twitter] [Epoch=069] Train Loss=[QuantLoss=0.04139]Val loss = [QuantLoss=0.17136][QuantReg:0.50416]
[Twitter] Starting epoch 70...
[Twitter] Elapsed training time:4.35s
[Twitter] Starting validation...
[Twitter] Elapsed validation time:0.23s
[Twitter] [Epoch=070] Train Loss=[QuantLoss=0.04168]Val loss = [QuantLoss=0.21701][QuantReg:0.50197]
[Twitter] Starting epoch 71...
[Twitter] Elapsed training time:4.54s
[Twitter] Starting validation...
[Twitter] Elapsed validation time:0.27s
[Twitter] [Epoch=071] Train Loss=[QuantLoss=0.04194]Val loss = [QuantLoss=0.20071][QuantReg:0.50091]
[Twitter] Starting epoch 72...
[Twitter] Elapsed training time:4.40s
[Twitter] Starting validation...
[Twitter] Elapsed validation time:0.27s
[Twitter] [Epoch=072] Train Loss=[QuantLoss=0.04116]Val loss = [QuantLoss=0.18248][QuantReg:0.50267]
[Twitter] Starting epoch 73...
[Twitter] Elapsed training time:4.44s
[Twitter] Starting validation...
[Twitter] Elapsed validation time:0.25s
[Twitter] [Epoch=073] Train Loss=[QuantLoss=0.04349]Val loss = [QuantLoss=0.17397][QuantReg:0.50116]
[Twitter] Starting epoch 74...
[Twitter] Elapsed training time:4.37s
[Twitter] Starting validation...
[Twitter] Elapsed validation time:0.24s
[Twitter] [Epoch=074] Train Loss=[QuantLoss=0.04119]Val loss = [QuantLoss=0.32698][QuantReg:0.50056]
[Twitter] Starting epoch 75...
[Twitter] Elapsed training time:4.40s
[Twitter] Starting validation...
[Twitter] Elapsed validation time:0.25s
[Twitter] [Epoch=075] Train Loss=[QuantLoss=0.04257]Val loss = [QuantLoss=0.26190][QuantReg:0.49878]
[Twitter] Starting epoch 76...
[Twitter] Elapsed training time:4.39s
[Twitter] Starting validation...
[Twitter] Elapsed validation time:0.28s
[Twitter] [Epoch=076] Train Loss=[QuantLoss=0.04143]Val loss = [QuantLoss=0.45205][QuantReg:0.50208]
[Twitter] Starting epoch 77...
[Twitter] Elapsed training time:4.38s
[Twitter] Starting validation...
[Twitter] Elapsed validation time:0.24s
[Twitter] [Epoch=077] Train Loss=[QuantLoss=0.04111]Val loss = [QuantLoss=0.18820][QuantReg:0.49821]
[Twitter] Starting epoch 78...
[Twitter] Elapsed training time:4.62s
[Twitter] Starting validation...
[Twitter] Elapsed validation time:0.25s
[Twitter] [Epoch=078] Train Loss=[QuantLoss=0.04015]Val loss = [QuantLoss=0.13304][QuantReg:0.49756]
[Twitter] Starting epoch 79...
[Twitter] Elapsed training time:4.38s
[Twitter] Starting validation...
[Twitter] Elapsed validation time:0.24s
[Twitter] [Epoch=079] Train Loss=[QuantLoss=0.04110]Val loss = [QuantLoss=0.13347][QuantReg:0.49652]
[Twitter] Starting epoch 80...
[Twitter] Elapsed training time:4.32s
[Twitter] Starting validation...
[Twitter] Elapsed validation time:0.26s
[Twitter] [Epoch=080] Train Loss=[QuantLoss=0.04219]Val loss = [QuantLoss=0.25727][QuantReg:0.49955]
[Twitter] Starting epoch 81...
[Twitter] Elapsed training time:4.42s
[Twitter] Starting validation...
[Twitter] Elapsed validation time:0.25s
[Twitter] [Epoch=081] Train Loss=[QuantLoss=0.04022]Val loss = [QuantLoss=0.11628][QuantReg:0.49919]
[Twitter] Starting epoch 82...
[Twitter] Elapsed training time:4.42s
[Twitter] Starting validation...
[Twitter] Elapsed validation time:0.22s
[Twitter] [Epoch=082] Train Loss=[QuantLoss=0.03795]Val loss = [QuantLoss=0.12182][QuantReg:0.49610]
[Twitter] Starting epoch 83...
[Twitter] Elapsed training time:4.55s
[Twitter] Starting validation...
[Twitter] Elapsed validation time:0.21s
[Twitter] [Epoch=083] Train Loss=[QuantLoss=0.03967]Val loss = [QuantLoss=0.12744][QuantReg:0.49570]
[Twitter] Starting epoch 84...
[Twitter] Elapsed training time:4.53s
[Twitter] Starting validation...
[Twitter] Elapsed validation time:0.19s
[Twitter] [Epoch=084] Train Loss=[QuantLoss=0.03916]Val loss = [QuantLoss=0.13409][QuantReg:0.49775]
[Twitter] Starting epoch 85...
[Twitter] Elapsed training time:4.79s
[Twitter] Starting validation...
[Twitter] Elapsed validation time:0.20s
[Twitter] [Epoch=085] Train Loss=[QuantLoss=0.03893]Val loss = [QuantLoss=0.10736][QuantReg:0.49790]
[Twitter] Starting epoch 86...
[Twitter] Elapsed training time:4.86s
[Twitter] Starting validation...
[Twitter] Elapsed validation time:0.22s
[Twitter] [Epoch=086] Train Loss=[QuantLoss=0.03904]Val loss = [QuantLoss=0.11807][QuantReg:0.49975]
[Twitter] Starting epoch 87...
[Twitter] Elapsed training time:4.86s
[Twitter] Starting validation...
[Twitter] Elapsed validation time:0.21s
[Twitter] [Epoch=087] Train Loss=[QuantLoss=0.03850]Val loss = [QuantLoss=0.10943][QuantReg:0.50271]
[Twitter] Starting epoch 88...
[Twitter] Elapsed training time:5.19s
[Twitter] Starting validation...
[Twitter] Elapsed validation time:0.22s
[Twitter] [Epoch=088] Train Loss=[QuantLoss=0.03917]Val loss = [QuantLoss=0.11593][QuantReg:0.49987]
[Twitter] Starting epoch 89...
[Twitter] Elapsed training time:4.92s
[Twitter] Starting validation...
[Twitter] Elapsed validation time:0.23s
[Twitter] [Epoch=089] Train Loss=[QuantLoss=0.04001]Val loss = [QuantLoss=0.13887][QuantReg:0.50300]
[Twitter] Starting epoch 90...
[Twitter] Elapsed training time:5.03s
[Twitter] Starting validation...
[Twitter] Elapsed validation time:0.26s
[Twitter] [Epoch=090] Train Loss=[QuantLoss=0.03713]Val loss = [QuantLoss=0.22165][QuantReg:0.50420]
[Twitter] Starting epoch 91...
[Twitter] Elapsed training time:4.79s
[Twitter] Starting validation...
[Twitter] Elapsed validation time:0.22s
[Twitter] [Epoch=091] Train Loss=[QuantLoss=0.03890]Val loss = [QuantLoss=0.21806][QuantReg:0.50384]
[Twitter] Starting epoch 92...
[Twitter] Elapsed training time:5.21s
[Twitter] Starting validation...
[Twitter] Elapsed validation time:0.24s
[Twitter] [Epoch=092] Train Loss=[QuantLoss=0.03799]Val loss = [QuantLoss=0.13088][QuantReg:0.50400]
[Twitter] Starting epoch 93...
[Twitter] Elapsed training time:5.12s
[Twitter] Starting validation...
[Twitter] Elapsed validation time:0.24s
[Twitter] [Epoch=093] Train Loss=[QuantLoss=0.03872]Val loss = [QuantLoss=0.13446][QuantReg:0.50079]
[Twitter] Starting epoch 94...
[Twitter] Elapsed training time:4.87s
[Twitter] Starting validation...
[Twitter] Elapsed validation time:0.22s
[Twitter] [Epoch=094] Train Loss=[QuantLoss=0.03805]Val loss = [QuantLoss=0.13934][QuantReg:0.50196]
[Twitter] Starting epoch 95...
[Twitter] Elapsed training time:4.51s
[Twitter] Starting validation...
[Twitter] Elapsed validation time:0.24s
[Twitter] [Epoch=095] Train Loss=[QuantLoss=0.03734]Val loss = [QuantLoss=0.11071][QuantReg:0.50330]
[Twitter] Starting epoch 96...
[Twitter] Elapsed training time:4.39s
[Twitter] Starting validation...
[Twitter] Elapsed validation time:0.25s
[Twitter] [Epoch=096] Train Loss=[QuantLoss=0.03871]Val loss = [QuantLoss=0.11903][QuantReg:0.50178]
[Twitter] Starting epoch 97...
[Twitter] Elapsed training time:4.30s
[Twitter] Starting validation...
[Twitter] Elapsed validation time:0.24s
[Twitter] [Epoch=097] Train Loss=[QuantLoss=0.03777]Val loss = [QuantLoss=0.10437][QuantReg:0.50208]
[Twitter] Starting epoch 98...
[Twitter] Elapsed training time:4.25s
[Twitter] Starting validation...
[Twitter] Elapsed validation time:0.25s
[Twitter] [Epoch=098] Train Loss=[QuantLoss=0.03973]Val loss = [QuantLoss=0.10695][QuantReg:0.50249]
[Twitter] Starting epoch 99...
[Twitter] Elapsed training time:4.29s
[Twitter] Starting validation...
[Twitter] Elapsed validation time:0.33s
[Twitter] [Epoch=099] Train Loss=[QuantLoss=0.03869]Val loss = [QuantLoss=0.11097][QuantReg:0.50128]
[Twitter] Starting epoch 100...
[Twitter] Elapsed training time:4.28s
[Twitter] Starting validation...
[Twitter] Elapsed validation time:0.25s
[Twitter] [Epoch=100] Train Loss=[QuantLoss=0.03724]Val loss = [QuantLoss=0.09946][QuantReg:0.50223]
[Twitter] Starting epoch 101...
[Twitter] Elapsed training time:4.28s
[Twitter] Starting validation...
[Twitter] Elapsed validation time:0.35s
[Twitter] [Epoch=101] Train Loss=[QuantLoss=0.03674]Val loss = [QuantLoss=0.09450][QuantReg:0.49883]
[Twitter] Starting epoch 102...
[Twitter] Elapsed training time:4.27s
[Twitter] Starting validation...
[Twitter] Elapsed validation time:0.23s
[Twitter] [Epoch=102] Train Loss=[QuantLoss=0.03651]Val loss = [QuantLoss=0.10463][QuantReg:0.50138]
[Twitter] Starting epoch 103...
[Twitter] Elapsed training time:4.22s
[Twitter] Starting validation...
[Twitter] Elapsed validation time:0.36s
[Twitter] [Epoch=103] Train Loss=[QuantLoss=0.03718]Val loss = [QuantLoss=0.09459][QuantReg:0.50156]
[Twitter] Starting epoch 104...
[Twitter] Elapsed training time:4.36s
[Twitter] Starting validation...
[Twitter] Elapsed validation time:0.36s
[Twitter] [Epoch=104] Train Loss=[QuantLoss=0.03623]Val loss = [QuantLoss=0.09934][QuantReg:0.50254]
[Twitter] Starting epoch 105...
[Twitter] Elapsed training time:4.45s
[Twitter] Starting validation...
[Twitter] Elapsed validation time:0.35s
[Twitter] [Epoch=105] Train Loss=[QuantLoss=0.03666]Val loss = [QuantLoss=0.09535][QuantReg:0.50131]
[Twitter] Starting epoch 106...
[Twitter] Elapsed training time:4.52s
[Twitter] Starting validation...
[Twitter] Elapsed validation time:0.35s
[Twitter] [Epoch=106] Train Loss=[QuantLoss=0.03751]Val loss = [QuantLoss=0.10457][QuantReg:0.50138]
[Twitter] Starting epoch 107...
[Twitter] Elapsed training time:4.34s
[Twitter] Starting validation...
[Twitter] Elapsed validation time:0.36s
[Twitter] [Epoch=107] Train Loss=[QuantLoss=0.03546]Val loss = [QuantLoss=0.10387][QuantReg:0.50127]
[Twitter] Starting epoch 108...
[Twitter] Elapsed training time:4.43s
[Twitter] Starting validation...
[Twitter] Elapsed validation time:0.37s
[Twitter] [Epoch=108] Train Loss=[QuantLoss=0.03684]Val loss = [QuantLoss=0.10800][QuantReg:0.50148]
[Twitter] Starting epoch 109...
[Twitter] Elapsed training time:4.40s
[Twitter] Starting validation...
[Twitter] Elapsed validation time:0.35s
[Twitter] [Epoch=109] Train Loss=[QuantLoss=0.03686]Val loss = [QuantLoss=0.10294][QuantReg:0.50183]
[Twitter] Starting epoch 110...
[Twitter] Elapsed training time:4.40s
[Twitter] Starting validation...
[Twitter] Elapsed validation time:0.37s
[Twitter] [Epoch=110] Train Loss=[QuantLoss=0.03658]Val loss = [QuantLoss=0.10703][QuantReg:0.50236]
[Twitter] Starting epoch 111...
[Twitter] Elapsed training time:4.58s
[Twitter] Starting validation...
[Twitter] Elapsed validation time:0.36s
[Twitter] [Epoch=111] Train Loss=[QuantLoss=0.03605]Val loss = [QuantLoss=0.08701][QuantReg:0.50119]
[Twitter] Starting epoch 112...
[Twitter] Elapsed training time:4.28s
[Twitter] Starting validation...
[Twitter] Elapsed validation time:0.36s
[Twitter] [Epoch=112] Train Loss=[QuantLoss=0.03725]Val loss = [QuantLoss=0.11026][QuantReg:0.49998]
[Twitter] Starting epoch 113...
[Twitter] Elapsed training time:4.36s
[Twitter] Starting validation...
[Twitter] Elapsed validation time:0.38s
[Twitter] [Epoch=113] Train Loss=[QuantLoss=0.03711]Val loss = [QuantLoss=0.12747][QuantReg:0.50078]
[Twitter] Starting epoch 114...
[Twitter] Elapsed training time:4.24s
[Twitter] Starting validation...
[Twitter] Elapsed validation time:0.35s
[Twitter] [Epoch=114] Train Loss=[QuantLoss=0.03718]Val loss = [QuantLoss=0.14342][QuantReg:0.49969]
[Twitter] Starting epoch 115...
[Twitter] Elapsed training time:4.38s
[Twitter] Starting validation...
[Twitter] Elapsed validation time:0.36s
[Twitter] [Epoch=115] Train Loss=[QuantLoss=0.03635]Val loss = [QuantLoss=0.13559][QuantReg:0.49938]
[Twitter] Starting epoch 116...
[Twitter] Elapsed training time:4.49s
[Twitter] Starting validation...
[Twitter] Elapsed validation time:0.35s
[Twitter] [Epoch=116] Train Loss=[QuantLoss=0.03524]Val loss = [QuantLoss=0.09853][QuantReg:0.49993]
[Twitter] Starting epoch 117...
[Twitter] Elapsed training time:4.50s
[Twitter] Starting validation...
[Twitter] Elapsed validation time:0.36s
[Twitter] [Epoch=117] Train Loss=[QuantLoss=0.03482]Val loss = [QuantLoss=0.09560][QuantReg:0.50183]
[Twitter] Starting epoch 118...
[Twitter] Elapsed training time:4.34s
[Twitter] Starting validation...
[Twitter] Elapsed validation time:0.35s
[Twitter] [Epoch=118] Train Loss=[QuantLoss=0.03587]Val loss = [QuantLoss=0.10380][QuantReg:0.50075]
[Twitter] Starting epoch 119...
[Twitter] Elapsed training time:4.40s
[Twitter] Starting validation...
[Twitter] Elapsed validation time:0.34s
[Twitter] [Epoch=119] Train Loss=[QuantLoss=0.03651]Val loss = [QuantLoss=0.10011][QuantReg:0.50206]
[Twitter] Starting epoch 120...
[Twitter] Elapsed training time:4.40s
[Twitter] Starting validation...
[Twitter] Elapsed validation time:0.35s
[Twitter] [Epoch=120] Train Loss=[QuantLoss=0.03564]Val loss = [QuantLoss=0.12132][QuantReg:0.50193]
[Twitter] Starting epoch 121...
[Twitter] Elapsed training time:4.56s
[Twitter] Starting validation...
[Twitter] Elapsed validation time:0.36s
[Twitter] [Epoch=121] Train Loss=[QuantLoss=0.03482]Val loss = [QuantLoss=0.12734][QuantReg:0.50007]
[Twitter] Starting epoch 122...
[Twitter] Elapsed training time:4.60s
[Twitter] Starting validation...
[Twitter] Elapsed validation time:0.36s
[Twitter] [Epoch=122] Train Loss=[QuantLoss=0.03549]Val loss = [QuantLoss=0.10630][QuantReg:0.50171]
[Twitter] Starting epoch 123...
[Twitter] Elapsed training time:4.55s
[Twitter] Starting validation...
[Twitter] Elapsed validation time:0.38s
[Twitter] [Epoch=123] Train Loss=[QuantLoss=0.03637]Val loss = [QuantLoss=0.11540][QuantReg:0.50578]
[Twitter] Starting epoch 124...
[Twitter] Elapsed training time:4.40s
[Twitter] Starting validation...
[Twitter] Elapsed validation time:0.35s
[Twitter] [Epoch=124] Train Loss=[QuantLoss=0.03586]Val loss = [QuantLoss=0.10174][QuantReg:0.50319]
[Twitter] Starting epoch 125...
[Twitter] Elapsed training time:4.45s
[Twitter] Starting validation...
[Twitter] Elapsed validation time:0.36s
[Twitter] [Epoch=125] Train Loss=[QuantLoss=0.03491]Val loss = [QuantLoss=0.10430][QuantReg:0.50271]
[Twitter] Starting epoch 126...
[Twitter] Elapsed training time:3.55s
[Twitter] Starting validation...
[Twitter] Elapsed validation time:0.29s
[Twitter] [Epoch=126] Train Loss=[QuantLoss=0.03462]Val loss = [QuantLoss=0.09944][QuantReg:0.50146]
[Twitter] Starting epoch 127...
[Twitter] Elapsed training time:4.36s
[Twitter] Starting validation...
[Twitter] Elapsed validation time:0.36s
[Twitter] [Epoch=127] Train Loss=[QuantLoss=0.03552]Val loss = [QuantLoss=0.09950][QuantReg:0.50128]
[Twitter] Starting epoch 128...
[Twitter] Elapsed training time:4.37s
[Twitter] Starting validation...
[Twitter] Elapsed validation time:0.37s
[Twitter] [Epoch=128] Train Loss=[QuantLoss=0.03506]Val loss = [QuantLoss=0.10676][QuantReg:0.50109]
[Twitter] Starting epoch 129...
[Twitter] Elapsed training time:4.52s
[Twitter] Starting validation...
[Twitter] Elapsed validation time:0.35s
[Twitter] [Epoch=129] Train Loss=[QuantLoss=0.03383]Val loss = [QuantLoss=0.11870][QuantReg:0.50170]
[Twitter] Starting epoch 130...
[Twitter] Elapsed training time:4.69s
[Twitter] Starting validation...
[Twitter] Elapsed validation time:0.33s
[Twitter] [Epoch=130] Train Loss=[QuantLoss=0.03458]Val loss = [QuantLoss=0.11398][QuantReg:0.50227]
[Twitter] Starting epoch 131...
[Twitter] Elapsed training time:4.69s
[Twitter] Starting validation...
[Twitter] Elapsed validation time:0.31s
[Twitter] [Epoch=131] Train Loss=[QuantLoss=0.03503]Val loss = [QuantLoss=0.10923][QuantReg:0.50090]
[Twitter] Starting epoch 132...
[Twitter] Elapsed training time:4.91s
[Twitter] Starting validation...
[Twitter] Elapsed validation time:0.35s
[Twitter] [Epoch=132] Train Loss=[QuantLoss=0.03369]Val loss = [QuantLoss=0.12992][QuantReg:0.50149]
[Twitter] Starting epoch 133...
[Twitter] Elapsed training time:5.00s
[Twitter] Starting validation...
[Twitter] Elapsed validation time:0.30s
[Twitter] [Epoch=133] Train Loss=[QuantLoss=0.03548]Val loss = [QuantLoss=0.12037][QuantReg:0.50173]
[Twitter] Starting epoch 134...
[Twitter] Elapsed training time:4.52s
[Twitter] Starting validation...
[Twitter] Elapsed validation time:0.31s
[Twitter] [Epoch=134] Train Loss=[QuantLoss=0.03429]Val loss = [QuantLoss=0.12117][QuantReg:0.50080]
[Twitter] Starting epoch 135...
[Twitter] Elapsed training time:4.49s
[Twitter] Starting validation...
[Twitter] Elapsed validation time:0.30s
[Twitter] [Epoch=135] Train Loss=[QuantLoss=0.03492]Val loss = [QuantLoss=0.12109][QuantReg:0.49970]
[Twitter] Starting epoch 136...
[Twitter] Elapsed training time:4.35s
[Twitter] Starting validation...
[Twitter] Elapsed validation time:0.32s
[Twitter] [Epoch=136] Train Loss=[QuantLoss=0.03484]Val loss = [QuantLoss=0.11221][QuantReg:0.49979]
[Twitter] Starting epoch 137...
[Twitter] Elapsed training time:4.30s
[Twitter] Starting validation...
[Twitter] Elapsed validation time:0.23s
[Twitter] [Epoch=137] Train Loss=[QuantLoss=0.03494]Val loss = [QuantLoss=0.11579][QuantReg:0.49792]
[Twitter] Starting epoch 138...
[Twitter] Elapsed training time:4.29s
[Twitter] Starting validation...
[Twitter] Elapsed validation time:0.21s
[Twitter] [Epoch=138] Train Loss=[QuantLoss=0.03498]Val loss = [QuantLoss=0.10889][QuantReg:0.49934]
[Twitter] Starting epoch 139...
[Twitter] Elapsed training time:4.52s
[Twitter] Starting validation...
[Twitter] Elapsed validation time:0.20s
[Twitter] [Epoch=139] Train Loss=[QuantLoss=0.03441]Val loss = [QuantLoss=0.10810][QuantReg:0.49954]
[Twitter] Starting epoch 140...
[Twitter] Elapsed training time:4.59s
[Twitter] Starting validation...
[Twitter] Elapsed validation time:0.19s
[Twitter] [Epoch=140] Train Loss=[QuantLoss=0.03414]Val loss = [QuantLoss=0.12068][QuantReg:0.49957]
[Twitter] Starting epoch 141...
[Twitter] Elapsed training time:4.58s
[Twitter] Starting validation...
[Twitter] Elapsed validation time:0.19s
[Twitter] [Epoch=141] Train Loss=[QuantLoss=0.03468]Val loss = [QuantLoss=0.12239][QuantReg:0.49869]
[Twitter] Starting epoch 142...
[Twitter] Elapsed training time:4.31s
[Twitter] Starting validation...
[Twitter] Elapsed validation time:0.21s
[Twitter] [Epoch=142] Train Loss=[QuantLoss=0.03483]Val loss = [QuantLoss=0.12536][QuantReg:0.49916]
[Twitter] Starting epoch 143...
[Twitter] Elapsed training time:4.51s
[Twitter] Starting validation...
[Twitter] Elapsed validation time:0.22s
[Twitter] [Epoch=143] Train Loss=[QuantLoss=0.03414]Val loss = [QuantLoss=0.11908][QuantReg:0.49738]
[Twitter] Starting epoch 144...
[Twitter] Elapsed training time:4.59s
[Twitter] Starting validation...
[Twitter] Elapsed validation time:0.22s
[Twitter] [Epoch=144] Train Loss=[QuantLoss=0.03577]Val loss = [QuantLoss=0.13062][QuantReg:0.49899]
[Twitter] Early stopping in epoch 144!
[Twitter] Restoring best model...
MAE médio por bag: 0.1548 ± 0.1137
Salvo em resultados_sanders/resultados_twitter_bert_kl_hardest_5.csv
Dataset: /home/nildaimon/gmnet/experiments/train_curl/Datasets/Sanders/twitter-sanders-apple3.csv
Dificuldade: metric=kl, mode=easiest, top_k=None
Rodada: 5
Salvar resultados em: resultados_sanders
Dispositivo de treino: cpu
Carregando e processando dataset Twitter
/home/nildaimon/gmnet/experiments/train_curl/train_sanders.py:89: FutureWarning: You are using `torch.load` with `weights_only=False` (the current default value), which uses the default pickle module implicitly. It is possible to construct malicious pickle data which will execute arbitrary code during unpickling (See https://github.com/pytorch/pytorch/blob/main/SECURITY.md#untrusted-models for more details). In a future release, the default value for `weights_only` will be flipped to `True`. This limits the functions that could be executed during unpickling. Arbitrary objects will no longer be allowed to be loaded via this mode unless they are explicitly allowlisted by the user via `torch.serialization.add_safe_globals`. We recommend you start setting `weights_only=True` for any use case where you don't have full control of the loaded file. Please open an issue on GitHub for any issues related to this experimental feature.
  embeddings = torch.load(EMBEDDING_CACHE)
Carregando embeddings do cache...
/home/nildaimon/gmnet/experiments/train_curl/train_sanders.py:90: FutureWarning: You are using `torch.load` with `weights_only=False` (the current default value), which uses the default pickle module implicitly. It is possible to construct malicious pickle data which will execute arbitrary code during unpickling (See https://github.com/pytorch/pytorch/blob/main/SECURITY.md#untrusted-models for more details). In a future release, the default value for `weights_only` will be flipped to `True`. This limits the functions that could be executed during unpickling. Arbitrary objects will no longer be allowed to be loaded via this mode unless they are explicitly allowlisted by the user via `torch.serialization.add_safe_globals`. We recommend you start setting `weights_only=True` for any use case where you don't have full control of the loaded file. Please open an issue on GitHub for any issues related to this experimental feature.
  labels = torch.load(LABELS_CACHE)
Ignoring val_split as train and val datasets where given to fit function
We have two datasets: training 1092 examples. validation 100 examples.]
Using device cpu
/home/nildaimon/anaconda3/envs/gmnet/lib/python3.12/site-packages/torch/optim/lr_scheduler.py:62: UserWarning: The verbose parameter is deprecated. Please use get_last_lr() to access the learning rate.
  warnings.warn(
/home/nildaimon/gmnet/dlquantification/main.py:835: FutureWarning: `torch.cuda.amp.GradScaler(args...)` is deprecated. Please use `torch.amp.GradScaler('cuda', args...)` instead.
  scaler = torch.cuda.amp.GradScaler(enabled=self.use_fp16)
[Twitter] Starting epoch 0...
/home/nildaimon/gmnet/dlquantification/main.py:888: FutureWarning: `torch.cuda.amp.autocast(args...)` is deprecated. Please use `torch.amp.autocast('cuda', args...)` instead.
  with torch.cuda.amp.autocast(enabled=self.use_fp16):
[Twitter] Elapsed training time:4.70s
[Twitter] Starting validation...
[Twitter] Elapsed validation time:0.24s
[Twitter] [Epoch=000] Train Loss=[QuantLoss=0.08508]Val loss = [QuantLoss=0.04216][QuantReg:0.50565][saved best model in this epoch]
[Twitter] Starting epoch 1...
[Twitter] Elapsed training time:4.66s
[Twitter] Starting validation...
[Twitter] Elapsed validation time:0.25s
[Twitter] [Epoch=001] Train Loss=[QuantLoss=0.09166]Val loss = [QuantLoss=0.11713][QuantReg:0.46812]
[Twitter] Starting epoch 2...
[Twitter] Elapsed training time:5.02s
[Twitter] Starting validation...
[Twitter] Elapsed validation time:0.23s
[Twitter] [Epoch=002] Train Loss=[QuantLoss=0.09542]Val loss = [QuantLoss=0.03015][QuantReg:0.45653][saved best model in this epoch]
[Twitter] Starting epoch 3...
[Twitter] Elapsed training time:4.86s
[Twitter] Starting validation...
[Twitter] Elapsed validation time:0.22s
[Twitter] [Epoch=003] Train Loss=[QuantLoss=0.07516]Val loss = [QuantLoss=0.04021][QuantReg:0.48609]
[Twitter] Starting epoch 4...
[Twitter] Elapsed training time:4.91s
[Twitter] Starting validation...
[Twitter] Elapsed validation time:0.23s
[Twitter] [Epoch=004] Train Loss=[QuantLoss=0.07170]Val loss = [QuantLoss=0.02633][QuantReg:0.46812][saved best model in this epoch]
[Twitter] Starting epoch 5...
[Twitter] Elapsed training time:4.74s
[Twitter] Starting validation...
[Twitter] Elapsed validation time:0.23s
[Twitter] [Epoch=005] Train Loss=[QuantLoss=0.06306]Val loss = [QuantLoss=0.08765][QuantReg:0.43758]
[Twitter] Starting epoch 6...
[Twitter] Elapsed training time:4.95s
[Twitter] Starting validation...
[Twitter] Elapsed validation time:0.21s
[Twitter] [Epoch=006] Train Loss=[QuantLoss=0.06879]Val loss = [QuantLoss=0.12653][QuantReg:0.44452]
[Twitter] Starting epoch 7...
[Twitter] Elapsed training time:4.83s
[Twitter] Starting validation...
[Twitter] Elapsed validation time:0.20s
[Twitter] [Epoch=007] Train Loss=[QuantLoss=0.06280]Val loss = [QuantLoss=0.09373][QuantReg:0.45888]
[Twitter] Starting epoch 8...
[Twitter] Elapsed training time:4.80s
[Twitter] Starting validation...
[Twitter] Elapsed validation time:0.23s
[Twitter] [Epoch=008] Train Loss=[QuantLoss=0.06273]Val loss = [QuantLoss=0.10530][QuantReg:0.44377]
[Twitter] Starting epoch 9...
[Twitter] Elapsed training time:4.64s
[Twitter] Starting validation...
[Twitter] Elapsed validation time:0.19s
[Twitter] [Epoch=009] Train Loss=[QuantLoss=0.06750]Val loss = [QuantLoss=0.11037][QuantReg:0.44422]
[Twitter] Starting epoch 10...
[Twitter] Elapsed training time:4.62s
[Twitter] Starting validation...
[Twitter] Elapsed validation time:0.24s
[Twitter] [Epoch=010] Train Loss=[QuantLoss=0.05832]Val loss = [QuantLoss=0.13728][QuantReg:0.41763]
[Twitter] Starting epoch 11...
[Twitter] Elapsed training time:4.56s
[Twitter] Starting validation...
[Twitter] Elapsed validation time:0.25s
[Twitter] [Epoch=011] Train Loss=[QuantLoss=0.06806]Val loss = [QuantLoss=0.10985][QuantReg:0.40607]
[Twitter] Starting epoch 12...
[Twitter] Elapsed training time:4.40s
[Twitter] Starting validation...
[Twitter] Elapsed validation time:0.25s
[Twitter] [Epoch=012] Train Loss=[QuantLoss=0.06614]Val loss = [QuantLoss=0.10690][QuantReg:0.41258]
[Twitter] Starting epoch 13...
[Twitter] Elapsed training time:4.43s
[Twitter] Starting validation...
[Twitter] Elapsed validation time:0.23s
[Twitter] [Epoch=013] Train Loss=[QuantLoss=0.06974]Val loss = [QuantLoss=0.12748][QuantReg:0.41667]
[Twitter] Starting epoch 14...
[Twitter] Elapsed training time:4.33s
[Twitter] Starting validation...
[Twitter] Elapsed validation time:0.24s
[Twitter] [Epoch=014] Train Loss=[QuantLoss=0.06487]Val loss = [QuantLoss=0.10112][QuantReg:0.40529]
[Twitter] Starting epoch 15...
[Twitter] Elapsed training time:4.27s
[Twitter] Starting validation...
[Twitter] Elapsed validation time:0.24s
[Twitter] [Epoch=015] Train Loss=[QuantLoss=0.06771]Val loss = [QuantLoss=0.11823][QuantReg:0.40430]
[Twitter] Starting epoch 16...
[Twitter] Elapsed training time:4.36s
[Twitter] Starting validation...
[Twitter] Elapsed validation time:0.25s
[Twitter] [Epoch=016] Train Loss=[QuantLoss=0.07338]Val loss = [QuantLoss=0.13843][QuantReg:0.41704]
[Twitter] Starting epoch 17...
[Twitter] Elapsed training time:4.29s
[Twitter] Starting validation...
[Twitter] Elapsed validation time:0.23s
[Twitter] [Epoch=017] Train Loss=[QuantLoss=0.06518]Val loss = [QuantLoss=0.15896][QuantReg:0.40206]
[Twitter] Starting epoch 18...
[Twitter] Elapsed training time:4.23s
[Twitter] Starting validation...
[Twitter] Elapsed validation time:0.24s
[Twitter] [Epoch=018] Train Loss=[QuantLoss=0.06781]Val loss = [QuantLoss=0.06625][QuantReg:0.40100]
[Twitter] Starting epoch 19...
[Twitter] Elapsed training time:4.25s
[Twitter] Starting validation...
[Twitter] Elapsed validation time:0.26s
[Twitter] [Epoch=019] Train Loss=[QuantLoss=0.05885]Val loss = [QuantLoss=0.14275][QuantReg:0.39245]
[Twitter] Starting epoch 20...
[Twitter] Elapsed training time:4.31s
[Twitter] Starting validation...
[Twitter] Elapsed validation time:0.23s
[Twitter] [Epoch=020] Train Loss=[QuantLoss=0.06345]Val loss = [QuantLoss=0.07380][QuantReg:0.40200]
[Twitter] Starting epoch 21...
[Twitter] Elapsed training time:4.24s
[Twitter] Starting validation...
[Twitter] Elapsed validation time:0.24s
[Twitter] [Epoch=021] Train Loss=[QuantLoss=0.06105]Val loss = [QuantLoss=0.09811][QuantReg:0.39533]
[Twitter] Starting epoch 22...
[Twitter] Elapsed training time:4.24s
[Twitter] Starting validation...
[Twitter] Elapsed validation time:0.25s
[Twitter] [Epoch=022] Train Loss=[QuantLoss=0.05638]Val loss = [QuantLoss=0.09385][QuantReg:0.38480]
[Twitter] Starting epoch 23...
[Twitter] Elapsed training time:4.39s
[Twitter] Starting validation...
[Twitter] Elapsed validation time:0.22s
[Twitter] [Epoch=023] Train Loss=[QuantLoss=0.06417]Val loss = [QuantLoss=0.08547][QuantReg:0.38874]
[Twitter] Starting epoch 24...
[Twitter] Elapsed training time:4.26s
[Twitter] Starting validation...
[Twitter] Elapsed validation time:0.23s
[Twitter] [Epoch=024] Train Loss=[QuantLoss=0.07110]Val loss = [QuantLoss=0.11148][QuantReg:0.38800]
[Twitter] Starting epoch 25...
[Twitter] Elapsed training time:4.35s
[Twitter] Starting validation...
[Twitter] Elapsed validation time:0.39s
[Twitter] [Epoch=025] Train Loss=[QuantLoss=0.05888]Val loss = [QuantLoss=0.11231][QuantReg:0.38626]
[Twitter] Starting epoch 26...
[Twitter] Elapsed training time:4.37s
[Twitter] Starting validation...
[Twitter] Elapsed validation time:0.25s
[Twitter] [Epoch=026] Train Loss=[QuantLoss=0.05642]Val loss = [QuantLoss=0.05851][QuantReg:0.38138]
[Twitter] Starting epoch 27...
[Twitter] Elapsed training time:4.34s
[Twitter] Starting validation...
[Twitter] Elapsed validation time:0.37s
[Twitter] [Epoch=027] Train Loss=[QuantLoss=0.05631]Val loss = [QuantLoss=0.07684][QuantReg:0.38037]
[Twitter] Starting epoch 28...
[Twitter] Elapsed training time:4.30s
[Twitter] Starting validation...
[Twitter] Elapsed validation time:0.34s
[Twitter] [Epoch=028] Train Loss=[QuantLoss=0.05286]Val loss = [QuantLoss=0.08736][QuantReg:0.39300]
[Twitter] Starting epoch 29...
[Twitter] Elapsed training time:4.44s
[Twitter] Starting validation...
[Twitter] Elapsed validation time:0.37s
[Twitter] [Epoch=029] Train Loss=[QuantLoss=0.05417]Val loss = [QuantLoss=0.12512][QuantReg:0.39671]
[Twitter] Starting epoch 30...
[Twitter] Elapsed training time:4.34s
[Twitter] Starting validation...
[Twitter] Elapsed validation time:0.35s
[Twitter] [Epoch=030] Train Loss=[QuantLoss=0.05234]Val loss = [QuantLoss=0.09686][QuantReg:0.38825]
[Twitter] Starting epoch 31...
[Twitter] Elapsed training time:4.45s
[Twitter] Starting validation...
[Twitter] Elapsed validation time:0.35s
[Twitter] [Epoch=031] Train Loss=[QuantLoss=0.04917]Val loss = [QuantLoss=0.12835][QuantReg:0.38590]
[Twitter] Starting epoch 32...
[Twitter] Elapsed training time:4.33s
[Twitter] Starting validation...
[Twitter] Elapsed validation time:0.34s
[Twitter] [Epoch=032] Train Loss=[QuantLoss=0.04909]Val loss = [QuantLoss=0.09159][QuantReg:0.38809]
[Twitter] Starting epoch 33...
[Twitter] Elapsed training time:4.40s
[Twitter] Starting validation...
[Twitter] Elapsed validation time:0.34s
[Twitter] [Epoch=033] Train Loss=[QuantLoss=0.05031]Val loss = [QuantLoss=0.08189][QuantReg:0.39160]
[Twitter] Starting epoch 34...
[Twitter] Elapsed training time:4.49s
[Twitter] Starting validation...
[Twitter] Elapsed validation time:0.37s
[Twitter] [Epoch=034] Train Loss=[QuantLoss=0.05788]Val loss = [QuantLoss=0.06431][QuantReg:0.39498]
[Twitter] Starting epoch 35...
[Twitter] Elapsed training time:4.41s
[Twitter] Starting validation...
[Twitter] Elapsed validation time:0.35s
[Twitter] [Epoch=035] Train Loss=[QuantLoss=0.04848]Val loss = [QuantLoss=0.07127][QuantReg:0.39468]
[Twitter] Starting epoch 36...
[Twitter] Elapsed training time:4.41s
[Twitter] Starting validation...
[Twitter] Elapsed validation time:0.35s
[Twitter] [Epoch=036] Train Loss=[QuantLoss=0.05082]Val loss = [QuantLoss=0.03355][QuantReg:0.39347]
[Twitter] Starting epoch 37...
[Twitter] Elapsed training time:4.48s
[Twitter] Starting validation...
[Twitter] Elapsed validation time:0.37s
[Twitter] [Epoch=037] Train Loss=[QuantLoss=0.04531]Val loss = [QuantLoss=0.09934][QuantReg:0.39552]
[Twitter] Starting epoch 38...
[Twitter] Elapsed training time:4.35s
[Twitter] Starting validation...
[Twitter] Elapsed validation time:0.36s
[Twitter] [Epoch=038] Train Loss=[QuantLoss=0.05468]Val loss = [QuantLoss=0.12283][QuantReg:0.39622]
[Twitter] Starting epoch 39...
[Twitter] Elapsed training time:4.24s
[Twitter] Starting validation...
[Twitter] Elapsed validation time:0.36s
[Twitter] [Epoch=039] Train Loss=[QuantLoss=0.04975]Val loss = [QuantLoss=0.08134][QuantReg:0.39677]
[Twitter] Starting epoch 40...
[Twitter] Elapsed training time:4.42s
[Twitter] Starting validation...
[Twitter] Elapsed validation time:0.35s
[Twitter] [Epoch=040] Train Loss=[QuantLoss=0.04700]Val loss = [QuantLoss=0.07128][QuantReg:0.39997]
[Twitter] Starting epoch 41...
[Twitter] Elapsed training time:4.45s
[Twitter] Starting validation...
[Twitter] Elapsed validation time:0.36s
[Twitter] [Epoch=041] Train Loss=[QuantLoss=0.04611]Val loss = [QuantLoss=0.08345][QuantReg:0.39565]
[Twitter] Starting epoch 42...
[Twitter] Elapsed training time:4.30s
[Twitter] Starting validation...
[Twitter] Elapsed validation time:0.34s
[Twitter] [Epoch=042] Train Loss=[QuantLoss=0.04460]Val loss = [QuantLoss=0.07159][QuantReg:0.38979]
[Twitter] Starting epoch 43...
[Twitter] Elapsed training time:4.34s
[Twitter] Starting validation...
[Twitter] Elapsed validation time:0.40s
[Twitter] [Epoch=043] Train Loss=[QuantLoss=0.04914]Val loss = [QuantLoss=0.12083][QuantReg:0.39389]
[Twitter] Starting epoch 44...
[Twitter] Elapsed training time:4.40s
[Twitter] Starting validation...
[Twitter] Elapsed validation time:0.35s
[Twitter] [Epoch=044] Train Loss=[QuantLoss=0.04691]Val loss = [QuantLoss=0.11794][QuantReg:0.39168]
[Twitter] Starting epoch 45...
[Twitter] Elapsed training time:4.34s
[Twitter] Starting validation...
[Twitter] Elapsed validation time:0.36s
[Twitter] [Epoch=045] Train Loss=[QuantLoss=0.05036]Val loss = [QuantLoss=0.11054][QuantReg:0.38996]
[Twitter] Starting epoch 46...
[Twitter] Elapsed training time:4.31s
[Twitter] Starting validation...
[Twitter] Elapsed validation time:0.36s
[Twitter] [Epoch=046] Train Loss=[QuantLoss=0.05045]Val loss = [QuantLoss=0.13345][QuantReg:0.39110]
[Twitter] Starting epoch 47...
[Twitter] Elapsed training time:4.35s
[Twitter] Starting validation...
[Twitter] Elapsed validation time:0.36s
[Twitter] [Epoch=047] Train Loss=[QuantLoss=0.05199]Val loss = [QuantLoss=0.05790][QuantReg:0.39121]
[Twitter] Starting epoch 48...
[Twitter] Elapsed training time:4.24s
[Twitter] Starting validation...
[Twitter] Elapsed validation time:0.38s
[Twitter] [Epoch=048] Train Loss=[QuantLoss=0.04677]Val loss = [QuantLoss=0.06633][QuantReg:0.39051]
[Twitter] Starting epoch 49...
[Twitter] Elapsed training time:4.37s
[Twitter] Starting validation...
[Twitter] Elapsed validation time:0.35s
[Twitter] [Epoch=049] Train Loss=[QuantLoss=0.04427]Val loss = [QuantLoss=0.06029][QuantReg:0.39065]
[Twitter] Starting epoch 50...
[Twitter] Elapsed training time:4.56s
[Twitter] Starting validation...
[Twitter] Elapsed validation time:0.36s
[Twitter] [Epoch=050] Train Loss=[QuantLoss=0.05198]Val loss = [QuantLoss=0.05314][QuantReg:0.38954]
[Twitter] Starting epoch 51...
[Twitter] Elapsed training time:4.50s
[Twitter] Starting validation...
[Twitter] Elapsed validation time:0.36s
[Twitter] [Epoch=051] Train Loss=[QuantLoss=0.04227]Val loss = [QuantLoss=0.05558][QuantReg:0.39117]
[Twitter] Starting epoch 52...
[Twitter] Elapsed training time:4.57s
[Twitter] Starting validation...
[Twitter] Elapsed validation time:0.36s
[Twitter] [Epoch=052] Train Loss=[QuantLoss=0.04394]Val loss = [QuantLoss=0.03432][QuantReg:0.39052]
[Twitter] Starting epoch 53...
[Twitter] Elapsed training time:4.30s
[Twitter] Starting validation...
[Twitter] Elapsed validation time:0.36s
[Twitter] [Epoch=053] Train Loss=[QuantLoss=0.04397]Val loss = [QuantLoss=0.05899][QuantReg:0.39047]
[Twitter] Starting epoch 54...
[Twitter] Elapsed training time:4.39s
[Twitter] Starting validation...
[Twitter] Elapsed validation time:0.38s
[Twitter] [Epoch=054] Train Loss=[QuantLoss=0.04481]Val loss = [QuantLoss=0.04647][QuantReg:0.39591]
[Twitter] Starting epoch 55...
[Twitter] Elapsed training time:4.51s
[Twitter] Starting validation...
[Twitter] Elapsed validation time:0.35s
[Twitter] [Epoch=055] Train Loss=[QuantLoss=0.04396]Val loss = [QuantLoss=0.05347][QuantReg:0.39952]
[Twitter] Starting epoch 56...
[Twitter] Elapsed training time:4.34s
[Twitter] Starting validation...
[Twitter] Elapsed validation time:0.35s
[Twitter] [Epoch=056] Train Loss=[QuantLoss=0.04104]Val loss = [QuantLoss=0.06657][QuantReg:0.39991]
[Twitter] Starting epoch 57...
[Twitter] Elapsed training time:4.43s
[Twitter] Starting validation...
[Twitter] Elapsed validation time:0.37s
[Twitter] [Epoch=057] Train Loss=[QuantLoss=0.04424]Val loss = [QuantLoss=0.08363][QuantReg:0.40028]
[Twitter] Starting epoch 58...
[Twitter] Elapsed training time:4.65s
[Twitter] Starting validation...
[Twitter] Elapsed validation time:0.37s
[Twitter] [Epoch=058] Train Loss=[QuantLoss=0.04193]Val loss = [QuantLoss=0.07417][QuantReg:0.39659]
[Twitter] Starting epoch 59...
[Twitter] Elapsed training time:4.54s
[Twitter] Starting validation...
[Twitter] Elapsed validation time:0.35s
[Twitter] [Epoch=059] Train Loss=[QuantLoss=0.04144]Val loss = [QuantLoss=0.07747][QuantReg:0.39810]
[Twitter] Starting epoch 60...
[Twitter] Elapsed training time:4.54s
[Twitter] Starting validation...
[Twitter] Elapsed validation time:0.35s
[Twitter] [Epoch=060] Train Loss=[QuantLoss=0.04059]Val loss = [QuantLoss=0.06375][QuantReg:0.40124]
[Twitter] Starting epoch 61...
[Twitter] Elapsed training time:4.41s
[Twitter] Starting validation...
[Twitter] Elapsed validation time:0.37s
[Twitter] [Epoch=061] Train Loss=[QuantLoss=0.04144]Val loss = [QuantLoss=0.02894][QuantReg:0.40090]
[Twitter] Starting epoch 62...
[Twitter] Elapsed training time:4.61s
[Twitter] Starting validation...
[Twitter] Elapsed validation time:0.35s
[Twitter] [Epoch=062] Train Loss=[QuantLoss=0.04171]Val loss = [QuantLoss=0.04181][QuantReg:0.40013]
[Twitter] Starting epoch 63...
[Twitter] Elapsed training time:4.49s
[Twitter] Starting validation...
[Twitter] Elapsed validation time:0.38s
[Twitter] [Epoch=063] Train Loss=[QuantLoss=0.04153]Val loss = [QuantLoss=0.07230][QuantReg:0.40027]
[Twitter] Starting epoch 64...
[Twitter] Elapsed training time:4.35s
[Twitter] Starting validation...
[Twitter] Elapsed validation time:0.37s
[Twitter] [Epoch=064] Train Loss=[QuantLoss=0.04000]Val loss = [QuantLoss=0.03331][QuantReg:0.39928]
[Twitter] Starting epoch 65...
[Twitter] Elapsed training time:4.48s
[Twitter] Starting validation...
[Twitter] Elapsed validation time:0.39s
[Twitter] [Epoch=065] Train Loss=[QuantLoss=0.03877]Val loss = [QuantLoss=0.09667][QuantReg:0.39920]
[Twitter] Starting epoch 66...
[Twitter] Elapsed training time:4.88s
[Twitter] Starting validation...
[Twitter] Elapsed validation time:0.26s
[Twitter] [Epoch=066] Train Loss=[QuantLoss=0.04103]Val loss = [QuantLoss=0.05721][QuantReg:0.39597]
[Twitter] Starting epoch 67...
[Twitter] Elapsed training time:4.55s
[Twitter] Starting validation...
[Twitter] Elapsed validation time:0.24s
[Twitter] [Epoch=067] Train Loss=[QuantLoss=0.04083]Val loss = [QuantLoss=0.09851][QuantReg:0.39328]
[Twitter] Starting epoch 68...
[Twitter] Elapsed training time:4.20s
[Twitter] Starting validation...
[Twitter] Elapsed validation time:0.24s
[Twitter] [Epoch=068] Train Loss=[QuantLoss=0.03911]Val loss = [QuantLoss=0.09118][QuantReg:0.39057]
[Twitter] Starting epoch 69...
[Twitter] Elapsed training time:4.24s
[Twitter] Starting validation...
[Twitter] Elapsed validation time:0.28s
[Twitter] [Epoch=069] Train Loss=[QuantLoss=0.03940]Val loss = [QuantLoss=0.10631][QuantReg:0.39050]
[Twitter] Starting epoch 70...
[Twitter] Elapsed training time:4.31s
[Twitter] Starting validation...
[Twitter] Elapsed validation time:0.26s
[Twitter] [Epoch=070] Train Loss=[QuantLoss=0.03801]Val loss = [QuantLoss=0.11289][QuantReg:0.39145]
[Twitter] Starting epoch 71...
[Twitter] Elapsed training time:4.33s
[Twitter] Starting validation...
[Twitter] Elapsed validation time:0.24s
[Twitter] [Epoch=071] Train Loss=[QuantLoss=0.03716]Val loss = [QuantLoss=0.09841][QuantReg:0.39331]
[Twitter] Starting epoch 72...
[Twitter] Elapsed training time:4.38s
[Twitter] Starting validation...
[Twitter] Elapsed validation time:0.23s
[Twitter] [Epoch=072] Train Loss=[QuantLoss=0.03940]Val loss = [QuantLoss=0.08174][QuantReg:0.39339]
[Twitter] Starting epoch 73...
[Twitter] Elapsed training time:4.38s
[Twitter] Starting validation...
[Twitter] Elapsed validation time:0.25s
[Twitter] [Epoch=073] Train Loss=[QuantLoss=0.04048]Val loss = [QuantLoss=0.08911][QuantReg:0.39407]
[Twitter] Starting epoch 74...
[Twitter] Elapsed training time:4.30s
[Twitter] Starting validation...
[Twitter] Elapsed validation time:0.24s
[Twitter] [Epoch=074] Train Loss=[QuantLoss=0.03882]Val loss = [QuantLoss=0.07775][QuantReg:0.39514]
[Twitter] Starting epoch 75...
[Twitter] Elapsed training time:4.35s
[Twitter] Starting validation...
[Twitter] Elapsed validation time:0.25s
[Twitter] [Epoch=075] Train Loss=[QuantLoss=0.03788]Val loss = [QuantLoss=0.07023][QuantReg:0.39585]
[Twitter] Starting epoch 76...
[Twitter] Elapsed training time:4.35s
[Twitter] Starting validation...
[Twitter] Elapsed validation time:0.23s
[Twitter] [Epoch=076] Train Loss=[QuantLoss=0.03760]Val loss = [QuantLoss=0.06564][QuantReg:0.39565]
[Twitter] Starting epoch 77...
[Twitter] Elapsed training time:4.32s
[Twitter] Starting validation...
[Twitter] Elapsed validation time:0.23s
[Twitter] [Epoch=077] Train Loss=[QuantLoss=0.04193]Val loss = [QuantLoss=0.08858][QuantReg:0.39339]
[Twitter] Starting epoch 78...
[Twitter] Elapsed training time:4.42s
[Twitter] Starting validation...
[Twitter] Elapsed validation time:0.26s
[Twitter] [Epoch=078] Train Loss=[QuantLoss=0.03686]Val loss = [QuantLoss=0.08738][QuantReg:0.39638]
[Twitter] Starting epoch 79...
[Twitter] Elapsed training time:4.26s
[Twitter] Starting validation...
[Twitter] Elapsed validation time:0.25s
[Twitter] [Epoch=079] Train Loss=[QuantLoss=0.03985]Val loss = [QuantLoss=0.08440][QuantReg:0.39442]
[Twitter] Starting epoch 80...
[Twitter] Elapsed training time:4.37s
[Twitter] Starting validation...
[Twitter] Elapsed validation time:0.23s
[Twitter] [Epoch=080] Train Loss=[QuantLoss=0.03714]Val loss = [QuantLoss=0.08525][QuantReg:0.39430]
[Twitter] Starting epoch 81...
[Twitter] Elapsed training time:4.33s
[Twitter] Starting validation...
[Twitter] Elapsed validation time:0.27s
[Twitter] [Epoch=081] Train Loss=[QuantLoss=0.03799]Val loss = [QuantLoss=0.08285][QuantReg:0.39450]
[Twitter] Starting epoch 82...
[Twitter] Elapsed training time:4.41s
[Twitter] Starting validation...
[Twitter] Elapsed validation time:0.27s
[Twitter] [Epoch=082] Train Loss=[QuantLoss=0.04417]Val loss = [QuantLoss=0.08298][QuantReg:0.39123]
[Twitter] Starting epoch 83...
[Twitter] Elapsed training time:4.37s
[Twitter] Starting validation...
[Twitter] Elapsed validation time:0.26s
[Twitter] [Epoch=083] Train Loss=[QuantLoss=0.03704]Val loss = [QuantLoss=0.09038][QuantReg:0.39027]
[Twitter] Starting epoch 84...
[Twitter] Elapsed training time:4.32s
[Twitter] Starting validation...
[Twitter] Elapsed validation time:0.25s
[Twitter] [Epoch=084] Train Loss=[QuantLoss=0.03913]Val loss = [QuantLoss=0.09712][QuantReg:0.39128]
[Twitter] Starting epoch 85...
[Twitter] Elapsed training time:4.43s
[Twitter] Starting validation...
[Twitter] Elapsed validation time:0.24s
[Twitter] [Epoch=085] Train Loss=[QuantLoss=0.03744]Val loss = [QuantLoss=0.07944][QuantReg:0.39087]
[Twitter] Starting epoch 86...
[Twitter] Elapsed training time:4.50s
[Twitter] Starting validation...
[Twitter] Elapsed validation time:0.24s
[Twitter] [Epoch=086] Train Loss=[QuantLoss=0.03553]Val loss = [QuantLoss=0.07924][QuantReg:0.39138]
[Twitter] Starting epoch 87...
[Twitter] Elapsed training time:4.29s
[Twitter] Starting validation...
[Twitter] Elapsed validation time:0.24s
[Twitter] [Epoch=087] Train Loss=[QuantLoss=0.03578]Val loss = [QuantLoss=0.06399][QuantReg:0.39268]
[Twitter] Starting epoch 88...
[Twitter] Elapsed training time:4.39s
[Twitter] Starting validation...
[Twitter] Elapsed validation time:0.24s
[Twitter] [Epoch=088] Train Loss=[QuantLoss=0.03651]Val loss = [QuantLoss=0.07684][QuantReg:0.39167]
[Twitter] Starting epoch 89...
[Twitter] Elapsed training time:4.38s
[Twitter] Starting validation...
[Twitter] Elapsed validation time:0.23s
[Twitter] [Epoch=089] Train Loss=[QuantLoss=0.03629]Val loss = [QuantLoss=0.05731][QuantReg:0.39260]
[Twitter] Starting epoch 90...
[Twitter] Elapsed training time:4.13s
[Twitter] Starting validation...
[Twitter] Elapsed validation time:0.24s
[Twitter] [Epoch=090] Train Loss=[QuantLoss=0.03306]Val loss = [QuantLoss=0.06568][QuantReg:0.39401]
[Twitter] Starting epoch 91...
[Twitter] Elapsed training time:4.16s
[Twitter] Starting validation...
[Twitter] Elapsed validation time:0.23s
[Twitter] [Epoch=091] Train Loss=[QuantLoss=0.03525]Val loss = [QuantLoss=0.05663][QuantReg:0.39553]
[Twitter] Starting epoch 92...
[Twitter] Elapsed training time:4.27s
[Twitter] Starting validation...
[Twitter] Elapsed validation time:0.23s
[Twitter] [Epoch=092] Train Loss=[QuantLoss=0.03593]Val loss = [QuantLoss=0.07087][QuantReg:0.39564]
[Twitter] Starting epoch 93...
[Twitter] Elapsed training time:4.23s
[Twitter] Starting validation...
[Twitter] Elapsed validation time:0.24s
[Twitter] [Epoch=093] Train Loss=[QuantLoss=0.03909]Val loss = [QuantLoss=0.05647][QuantReg:0.39494]
[Twitter] Starting epoch 94...
[Twitter] Elapsed training time:4.15s
[Twitter] Starting validation...
[Twitter] Elapsed validation time:0.23s
[Twitter] [Epoch=094] Train Loss=[QuantLoss=0.03553]Val loss = [QuantLoss=0.06989][QuantReg:0.39359]
[Twitter] Starting epoch 95...
[Twitter] Elapsed training time:4.20s
[Twitter] Starting validation...
[Twitter] Elapsed validation time:0.23s
[Twitter] [Epoch=095] Train Loss=[QuantLoss=0.03508]Val loss = [QuantLoss=0.07158][QuantReg:0.39475]
[Twitter] Starting epoch 96...
[Twitter] Elapsed training time:4.12s
[Twitter] Starting validation...
[Twitter] Elapsed validation time:0.24s
[Twitter] [Epoch=096] Train Loss=[QuantLoss=0.04167]Val loss = [QuantLoss=0.07390][QuantReg:0.39358]
[Twitter] Starting epoch 97...
[Twitter] Elapsed training time:4.17s
[Twitter] Starting validation...
[Twitter] Elapsed validation time:0.23s
[Twitter] [Epoch=097] Train Loss=[QuantLoss=0.04067]Val loss = [QuantLoss=0.06596][QuantReg:0.39241]
[Twitter] Starting epoch 98...
[Twitter] Elapsed training time:4.25s
[Twitter] Starting validation...
[Twitter] Elapsed validation time:0.23s
[Twitter] [Epoch=098] Train Loss=[QuantLoss=0.03624]Val loss = [QuantLoss=0.06490][QuantReg:0.39183]
[Twitter] Starting epoch 99...
[Twitter] Elapsed training time:4.19s
[Twitter] Starting validation...
[Twitter] Elapsed validation time:0.25s
[Twitter] [Epoch=099] Train Loss=[QuantLoss=0.03526]Val loss = [QuantLoss=0.05952][QuantReg:0.39400]
[Twitter] Starting epoch 100...
[Twitter] Elapsed training time:4.22s
[Twitter] Starting validation...
[Twitter] Elapsed validation time:0.37s
[Twitter] [Epoch=100] Train Loss=[QuantLoss=0.03418]Val loss = [QuantLoss=0.06358][QuantReg:0.39451]
[Twitter] Starting epoch 101...
[Twitter] Elapsed training time:4.25s
[Twitter] Starting validation...
[Twitter] Elapsed validation time:0.34s
[Twitter] [Epoch=101] Train Loss=[QuantLoss=0.03372]Val loss = [QuantLoss=0.05824][QuantReg:0.39421]
[Twitter] Starting epoch 102...
[Twitter] Elapsed training time:4.26s
[Twitter] Starting validation...
[Twitter] Elapsed validation time:0.30s
[Twitter] [Epoch=102] Train Loss=[QuantLoss=0.03515]Val loss = [QuantLoss=0.05809][QuantReg:0.39324]
[Twitter] Starting epoch 103...
[Twitter] Elapsed training time:4.27s
[Twitter] Starting validation...
[Twitter] Elapsed validation time:0.32s
[Twitter] [Epoch=103] Train Loss=[QuantLoss=0.03423]Val loss = [QuantLoss=0.06582][QuantReg:0.39264]
[Twitter] Starting epoch 104...
[Twitter] Elapsed training time:4.37s
[Twitter] Starting validation...
[Twitter] Elapsed validation time:0.30s
[Twitter] [Epoch=104] Train Loss=[QuantLoss=0.03425]Val loss = [QuantLoss=0.06440][QuantReg:0.39379]
[Twitter] Starting epoch 105...
[Twitter] Elapsed training time:4.48s
[Twitter] Starting validation...
[Twitter] Elapsed validation time:0.29s
[Twitter] [Epoch=105] Train Loss=[QuantLoss=0.03535]Val loss = [QuantLoss=0.07871][QuantReg:0.39192]
[Twitter] Starting epoch 106...
[Twitter] Elapsed training time:4.40s
[Twitter] Starting validation...
[Twitter] Elapsed validation time:0.30s
[Twitter] [Epoch=106] Train Loss=[QuantLoss=0.03570]Val loss = [QuantLoss=0.06752][QuantReg:0.39149]
[Twitter] Starting epoch 107...
[Twitter] Elapsed training time:4.54s
[Twitter] Starting validation...
[Twitter] Elapsed validation time:0.32s
[Twitter] [Epoch=107] Train Loss=[QuantLoss=0.03338]Val loss = [QuantLoss=0.07356][QuantReg:0.39064]
[Twitter] Starting epoch 108...
[Twitter] Elapsed training time:4.59s
[Twitter] Starting validation...
[Twitter] Elapsed validation time:0.33s
[Twitter] [Epoch=108] Train Loss=[QuantLoss=0.03477]Val loss = [QuantLoss=0.05745][QuantReg:0.39306]
[Twitter] Starting epoch 109...
[Twitter] Elapsed training time:4.71s
[Twitter] Starting validation...
[Twitter] Elapsed validation time:0.34s
[Twitter] [Epoch=109] Train Loss=[QuantLoss=0.03510]Val loss = [QuantLoss=0.06258][QuantReg:0.39160]
[Twitter] Starting epoch 110...
[Twitter] Elapsed training time:4.99s
[Twitter] Starting validation...
[Twitter] Elapsed validation time:0.35s
[Twitter] [Epoch=110] Train Loss=[QuantLoss=0.03309]Val loss = [QuantLoss=0.07164][QuantReg:0.39079]
[Twitter] Starting epoch 111...
[Twitter] Elapsed training time:4.98s
[Twitter] Starting validation...
[Twitter] Elapsed validation time:0.35s
[Twitter] [Epoch=111] Train Loss=[QuantLoss=0.03299]Val loss = [QuantLoss=0.06344][QuantReg:0.39096]
[Twitter] Starting epoch 112...
[Twitter] Elapsed training time:4.74s
[Twitter] Starting validation...
[Twitter] Elapsed validation time:0.35s
[Twitter] [Epoch=112] Train Loss=[QuantLoss=0.03399]Val loss = [QuantLoss=0.07220][QuantReg:0.38999]
[Twitter] Starting epoch 113...
[Twitter] Elapsed training time:3.14s
[Twitter] Starting validation...
[Twitter] Elapsed validation time:0.29s
[Twitter] [Epoch=113] Train Loss=[QuantLoss=0.03518]Val loss = [QuantLoss=0.06650][QuantReg:0.39136]
[Twitter] Starting epoch 114...
[Twitter] Elapsed training time:4.76s
[Twitter] Starting validation...
[Twitter] Elapsed validation time:0.31s
[Twitter] [Epoch=114] Train Loss=[QuantLoss=0.03470]Val loss = [QuantLoss=0.07072][QuantReg:0.39193]
[Twitter] Starting epoch 115...
[Twitter] Elapsed training time:4.44s
[Twitter] Starting validation...
[Twitter] Elapsed validation time:0.35s
[Twitter] [Epoch=115] Train Loss=[QuantLoss=0.03823]Val loss = [QuantLoss=0.08442][QuantReg:0.39127]
[Twitter] Starting epoch 116...
[Twitter] Elapsed training time:4.32s
[Twitter] Starting validation...
[Twitter] Elapsed validation time:0.38s
[Twitter] [Epoch=116] Train Loss=[QuantLoss=0.03966]Val loss = [QuantLoss=0.06602][QuantReg:0.39226]
[Twitter] Starting epoch 117...
[Twitter] Elapsed training time:4.35s
[Twitter] Starting validation...
[Twitter] Elapsed validation time:0.35s
[Twitter] [Epoch=117] Train Loss=[QuantLoss=0.03331]Val loss = [QuantLoss=0.07075][QuantReg:0.39299]
[Twitter] Starting epoch 118...
[Twitter] Elapsed training time:4.40s
[Twitter] Starting validation...
[Twitter] Elapsed validation time:0.35s
[Twitter] [Epoch=118] Train Loss=[QuantLoss=0.03328]Val loss = [QuantLoss=0.07041][QuantReg:0.39297]
[Twitter] Starting epoch 119...
[Twitter] Elapsed training time:4.33s
[Twitter] Starting validation...
[Twitter] Elapsed validation time:0.36s
[Twitter] [Epoch=119] Train Loss=[QuantLoss=0.03295]Val loss = [QuantLoss=0.06309][QuantReg:0.39203]
[Twitter] Starting epoch 120...
[Twitter] Elapsed training time:4.48s
[Twitter] Starting validation...
[Twitter] Elapsed validation time:0.45s
[Twitter] [Epoch=120] Train Loss=[QuantLoss=0.03281]Val loss = [QuantLoss=0.05900][QuantReg:0.39201]
[Twitter] Starting epoch 121...
[Twitter] Elapsed training time:4.44s
[Twitter] Starting validation...
[Twitter] Elapsed validation time:0.37s
[Twitter] [Epoch=121] Train Loss=[QuantLoss=0.03339]Val loss = [QuantLoss=0.05834][QuantReg:0.39143]
[Twitter] Starting epoch 122...
[Twitter] Elapsed training time:4.49s
[Twitter] Starting validation...
[Twitter] Elapsed validation time:0.34s
[Twitter] [Epoch=122] Train Loss=[QuantLoss=0.03297]Val loss = [QuantLoss=0.06841][QuantReg:0.39192]
[Twitter] Starting epoch 123...
[Twitter] Elapsed training time:4.60s
[Twitter] Starting validation...
[Twitter] Elapsed validation time:0.38s
[Twitter] [Epoch=123] Train Loss=[QuantLoss=0.03403]Val loss = [QuantLoss=0.06731][QuantReg:0.39358]
[Twitter] Starting epoch 124...
[Twitter] Elapsed training time:4.62s
[Twitter] Starting validation...
[Twitter] Elapsed validation time:0.36s
[Twitter] [Epoch=124] Train Loss=[QuantLoss=0.03331]Val loss = [QuantLoss=0.07601][QuantReg:0.39185]
[Twitter] Starting epoch 125...
[Twitter] Elapsed training time:4.50s
[Twitter] Starting validation...
[Twitter] Elapsed validation time:0.35s
[Twitter] [Epoch=125] Train Loss=[QuantLoss=0.03304]Val loss = [QuantLoss=0.06574][QuantReg:0.39090]
[Twitter] Starting epoch 126...
[Twitter] Elapsed training time:4.41s
[Twitter] Starting validation...
[Twitter] Elapsed validation time:0.35s
[Twitter] [Epoch=126] Train Loss=[QuantLoss=0.03280]Val loss = [QuantLoss=0.08411][QuantReg:0.39077]
[Twitter] Starting epoch 127...
[Twitter] Elapsed training time:4.41s
[Twitter] Starting validation...
[Twitter] Elapsed validation time:0.37s
[Twitter] [Epoch=127] Train Loss=[QuantLoss=0.03523]Val loss = [QuantLoss=0.08467][QuantReg:0.39173]
[Twitter] Starting epoch 128...
[Twitter] Elapsed training time:4.54s
[Twitter] Starting validation...
[Twitter] Elapsed validation time:0.37s
[Twitter] [Epoch=128] Train Loss=[QuantLoss=0.03356]Val loss = [QuantLoss=0.07946][QuantReg:0.39307]
[Twitter] Starting epoch 129...
[Twitter] Elapsed training time:4.32s
[Twitter] Starting validation...
[Twitter] Elapsed validation time:0.35s
[Twitter] [Epoch=129] Train Loss=[QuantLoss=0.03881]Val loss = [QuantLoss=0.07830][QuantReg:0.39328]
[Twitter] Starting epoch 130...
[Twitter] Elapsed training time:4.61s
[Twitter] Starting validation...
[Twitter] Elapsed validation time:0.38s
[Twitter] [Epoch=130] Train Loss=[QuantLoss=0.03250]Val loss = [QuantLoss=0.08403][QuantReg:0.39202]
[Twitter] Early stopping in epoch 130!
[Twitter] Restoring best model...
MAE médio por bag: 0.1091 ± 0.0810
Salvo em resultados_sanders/resultados_twitter_bert_kl_easiest_5.csv
Dataset: /home/nildaimon/gmnet/experiments/train_curl/Datasets/Sanders/twitter-sanders-apple3.csv
Dificuldade: metric=l1, mode=hardest, top_k=None
Rodada: 5
Salvar resultados em: resultados_sanders
Dispositivo de treino: cpu
Carregando e processando dataset Twitter
Carregando embeddings do cache...
/home/nildaimon/gmnet/experiments/train_curl/train_sanders.py:89: FutureWarning: You are using `torch.load` with `weights_only=False` (the current default value), which uses the default pickle module implicitly. It is possible to construct malicious pickle data which will execute arbitrary code during unpickling (See https://github.com/pytorch/pytorch/blob/main/SECURITY.md#untrusted-models for more details). In a future release, the default value for `weights_only` will be flipped to `True`. This limits the functions that could be executed during unpickling. Arbitrary objects will no longer be allowed to be loaded via this mode unless they are explicitly allowlisted by the user via `torch.serialization.add_safe_globals`. We recommend you start setting `weights_only=True` for any use case where you don't have full control of the loaded file. Please open an issue on GitHub for any issues related to this experimental feature.
  embeddings = torch.load(EMBEDDING_CACHE)
/home/nildaimon/gmnet/experiments/train_curl/train_sanders.py:90: FutureWarning: You are using `torch.load` with `weights_only=False` (the current default value), which uses the default pickle module implicitly. It is possible to construct malicious pickle data which will execute arbitrary code during unpickling (See https://github.com/pytorch/pytorch/blob/main/SECURITY.md#untrusted-models for more details). In a future release, the default value for `weights_only` will be flipped to `True`. This limits the functions that could be executed during unpickling. Arbitrary objects will no longer be allowed to be loaded via this mode unless they are explicitly allowlisted by the user via `torch.serialization.add_safe_globals`. We recommend you start setting `weights_only=True` for any use case where you don't have full control of the loaded file. Please open an issue on GitHub for any issues related to this experimental feature.
  labels = torch.load(LABELS_CACHE)
Ignoring val_split as train and val datasets where given to fit function
We have two datasets: training 1092 examples. validation 100 examples.]
Using device cpu
/home/nildaimon/anaconda3/envs/gmnet/lib/python3.12/site-packages/torch/optim/lr_scheduler.py:62: UserWarning: The verbose parameter is deprecated. Please use get_last_lr() to access the learning rate.
  warnings.warn(
/home/nildaimon/gmnet/dlquantification/main.py:835: FutureWarning: `torch.cuda.amp.GradScaler(args...)` is deprecated. Please use `torch.amp.GradScaler('cuda', args...)` instead.
  scaler = torch.cuda.amp.GradScaler(enabled=self.use_fp16)
[Twitter] Starting epoch 0...
/home/nildaimon/gmnet/dlquantification/main.py:888: FutureWarning: `torch.cuda.amp.autocast(args...)` is deprecated. Please use `torch.amp.autocast('cuda', args...)` instead.
  with torch.cuda.amp.autocast(enabled=self.use_fp16):
[Twitter] Elapsed training time:4.23s
[Twitter] Starting validation...
[Twitter] Elapsed validation time:0.26s
[Twitter] [Epoch=000] Train Loss=[QuantLoss=0.09185]Val loss = [QuantLoss=0.08095][QuantReg:0.62000][saved best model in this epoch]
[Twitter] Starting epoch 1...
[Twitter] Elapsed training time:4.31s
[Twitter] Starting validation...
[Twitter] Elapsed validation time:0.24s
[Twitter] [Epoch=001] Train Loss=[QuantLoss=0.08282]Val loss = [QuantLoss=0.16642][QuantReg:0.54713]
[Twitter] Starting epoch 2...
[Twitter] Elapsed training time:4.49s
[Twitter] Starting validation...
[Twitter] Elapsed validation time:0.24s
[Twitter] [Epoch=002] Train Loss=[QuantLoss=0.08553]Val loss = [QuantLoss=0.13110][QuantReg:0.53057]
[Twitter] Starting epoch 3...
[Twitter] Elapsed training time:4.67s
[Twitter] Starting validation...
[Twitter] Elapsed validation time:0.24s
[Twitter] [Epoch=003] Train Loss=[QuantLoss=0.08923]Val loss = [QuantLoss=0.07001][QuantReg:0.54441][saved best model in this epoch]
[Twitter] Starting epoch 4...
[Twitter] Elapsed training time:4.48s
[Twitter] Starting validation...
[Twitter] Elapsed validation time:0.24s
[Twitter] [Epoch=004] Train Loss=[QuantLoss=0.08825]Val loss = [QuantLoss=0.08444][QuantReg:0.52625]
[Twitter] Starting epoch 5...
[Twitter] Elapsed training time:4.56s
[Twitter] Starting validation...
[Twitter] Elapsed validation time:0.23s
[Twitter] [Epoch=005] Train Loss=[QuantLoss=0.07843]Val loss = [QuantLoss=0.06583][QuantReg:0.53781][saved best model in this epoch]
[Twitter] Starting epoch 6...
[Twitter] Elapsed training time:4.53s
[Twitter] Starting validation...
[Twitter] Elapsed validation time:0.24s
[Twitter] [Epoch=006] Train Loss=[QuantLoss=0.07466]Val loss = [QuantLoss=0.07478][QuantReg:0.51029]
[Twitter] Starting epoch 7...
[Twitter] Elapsed training time:4.52s
[Twitter] Starting validation...
[Twitter] Elapsed validation time:0.26s
[Twitter] [Epoch=007] Train Loss=[QuantLoss=0.08236]Val loss = [QuantLoss=0.05612][QuantReg:0.49776][saved best model in this epoch]
[Twitter] Starting epoch 8...
[Twitter] Elapsed training time:4.40s
[Twitter] Starting validation...
[Twitter] Elapsed validation time:0.23s
[Twitter] [Epoch=008] Train Loss=[QuantLoss=0.07004]Val loss = [QuantLoss=0.05823][QuantReg:0.47265]
[Twitter] Starting epoch 9...
[Twitter] Elapsed training time:4.60s
[Twitter] Starting validation...
[Twitter] Elapsed validation time:0.26s
[Twitter] [Epoch=009] Train Loss=[QuantLoss=0.07958]Val loss = [QuantLoss=0.03283][QuantReg:0.44471][saved best model in this epoch]
[Twitter] Starting epoch 10...
[Twitter] Elapsed training time:4.64s
[Twitter] Starting validation...
[Twitter] Elapsed validation time:0.24s
[Twitter] [Epoch=010] Train Loss=[QuantLoss=0.06950]Val loss = [QuantLoss=0.03152][QuantReg:0.46431][saved best model in this epoch]
[Twitter] Starting epoch 11...
[Twitter] Elapsed training time:4.70s
[Twitter] Starting validation...
[Twitter] Elapsed validation time:0.22s
[Twitter] [Epoch=011] Train Loss=[QuantLoss=0.06349]Val loss = [QuantLoss=0.01818][QuantReg:0.47584][saved best model in this epoch]
[Twitter] Starting epoch 12...
[Twitter] Elapsed training time:4.68s
[Twitter] Starting validation...
[Twitter] Elapsed validation time:0.23s
[Twitter] [Epoch=012] Train Loss=[QuantLoss=0.06136]Val loss = [QuantLoss=0.02422][QuantReg:0.45178]
[Twitter] Starting epoch 13...
[Twitter] Elapsed training time:4.53s
[Twitter] Starting validation...
[Twitter] Elapsed validation time:0.24s
[Twitter] [Epoch=013] Train Loss=[QuantLoss=0.05964]Val loss = [QuantLoss=0.03001][QuantReg:0.44858]
[Twitter] Starting epoch 14...
[Twitter] Elapsed training time:4.42s
[Twitter] Starting validation...
[Twitter] Elapsed validation time:0.24s
[Twitter] [Epoch=014] Train Loss=[QuantLoss=0.05817]Val loss = [QuantLoss=0.10338][QuantReg:0.44139]
[Twitter] Starting epoch 15...
[Twitter] Elapsed training time:4.50s
[Twitter] Starting validation...
[Twitter] Elapsed validation time:0.25s
[Twitter] [Epoch=015] Train Loss=[QuantLoss=0.05461]Val loss = [QuantLoss=0.03186][QuantReg:0.44382]
[Twitter] Starting epoch 16...
[Twitter] Elapsed training time:4.37s
[Twitter] Starting validation...
[Twitter] Elapsed validation time:0.23s
[Twitter] [Epoch=016] Train Loss=[QuantLoss=0.05236]Val loss = [QuantLoss=0.01356][QuantReg:0.43208][saved best model in this epoch]
[Twitter] Starting epoch 17...
[Twitter] Elapsed training time:4.38s
[Twitter] Starting validation...
[Twitter] Elapsed validation time:0.23s
[Twitter] [Epoch=017] Train Loss=[QuantLoss=0.04940]Val loss = [QuantLoss=0.07760][QuantReg:0.43465]
[Twitter] Starting epoch 18...
[Twitter] Elapsed training time:4.48s
[Twitter] Starting validation...
[Twitter] Elapsed validation time:0.27s
[Twitter] [Epoch=018] Train Loss=[QuantLoss=0.04992]Val loss = [QuantLoss=0.02707][QuantReg:0.44031]
[Twitter] Starting epoch 19...
[Twitter] Elapsed training time:4.39s
[Twitter] Starting validation...
[Twitter] Elapsed validation time:0.25s
[Twitter] [Epoch=019] Train Loss=[QuantLoss=0.05328]Val loss = [QuantLoss=0.02911][QuantReg:0.43641]
[Twitter] Starting epoch 20...
[Twitter] Elapsed training time:4.29s
[Twitter] Starting validation...
[Twitter] Elapsed validation time:0.23s
[Twitter] [Epoch=020] Train Loss=[QuantLoss=0.05049]Val loss = [QuantLoss=0.01871][QuantReg:0.43758]
[Twitter] Starting epoch 21...
[Twitter] Elapsed training time:4.25s
[Twitter] Starting validation...
[Twitter] Elapsed validation time:0.22s
[Twitter] [Epoch=021] Train Loss=[QuantLoss=0.05209]Val loss = [QuantLoss=0.09065][QuantReg:0.44748]
[Twitter] Starting epoch 22...
[Twitter] Elapsed training time:4.40s
[Twitter] Starting validation...
[Twitter] Elapsed validation time:0.24s
[Twitter] [Epoch=022] Train Loss=[QuantLoss=0.05713]Val loss = [QuantLoss=0.09993][QuantReg:0.42781]
[Twitter] Starting epoch 23...
[Twitter] Elapsed training time:4.33s
[Twitter] Starting validation...
[Twitter] Elapsed validation time:0.22s
[Twitter] [Epoch=023] Train Loss=[QuantLoss=0.05642]Val loss = [QuantLoss=0.05380][QuantReg:0.41001]
[Twitter] Starting epoch 24...
[Twitter] Elapsed training time:4.50s
[Twitter] Starting validation...
[Twitter] Elapsed validation time:0.25s
[Twitter] [Epoch=024] Train Loss=[QuantLoss=0.06283]Val loss = [QuantLoss=0.01570][QuantReg:0.41841]
[Twitter] Starting epoch 25...
[Twitter] Elapsed training time:4.43s
[Twitter] Starting validation...
[Twitter] Elapsed validation time:0.36s
[Twitter] [Epoch=025] Train Loss=[QuantLoss=0.05143]Val loss = [QuantLoss=0.04778][QuantReg:0.42186]
[Twitter] Starting epoch 26...
[Twitter] Elapsed training time:4.34s
[Twitter] Starting validation...
[Twitter] Elapsed validation time:0.36s
[Twitter] [Epoch=026] Train Loss=[QuantLoss=0.06544]Val loss = [QuantLoss=0.08605][QuantReg:0.40842]
[Twitter] Starting epoch 27...
[Twitter] Elapsed training time:4.37s
[Twitter] Starting validation...
[Twitter] Elapsed validation time:0.35s
[Twitter] [Epoch=027] Train Loss=[QuantLoss=0.05957]Val loss = [QuantLoss=0.12157][QuantReg:0.43827]
[Twitter] Starting epoch 28...
[Twitter] Elapsed training time:4.33s
[Twitter] Starting validation...
[Twitter] Elapsed validation time:0.35s
[Twitter] [Epoch=028] Train Loss=[QuantLoss=0.06580]Val loss = [QuantLoss=0.08630][QuantReg:0.45391]
[Twitter] Starting epoch 29...
[Twitter] Elapsed training time:4.20s
[Twitter] Starting validation...
[Twitter] Elapsed validation time:0.36s
[Twitter] [Epoch=029] Train Loss=[QuantLoss=0.06780]Val loss = [QuantLoss=0.13283][QuantReg:0.46222]
[Twitter] Starting epoch 30...
[Twitter] Elapsed training time:4.30s
[Twitter] Starting validation...
[Twitter] Elapsed validation time:0.34s
[Twitter] [Epoch=030] Train Loss=[QuantLoss=0.05835]Val loss = [QuantLoss=0.02381][QuantReg:0.45799]
[Twitter] Starting epoch 31...
[Twitter] Elapsed training time:4.25s
[Twitter] Starting validation...
[Twitter] Elapsed validation time:0.35s
[Twitter] [Epoch=031] Train Loss=[QuantLoss=0.05912]Val loss = [QuantLoss=0.06716][QuantReg:0.43417]
[Twitter] Starting epoch 32...
[Twitter] Elapsed training time:4.41s
[Twitter] Starting validation...
[Twitter] Elapsed validation time:0.35s
[Twitter] [Epoch=032] Train Loss=[QuantLoss=0.06252]Val loss = [QuantLoss=0.08977][QuantReg:0.43325]
[Twitter] Starting epoch 33...
[Twitter] Elapsed training time:4.39s
[Twitter] Starting validation...
[Twitter] Elapsed validation time:0.39s
[Twitter] [Epoch=033] Train Loss=[QuantLoss=0.06582]Val loss = [QuantLoss=0.02143][QuantReg:0.43566]
[Twitter] Starting epoch 34...
[Twitter] Elapsed training time:4.61s
[Twitter] Starting validation...
[Twitter] Elapsed validation time:0.36s
[Twitter] [Epoch=034] Train Loss=[QuantLoss=0.06126]Val loss = [QuantLoss=0.01528][QuantReg:0.43180]
[Twitter] Starting epoch 35...
[Twitter] Elapsed training time:4.31s
[Twitter] Starting validation...
[Twitter] Elapsed validation time:0.38s
[Twitter] [Epoch=035] Train Loss=[QuantLoss=0.05516]Val loss = [QuantLoss=0.01475][QuantReg:0.42337]
[Twitter] Starting epoch 36...
[Twitter] Elapsed training time:4.38s
[Twitter] Starting validation...
[Twitter] Elapsed validation time:0.36s
[Twitter] [Epoch=036] Train Loss=[QuantLoss=0.05644]Val loss = [QuantLoss=0.04093][QuantReg:0.42006]
[Twitter] Starting epoch 37...
[Twitter] Elapsed training time:4.27s
[Twitter] Starting validation...
[Twitter] Elapsed validation time:0.35s
[Twitter] [Epoch=037] Train Loss=[QuantLoss=0.05510]Val loss = [QuantLoss=0.06893][QuantReg:0.42099]
[Twitter] Starting epoch 38...
[Twitter] Elapsed training time:4.32s
[Twitter] Starting validation...
[Twitter] Elapsed validation time:0.34s
[Twitter] [Epoch=038] Train Loss=[QuantLoss=0.05344]Val loss = [QuantLoss=0.03683][QuantReg:0.41965]
[Twitter] Starting epoch 39...
[Twitter] Elapsed training time:4.34s
[Twitter] Starting validation...
[Twitter] Elapsed validation time:0.35s
[Twitter] [Epoch=039] Train Loss=[QuantLoss=0.05192]Val loss = [QuantLoss=0.02461][QuantReg:0.42024]
[Twitter] Starting epoch 40...
[Twitter] Elapsed training time:4.41s
[Twitter] Starting validation...
[Twitter] Elapsed validation time:0.37s
[Twitter] [Epoch=040] Train Loss=[QuantLoss=0.04744]Val loss = [QuantLoss=0.04028][QuantReg:0.41457]
[Twitter] Starting epoch 41...
[Twitter] Elapsed training time:4.35s
[Twitter] Starting validation...
[Twitter] Elapsed validation time:0.36s
[Twitter] [Epoch=041] Train Loss=[QuantLoss=0.04637]Val loss = [QuantLoss=0.02918][QuantReg:0.41811]
[Twitter] Starting epoch 42...
[Twitter] Elapsed training time:4.56s
[Twitter] Starting validation...
[Twitter] Elapsed validation time:0.34s
[Twitter] [Epoch=042] Train Loss=[QuantLoss=0.04587]Val loss = [QuantLoss=0.04102][QuantReg:0.41339]
[Twitter] Starting epoch 43...
[Twitter] Elapsed training time:4.29s
[Twitter] Starting validation...
[Twitter] Elapsed validation time:0.35s
[Twitter] [Epoch=043] Train Loss=[QuantLoss=0.04584]Val loss = [QuantLoss=0.04145][QuantReg:0.41187]
[Twitter] Starting epoch 44...
[Twitter] Elapsed training time:4.28s
[Twitter] Starting validation...
[Twitter] Elapsed validation time:0.35s
[Twitter] [Epoch=044] Train Loss=[QuantLoss=0.04604]Val loss = [QuantLoss=0.04135][QuantReg:0.41768]
[Twitter] Starting epoch 45...
[Twitter] Elapsed training time:4.34s
[Twitter] Starting validation...
[Twitter] Elapsed validation time:0.34s
[Twitter] [Epoch=045] Train Loss=[QuantLoss=0.04401]Val loss = [QuantLoss=0.06132][QuantReg:0.42420]
[Twitter] Starting epoch 46...
[Twitter] Elapsed training time:4.29s
[Twitter] Starting validation...
[Twitter] Elapsed validation time:0.35s
[Twitter] [Epoch=046] Train Loss=[QuantLoss=0.04609]Val loss = [QuantLoss=0.03078][QuantReg:0.42104]
[Twitter] Starting epoch 47...
[Twitter] Elapsed training time:4.38s
[Twitter] Starting validation...
[Twitter] Elapsed validation time:0.34s
[Twitter] [Epoch=047] Train Loss=[QuantLoss=0.04465]Val loss = [QuantLoss=0.04434][QuantReg:0.40679]
[Twitter] Starting epoch 48...
[Twitter] Elapsed training time:4.47s
[Twitter] Starting validation...
[Twitter] Elapsed validation time:0.35s
[Twitter] [Epoch=048] Train Loss=[QuantLoss=0.04437]Val loss = [QuantLoss=0.04511][QuantReg:0.40007]
[Twitter] Starting epoch 49...
[Twitter] Elapsed training time:4.64s
[Twitter] Starting validation...
[Twitter] Elapsed validation time:0.36s
[Twitter] [Epoch=049] Train Loss=[QuantLoss=0.04537]Val loss = [QuantLoss=0.03831][QuantReg:0.39824]
[Twitter] Starting epoch 50...
[Twitter] Elapsed training time:4.58s
[Twitter] Starting validation...
[Twitter] Elapsed validation time:0.36s
[Twitter] [Epoch=050] Train Loss=[QuantLoss=0.04592]Val loss = [QuantLoss=0.04525][QuantReg:0.39304]
[Twitter] Starting epoch 51...
[Twitter] Elapsed training time:4.32s
[Twitter] Starting validation...
[Twitter] Elapsed validation time:0.35s
[Twitter] [Epoch=051] Train Loss=[QuantLoss=0.04312]Val loss = [QuantLoss=0.05715][QuantReg:0.40245]
[Twitter] Starting epoch 52...
[Twitter] Elapsed training time:4.26s
[Twitter] Starting validation...
[Twitter] Elapsed validation time:0.36s
[Twitter] [Epoch=052] Train Loss=[QuantLoss=0.04216]Val loss = [QuantLoss=0.05314][QuantReg:0.40944]
[Twitter] Starting epoch 53...
[Twitter] Elapsed training time:4.35s
[Twitter] Starting validation...
[Twitter] Elapsed validation time:0.34s
[Twitter] [Epoch=053] Train Loss=[QuantLoss=0.04251]Val loss = [QuantLoss=0.06126][QuantReg:0.40110]
[Twitter] Starting epoch 54...
[Twitter] Elapsed training time:4.39s
[Twitter] Starting validation...
[Twitter] Elapsed validation time:0.36s
[Twitter] [Epoch=054] Train Loss=[QuantLoss=0.04371]Val loss = [QuantLoss=0.06409][QuantReg:0.39752]
[Twitter] Starting epoch 55...
[Twitter] Elapsed training time:4.50s
[Twitter] Starting validation...
[Twitter] Elapsed validation time:0.37s
[Twitter] [Epoch=055] Train Loss=[QuantLoss=0.04099]Val loss = [QuantLoss=0.03427][QuantReg:0.39474]
[Twitter] Starting epoch 56...
[Twitter] Elapsed training time:4.54s
[Twitter] Starting validation...
[Twitter] Elapsed validation time:0.34s
[Twitter] [Epoch=056] Train Loss=[QuantLoss=0.04338]Val loss = [QuantLoss=0.07662][QuantReg:0.39977]
[Twitter] Starting epoch 57...
[Twitter] Elapsed training time:4.37s
[Twitter] Starting validation...
[Twitter] Elapsed validation time:0.36s
[Twitter] [Epoch=057] Train Loss=[QuantLoss=0.04215]Val loss = [QuantLoss=0.06498][QuantReg:0.39905]
[Twitter] Starting epoch 58...
[Twitter] Elapsed training time:4.35s
[Twitter] Starting validation...
[Twitter] Elapsed validation time:0.37s
[Twitter] [Epoch=058] Train Loss=[QuantLoss=0.04244]Val loss = [QuantLoss=0.02965][QuantReg:0.39936]
[Twitter] Starting epoch 59...
[Twitter] Elapsed training time:4.40s
[Twitter] Starting validation...
[Twitter] Elapsed validation time:0.36s
[Twitter] [Epoch=059] Train Loss=[QuantLoss=0.04252]Val loss = [QuantLoss=0.07426][QuantReg:0.39662]
[Twitter] Starting epoch 60...
[Twitter] Elapsed training time:4.41s
[Twitter] Starting validation...
[Twitter] Elapsed validation time:0.35s
[Twitter] [Epoch=060] Train Loss=[QuantLoss=0.03954]Val loss = [QuantLoss=0.03780][QuantReg:0.39429]
[Twitter] Starting epoch 61...
[Twitter] Elapsed training time:4.44s
[Twitter] Starting validation...
[Twitter] Elapsed validation time:0.26s
[Twitter] [Epoch=061] Train Loss=[QuantLoss=0.03954]Val loss = [QuantLoss=0.06713][QuantReg:0.39441]
[Twitter] Starting epoch 62...
[Twitter] Elapsed training time:4.28s
[Twitter] Starting validation...
[Twitter] Elapsed validation time:0.24s
[Twitter] [Epoch=062] Train Loss=[QuantLoss=0.03968]Val loss = [QuantLoss=0.05174][QuantReg:0.39552]
[Twitter] Starting epoch 63...
[Twitter] Elapsed training time:4.24s
[Twitter] Starting validation...
[Twitter] Elapsed validation time:0.23s
[Twitter] [Epoch=063] Train Loss=[QuantLoss=0.03864]Val loss = [QuantLoss=0.08320][QuantReg:0.39753]
[Twitter] Starting epoch 64...
[Twitter] Elapsed training time:4.24s
[Twitter] Starting validation...
[Twitter] Elapsed validation time:0.25s
[Twitter] [Epoch=064] Train Loss=[QuantLoss=0.03686]Val loss = [QuantLoss=0.05406][QuantReg:0.39573]
[Twitter] Starting epoch 65...
[Twitter] Elapsed training time:4.17s
[Twitter] Starting validation...
[Twitter] Elapsed validation time:0.23s
[Twitter] [Epoch=065] Train Loss=[QuantLoss=0.03707]Val loss = [QuantLoss=0.06111][QuantReg:0.39800]
[Twitter] Starting epoch 66...
[Twitter] Elapsed training time:4.25s
[Twitter] Starting validation...
[Twitter] Elapsed validation time:0.25s
[Twitter] [Epoch=066] Train Loss=[QuantLoss=0.03666]Val loss = [QuantLoss=0.06641][QuantReg:0.39518]
[Twitter] Starting epoch 67...
[Twitter] Elapsed training time:4.28s
[Twitter] Starting validation...
[Twitter] Elapsed validation time:0.24s
[Twitter] [Epoch=067] Train Loss=[QuantLoss=0.03780]Val loss = [QuantLoss=0.06032][QuantReg:0.39677]
[Twitter] Starting epoch 68...
[Twitter] Elapsed training time:4.23s
[Twitter] Starting validation...
[Twitter] Elapsed validation time:0.24s
[Twitter] [Epoch=068] Train Loss=[QuantLoss=0.03755]Val loss = [QuantLoss=0.04332][QuantReg:0.39830]
[Twitter] Starting epoch 69...
[Twitter] Elapsed training time:4.32s
[Twitter] Starting validation...
[Twitter] Elapsed validation time:0.26s
[Twitter] [Epoch=069] Train Loss=[QuantLoss=0.03634]Val loss = [QuantLoss=0.04966][QuantReg:0.39503]
[Twitter] Starting epoch 70...
[Twitter] Elapsed training time:4.37s
[Twitter] Starting validation...
[Twitter] Elapsed validation time:0.26s
[Twitter] [Epoch=070] Train Loss=[QuantLoss=0.03756]Val loss = [QuantLoss=0.03276][QuantReg:0.39214]
[Twitter] Starting epoch 71...
[Twitter] Elapsed training time:4.33s
[Twitter] Starting validation...
[Twitter] Elapsed validation time:0.27s
[Twitter] [Epoch=071] Train Loss=[QuantLoss=0.03899]Val loss = [QuantLoss=0.05468][QuantReg:0.39160]
[Twitter] Starting epoch 72...
[Twitter] Elapsed training time:4.38s
[Twitter] Starting validation...
[Twitter] Elapsed validation time:0.23s
[Twitter] [Epoch=072] Train Loss=[QuantLoss=0.03745]Val loss = [QuantLoss=0.05210][QuantReg:0.39427]
[Twitter] Starting epoch 73...
[Twitter] Elapsed training time:4.32s
[Twitter] Starting validation...
[Twitter] Elapsed validation time:0.25s
[Twitter] [Epoch=073] Train Loss=[QuantLoss=0.03788]Val loss = [QuantLoss=0.05624][QuantReg:0.39217]
[Twitter] Starting epoch 74...
[Twitter] Elapsed training time:4.30s
[Twitter] Starting validation...
[Twitter] Elapsed validation time:0.24s
[Twitter] [Epoch=074] Train Loss=[QuantLoss=0.03813]Val loss = [QuantLoss=0.05048][QuantReg:0.39724]
[Twitter] Starting epoch 75...
[Twitter] Elapsed training time:4.32s
[Twitter] Starting validation...
[Twitter] Elapsed validation time:0.24s
[Twitter] [Epoch=075] Train Loss=[QuantLoss=0.03840]Val loss = [QuantLoss=0.05062][QuantReg:0.39862]
[Twitter] Starting epoch 76...
[Twitter] Elapsed training time:4.42s
[Twitter] Starting validation...
[Twitter] Elapsed validation time:0.23s
[Twitter] [Epoch=076] Train Loss=[QuantLoss=0.03724]Val loss = [QuantLoss=0.06036][QuantReg:0.39507]
[Twitter] Starting epoch 77...
[Twitter] Elapsed training time:4.40s
[Twitter] Starting validation...
[Twitter] Elapsed validation time:0.23s
[Twitter] [Epoch=077] Train Loss=[QuantLoss=0.03735]Val loss = [QuantLoss=0.05501][QuantReg:0.39480]
[Twitter] Starting epoch 78...
[Twitter] Elapsed training time:4.33s
[Twitter] Starting validation...
[Twitter] Elapsed validation time:0.25s
[Twitter] [Epoch=078] Train Loss=[QuantLoss=0.03747]Val loss = [QuantLoss=0.05971][QuantReg:0.39453]
[Twitter] Starting epoch 79...
[Twitter] Elapsed training time:4.39s
[Twitter] Starting validation...
[Twitter] Elapsed validation time:0.23s
[Twitter] [Epoch=079] Train Loss=[QuantLoss=0.03732]Val loss = [QuantLoss=0.05945][QuantReg:0.39420]
[Twitter] Starting epoch 80...
[Twitter] Elapsed training time:4.40s
[Twitter] Starting validation...
[Twitter] Elapsed validation time:0.24s
[Twitter] [Epoch=080] Train Loss=[QuantLoss=0.03856]Val loss = [QuantLoss=0.06166][QuantReg:0.39832]
[Twitter] Starting epoch 81...
[Twitter] Elapsed training time:4.28s
[Twitter] Starting validation...
[Twitter] Elapsed validation time:0.28s
[Twitter] [Epoch=081] Train Loss=[QuantLoss=0.03582]Val loss = [QuantLoss=0.04489][QuantReg:0.39808]
[Twitter] Starting epoch 82...
[Twitter] Elapsed training time:4.43s
[Twitter] Starting validation...
[Twitter] Elapsed validation time:0.24s
[Twitter] [Epoch=082] Train Loss=[QuantLoss=0.03426]Val loss = [QuantLoss=0.04710][QuantReg:0.39672]
[Twitter] Starting epoch 83...
[Twitter] Elapsed training time:4.23s
[Twitter] Starting validation...
[Twitter] Elapsed validation time:0.25s
[Twitter] [Epoch=083] Train Loss=[QuantLoss=0.03307]Val loss = [QuantLoss=0.04523][QuantReg:0.39737]
[Twitter] Starting epoch 84...
[Twitter] Elapsed training time:4.17s
[Twitter] Starting validation...
[Twitter] Elapsed validation time:0.25s
[Twitter] [Epoch=084] Train Loss=[QuantLoss=0.03501]Val loss = [QuantLoss=0.04378][QuantReg:0.39669]
[Twitter] Starting epoch 85...
[Twitter] Elapsed training time:4.27s
[Twitter] Starting validation...
[Twitter] Elapsed validation time:0.25s
[Twitter] [Epoch=085] Train Loss=[QuantLoss=0.03496]Val loss = [QuantLoss=0.04889][QuantReg:0.39678]
[Twitter] Starting epoch 86...
[Twitter] Elapsed training time:4.30s
[Twitter] Starting validation...
[Twitter] Elapsed validation time:0.23s
[Twitter] [Epoch=086] Train Loss=[QuantLoss=0.03506]Val loss = [QuantLoss=0.06355][QuantReg:0.39938]
[Twitter] Starting epoch 87...
[Twitter] Elapsed training time:4.23s
[Twitter] Starting validation...
[Twitter] Elapsed validation time:0.24s
[Twitter] [Epoch=087] Train Loss=[QuantLoss=0.03269]Val loss = [QuantLoss=0.07484][QuantReg:0.39718]
[Twitter] Starting epoch 88...
[Twitter] Elapsed training time:4.32s
[Twitter] Starting validation...
[Twitter] Elapsed validation time:0.24s
[Twitter] [Epoch=088] Train Loss=[QuantLoss=0.03401]Val loss = [QuantLoss=0.06432][QuantReg:0.39573]
[Twitter] Starting epoch 89...
[Twitter] Elapsed training time:4.35s
[Twitter] Starting validation...
[Twitter] Elapsed validation time:0.24s
[Twitter] [Epoch=089] Train Loss=[QuantLoss=0.03402]Val loss = [QuantLoss=0.06088][QuantReg:0.39665]
[Twitter] Starting epoch 90...
[Twitter] Elapsed training time:4.32s
[Twitter] Starting validation...
[Twitter] Elapsed validation time:0.27s
[Twitter] [Epoch=090] Train Loss=[QuantLoss=0.03459]Val loss = [QuantLoss=0.05204][QuantReg:0.39792]
[Twitter] Starting epoch 91...
[Twitter] Elapsed training time:4.30s
[Twitter] Starting validation...
[Twitter] Elapsed validation time:0.25s
[Twitter] [Epoch=091] Train Loss=[QuantLoss=0.03430]Val loss = [QuantLoss=0.05887][QuantReg:0.39628]
[Twitter] Starting epoch 92...
[Twitter] Elapsed training time:4.37s
[Twitter] Starting validation...
[Twitter] Elapsed validation time:0.22s
[Twitter] [Epoch=092] Train Loss=[QuantLoss=0.03356]Val loss = [QuantLoss=0.05169][QuantReg:0.39318]
[Twitter] Starting epoch 93...
[Twitter] Elapsed training time:4.35s
[Twitter] Starting validation...
[Twitter] Elapsed validation time:0.24s
[Twitter] [Epoch=093] Train Loss=[QuantLoss=0.03378]Val loss = [QuantLoss=0.04164][QuantReg:0.39423]
[Twitter] Starting epoch 94...
[Twitter] Elapsed training time:4.41s
[Twitter] Starting validation...
[Twitter] Elapsed validation time:0.26s
[Twitter] [Epoch=094] Train Loss=[QuantLoss=0.03361]Val loss = [QuantLoss=0.03265][QuantReg:0.39436]
[Twitter] Starting epoch 95...
[Twitter] Elapsed training time:4.39s
[Twitter] Starting validation...
[Twitter] Elapsed validation time:0.26s
[Twitter] [Epoch=095] Train Loss=[QuantLoss=0.03432]Val loss = [QuantLoss=0.03771][QuantReg:0.39460]
[Twitter] Starting epoch 96...
[Twitter] Elapsed training time:4.39s
[Twitter] Starting validation...
[Twitter] Elapsed validation time:0.25s
[Twitter] [Epoch=096] Train Loss=[QuantLoss=0.03454]Val loss = [QuantLoss=0.03719][QuantReg:0.39300]
[Twitter] Starting epoch 97...
[Twitter] Elapsed training time:4.48s
[Twitter] Starting validation...
[Twitter] Elapsed validation time:0.24s
[Twitter] [Epoch=097] Train Loss=[QuantLoss=0.03376]Val loss = [QuantLoss=0.03967][QuantReg:0.39113]
[Twitter] Starting epoch 98...
[Twitter] Elapsed training time:4.43s
[Twitter] Starting validation...
[Twitter] Elapsed validation time:0.24s
[Twitter] [Epoch=098] Train Loss=[QuantLoss=0.03346]Val loss = [QuantLoss=0.05337][QuantReg:0.39225]
[Twitter] Starting epoch 99...
[Twitter] Elapsed training time:4.60s
[Twitter] Starting validation...
[Twitter] Elapsed validation time:0.24s
[Twitter] [Epoch=099] Train Loss=[QuantLoss=0.03419]Val loss = [QuantLoss=0.04608][QuantReg:0.39565]
[Twitter] Starting epoch 100...
[Twitter] Elapsed training time:4.38s
[Twitter] Starting validation...
[Twitter] Elapsed validation time:0.28s
[Twitter] [Epoch=100] Train Loss=[QuantLoss=0.03436]Val loss = [QuantLoss=0.04316][QuantReg:0.39212]
[Twitter] Starting epoch 101...
[Twitter] Elapsed training time:4.36s
[Twitter] Starting validation...
[Twitter] Elapsed validation time:0.35s
[Twitter] [Epoch=101] Train Loss=[QuantLoss=0.03184]Val loss = [QuantLoss=0.03815][QuantReg:0.39007]
[Twitter] Starting epoch 102...
[Twitter] Elapsed training time:4.30s
[Twitter] Starting validation...
[Twitter] Elapsed validation time:0.25s
[Twitter] [Epoch=102] Train Loss=[QuantLoss=0.03232]Val loss = [QuantLoss=0.04263][QuantReg:0.38925]
[Twitter] Starting epoch 103...
[Twitter] Elapsed training time:4.26s
[Twitter] Starting validation...
[Twitter] Elapsed validation time:0.34s
[Twitter] [Epoch=103] Train Loss=[QuantLoss=0.03291]Val loss = [QuantLoss=0.04099][QuantReg:0.38885]
[Twitter] Starting epoch 104...
[Twitter] Elapsed training time:4.18s
[Twitter] Starting validation...
[Twitter] Elapsed validation time:0.35s
[Twitter] [Epoch=104] Train Loss=[QuantLoss=0.03127]Val loss = [QuantLoss=0.03899][QuantReg:0.39027]
[Twitter] Starting epoch 105...
[Twitter] Elapsed training time:4.18s
[Twitter] Starting validation...
[Twitter] Elapsed validation time:0.38s
[Twitter] [Epoch=105] Train Loss=[QuantLoss=0.03248]Val loss = [QuantLoss=0.04032][QuantReg:0.39120]
[Twitter] Starting epoch 106...
[Twitter] Elapsed training time:4.21s
[Twitter] Starting validation...
[Twitter] Elapsed validation time:0.36s
[Twitter] [Epoch=106] Train Loss=[QuantLoss=0.03224]Val loss = [QuantLoss=0.03509][QuantReg:0.39113]
[Twitter] Starting epoch 107...
[Twitter] Elapsed training time:4.26s
[Twitter] Starting validation...
[Twitter] Elapsed validation time:0.37s
[Twitter] [Epoch=107] Train Loss=[QuantLoss=0.03203]Val loss = [QuantLoss=0.04212][QuantReg:0.39196]
[Twitter] Starting epoch 108...
[Twitter] Elapsed training time:4.28s
[Twitter] Starting validation...
[Twitter] Elapsed validation time:0.39s
[Twitter] [Epoch=108] Train Loss=[QuantLoss=0.03298]Val loss = [QuantLoss=0.04194][QuantReg:0.39234]
[Twitter] Starting epoch 109...
[Twitter] Elapsed training time:4.32s
[Twitter] Starting validation...
[Twitter] Elapsed validation time:0.35s
[Twitter] [Epoch=109] Train Loss=[QuantLoss=0.03305]Val loss = [QuantLoss=0.04487][QuantReg:0.39131]
[Twitter] Starting epoch 110...
[Twitter] Elapsed training time:4.35s
[Twitter] Starting validation...
[Twitter] Elapsed validation time:0.34s
[Twitter] [Epoch=110] Train Loss=[QuantLoss=0.03169]Val loss = [QuantLoss=0.04614][QuantReg:0.39161]
[Twitter] Starting epoch 111...
[Twitter] Elapsed training time:4.52s
[Twitter] Starting validation...
[Twitter] Elapsed validation time:0.30s
[Twitter] [Epoch=111] Train Loss=[QuantLoss=0.03282]Val loss = [QuantLoss=0.04542][QuantReg:0.39178]
[Twitter] Starting epoch 112...
[Twitter] Elapsed training time:4.72s
[Twitter] Starting validation...
[Twitter] Elapsed validation time:0.33s
[Twitter] [Epoch=112] Train Loss=[QuantLoss=0.03260]Val loss = [QuantLoss=0.04300][QuantReg:0.39107]
[Twitter] Starting epoch 113...
[Twitter] Elapsed training time:4.71s
[Twitter] Starting validation...
[Twitter] Elapsed validation time:0.32s
[Twitter] [Epoch=113] Train Loss=[QuantLoss=0.03121]Val loss = [QuantLoss=0.04400][QuantReg:0.39287]
[Twitter] Starting epoch 114...
[Twitter] Elapsed training time:4.67s
[Twitter] Starting validation...
[Twitter] Elapsed validation time:0.30s
[Twitter] [Epoch=114] Train Loss=[QuantLoss=0.03317]Val loss = [QuantLoss=0.04543][QuantReg:0.39157]
[Twitter] Starting epoch 115...
[Twitter] Elapsed training time:4.60s
[Twitter] Starting validation...
[Twitter] Elapsed validation time:0.29s
[Twitter] [Epoch=115] Train Loss=[QuantLoss=0.03146]Val loss = [QuantLoss=0.04761][QuantReg:0.39094]
[Twitter] Starting epoch 116...
[Twitter] Elapsed training time:4.70s
[Twitter] Starting validation...
[Twitter] Elapsed validation time:0.29s
[Twitter] [Epoch=116] Train Loss=[QuantLoss=0.03118]Val loss = [QuantLoss=0.05610][QuantReg:0.38959]
[Twitter] Starting epoch 117...
[Twitter] Elapsed training time:4.72s
[Twitter] Starting validation...
[Twitter] Elapsed validation time:0.31s
[Twitter] [Epoch=117] Train Loss=[QuantLoss=0.03126]Val loss = [QuantLoss=0.05241][QuantReg:0.39032]
[Twitter] Starting epoch 118...
[Twitter] Elapsed training time:4.76s
[Twitter] Starting validation...
[Twitter] Elapsed validation time:0.31s
[Twitter] [Epoch=118] Train Loss=[QuantLoss=0.03024]Val loss = [QuantLoss=0.06446][QuantReg:0.39034]
[Twitter] Starting epoch 119...
[Twitter] Elapsed training time:5.03s
[Twitter] Starting validation...
[Twitter] Elapsed validation time:0.33s
[Twitter] [Epoch=119] Train Loss=[QuantLoss=0.03218]Val loss = [QuantLoss=0.05892][QuantReg:0.39013]
[Twitter] Starting epoch 120...
[Twitter] Elapsed training time:4.75s
[Twitter] Starting validation...
[Twitter] Elapsed validation time:0.34s
[Twitter] [Epoch=120] Train Loss=[QuantLoss=0.03172]Val loss = [QuantLoss=0.05629][QuantReg:0.38937]
[Twitter] Starting epoch 121...
[Twitter] Elapsed training time:4.48s
[Twitter] Starting validation...
[Twitter] Elapsed validation time:0.37s
[Twitter] [Epoch=121] Train Loss=[QuantLoss=0.03105]Val loss = [QuantLoss=0.04621][QuantReg:0.38988]
[Twitter] Starting epoch 122...
[Twitter] Elapsed training time:4.29s
[Twitter] Starting validation...
[Twitter] Elapsed validation time:0.33s
[Twitter] [Epoch=122] Train Loss=[QuantLoss=0.03180]Val loss = [QuantLoss=0.03977][QuantReg:0.39019]
[Twitter] Starting epoch 123...
[Twitter] Elapsed training time:4.29s
[Twitter] Starting validation...
[Twitter] Elapsed validation time:0.34s
[Twitter] [Epoch=123] Train Loss=[QuantLoss=0.03224]Val loss = [QuantLoss=0.04500][QuantReg:0.39147]
[Twitter] Starting epoch 124...
[Twitter] Elapsed training time:4.35s
[Twitter] Starting validation...
[Twitter] Elapsed validation time:0.29s
[Twitter] [Epoch=124] Train Loss=[QuantLoss=0.03058]Val loss = [QuantLoss=0.04210][QuantReg:0.39072]
[Twitter] Starting epoch 125...
[Twitter] Elapsed training time:3.44s
[Twitter] Starting validation...
[Twitter] Elapsed validation time:0.36s
[Twitter] [Epoch=125] Train Loss=[QuantLoss=0.03050]Val loss = [QuantLoss=0.04469][QuantReg:0.39005]
[Twitter] Starting epoch 126...
[Twitter] Elapsed training time:4.58s
[Twitter] Starting validation...
[Twitter] Elapsed validation time:0.36s
[Twitter] [Epoch=126] Train Loss=[QuantLoss=0.02948]Val loss = [QuantLoss=0.04318][QuantReg:0.38986]
[Twitter] Starting epoch 127...
[Twitter] Elapsed training time:4.68s
[Twitter] Starting validation...
[Twitter] Elapsed validation time:0.35s
[Twitter] [Epoch=127] Train Loss=[QuantLoss=0.03049]Val loss = [QuantLoss=0.04956][QuantReg:0.39073]
[Twitter] Starting epoch 128...
[Twitter] Elapsed training time:4.35s
[Twitter] Starting validation...
[Twitter] Elapsed validation time:0.35s
[Twitter] [Epoch=128] Train Loss=[QuantLoss=0.02963]Val loss = [QuantLoss=0.05157][QuantReg:0.39102]
[Twitter] Starting epoch 129...
[Twitter] Elapsed training time:4.56s
[Twitter] Starting validation...
[Twitter] Elapsed validation time:0.35s
[Twitter] [Epoch=129] Train Loss=[QuantLoss=0.02994]Val loss = [QuantLoss=0.04663][QuantReg:0.39211]
[Twitter] Starting epoch 130...
[Twitter] Elapsed training time:4.67s
[Twitter] Starting validation...
[Twitter] Elapsed validation time:0.34s
[Twitter] [Epoch=130] Train Loss=[QuantLoss=0.03062]Val loss = [QuantLoss=0.04642][QuantReg:0.39195]
[Twitter] Starting epoch 131...
[Twitter] Elapsed training time:4.39s
[Twitter] Starting validation...
[Twitter] Elapsed validation time:0.35s
[Twitter] [Epoch=131] Train Loss=[QuantLoss=0.02998]Val loss = [QuantLoss=0.04875][QuantReg:0.39146]
[Twitter] Starting epoch 132...
[Twitter] Elapsed training time:4.36s
[Twitter] Starting validation...
[Twitter] Elapsed validation time:0.36s
[Twitter] [Epoch=132] Train Loss=[QuantLoss=0.03058]Val loss = [QuantLoss=0.05290][QuantReg:0.39208]
[Twitter] Starting epoch 133...
[Twitter] Elapsed training time:4.52s
[Twitter] Starting validation...
[Twitter] Elapsed validation time:0.35s
[Twitter] [Epoch=133] Train Loss=[QuantLoss=0.03096]Val loss = [QuantLoss=0.05072][QuantReg:0.39267]
[Twitter] Starting epoch 134...
[Twitter] Elapsed training time:4.39s
[Twitter] Starting validation...
[Twitter] Elapsed validation time:0.36s
[Twitter] [Epoch=134] Train Loss=[QuantLoss=0.03075]Val loss = [QuantLoss=0.04847][QuantReg:0.39190]
[Twitter] Starting epoch 135...
[Twitter] Elapsed training time:4.50s
[Twitter] Starting validation...
[Twitter] Elapsed validation time:0.37s
[Twitter] [Epoch=135] Train Loss=[QuantLoss=0.02930]Val loss = [QuantLoss=0.04945][QuantReg:0.39211]
[Twitter] Starting epoch 136...
[Twitter] Elapsed training time:4.94s
[Twitter] Starting validation...
[Twitter] Elapsed validation time:0.33s
[Twitter] [Epoch=136] Train Loss=[QuantLoss=0.02962]Val loss = [QuantLoss=0.04973][QuantReg:0.39200]
[Twitter] Starting epoch 137...
[Twitter] Elapsed training time:4.82s
[Twitter] Starting validation...
[Twitter] Elapsed validation time:0.33s
[Twitter] [Epoch=137] Train Loss=[QuantLoss=0.03115]Val loss = [QuantLoss=0.05618][QuantReg:0.39041]
[Twitter] Starting epoch 138...
[Twitter] Elapsed training time:4.91s
[Twitter] Starting validation...
[Twitter] Elapsed validation time:0.34s
[Twitter] [Epoch=138] Train Loss=[QuantLoss=0.03171]Val loss = [QuantLoss=0.05235][QuantReg:0.39084]
[Twitter] Starting epoch 139...
[Twitter] Elapsed training time:4.94s
[Twitter] Starting validation...
[Twitter] Elapsed validation time:0.22s
[Twitter] [Epoch=139] Train Loss=[QuantLoss=0.03110]Val loss = [QuantLoss=0.05048][QuantReg:0.38999]
[Twitter] Starting epoch 140...
[Twitter] Elapsed training time:4.85s
[Twitter] Starting validation...
[Twitter] Elapsed validation time:0.24s
[Twitter] [Epoch=140] Train Loss=[QuantLoss=0.03162]Val loss = [QuantLoss=0.05243][QuantReg:0.38904]
[Twitter] Starting epoch 141...
[Twitter] Elapsed training time:4.78s
[Twitter] Starting validation...
[Twitter] Elapsed validation time:0.26s
[Twitter] [Epoch=141] Train Loss=[QuantLoss=0.03131]Val loss = [QuantLoss=0.05221][QuantReg:0.38937]
[Twitter] Starting epoch 142...
[Twitter] Elapsed training time:4.89s
[Twitter] Starting validation...
[Twitter] Elapsed validation time:0.26s
[Twitter] [Epoch=142] Train Loss=[QuantLoss=0.02981]Val loss = [QuantLoss=0.05652][QuantReg:0.39057]
[Twitter] Early stopping in epoch 142!
[Twitter] Restoring best model...
MAE médio por bag: 0.0468 ± 0.0223
Salvo em resultados_sanders/resultados_twitter_bert_l1_hardest_5.csv
Dataset: /home/nildaimon/gmnet/experiments/train_curl/Datasets/Sanders/twitter-sanders-apple3.csv
Dificuldade: metric=l1, mode=easiest, top_k=None
Rodada: 5
Salvar resultados em: resultados_sanders
Dispositivo de treino: cpu
Carregando e processando dataset Twitter
Carregando embeddings do cache...
/home/nildaimon/gmnet/experiments/train_curl/train_sanders.py:89: FutureWarning: You are using `torch.load` with `weights_only=False` (the current default value), which uses the default pickle module implicitly. It is possible to construct malicious pickle data which will execute arbitrary code during unpickling (See https://github.com/pytorch/pytorch/blob/main/SECURITY.md#untrusted-models for more details). In a future release, the default value for `weights_only` will be flipped to `True`. This limits the functions that could be executed during unpickling. Arbitrary objects will no longer be allowed to be loaded via this mode unless they are explicitly allowlisted by the user via `torch.serialization.add_safe_globals`. We recommend you start setting `weights_only=True` for any use case where you don't have full control of the loaded file. Please open an issue on GitHub for any issues related to this experimental feature.
  embeddings = torch.load(EMBEDDING_CACHE)
/home/nildaimon/gmnet/experiments/train_curl/train_sanders.py:90: FutureWarning: You are using `torch.load` with `weights_only=False` (the current default value), which uses the default pickle module implicitly. It is possible to construct malicious pickle data which will execute arbitrary code during unpickling (See https://github.com/pytorch/pytorch/blob/main/SECURITY.md#untrusted-models for more details). In a future release, the default value for `weights_only` will be flipped to `True`. This limits the functions that could be executed during unpickling. Arbitrary objects will no longer be allowed to be loaded via this mode unless they are explicitly allowlisted by the user via `torch.serialization.add_safe_globals`. We recommend you start setting `weights_only=True` for any use case where you don't have full control of the loaded file. Please open an issue on GitHub for any issues related to this experimental feature.
  labels = torch.load(LABELS_CACHE)
Ignoring val_split as train and val datasets where given to fit function
We have two datasets: training 1092 examples. validation 100 examples.]
Using device cpu
/home/nildaimon/anaconda3/envs/gmnet/lib/python3.12/site-packages/torch/optim/lr_scheduler.py:62: UserWarning: The verbose parameter is deprecated. Please use get_last_lr() to access the learning rate.
  warnings.warn(
/home/nildaimon/gmnet/dlquantification/main.py:835: FutureWarning: `torch.cuda.amp.GradScaler(args...)` is deprecated. Please use `torch.amp.GradScaler('cuda', args...)` instead.
  scaler = torch.cuda.amp.GradScaler(enabled=self.use_fp16)
[Twitter] Starting epoch 0...
/home/nildaimon/gmnet/dlquantification/main.py:888: FutureWarning: `torch.cuda.amp.autocast(args...)` is deprecated. Please use `torch.amp.autocast('cuda', args...)` instead.
  with torch.cuda.amp.autocast(enabled=self.use_fp16):
[Twitter] Elapsed training time:4.58s
[Twitter] Starting validation...
[Twitter] Elapsed validation time:0.25s
[Twitter] [Epoch=000] Train Loss=[QuantLoss=0.07876]Val loss = [QuantLoss=0.02965][QuantReg:0.41939][saved best model in this epoch]
[Twitter] Starting epoch 1...
[Twitter] Elapsed training time:4.87s
[Twitter] Starting validation...
[Twitter] Elapsed validation time:0.25s
[Twitter] [Epoch=001] Train Loss=[QuantLoss=0.07351]Val loss = [QuantLoss=0.07176][QuantReg:0.45114]
[Twitter] Starting epoch 2...
[Twitter] Elapsed training time:4.44s
[Twitter] Starting validation...
[Twitter] Elapsed validation time:0.25s
[Twitter] [Epoch=002] Train Loss=[QuantLoss=0.07414]Val loss = [QuantLoss=0.17016][QuantReg:0.46868]
[Twitter] Starting epoch 3...
[Twitter] Elapsed training time:4.41s
[Twitter] Starting validation...
[Twitter] Elapsed validation time:0.24s
[Twitter] [Epoch=003] Train Loss=[QuantLoss=0.07129]Val loss = [QuantLoss=0.18500][QuantReg:0.49325]
[Twitter] Starting epoch 4...
[Twitter] Elapsed training time:4.26s
[Twitter] Starting validation...
[Twitter] Elapsed validation time:0.23s
[Twitter] [Epoch=004] Train Loss=[QuantLoss=0.07263]Val loss = [QuantLoss=0.18744][QuantReg:0.48369]
[Twitter] Starting epoch 5...
[Twitter] Elapsed training time:4.34s
[Twitter] Starting validation...
[Twitter] Elapsed validation time:0.24s
[Twitter] [Epoch=005] Train Loss=[QuantLoss=0.06587]Val loss = [QuantLoss=0.04145][QuantReg:0.49699]
[Twitter] Starting epoch 6...
[Twitter] Elapsed training time:4.39s
[Twitter] Starting validation...
[Twitter] Elapsed validation time:0.25s
[Twitter] [Epoch=006] Train Loss=[QuantLoss=0.06538]Val loss = [QuantLoss=0.09950][QuantReg:0.46509]
[Twitter] Starting epoch 7...
[Twitter] Elapsed training time:4.40s
[Twitter] Starting validation...
[Twitter] Elapsed validation time:0.24s
[Twitter] [Epoch=007] Train Loss=[QuantLoss=0.06279]Val loss = [QuantLoss=0.11155][QuantReg:0.47768]
[Twitter] Starting epoch 8...
[Twitter] Elapsed training time:4.35s
[Twitter] Starting validation...
[Twitter] Elapsed validation time:0.27s
[Twitter] [Epoch=008] Train Loss=[QuantLoss=0.06326]Val loss = [QuantLoss=0.15603][QuantReg:0.44561]
[Twitter] Starting epoch 9...
[Twitter] Elapsed training time:4.36s
[Twitter] Starting validation...
[Twitter] Elapsed validation time:0.25s
[Twitter] [Epoch=009] Train Loss=[QuantLoss=0.05967]Val loss = [QuantLoss=0.13254][QuantReg:0.47468]
[Twitter] Starting epoch 10...
[Twitter] Elapsed training time:4.43s
[Twitter] Starting validation...
[Twitter] Elapsed validation time:0.24s
[Twitter] [Epoch=010] Train Loss=[QuantLoss=0.06414]Val loss = [QuantLoss=0.06607][QuantReg:0.48677]
[Twitter] Starting epoch 11...
[Twitter] Elapsed training time:4.50s
[Twitter] Starting validation...
[Twitter] Elapsed validation time:0.27s
[Twitter] [Epoch=011] Train Loss=[QuantLoss=0.05816]Val loss = [QuantLoss=0.08620][QuantReg:0.48867]
[Twitter] Starting epoch 12...
[Twitter] Elapsed training time:4.44s
[Twitter] Starting validation...
[Twitter] Elapsed validation time:0.23s
[Twitter] [Epoch=012] Train Loss=[QuantLoss=0.06145]Val loss = [QuantLoss=0.09456][QuantReg:0.49559]
[Twitter] Starting epoch 13...
[Twitter] Elapsed training time:4.42s
[Twitter] Starting validation...
[Twitter] Elapsed validation time:0.24s
[Twitter] [Epoch=013] Train Loss=[QuantLoss=0.06371]Val loss = [QuantLoss=0.07018][QuantReg:0.52912]
[Twitter] Starting epoch 14...
[Twitter] Elapsed training time:4.37s
[Twitter] Starting validation...
[Twitter] Elapsed validation time:0.24s
[Twitter] [Epoch=014] Train Loss=[QuantLoss=0.05963]Val loss = [QuantLoss=0.01160][QuantReg:0.53701][saved best model in this epoch]
[Twitter] Starting epoch 15...
[Twitter] Elapsed training time:4.54s
[Twitter] Starting validation...
[Twitter] Elapsed validation time:0.24s
[Twitter] [Epoch=015] Train Loss=[QuantLoss=0.06013]Val loss = [QuantLoss=0.07649][QuantReg:0.52260]
[Twitter] Starting epoch 16...
[Twitter] Elapsed training time:4.58s
[Twitter] Starting validation...
[Twitter] Elapsed validation time:0.23s
[Twitter] [Epoch=016] Train Loss=[QuantLoss=0.06627]Val loss = [QuantLoss=0.07344][QuantReg:0.51692]
[Twitter] Starting epoch 17...
[Twitter] Elapsed training time:4.48s
[Twitter] Starting validation...
[Twitter] Elapsed validation time:0.25s
[Twitter] [Epoch=017] Train Loss=[QuantLoss=0.05566]Val loss = [QuantLoss=0.04112][QuantReg:0.48358]
[Twitter] Starting epoch 18...
[Twitter] Elapsed training time:4.37s
[Twitter] Starting validation...
[Twitter] Elapsed validation time:0.22s
[Twitter] [Epoch=018] Train Loss=[QuantLoss=0.05493]Val loss = [QuantLoss=0.04346][QuantReg:0.48263]
[Twitter] Starting epoch 19...
[Twitter] Elapsed training time:4.38s
[Twitter] Starting validation...
[Twitter] Elapsed validation time:0.24s
[Twitter] [Epoch=019] Train Loss=[QuantLoss=0.05315]Val loss = [QuantLoss=0.06441][QuantReg:0.47874]
[Twitter] Starting epoch 20...
[Twitter] Elapsed training time:4.49s
[Twitter] Starting validation...
[Twitter] Elapsed validation time:0.24s
[Twitter] [Epoch=020] Train Loss=[QuantLoss=0.05006]Val loss = [QuantLoss=0.04909][QuantReg:0.45825]
[Twitter] Starting epoch 21...
[Twitter] Elapsed training time:4.51s
[Twitter] Starting validation...
[Twitter] Elapsed validation time:0.25s
[Twitter] [Epoch=021] Train Loss=[QuantLoss=0.05294]Val loss = [QuantLoss=0.03105][QuantReg:0.46905]
[Twitter] Starting epoch 22...
[Twitter] Elapsed training time:4.42s
[Twitter] Starting validation...
[Twitter] Elapsed validation time:0.23s
[Twitter] [Epoch=022] Train Loss=[QuantLoss=0.05299]Val loss = [QuantLoss=0.05719][QuantReg:0.47875]
[Twitter] Starting epoch 23...
[Twitter] Elapsed training time:4.32s
[Twitter] Starting validation...
[Twitter] Elapsed validation time:0.26s
[Twitter] [Epoch=023] Train Loss=[QuantLoss=0.05660]Val loss = [QuantLoss=0.06456][QuantReg:0.47441]
[Twitter] Starting epoch 24...
[Twitter] Elapsed training time:4.29s
[Twitter] Starting validation...
[Twitter] Elapsed validation time:0.24s
[Twitter] [Epoch=024] Train Loss=[QuantLoss=0.06463]Val loss = [QuantLoss=0.07309][QuantReg:0.47413]
[Twitter] Starting epoch 25...
[Twitter] Elapsed training time:4.33s
[Twitter] Starting validation...
[Twitter] Elapsed validation time:0.36s
[Twitter] [Epoch=025] Train Loss=[QuantLoss=0.05423]Val loss = [QuantLoss=0.05704][QuantReg:0.45734]
[Twitter] Starting epoch 26...
[Twitter] Elapsed training time:4.39s
[Twitter] Starting validation...
[Twitter] Elapsed validation time:0.23s
[Twitter] [Epoch=026] Train Loss=[QuantLoss=0.05642]Val loss = [QuantLoss=0.01955][QuantReg:0.44877]
[Twitter] Starting epoch 27...
[Twitter] Elapsed training time:4.21s
[Twitter] Starting validation...
[Twitter] Elapsed validation time:0.38s
[Twitter] [Epoch=027] Train Loss=[QuantLoss=0.05528]Val loss = [QuantLoss=0.09277][QuantReg:0.45058]
[Twitter] Starting epoch 28...
[Twitter] Elapsed training time:4.39s
[Twitter] Starting validation...
[Twitter] Elapsed validation time:0.35s
[Twitter] [Epoch=028] Train Loss=[QuantLoss=0.05661]Val loss = [QuantLoss=0.09921][QuantReg:0.45792]
[Twitter] Starting epoch 29...
[Twitter] Elapsed training time:4.23s
[Twitter] Starting validation...
[Twitter] Elapsed validation time:0.36s
[Twitter] [Epoch=029] Train Loss=[QuantLoss=0.05387]Val loss = [QuantLoss=0.08499][QuantReg:0.45669]
[Twitter] Starting epoch 30...
[Twitter] Elapsed training time:4.24s
[Twitter] Starting validation...
[Twitter] Elapsed validation time:0.37s
[Twitter] [Epoch=030] Train Loss=[QuantLoss=0.05885]Val loss = [QuantLoss=0.09166][QuantReg:0.44140]
[Twitter] Starting epoch 31...
[Twitter] Elapsed training time:4.33s
[Twitter] Starting validation...
[Twitter] Elapsed validation time:0.37s
[Twitter] [Epoch=031] Train Loss=[QuantLoss=0.05649]Val loss = [QuantLoss=0.06643][QuantReg:0.44549]
[Twitter] Starting epoch 32...
[Twitter] Elapsed training time:4.36s
[Twitter] Starting validation...
[Twitter] Elapsed validation time:0.34s
[Twitter] [Epoch=032] Train Loss=[QuantLoss=0.05406]Val loss = [QuantLoss=0.02454][QuantReg:0.45136]
[Twitter] Starting epoch 33...
[Twitter] Elapsed training time:4.55s
[Twitter] Starting validation...
[Twitter] Elapsed validation time:0.37s
[Twitter] [Epoch=033] Train Loss=[QuantLoss=0.05183]Val loss = [QuantLoss=0.09048][QuantReg:0.44187]
[Twitter] Starting epoch 34...
[Twitter] Elapsed training time:4.52s
[Twitter] Starting validation...
[Twitter] Elapsed validation time:0.31s
[Twitter] [Epoch=034] Train Loss=[QuantLoss=0.06133]Val loss = [QuantLoss=0.03666][QuantReg:0.44619]
[Twitter] Starting epoch 35...
[Twitter] Elapsed training time:4.51s
[Twitter] Starting validation...
[Twitter] Elapsed validation time:0.31s
[Twitter] [Epoch=035] Train Loss=[QuantLoss=0.05535]Val loss = [QuantLoss=0.04267][QuantReg:0.43906]
[Twitter] Starting epoch 36...
[Twitter] Elapsed training time:4.64s
[Twitter] Starting validation...
[Twitter] Elapsed validation time:0.30s
[Twitter] [Epoch=036] Train Loss=[QuantLoss=0.05049]Val loss = [QuantLoss=0.03905][QuantReg:0.43702]
[Twitter] Starting epoch 37...
[Twitter] Elapsed training time:4.82s
[Twitter] Starting validation...
[Twitter] Elapsed validation time:0.30s
[Twitter] [Epoch=037] Train Loss=[QuantLoss=0.04954]Val loss = [QuantLoss=0.09494][QuantReg:0.43257]
[Twitter] Starting epoch 38...
[Twitter] Elapsed training time:4.82s
[Twitter] Starting validation...
[Twitter] Elapsed validation time:0.31s
[Twitter] [Epoch=038] Train Loss=[QuantLoss=0.05602]Val loss = [QuantLoss=0.08314][QuantReg:0.43516]
[Twitter] Starting epoch 39...
[Twitter] Elapsed training time:4.77s
[Twitter] Starting validation...
[Twitter] Elapsed validation time:0.30s
[Twitter] [Epoch=039] Train Loss=[QuantLoss=0.05021]Val loss = [QuantLoss=0.03789][QuantReg:0.43350]
[Twitter] Starting epoch 40...
[Twitter] Elapsed training time:4.82s
[Twitter] Starting validation...
[Twitter] Elapsed validation time:0.31s
[Twitter] [Epoch=040] Train Loss=[QuantLoss=0.04363]Val loss = [QuantLoss=0.06347][QuantReg:0.43454]
[Twitter] Starting epoch 41...
[Twitter] Elapsed training time:4.88s
[Twitter] Starting validation...
[Twitter] Elapsed validation time:0.31s
[Twitter] [Epoch=041] Train Loss=[QuantLoss=0.04573]Val loss = [QuantLoss=0.07010][QuantReg:0.43359]
[Twitter] Starting epoch 42...
[Twitter] Elapsed training time:4.91s
[Twitter] Starting validation...
[Twitter] Elapsed validation time:0.34s
[Twitter] [Epoch=042] Train Loss=[QuantLoss=0.04523]Val loss = [QuantLoss=0.03632][QuantReg:0.43460]
[Twitter] Starting epoch 43...
[Twitter] Elapsed training time:5.03s
[Twitter] Starting validation...
[Twitter] Elapsed validation time:0.32s
[Twitter] [Epoch=043] Train Loss=[QuantLoss=0.04784]Val loss = [QuantLoss=0.08383][QuantReg:0.43245]
[Twitter] Starting epoch 44...
[Twitter] Elapsed training time:4.75s
[Twitter] Starting validation...
[Twitter] Elapsed validation time:0.30s
[Twitter] [Epoch=044] Train Loss=[QuantLoss=0.04396]Val loss = [QuantLoss=0.05678][QuantReg:0.43180]
[Twitter] Starting epoch 45...
[Twitter] Elapsed training time:4.67s
[Twitter] Starting validation...
[Twitter] Elapsed validation time:0.34s
[Twitter] [Epoch=045] Train Loss=[QuantLoss=0.04629]Val loss = [QuantLoss=0.06357][QuantReg:0.43081]
[Twitter] Starting epoch 46...
[Twitter] Elapsed training time:4.62s
[Twitter] Starting validation...
[Twitter] Elapsed validation time:0.33s
[Twitter] [Epoch=046] Train Loss=[QuantLoss=0.04428]Val loss = [QuantLoss=0.05465][QuantReg:0.43080]
[Twitter] Starting epoch 47...
[Twitter] Elapsed training time:4.32s
[Twitter] Starting validation...
[Twitter] Elapsed validation time:0.34s
[Twitter] [Epoch=047] Train Loss=[QuantLoss=0.04672]Val loss = [QuantLoss=0.05644][QuantReg:0.43069]
[Twitter] Starting epoch 48...
[Twitter] Elapsed training time:4.37s
[Twitter] Starting validation...
[Twitter] Elapsed validation time:0.35s
[Twitter] [Epoch=048] Train Loss=[QuantLoss=0.04597]Val loss = [QuantLoss=0.07400][QuantReg:0.44019]
[Twitter] Starting epoch 49...
[Twitter] Elapsed training time:4.35s
[Twitter] Starting validation...
[Twitter] Elapsed validation time:0.34s
[Twitter] [Epoch=049] Train Loss=[QuantLoss=0.04863]Val loss = [QuantLoss=0.04630][QuantReg:0.43342]
[Twitter] Starting epoch 50...
[Twitter] Elapsed training time:4.37s
[Twitter] Starting validation...
[Twitter] Elapsed validation time:0.37s
[Twitter] [Epoch=050] Train Loss=[QuantLoss=0.04831]Val loss = [QuantLoss=0.05140][QuantReg:0.42382]
[Twitter] Starting epoch 51...
[Twitter] Elapsed training time:4.46s
[Twitter] Starting validation...
[Twitter] Elapsed validation time:0.36s
[Twitter] [Epoch=051] Train Loss=[QuantLoss=0.04827]Val loss = [QuantLoss=0.09196][QuantReg:0.42104]
[Twitter] Starting epoch 52...
[Twitter] Elapsed training time:4.63s
[Twitter] Starting validation...
[Twitter] Elapsed validation time:0.38s
[Twitter] [Epoch=052] Train Loss=[QuantLoss=0.04960]Val loss = [QuantLoss=0.05109][QuantReg:0.41863]
[Twitter] Starting epoch 53...
[Twitter] Elapsed training time:4.38s
[Twitter] Starting validation...
[Twitter] Elapsed validation time:0.38s
[Twitter] [Epoch=053] Train Loss=[QuantLoss=0.04722]Val loss = [QuantLoss=0.07795][QuantReg:0.42895]
[Twitter] Starting epoch 54...
[Twitter] Elapsed training time:4.44s
[Twitter] Starting validation...
[Twitter] Elapsed validation time:0.35s
[Twitter] [Epoch=054] Train Loss=[QuantLoss=0.04878]Val loss = [QuantLoss=0.08054][QuantReg:0.42902]
[Twitter] Starting epoch 55...
[Twitter] Elapsed training time:4.34s
[Twitter] Starting validation...
[Twitter] Elapsed validation time:0.38s
[Twitter] [Epoch=055] Train Loss=[QuantLoss=0.04628]Val loss = [QuantLoss=0.09061][QuantReg:0.43347]
[Twitter] Starting epoch 56...
[Twitter] Elapsed training time:4.45s
[Twitter] Starting validation...
[Twitter] Elapsed validation time:0.37s
[Twitter] [Epoch=056] Train Loss=[QuantLoss=0.04602]Val loss = [QuantLoss=0.17197][QuantReg:0.43056]
[Twitter] Starting epoch 57...
[Twitter] Elapsed training time:4.48s
[Twitter] Starting validation...
[Twitter] Elapsed validation time:0.37s
[Twitter] [Epoch=057] Train Loss=[QuantLoss=0.04984]Val loss = [QuantLoss=0.14105][QuantReg:0.42372]
[Twitter] Starting epoch 58...
[Twitter] Elapsed training time:4.41s
[Twitter] Starting validation...
[Twitter] Elapsed validation time:0.36s
[Twitter] [Epoch=058] Train Loss=[QuantLoss=0.03939]Val loss = [QuantLoss=0.10098][QuantReg:0.42348]
[Twitter] Starting epoch 59...
[Twitter] Elapsed training time:4.37s
[Twitter] Starting validation...
[Twitter] Elapsed validation time:0.35s
[Twitter] [Epoch=059] Train Loss=[QuantLoss=0.04086]Val loss = [QuantLoss=0.08383][QuantReg:0.41798]
[Twitter] Starting epoch 60...
[Twitter] Elapsed training time:4.38s
[Twitter] Starting validation...
[Twitter] Elapsed validation time:0.36s
[Twitter] [Epoch=060] Train Loss=[QuantLoss=0.03901]Val loss = [QuantLoss=0.06110][QuantReg:0.41719]
[Twitter] Starting epoch 61...
[Twitter] Elapsed training time:4.51s
[Twitter] Starting validation...
[Twitter] Elapsed validation time:0.24s
[Twitter] [Epoch=061] Train Loss=[QuantLoss=0.03838]Val loss = [QuantLoss=0.06431][QuantReg:0.41799]
[Twitter] Starting epoch 62...
[Twitter] Elapsed training time:4.29s
[Twitter] Starting validation...
[Twitter] Elapsed validation time:0.26s
[Twitter] [Epoch=062] Train Loss=[QuantLoss=0.03882]Val loss = [QuantLoss=0.07695][QuantReg:0.41769]
[Twitter] Starting epoch 63...
[Twitter] Elapsed training time:4.18s
[Twitter] Starting validation...
[Twitter] Elapsed validation time:0.24s
[Twitter] [Epoch=063] Train Loss=[QuantLoss=0.04149]Val loss = [QuantLoss=0.09202][QuantReg:0.41423]
[Twitter] Starting epoch 64...
[Twitter] Elapsed training time:4.18s
[Twitter] Starting validation...
[Twitter] Elapsed validation time:0.25s
[Twitter] [Epoch=064] Train Loss=[QuantLoss=0.03869]Val loss = [QuantLoss=0.07198][QuantReg:0.40882]
[Twitter] Starting epoch 65...
[Twitter] Elapsed training time:4.10s
[Twitter] Starting validation...
[Twitter] Elapsed validation time:0.23s
[Twitter] [Epoch=065] Train Loss=[QuantLoss=0.03818]Val loss = [QuantLoss=0.18054][QuantReg:0.41031]
[Twitter] Starting epoch 66...
[Twitter] Elapsed training time:4.23s
[Twitter] Starting validation...
[Twitter] Elapsed validation time:0.24s
[Twitter] [Epoch=066] Train Loss=[QuantLoss=0.03887]Val loss = [QuantLoss=0.05641][QuantReg:0.41242]
[Twitter] Starting epoch 67...
[Twitter] Elapsed training time:4.17s
[Twitter] Starting validation...
[Twitter] Elapsed validation time:0.24s
[Twitter] [Epoch=067] Train Loss=[QuantLoss=0.04529]Val loss = [QuantLoss=0.06669][QuantReg:0.41520]
[Twitter] Starting epoch 68...
[Twitter] Elapsed training time:4.21s
[Twitter] Starting validation...
[Twitter] Elapsed validation time:0.24s
[Twitter] [Epoch=068] Train Loss=[QuantLoss=0.03631]Val loss = [QuantLoss=0.05370][QuantReg:0.41332]
[Twitter] Starting epoch 69...
[Twitter] Elapsed training time:4.27s
[Twitter] Starting validation...
[Twitter] Elapsed validation time:0.24s
[Twitter] [Epoch=069] Train Loss=[QuantLoss=0.03891]Val loss = [QuantLoss=0.08285][QuantReg:0.41162]
[Twitter] Starting epoch 70...
[Twitter] Elapsed training time:4.37s
[Twitter] Starting validation...
[Twitter] Elapsed validation time:0.24s
[Twitter] [Epoch=070] Train Loss=[QuantLoss=0.03926]Val loss = [QuantLoss=0.07745][QuantReg:0.41161]
[Twitter] Starting epoch 71...
[Twitter] Elapsed training time:4.35s
[Twitter] Starting validation...
[Twitter] Elapsed validation time:0.23s
[Twitter] [Epoch=071] Train Loss=[QuantLoss=0.03707]Val loss = [QuantLoss=0.05744][QuantReg:0.40734]
[Twitter] Starting epoch 72...
[Twitter] Elapsed training time:4.29s
[Twitter] Starting validation...
[Twitter] Elapsed validation time:0.24s
[Twitter] [Epoch=072] Train Loss=[QuantLoss=0.03812]Val loss = [QuantLoss=0.05913][QuantReg:0.40832]
[Twitter] Starting epoch 73...
[Twitter] Elapsed training time:4.30s
[Twitter] Starting validation...
[Twitter] Elapsed validation time:0.23s
[Twitter] [Epoch=073] Train Loss=[QuantLoss=0.03992]Val loss = [QuantLoss=0.06030][QuantReg:0.40804]
[Twitter] Starting epoch 74...
[Twitter] Elapsed training time:4.26s
[Twitter] Starting validation...
[Twitter] Elapsed validation time:0.23s
[Twitter] [Epoch=074] Train Loss=[QuantLoss=0.03891]Val loss = [QuantLoss=0.07644][QuantReg:0.40834]
[Twitter] Starting epoch 75...
[Twitter] Elapsed training time:4.23s
[Twitter] Starting validation...
[Twitter] Elapsed validation time:0.23s
[Twitter] [Epoch=075] Train Loss=[QuantLoss=0.03991]Val loss = [QuantLoss=0.05485][QuantReg:0.40635]
[Twitter] Starting epoch 76...
[Twitter] Elapsed training time:4.28s
[Twitter] Starting validation...
[Twitter] Elapsed validation time:0.25s
[Twitter] [Epoch=076] Train Loss=[QuantLoss=0.03682]Val loss = [QuantLoss=0.05991][QuantReg:0.40736]
[Twitter] Starting epoch 77...
[Twitter] Elapsed training time:4.35s
[Twitter] Starting validation...
[Twitter] Elapsed validation time:0.25s
[Twitter] [Epoch=077] Train Loss=[QuantLoss=0.04285]Val loss = [QuantLoss=0.08183][QuantReg:0.40642]
[Twitter] Starting epoch 78...
[Twitter] Elapsed training time:4.23s
[Twitter] Starting validation...
[Twitter] Elapsed validation time:0.29s
[Twitter] [Epoch=078] Train Loss=[QuantLoss=0.03960]Val loss = [QuantLoss=0.07436][QuantReg:0.40474]
[Twitter] Starting epoch 79...
[Twitter] Elapsed training time:4.25s
[Twitter] Starting validation...
[Twitter] Elapsed validation time:0.23s
[Twitter] [Epoch=079] Train Loss=[QuantLoss=0.03652]Val loss = [QuantLoss=0.06514][QuantReg:0.40234]
[Twitter] Starting epoch 80...
[Twitter] Elapsed training time:4.22s
[Twitter] Starting validation...
[Twitter] Elapsed validation time:0.23s
[Twitter] [Epoch=080] Train Loss=[QuantLoss=0.03603]Val loss = [QuantLoss=0.06089][QuantReg:0.40626]
[Twitter] Starting epoch 81...
[Twitter] Elapsed training time:4.33s
[Twitter] Starting validation...
[Twitter] Elapsed validation time:0.23s
[Twitter] [Epoch=081] Train Loss=[QuantLoss=0.03464]Val loss = [QuantLoss=0.07955][QuantReg:0.40587]
[Twitter] Starting epoch 82...
[Twitter] Elapsed training time:4.22s
[Twitter] Starting validation...
[Twitter] Elapsed validation time:0.23s
[Twitter] [Epoch=082] Train Loss=[QuantLoss=0.04185]Val loss = [QuantLoss=0.08016][QuantReg:0.40609]
[Twitter] Starting epoch 83...
[Twitter] Elapsed training time:4.20s
[Twitter] Starting validation...
[Twitter] Elapsed validation time:0.23s
[Twitter] [Epoch=083] Train Loss=[QuantLoss=0.03414]Val loss = [QuantLoss=0.08305][QuantReg:0.40536]
[Twitter] Starting epoch 84...
[Twitter] Elapsed training time:4.18s
[Twitter] Starting validation...
[Twitter] Elapsed validation time:0.25s
[Twitter] [Epoch=084] Train Loss=[QuantLoss=0.03870]Val loss = [QuantLoss=0.08160][QuantReg:0.40387]
[Twitter] Starting epoch 85...
[Twitter] Elapsed training time:4.16s
[Twitter] Starting validation...
[Twitter] Elapsed validation time:0.23s
[Twitter] [Epoch=085] Train Loss=[QuantLoss=0.03541]Val loss = [QuantLoss=0.07616][QuantReg:0.40048]
[Twitter] Starting epoch 86...
[Twitter] Elapsed training time:4.21s
[Twitter] Starting validation...
[Twitter] Elapsed validation time:0.25s
[Twitter] [Epoch=086] Train Loss=[QuantLoss=0.03428]Val loss = [QuantLoss=0.05546][QuantReg:0.40333]
[Twitter] Starting epoch 87...
[Twitter] Elapsed training time:4.29s
[Twitter] Starting validation...
[Twitter] Elapsed validation time:0.25s
[Twitter] [Epoch=087] Train Loss=[QuantLoss=0.03323]Val loss = [QuantLoss=0.07300][QuantReg:0.40208]
[Twitter] Starting epoch 88...
[Twitter] Elapsed training time:4.24s
[Twitter] Starting validation...
[Twitter] Elapsed validation time:0.23s
[Twitter] [Epoch=088] Train Loss=[QuantLoss=0.03478]Val loss = [QuantLoss=0.07960][QuantReg:0.39951]
[Twitter] Starting epoch 89...
[Twitter] Elapsed training time:4.29s
[Twitter] Starting validation...
[Twitter] Elapsed validation time:0.24s
[Twitter] [Epoch=089] Train Loss=[QuantLoss=0.03496]Val loss = [QuantLoss=0.08150][QuantReg:0.40360]
[Twitter] Starting epoch 90...
[Twitter] Elapsed training time:4.30s
[Twitter] Starting validation...
[Twitter] Elapsed validation time:0.25s
[Twitter] [Epoch=090] Train Loss=[QuantLoss=0.03322]Val loss = [QuantLoss=0.07532][QuantReg:0.40466]
[Twitter] Starting epoch 91...
[Twitter] Elapsed training time:4.23s
[Twitter] Starting validation...
[Twitter] Elapsed validation time:0.25s
[Twitter] [Epoch=091] Train Loss=[QuantLoss=0.03547]Val loss = [QuantLoss=0.07204][QuantReg:0.40433]
[Twitter] Starting epoch 92...
[Twitter] Elapsed training time:4.33s
[Twitter] Starting validation...
[Twitter] Elapsed validation time:0.24s
[Twitter] [Epoch=092] Train Loss=[QuantLoss=0.03245]Val loss = [QuantLoss=0.08580][QuantReg:0.40309]
[Twitter] Starting epoch 93...
[Twitter] Elapsed training time:4.39s
[Twitter] Starting validation...
[Twitter] Elapsed validation time:0.26s
[Twitter] [Epoch=093] Train Loss=[QuantLoss=0.03347]Val loss = [QuantLoss=0.07045][QuantReg:0.40546]
[Twitter] Starting epoch 94...
[Twitter] Elapsed training time:4.40s
[Twitter] Starting validation...
[Twitter] Elapsed validation time:0.24s
[Twitter] [Epoch=094] Train Loss=[QuantLoss=0.03346]Val loss = [QuantLoss=0.08081][QuantReg:0.40410]
[Twitter] Starting epoch 95...
[Twitter] Elapsed training time:4.16s
[Twitter] Starting validation...
[Twitter] Elapsed validation time:0.23s
[Twitter] [Epoch=095] Train Loss=[QuantLoss=0.03359]Val loss = [QuantLoss=0.07579][QuantReg:0.40478]
[Twitter] Starting epoch 96...
[Twitter] Elapsed training time:4.13s
[Twitter] Starting validation...
[Twitter] Elapsed validation time:0.21s
[Twitter] [Epoch=096] Train Loss=[QuantLoss=0.04122]Val loss = [QuantLoss=0.07881][QuantReg:0.40428]
[Twitter] Starting epoch 97...
[Twitter] Elapsed training time:4.29s
[Twitter] Starting validation...
[Twitter] Elapsed validation time:0.20s
[Twitter] [Epoch=097] Train Loss=[QuantLoss=0.03716]Val loss = [QuantLoss=0.07358][QuantReg:0.40371]
[Twitter] Starting epoch 98...
[Twitter] Elapsed training time:4.56s
[Twitter] Starting validation...
[Twitter] Elapsed validation time:0.24s
[Twitter] [Epoch=098] Train Loss=[QuantLoss=0.03365]Val loss = [QuantLoss=0.06698][QuantReg:0.40198]
[Twitter] Starting epoch 99...
[Twitter] Elapsed training time:4.54s
[Twitter] Starting validation...
[Twitter] Elapsed validation time:0.34s
[Twitter] [Epoch=099] Train Loss=[QuantLoss=0.03370]Val loss = [QuantLoss=0.06512][QuantReg:0.40303]
[Twitter] Starting epoch 100...
[Twitter] Elapsed training time:4.80s
[Twitter] Starting validation...
[Twitter] Elapsed validation time:0.21s
[Twitter] [Epoch=100] Train Loss=[QuantLoss=0.03220]Val loss = [QuantLoss=0.07693][QuantReg:0.40336]
[Twitter] Starting epoch 101...
[Twitter] Elapsed training time:4.61s
[Twitter] Starting validation...
[Twitter] Elapsed validation time:0.32s
[Twitter] [Epoch=101] Train Loss=[QuantLoss=0.03064]Val loss = [QuantLoss=0.06636][QuantReg:0.40352]
[Twitter] Starting epoch 102...
[Twitter] Elapsed training time:4.52s
[Twitter] Starting validation...
[Twitter] Elapsed validation time:0.22s
[Twitter] [Epoch=102] Train Loss=[QuantLoss=0.03133]Val loss = [QuantLoss=0.06890][QuantReg:0.40139]
[Twitter] Starting epoch 103...
[Twitter] Elapsed training time:4.30s
[Twitter] Starting validation...
[Twitter] Elapsed validation time:0.34s
[Twitter] [Epoch=103] Train Loss=[QuantLoss=0.03174]Val loss = [QuantLoss=0.06401][QuantReg:0.40274]
[Twitter] Starting epoch 104...
[Twitter] Elapsed training time:4.34s
[Twitter] Starting validation...
[Twitter] Elapsed validation time:0.32s
[Twitter] [Epoch=104] Train Loss=[QuantLoss=0.03118]Val loss = [QuantLoss=0.06807][QuantReg:0.40378]
[Twitter] Starting epoch 105...
[Twitter] Elapsed training time:4.47s
[Twitter] Starting validation...
[Twitter] Elapsed validation time:0.32s
[Twitter] [Epoch=105] Train Loss=[QuantLoss=0.03295]Val loss = [QuantLoss=0.07593][QuantReg:0.40371]
[Twitter] Starting epoch 106...
[Twitter] Elapsed training time:4.36s
[Twitter] Starting validation...
[Twitter] Elapsed validation time:0.33s
[Twitter] [Epoch=106] Train Loss=[QuantLoss=0.03217]Val loss = [QuantLoss=0.06404][QuantReg:0.40207]
[Twitter] Starting epoch 107...
[Twitter] Elapsed training time:4.34s
[Twitter] Starting validation...
[Twitter] Elapsed validation time:0.35s
[Twitter] [Epoch=107] Train Loss=[QuantLoss=0.03188]Val loss = [QuantLoss=0.07754][QuantReg:0.40293]
[Twitter] Starting epoch 108...
[Twitter] Elapsed training time:4.31s
[Twitter] Starting validation...
[Twitter] Elapsed validation time:0.33s
[Twitter] [Epoch=108] Train Loss=[QuantLoss=0.03143]Val loss = [QuantLoss=0.05903][QuantReg:0.40422]
[Twitter] Starting epoch 109...
[Twitter] Elapsed training time:4.35s
[Twitter] Starting validation...
[Twitter] Elapsed validation time:0.32s
[Twitter] [Epoch=109] Train Loss=[QuantLoss=0.03241]Val loss = [QuantLoss=0.06021][QuantReg:0.40378]
[Twitter] Starting epoch 110...
[Twitter] Elapsed training time:4.36s
[Twitter] Starting validation...
[Twitter] Elapsed validation time:0.33s
[Twitter] [Epoch=110] Train Loss=[QuantLoss=0.03119]Val loss = [QuantLoss=0.06236][QuantReg:0.40119]
[Twitter] Starting epoch 111...
[Twitter] Elapsed training time:4.21s
[Twitter] Starting validation...
[Twitter] Elapsed validation time:0.33s
[Twitter] [Epoch=111] Train Loss=[QuantLoss=0.03154]Val loss = [QuantLoss=0.06170][QuantReg:0.40127]
[Twitter] Starting epoch 112...
[Twitter] Elapsed training time:4.60s
[Twitter] Starting validation...
[Twitter] Elapsed validation time:0.33s
[Twitter] [Epoch=112] Train Loss=[QuantLoss=0.03259]Val loss = [QuantLoss=0.06721][QuantReg:0.40034]
[Twitter] Starting epoch 113...
[Twitter] Elapsed training time:4.86s
[Twitter] Starting validation...
[Twitter] Elapsed validation time:0.33s
[Twitter] [Epoch=113] Train Loss=[QuantLoss=0.03140]Val loss = [QuantLoss=0.05435][QuantReg:0.40146]
[Twitter] Starting epoch 114...
[Twitter] Elapsed training time:4.66s
[Twitter] Starting validation...
[Twitter] Elapsed validation time:0.30s
[Twitter] [Epoch=114] Train Loss=[QuantLoss=0.03449]Val loss = [QuantLoss=0.06264][QuantReg:0.40230]
[Twitter] Starting epoch 115...
[Twitter] Elapsed training time:4.44s
[Twitter] Starting validation...
[Twitter] Elapsed validation time:0.35s
[Twitter] [Epoch=115] Train Loss=[QuantLoss=0.03506]Val loss = [QuantLoss=0.06888][QuantReg:0.40088]
[Twitter] Starting epoch 116...
[Twitter] Elapsed training time:4.24s
[Twitter] Starting validation...
[Twitter] Elapsed validation time:0.35s
[Twitter] [Epoch=116] Train Loss=[QuantLoss=0.03316]Val loss = [QuantLoss=0.06585][QuantReg:0.40262]
[Twitter] Starting epoch 117...
[Twitter] Elapsed training time:4.19s
[Twitter] Starting validation...
[Twitter] Elapsed validation time:0.37s
[Twitter] [Epoch=117] Train Loss=[QuantLoss=0.03240]Val loss = [QuantLoss=0.06271][QuantReg:0.40146]
[Twitter] Starting epoch 118...
[Twitter] Elapsed training time:4.25s
[Twitter] Starting validation...
[Twitter] Elapsed validation time:0.35s
[Twitter] [Epoch=118] Train Loss=[QuantLoss=0.02993]Val loss = [QuantLoss=0.06777][QuantReg:0.40345]
[Twitter] Starting epoch 119...
[Twitter] Elapsed training time:4.22s
[Twitter] Starting validation...
[Twitter] Elapsed validation time:0.34s
[Twitter] [Epoch=119] Train Loss=[QuantLoss=0.03037]Val loss = [QuantLoss=0.06016][QuantReg:0.40293]
[Twitter] Starting epoch 120...
[Twitter] Elapsed training time:4.31s
[Twitter] Starting validation...
[Twitter] Elapsed validation time:0.36s
[Twitter] [Epoch=120] Train Loss=[QuantLoss=0.02992]Val loss = [QuantLoss=0.05974][QuantReg:0.40286]
[Twitter] Starting epoch 121...
[Twitter] Elapsed training time:4.25s
[Twitter] Starting validation...
[Twitter] Elapsed validation time:0.35s
[Twitter] [Epoch=121] Train Loss=[QuantLoss=0.03067]Val loss = [QuantLoss=0.06869][QuantReg:0.40135]
[Twitter] Starting epoch 122...
[Twitter] Elapsed training time:4.02s
[Twitter] Starting validation...
[Twitter] Elapsed validation time:0.28s
[Twitter] [Epoch=122] Train Loss=[QuantLoss=0.03168]Val loss = [QuantLoss=0.06830][QuantReg:0.40035]
[Twitter] Starting epoch 123...
[Twitter] Elapsed training time:2.94s
[Twitter] Starting validation...
[Twitter] Elapsed validation time:0.27s
[Twitter] [Epoch=123] Train Loss=[QuantLoss=0.03332]Val loss = [QuantLoss=0.06466][QuantReg:0.40116]
[Twitter] Starting epoch 124...
[Twitter] Elapsed training time:3.01s
[Twitter] Starting validation...
[Twitter] Elapsed validation time:0.28s
[Twitter] [Epoch=124] Train Loss=[QuantLoss=0.03057]Val loss = [QuantLoss=0.05886][QuantReg:0.40046]
[Twitter] Starting epoch 125...
[Twitter] Elapsed training time:2.89s
[Twitter] Starting validation...
[Twitter] Elapsed validation time:0.27s
[Twitter] [Epoch=125] Train Loss=[QuantLoss=0.03165]Val loss = [QuantLoss=0.05978][QuantReg:0.40132]
[Twitter] Starting epoch 126...
[Twitter] Elapsed training time:2.95s
[Twitter] Starting validation...
[Twitter] Elapsed validation time:0.29s
[Twitter] [Epoch=126] Train Loss=[QuantLoss=0.03114]Val loss = [QuantLoss=0.06287][QuantReg:0.40072]
[Twitter] Starting epoch 127...
[Twitter] Elapsed training time:2.94s
[Twitter] Starting validation...
[Twitter] Elapsed validation time:0.28s
[Twitter] [Epoch=127] Train Loss=[QuantLoss=0.03285]Val loss = [QuantLoss=0.06999][QuantReg:0.40177]
[Twitter] Starting epoch 128...
[Twitter] Elapsed training time:3.00s
[Twitter] Starting validation...
[Twitter] Elapsed validation time:0.28s
[Twitter] [Epoch=128] Train Loss=[QuantLoss=0.02931]Val loss = [QuantLoss=0.06183][QuantReg:0.40080]
[Twitter] Starting epoch 129...
[Twitter] Elapsed training time:2.96s
[Twitter] Starting validation...
[Twitter] Elapsed validation time:0.29s
[Twitter] [Epoch=129] Train Loss=[QuantLoss=0.03107]Val loss = [QuantLoss=0.06320][QuantReg:0.40157]
[Twitter] Starting epoch 130...
[Twitter] Elapsed training time:2.95s
[Twitter] Starting validation...
[Twitter] Elapsed validation time:0.28s
[Twitter] [Epoch=130] Train Loss=[QuantLoss=0.02993]Val loss = [QuantLoss=0.06165][QuantReg:0.40071]
[Twitter] Starting epoch 131...
[Twitter] Elapsed training time:2.95s
[Twitter] Starting validation...
[Twitter] Elapsed validation time:0.28s
[Twitter] [Epoch=131] Train Loss=[QuantLoss=0.03279]Val loss = [QuantLoss=0.06767][QuantReg:0.40024]
[Twitter] Starting epoch 132...
[Twitter] Elapsed training time:2.98s
[Twitter] Starting validation...
[Twitter] Elapsed validation time:0.28s
[Twitter] [Epoch=132] Train Loss=[QuantLoss=0.02987]Val loss = [QuantLoss=0.05218][QuantReg:0.40130]
[Twitter] Starting epoch 133...
[Twitter] Elapsed training time:2.96s
[Twitter] Starting validation...
[Twitter] Elapsed validation time:0.27s
[Twitter] [Epoch=133] Train Loss=[QuantLoss=0.03332]Val loss = [QuantLoss=0.06638][QuantReg:0.40185]
[Twitter] Starting epoch 134...
[Twitter] Elapsed training time:2.99s
[Twitter] Starting validation...
[Twitter] Elapsed validation time:0.29s
[Twitter] [Epoch=134] Train Loss=[QuantLoss=0.03009]Val loss = [QuantLoss=0.04711][QuantReg:0.40250]
[Twitter] Starting epoch 135...
[Twitter] Elapsed training time:3.02s
[Twitter] Starting validation...
[Twitter] Elapsed validation time:0.27s
[Twitter] [Epoch=135] Train Loss=[QuantLoss=0.02891]Val loss = [QuantLoss=0.05316][QuantReg:0.40168]
[Twitter] Starting epoch 136...
[Twitter] Elapsed training time:2.97s
[Twitter] Starting validation...
[Twitter] Elapsed validation time:0.28s
[Twitter] [Epoch=136] Train Loss=[QuantLoss=0.03009]Val loss = [QuantLoss=0.04765][QuantReg:0.40116]
[Twitter] Starting epoch 137...
[Twitter] Elapsed training time:2.97s
[Twitter] Starting validation...
[Twitter] Elapsed validation time:0.28s
[Twitter] [Epoch=137] Train Loss=[QuantLoss=0.03311]Val loss = [QuantLoss=0.06405][QuantReg:0.40123]
[Twitter] Starting epoch 138...
[Twitter] Elapsed training time:2.99s
[Twitter] Starting validation...
[Twitter] Elapsed validation time:0.20s
[Twitter] [Epoch=138] Train Loss=[QuantLoss=0.03251]Val loss = [QuantLoss=0.04993][QuantReg:0.40320]
[Twitter] Starting epoch 139...
[Twitter] Elapsed training time:2.91s
[Twitter] Starting validation...
[Twitter] Elapsed validation time:0.25s
[Twitter] [Epoch=139] Train Loss=[QuantLoss=0.03133]Val loss = [QuantLoss=0.05078][QuantReg:0.40258]
[Twitter] Starting epoch 140...
[Twitter] Elapsed training time:2.93s
[Twitter] Starting validation...
[Twitter] Elapsed validation time:0.18s
[Twitter] [Epoch=140] Train Loss=[QuantLoss=0.03065]Val loss = [QuantLoss=0.05934][QuantReg:0.40097]
[Twitter] Early stopping in epoch 140!
[Twitter] Restoring best model...
MAE médio por bag: 0.0561 ± 0.0281
Salvo em resultados_sanders/resultados_twitter_bert_l1_easiest_5.csv
