=== Apagando modelos salvos do FinancialPhraseBank ===
Modelos do FinancialPhraseBank apagados com sucesso.
/home/nildaimon/anaconda3/envs/gpu-gmnet/lib/python3.9/site-packages/pandas/core/computation/expressions.py:21: UserWarning: Pandas requires version '2.8.4' or newer of 'numexpr' (version '2.7.3' currently installed).
  from pandas.core.computation.check import NUMEXPR_INSTALLED
/home/nildaimon/anaconda3/envs/gpu-gmnet/lib/python3.9/site-packages/pandas/core/arrays/masked.py:60: UserWarning: Pandas requires version '1.3.6' or newer of 'bottleneck' (version '1.3.2' currently installed).
  from pandas.core import (
Dificuldade: None, modo: None, top_k: None
Dispositivo de treino: cuda
Carregando Financial PhraseBank (atrost/financial_phrasebank)...
/home/nildaimon/gmnet/experiments/train_curl/train_financial.py:97: FutureWarning: You are using `torch.load` with `weights_only=False` (the current default value), which uses the default pickle module implicitly. It is possible to construct malicious pickle data which will execute arbitrary code during unpickling (See https://github.com/pytorch/pytorch/blob/main/SECURITY.md#untrusted-models for more details). In a future release, the default value for `weights_only` will be flipped to `True`. This limits the functions that could be executed during unpickling. Arbitrary objects will no longer be allowed to be loaded via this mode unless they are explicitly allowlisted by the user via `torch.serialization.add_safe_globals`. We recommend you start setting `weights_only=True` for any use case where you don't have full control of the loaded file. Please open an issue on GitHub for any issues related to this experimental feature.
  embeddings = torch.load(EMBEDDING_CACHE)
Carregando embeddings do cache...
/home/nildaimon/gmnet/experiments/train_curl/train_financial.py:98: FutureWarning: You are using `torch.load` with `weights_only=False` (the current default value), which uses the default pickle module implicitly. It is possible to construct malicious pickle data which will execute arbitrary code during unpickling (See https://github.com/pytorch/pytorch/blob/main/SECURITY.md#untrusted-models for more details). In a future release, the default value for `weights_only` will be flipped to `True`. This limits the functions that could be executed during unpickling. Arbitrary objects will no longer be allowed to be loaded via this mode unless they are explicitly allowlisted by the user via `torch.serialization.add_safe_globals`. We recommend you start setting `weights_only=True` for any use case where you don't have full control of the loaded file. Please open an issue on GitHub for any issues related to this experimental feature.
  labels = torch.load(LABELS_CACHE)
Ignoring val_split as train and val datasets where given to fit function
We have two datasets: training 2502907 examples. validation 150000 examples.]
Using device cuda
/home/nildaimon/anaconda3/envs/gpu-gmnet/lib/python3.9/site-packages/torch/optim/lr_scheduler.py:62: UserWarning: The verbose parameter is deprecated. Please use get_last_lr() to access the learning rate.
  warnings.warn(
/home/nildaimon/gmnet/dlquantification/main.py:835: FutureWarning: `torch.cuda.amp.GradScaler(args...)` is deprecated. Please use `torch.amp.GradScaler('cuda', args...)` instead.
  scaler = torch.cuda.amp.GradScaler(enabled=self.use_fp16)
[FinancialPhraseBank] Starting epoch 0...
/home/nildaimon/gmnet/dlquantification/main.py:888: FutureWarning: `torch.cuda.amp.autocast(args...)` is deprecated. Please use `torch.amp.autocast('cuda', args...)` instead.
  with torch.cuda.amp.autocast(enabled=self.use_fp16):
[FinancialPhraseBank] Elapsed training time:7.80s
[FinancialPhraseBank] Starting validation...
[FinancialPhraseBank] Elapsed validation time:1.18s
[FinancialPhraseBank] [Epoch=000] Train Loss=[QuantLoss=0.06016]Val loss = [QuantLoss=0.08772][QuantReg:0.75561][saved best model in this epoch]
[FinancialPhraseBank] Starting epoch 1...
[FinancialPhraseBank] Elapsed training time:7.59s
[FinancialPhraseBank] Starting validation...
[FinancialPhraseBank] Elapsed validation time:1.27s
[FinancialPhraseBank] [Epoch=001] Train Loss=[QuantLoss=0.03518]Val loss = [QuantLoss=0.03606][QuantReg:0.72487][saved best model in this epoch]
[FinancialPhraseBank] Starting epoch 2...
[FinancialPhraseBank] Elapsed training time:7.65s
[FinancialPhraseBank] Starting validation...
[FinancialPhraseBank] Elapsed validation time:1.16s
[FinancialPhraseBank] [Epoch=002] Train Loss=[QuantLoss=0.03598]Val loss = [QuantLoss=0.05414][QuantReg:0.66236]
[FinancialPhraseBank] Starting epoch 3...
[FinancialPhraseBank] Elapsed training time:7.65s
[FinancialPhraseBank] Starting validation...
[FinancialPhraseBank] Elapsed validation time:1.33s
[FinancialPhraseBank] [Epoch=003] Train Loss=[QuantLoss=0.03220]Val loss = [QuantLoss=0.05579][QuantReg:0.63981]
[FinancialPhraseBank] Starting epoch 4...
[FinancialPhraseBank] Elapsed training time:7.51s
[FinancialPhraseBank] Starting validation...
[FinancialPhraseBank] Elapsed validation time:1.16s
[FinancialPhraseBank] [Epoch=004] Train Loss=[QuantLoss=0.03316]Val loss = [QuantLoss=0.05429][QuantReg:0.61643]
[FinancialPhraseBank] Starting epoch 5...
[FinancialPhraseBank] Elapsed training time:7.49s
[FinancialPhraseBank] Starting validation...
[FinancialPhraseBank] Elapsed validation time:1.16s
[FinancialPhraseBank] [Epoch=005] Train Loss=[QuantLoss=0.03306]Val loss = [QuantLoss=0.04877][QuantReg:0.60962]
[FinancialPhraseBank] Starting epoch 6...
[FinancialPhraseBank] Elapsed training time:7.52s
[FinancialPhraseBank] Starting validation...
[FinancialPhraseBank] Elapsed validation time:1.23s
[FinancialPhraseBank] [Epoch=006] Train Loss=[QuantLoss=0.03709]Val loss = [QuantLoss=0.06310][QuantReg:0.58468]
[FinancialPhraseBank] Starting epoch 7...
[FinancialPhraseBank] Elapsed training time:7.53s
[FinancialPhraseBank] Starting validation...
[FinancialPhraseBank] Elapsed validation time:1.15s
[FinancialPhraseBank] [Epoch=007] Train Loss=[QuantLoss=0.03023]Val loss = [QuantLoss=0.07832][QuantReg:0.56610]
[FinancialPhraseBank] Starting epoch 8...
[FinancialPhraseBank] Elapsed training time:7.56s
[FinancialPhraseBank] Starting validation...
[FinancialPhraseBank] Elapsed validation time:1.29s
[FinancialPhraseBank] [Epoch=008] Train Loss=[QuantLoss=0.03347]Val loss = [QuantLoss=0.04343][QuantReg:0.54436]
[FinancialPhraseBank] Starting epoch 9...
[FinancialPhraseBank] Elapsed training time:7.65s
[FinancialPhraseBank] Starting validation...
[FinancialPhraseBank] Elapsed validation time:1.12s
[FinancialPhraseBank] [Epoch=009] Train Loss=[QuantLoss=0.03073]Val loss = [QuantLoss=0.04717][QuantReg:0.54309]
[FinancialPhraseBank] Starting epoch 10...
[FinancialPhraseBank] Elapsed training time:7.69s
[FinancialPhraseBank] Starting validation...
[FinancialPhraseBank] Elapsed validation time:1.24s
[FinancialPhraseBank] [Epoch=010] Train Loss=[QuantLoss=0.02865]Val loss = [QuantLoss=0.06286][QuantReg:0.54281]
[FinancialPhraseBank] Starting epoch 11...
[FinancialPhraseBank] Elapsed training time:7.53s
[FinancialPhraseBank] Starting validation...
[FinancialPhraseBank] Elapsed validation time:1.16s
[FinancialPhraseBank] [Epoch=011] Train Loss=[QuantLoss=0.02705]Val loss = [QuantLoss=0.05827][QuantReg:0.54669]
[FinancialPhraseBank] Starting epoch 12...
[FinancialPhraseBank] Elapsed training time:7.59s
[FinancialPhraseBank] Starting validation...
[FinancialPhraseBank] Elapsed validation time:1.23s
[FinancialPhraseBank] [Epoch=012] Train Loss=[QuantLoss=0.03151]Val loss = [QuantLoss=0.05060][QuantReg:0.55541]
[FinancialPhraseBank] Starting epoch 13...
[FinancialPhraseBank] Elapsed training time:7.66s
[FinancialPhraseBank] Starting validation...
[FinancialPhraseBank] Elapsed validation time:1.19s
[FinancialPhraseBank] [Epoch=013] Train Loss=[QuantLoss=0.02594]Val loss = [QuantLoss=0.05493][QuantReg:0.55510]
[FinancialPhraseBank] Starting epoch 14...
[FinancialPhraseBank] Elapsed training time:7.53s
[FinancialPhraseBank] Starting validation...
[FinancialPhraseBank] Elapsed validation time:1.16s
[FinancialPhraseBank] [Epoch=014] Train Loss=[QuantLoss=0.03135]Val loss = [QuantLoss=0.05670][QuantReg:0.53143]
[FinancialPhraseBank] Starting epoch 15...
[FinancialPhraseBank] Elapsed training time:7.38s
[FinancialPhraseBank] Starting validation...
[FinancialPhraseBank] Elapsed validation time:1.10s
[FinancialPhraseBank] [Epoch=015] Train Loss=[QuantLoss=0.02981]Val loss = [QuantLoss=0.05688][QuantReg:0.53058]
[FinancialPhraseBank] Starting epoch 16...
[FinancialPhraseBank] Elapsed training time:7.56s
[FinancialPhraseBank] Starting validation...
[FinancialPhraseBank] Elapsed validation time:1.15s
[FinancialPhraseBank] [Epoch=016] Train Loss=[QuantLoss=0.03085]Val loss = [QuantLoss=0.06019][QuantReg:0.52854]
[FinancialPhraseBank] Starting epoch 17...
[FinancialPhraseBank] Elapsed training time:7.44s
[FinancialPhraseBank] Starting validation...
[FinancialPhraseBank] Elapsed validation time:1.10s
[FinancialPhraseBank] [Epoch=017] Train Loss=[QuantLoss=0.02491]Val loss = [QuantLoss=0.05266][QuantReg:0.53292]
[FinancialPhraseBank] Starting epoch 18...
[FinancialPhraseBank] Elapsed training time:7.49s
[FinancialPhraseBank] Starting validation...
[FinancialPhraseBank] Elapsed validation time:1.29s
[FinancialPhraseBank] [Epoch=018] Train Loss=[QuantLoss=0.02904]Val loss = [QuantLoss=0.05179][QuantReg:0.54268]
[FinancialPhraseBank] Starting epoch 19...
[FinancialPhraseBank] Elapsed training time:7.61s
[FinancialPhraseBank] Starting validation...
[FinancialPhraseBank] Elapsed validation time:1.14s
[FinancialPhraseBank] [Epoch=019] Train Loss=[QuantLoss=0.02587]Val loss = [QuantLoss=0.07065][QuantReg:0.53991]
[FinancialPhraseBank] Starting epoch 20...
[FinancialPhraseBank] Elapsed training time:7.64s
[FinancialPhraseBank] Starting validation...
[FinancialPhraseBank] Elapsed validation time:1.27s
[FinancialPhraseBank] [Epoch=020] Train Loss=[QuantLoss=0.02855]Val loss = [QuantLoss=0.07452][QuantReg:0.54961]
[FinancialPhraseBank] Starting epoch 21...
[FinancialPhraseBank] Elapsed training time:7.62s
[FinancialPhraseBank] Starting validation...
[FinancialPhraseBank] Elapsed validation time:1.23s
[FinancialPhraseBank] [Epoch=021] Train Loss=[QuantLoss=0.03304]Val loss = [QuantLoss=0.05765][QuantReg:0.55972]
[FinancialPhraseBank] Starting epoch 22...
[FinancialPhraseBank] Elapsed training time:7.60s
[FinancialPhraseBank] Starting validation...
[FinancialPhraseBank] Elapsed validation time:1.21s
[FinancialPhraseBank] [Epoch=022] Train Loss=[QuantLoss=0.02844]Val loss = [QuantLoss=0.05822][QuantReg:0.56067]
[FinancialPhraseBank] Starting epoch 23...
[FinancialPhraseBank] Elapsed training time:7.56s
[FinancialPhraseBank] Starting validation...
[FinancialPhraseBank] Elapsed validation time:1.30s
[FinancialPhraseBank] [Epoch=023] Train Loss=[QuantLoss=0.02423]Val loss = [QuantLoss=0.05859][QuantReg:0.55802]
[FinancialPhraseBank] Starting epoch 24...
[FinancialPhraseBank] Elapsed training time:7.70s
[FinancialPhraseBank] Starting validation...
[FinancialPhraseBank] Elapsed validation time:1.22s
[FinancialPhraseBank] [Epoch=024] Train Loss=[QuantLoss=0.02463]Val loss = [QuantLoss=0.06419][QuantReg:0.55794]
[FinancialPhraseBank] Starting epoch 25...
[FinancialPhraseBank] Elapsed training time:7.72s
[FinancialPhraseBank] Starting validation...
[FinancialPhraseBank] Elapsed validation time:1.22s
[FinancialPhraseBank] [Epoch=025] Train Loss=[QuantLoss=0.02268]Val loss = [QuantLoss=0.05965][QuantReg:0.55745]
[FinancialPhraseBank] Starting epoch 26...
[FinancialPhraseBank] Elapsed training time:7.60s
[FinancialPhraseBank] Starting validation...
[FinancialPhraseBank] Elapsed validation time:1.32s
[FinancialPhraseBank] [Epoch=026] Train Loss=[QuantLoss=0.02133]Val loss = [QuantLoss=0.06139][QuantReg:0.55490]
[FinancialPhraseBank] Starting epoch 27...
[FinancialPhraseBank] Elapsed training time:7.58s
[FinancialPhraseBank] Starting validation...
[FinancialPhraseBank] Elapsed validation time:1.19s
[FinancialPhraseBank] [Epoch=027] Train Loss=[QuantLoss=0.02183]Val loss = [QuantLoss=0.06496][QuantReg:0.55659]
[FinancialPhraseBank] Starting epoch 28...
[FinancialPhraseBank] Elapsed training time:7.67s
[FinancialPhraseBank] Starting validation...
[FinancialPhraseBank] Elapsed validation time:1.23s
[FinancialPhraseBank] [Epoch=028] Train Loss=[QuantLoss=0.02303]Val loss = [QuantLoss=0.05412][QuantReg:0.55823]
[FinancialPhraseBank] Starting epoch 29...
[FinancialPhraseBank] Elapsed training time:7.64s
[FinancialPhraseBank] Starting validation...
[FinancialPhraseBank] Elapsed validation time:1.20s
[FinancialPhraseBank] [Epoch=029] Train Loss=[QuantLoss=0.02361]Val loss = [QuantLoss=0.06038][QuantReg:0.56003]
[FinancialPhraseBank] Starting epoch 30...
[FinancialPhraseBank] Elapsed training time:7.67s
[FinancialPhraseBank] Starting validation...
[FinancialPhraseBank] Elapsed validation time:1.12s
[FinancialPhraseBank] [Epoch=030] Train Loss=[QuantLoss=0.02256]Val loss = [QuantLoss=0.06212][QuantReg:0.56020]
[FinancialPhraseBank] Starting epoch 31...
[FinancialPhraseBank] Elapsed training time:7.51s
[FinancialPhraseBank] Starting validation...
[FinancialPhraseBank] Elapsed validation time:1.17s
[FinancialPhraseBank] [Epoch=031] Train Loss=[QuantLoss=0.02160]Val loss = [QuantLoss=0.07015][QuantReg:0.55996]
[FinancialPhraseBank] Starting epoch 32...
[FinancialPhraseBank] Elapsed training time:7.53s
[FinancialPhraseBank] Starting validation...
[FinancialPhraseBank] Elapsed validation time:1.12s
[FinancialPhraseBank] [Epoch=032] Train Loss=[QuantLoss=0.02137]Val loss = [QuantLoss=0.06722][QuantReg:0.56304]
[FinancialPhraseBank] Starting epoch 33...
[FinancialPhraseBank] Elapsed training time:7.58s
[FinancialPhraseBank] Starting validation...
[FinancialPhraseBank] Elapsed validation time:1.22s
[FinancialPhraseBank] [Epoch=033] Train Loss=[QuantLoss=0.01955]Val loss = [QuantLoss=0.06426][QuantReg:0.56062]
[FinancialPhraseBank] Starting epoch 34...
[FinancialPhraseBank] Elapsed training time:7.58s
[FinancialPhraseBank] Starting validation...
[FinancialPhraseBank] Elapsed validation time:1.30s
[FinancialPhraseBank] [Epoch=034] Train Loss=[QuantLoss=0.02230]Val loss = [QuantLoss=0.06556][QuantReg:0.55902]
[FinancialPhraseBank] Starting epoch 35...
[FinancialPhraseBank] Elapsed training time:7.54s
[FinancialPhraseBank] Starting validation...
[FinancialPhraseBank] Elapsed validation time:1.10s
[FinancialPhraseBank] [Epoch=035] Train Loss=[QuantLoss=0.02321]Val loss = [QuantLoss=0.07373][QuantReg:0.55875]
[FinancialPhraseBank] Starting epoch 36...
[FinancialPhraseBank] Elapsed training time:7.51s
[FinancialPhraseBank] Starting validation...
[FinancialPhraseBank] Elapsed validation time:1.19s
[FinancialPhraseBank] [Epoch=036] Train Loss=[QuantLoss=0.02164]Val loss = [QuantLoss=0.06602][QuantReg:0.55962]
[FinancialPhraseBank] Starting epoch 37...
[FinancialPhraseBank] Elapsed training time:7.65s
[FinancialPhraseBank] Starting validation...
[FinancialPhraseBank] Elapsed validation time:1.20s
[FinancialPhraseBank] [Epoch=037] Train Loss=[QuantLoss=0.02086]Val loss = [QuantLoss=0.06684][QuantReg:0.56044]
[FinancialPhraseBank] Starting epoch 38...
[FinancialPhraseBank] Elapsed training time:7.52s
[FinancialPhraseBank] Starting validation...
[FinancialPhraseBank] Elapsed validation time:1.12s
[FinancialPhraseBank] [Epoch=038] Train Loss=[QuantLoss=0.02002]Val loss = [QuantLoss=0.06766][QuantReg:0.56111]
[FinancialPhraseBank] Starting epoch 39...
[FinancialPhraseBank] Elapsed training time:7.59s
[FinancialPhraseBank] Starting validation...
[FinancialPhraseBank] Elapsed validation time:1.11s
[FinancialPhraseBank] [Epoch=039] Train Loss=[QuantLoss=0.02183]Val loss = [QuantLoss=0.06495][QuantReg:0.56135]
[FinancialPhraseBank] Starting epoch 40...
[FinancialPhraseBank] Elapsed training time:7.53s
[FinancialPhraseBank] Starting validation...
[FinancialPhraseBank] Elapsed validation time:1.18s
[FinancialPhraseBank] [Epoch=040] Train Loss=[QuantLoss=0.02177]Val loss = [QuantLoss=0.07290][QuantReg:0.55770]
[FinancialPhraseBank] Starting epoch 41...
[FinancialPhraseBank] Elapsed training time:7.58s
[FinancialPhraseBank] Starting validation...
[FinancialPhraseBank] Elapsed validation time:1.19s
[FinancialPhraseBank] [Epoch=041] Train Loss=[QuantLoss=0.02079]Val loss = [QuantLoss=0.06322][QuantReg:0.55670]
[FinancialPhraseBank] Starting epoch 42...
[FinancialPhraseBank] Elapsed training time:7.36s
[FinancialPhraseBank] Starting validation...
[FinancialPhraseBank] Elapsed validation time:1.11s
[FinancialPhraseBank] [Epoch=042] Train Loss=[QuantLoss=0.02378]Val loss = [QuantLoss=0.06954][QuantReg:0.55549]
[FinancialPhraseBank] Starting epoch 43...
[FinancialPhraseBank] Elapsed training time:7.51s
[FinancialPhraseBank] Starting validation...
[FinancialPhraseBank] Elapsed validation time:1.13s
[FinancialPhraseBank] [Epoch=043] Train Loss=[QuantLoss=0.02127]Val loss = [QuantLoss=0.06581][QuantReg:0.55749]
[FinancialPhraseBank] Early stopping in epoch 43!
[FinancialPhraseBank] Restoring best model...
MAE médio: 0.0504 ± 0.0324
Tempo de execução (sem curriculum): 392 segundos.
/home/nildaimon/anaconda3/envs/gpu-gmnet/lib/python3.9/site-packages/pandas/core/computation/expressions.py:21: UserWarning: Pandas requires version '2.8.4' or newer of 'numexpr' (version '2.7.3' currently installed).
  from pandas.core.computation.check import NUMEXPR_INSTALLED
/home/nildaimon/anaconda3/envs/gpu-gmnet/lib/python3.9/site-packages/pandas/core/arrays/masked.py:60: UserWarning: Pandas requires version '1.3.6' or newer of 'bottleneck' (version '1.3.2' currently installed).
  from pandas.core import (
Dificuldade: kl, modo: hardest, top_k: None
Dispositivo de treino: cuda
Carregando Financial PhraseBank (atrost/financial_phrasebank)...
Carregando embeddings do cache...
/home/nildaimon/gmnet/experiments/train_curl/train_financial.py:97: FutureWarning: You are using `torch.load` with `weights_only=False` (the current default value), which uses the default pickle module implicitly. It is possible to construct malicious pickle data which will execute arbitrary code during unpickling (See https://github.com/pytorch/pytorch/blob/main/SECURITY.md#untrusted-models for more details). In a future release, the default value for `weights_only` will be flipped to `True`. This limits the functions that could be executed during unpickling. Arbitrary objects will no longer be allowed to be loaded via this mode unless they are explicitly allowlisted by the user via `torch.serialization.add_safe_globals`. We recommend you start setting `weights_only=True` for any use case where you don't have full control of the loaded file. Please open an issue on GitHub for any issues related to this experimental feature.
  embeddings = torch.load(EMBEDDING_CACHE)
/home/nildaimon/gmnet/experiments/train_curl/train_financial.py:98: FutureWarning: You are using `torch.load` with `weights_only=False` (the current default value), which uses the default pickle module implicitly. It is possible to construct malicious pickle data which will execute arbitrary code during unpickling (See https://github.com/pytorch/pytorch/blob/main/SECURITY.md#untrusted-models for more details). In a future release, the default value for `weights_only` will be flipped to `True`. This limits the functions that could be executed during unpickling. Arbitrary objects will no longer be allowed to be loaded via this mode unless they are explicitly allowlisted by the user via `torch.serialization.add_safe_globals`. We recommend you start setting `weights_only=True` for any use case where you don't have full control of the loaded file. Please open an issue on GitHub for any issues related to this experimental feature.
  labels = torch.load(LABELS_CACHE)
Ignoring val_split as train and val datasets where given to fit function
We have two datasets: training 2502907 examples. validation 150000 examples.]
Using device cuda
/home/nildaimon/anaconda3/envs/gpu-gmnet/lib/python3.9/site-packages/torch/optim/lr_scheduler.py:62: UserWarning: The verbose parameter is deprecated. Please use get_last_lr() to access the learning rate.
  warnings.warn(
/home/nildaimon/gmnet/dlquantification/main.py:835: FutureWarning: `torch.cuda.amp.GradScaler(args...)` is deprecated. Please use `torch.amp.GradScaler('cuda', args...)` instead.
  scaler = torch.cuda.amp.GradScaler(enabled=self.use_fp16)
[FinancialPhraseBank] Starting epoch 0...
/home/nildaimon/gmnet/dlquantification/main.py:888: FutureWarning: `torch.cuda.amp.autocast(args...)` is deprecated. Please use `torch.amp.autocast('cuda', args...)` instead.
  with torch.cuda.amp.autocast(enabled=self.use_fp16):
[FinancialPhraseBank] Elapsed training time:7.70s
[FinancialPhraseBank] Starting validation...
[FinancialPhraseBank] Elapsed validation time:1.19s
[FinancialPhraseBank] [Epoch=000] Train Loss=[QuantLoss=0.06720]Val loss = [QuantLoss=0.09424][QuantReg:0.77415][saved best model in this epoch]
[FinancialPhraseBank] Starting epoch 1...
[FinancialPhraseBank] Elapsed training time:7.69s
[FinancialPhraseBank] Starting validation...
[FinancialPhraseBank] Elapsed validation time:1.34s
[FinancialPhraseBank] [Epoch=001] Train Loss=[QuantLoss=0.06079]Val loss = [QuantLoss=0.07774][QuantReg:0.72053][saved best model in this epoch]
[FinancialPhraseBank] Starting epoch 2...
[FinancialPhraseBank] Elapsed training time:7.62s
[FinancialPhraseBank] Starting validation...
[FinancialPhraseBank] Elapsed validation time:1.34s
[FinancialPhraseBank] [Epoch=002] Train Loss=[QuantLoss=0.04974]Val loss = [QuantLoss=0.07346][QuantReg:0.67535][saved best model in this epoch]
[FinancialPhraseBank] Starting epoch 3...
[FinancialPhraseBank] Elapsed training time:7.66s
[FinancialPhraseBank] Starting validation...
[FinancialPhraseBank] Elapsed validation time:1.21s
[FinancialPhraseBank] [Epoch=003] Train Loss=[QuantLoss=0.04837]Val loss = [QuantLoss=0.06500][QuantReg:0.65350][saved best model in this epoch]
[FinancialPhraseBank] Starting epoch 4...
[FinancialPhraseBank] Elapsed training time:7.40s
[FinancialPhraseBank] Starting validation...
[FinancialPhraseBank] Elapsed validation time:1.18s
[FinancialPhraseBank] [Epoch=004] Train Loss=[QuantLoss=0.04308]Val loss = [QuantLoss=0.05584][QuantReg:0.58029][saved best model in this epoch]
[FinancialPhraseBank] Starting epoch 5...
[FinancialPhraseBank] Elapsed training time:7.58s
[FinancialPhraseBank] Starting validation...
[FinancialPhraseBank] Elapsed validation time:1.18s
[FinancialPhraseBank] [Epoch=005] Train Loss=[QuantLoss=0.04089]Val loss = [QuantLoss=0.06221][QuantReg:0.51864]
[FinancialPhraseBank] Starting epoch 6...
[FinancialPhraseBank] Elapsed training time:7.42s
[FinancialPhraseBank] Starting validation...
[FinancialPhraseBank] Elapsed validation time:1.17s
[FinancialPhraseBank] [Epoch=006] Train Loss=[QuantLoss=0.04236]Val loss = [QuantLoss=0.05965][QuantReg:0.48501]
[FinancialPhraseBank] Starting epoch 7...
[FinancialPhraseBank] Elapsed training time:7.76s
[FinancialPhraseBank] Starting validation...
[FinancialPhraseBank] Elapsed validation time:1.21s
[FinancialPhraseBank] [Epoch=007] Train Loss=[QuantLoss=0.04071]Val loss = [QuantLoss=0.05246][QuantReg:0.47885][saved best model in this epoch]
[FinancialPhraseBank] Starting epoch 8...
[FinancialPhraseBank] Elapsed training time:7.45s
[FinancialPhraseBank] Starting validation...
[FinancialPhraseBank] Elapsed validation time:1.22s
[FinancialPhraseBank] [Epoch=008] Train Loss=[QuantLoss=0.03966]Val loss = [QuantLoss=0.05255][QuantReg:0.45810]
[FinancialPhraseBank] Starting epoch 9...
[FinancialPhraseBank] Elapsed training time:7.37s
[FinancialPhraseBank] Starting validation...
[FinancialPhraseBank] Elapsed validation time:1.18s
[FinancialPhraseBank] [Epoch=009] Train Loss=[QuantLoss=0.03982]Val loss = [QuantLoss=0.05894][QuantReg:0.43840]
[FinancialPhraseBank] Starting epoch 10...
[FinancialPhraseBank] Elapsed training time:7.61s
[FinancialPhraseBank] Starting validation...
[FinancialPhraseBank] Elapsed validation time:1.15s
[FinancialPhraseBank] [Epoch=010] Train Loss=[QuantLoss=0.03586]Val loss = [QuantLoss=0.07047][QuantReg:0.43898]
[FinancialPhraseBank] Starting epoch 11...
[FinancialPhraseBank] Elapsed training time:7.59s
[FinancialPhraseBank] Starting validation...
[FinancialPhraseBank] Elapsed validation time:1.30s
[FinancialPhraseBank] [Epoch=011] Train Loss=[QuantLoss=0.03874]Val loss = [QuantLoss=0.06257][QuantReg:0.45273]
[FinancialPhraseBank] Starting epoch 12...
[FinancialPhraseBank] Elapsed training time:7.65s
[FinancialPhraseBank] Starting validation...
[FinancialPhraseBank] Elapsed validation time:1.30s
[FinancialPhraseBank] [Epoch=012] Train Loss=[QuantLoss=0.03246]Val loss = [QuantLoss=0.05771][QuantReg:0.44108]
[FinancialPhraseBank] Starting epoch 13...
[FinancialPhraseBank] Elapsed training time:7.44s
[FinancialPhraseBank] Starting validation...
[FinancialPhraseBank] Elapsed validation time:1.20s
[FinancialPhraseBank] [Epoch=013] Train Loss=[QuantLoss=0.03032]Val loss = [QuantLoss=0.04452][QuantReg:0.41884][saved best model in this epoch]
[FinancialPhraseBank] Starting epoch 14...
[FinancialPhraseBank] Elapsed training time:7.46s
[FinancialPhraseBank] Starting validation...
[FinancialPhraseBank] Elapsed validation time:1.16s
[FinancialPhraseBank] [Epoch=014] Train Loss=[QuantLoss=0.03297]Val loss = [QuantLoss=0.07172][QuantReg:0.42084]
[FinancialPhraseBank] Starting epoch 15...
[FinancialPhraseBank] Elapsed training time:7.55s
[FinancialPhraseBank] Starting validation...
[FinancialPhraseBank] Elapsed validation time:1.22s
[FinancialPhraseBank] [Epoch=015] Train Loss=[QuantLoss=0.03335]Val loss = [QuantLoss=0.06256][QuantReg:0.41835]
[FinancialPhraseBank] Starting epoch 16...
[FinancialPhraseBank] Elapsed training time:7.47s
[FinancialPhraseBank] Starting validation...
[FinancialPhraseBank] Elapsed validation time:1.10s
[FinancialPhraseBank] [Epoch=016] Train Loss=[QuantLoss=0.02827]Val loss = [QuantLoss=0.05630][QuantReg:0.42387]
[FinancialPhraseBank] Starting epoch 17...
[FinancialPhraseBank] Elapsed training time:7.65s
[FinancialPhraseBank] Starting validation...
[FinancialPhraseBank] Elapsed validation time:1.30s
[FinancialPhraseBank] [Epoch=017] Train Loss=[QuantLoss=0.03259]Val loss = [QuantLoss=0.06286][QuantReg:0.41289]
[FinancialPhraseBank] Starting epoch 18...
[FinancialPhraseBank] Elapsed training time:7.57s
[FinancialPhraseBank] Starting validation...
[FinancialPhraseBank] Elapsed validation time:1.20s
[FinancialPhraseBank] [Epoch=018] Train Loss=[QuantLoss=0.03288]Val loss = [QuantLoss=0.04778][QuantReg:0.41045]
[FinancialPhraseBank] Starting epoch 19...
[FinancialPhraseBank] Elapsed training time:7.58s
[FinancialPhraseBank] Starting validation...
[FinancialPhraseBank] Elapsed validation time:1.21s
[FinancialPhraseBank] [Epoch=019] Train Loss=[QuantLoss=0.03304]Val loss = [QuantLoss=0.06435][QuantReg:0.41362]
[FinancialPhraseBank] Starting epoch 20...
[FinancialPhraseBank] Elapsed training time:7.67s
[FinancialPhraseBank] Starting validation...
[FinancialPhraseBank] Elapsed validation time:1.34s
[FinancialPhraseBank] [Epoch=020] Train Loss=[QuantLoss=0.02965]Val loss = [QuantLoss=0.05295][QuantReg:0.40812]
[FinancialPhraseBank] Starting epoch 21...
[FinancialPhraseBank] Elapsed training time:7.60s
[FinancialPhraseBank] Starting validation...
[FinancialPhraseBank] Elapsed validation time:1.27s
[FinancialPhraseBank] [Epoch=021] Train Loss=[QuantLoss=0.02718]Val loss = [QuantLoss=0.06341][QuantReg:0.42251]
[FinancialPhraseBank] Starting epoch 22...
[FinancialPhraseBank] Elapsed training time:7.62s
[FinancialPhraseBank] Starting validation...
[FinancialPhraseBank] Elapsed validation time:1.26s
[FinancialPhraseBank] [Epoch=022] Train Loss=[QuantLoss=0.02890]Val loss = [QuantLoss=0.05114][QuantReg:0.41436]
[FinancialPhraseBank] Starting epoch 23...
[FinancialPhraseBank] Elapsed training time:7.66s
[FinancialPhraseBank] Starting validation...
[FinancialPhraseBank] Elapsed validation time:1.28s
[FinancialPhraseBank] [Epoch=023] Train Loss=[QuantLoss=0.03198]Val loss = [QuantLoss=0.05888][QuantReg:0.43018]
[FinancialPhraseBank] Starting epoch 24...
[FinancialPhraseBank] Elapsed training time:7.67s
[FinancialPhraseBank] Starting validation...
[FinancialPhraseBank] Elapsed validation time:1.21s
[FinancialPhraseBank] [Epoch=024] Train Loss=[QuantLoss=0.02865]Val loss = [QuantLoss=0.05844][QuantReg:0.44428]
[FinancialPhraseBank] Starting epoch 25...
[FinancialPhraseBank] Elapsed training time:7.43s
[FinancialPhraseBank] Starting validation...
[FinancialPhraseBank] Elapsed validation time:1.26s
[FinancialPhraseBank] [Epoch=025] Train Loss=[QuantLoss=0.02959]Val loss = [QuantLoss=0.04860][QuantReg:0.44884]
[FinancialPhraseBank] Starting epoch 26...
[FinancialPhraseBank] Elapsed training time:7.56s
[FinancialPhraseBank] Starting validation...
[FinancialPhraseBank] Elapsed validation time:1.27s
[FinancialPhraseBank] [Epoch=026] Train Loss=[QuantLoss=0.02848]Val loss = [QuantLoss=0.07019][QuantReg:0.45101]
[FinancialPhraseBank] Starting epoch 27...
[FinancialPhraseBank] Elapsed training time:7.54s
[FinancialPhraseBank] Starting validation...
[FinancialPhraseBank] Elapsed validation time:1.18s
[FinancialPhraseBank] [Epoch=027] Train Loss=[QuantLoss=0.02930]Val loss = [QuantLoss=0.04989][QuantReg:0.44974]
[FinancialPhraseBank] Starting epoch 28...
[FinancialPhraseBank] Elapsed training time:7.56s
[FinancialPhraseBank] Starting validation...
[FinancialPhraseBank] Elapsed validation time:1.31s
[FinancialPhraseBank] [Epoch=028] Train Loss=[QuantLoss=0.02859]Val loss = [QuantLoss=0.05774][QuantReg:0.44318]
[FinancialPhraseBank] Starting epoch 29...
[FinancialPhraseBank] Elapsed training time:7.64s
[FinancialPhraseBank] Starting validation...
[FinancialPhraseBank] Elapsed validation time:1.33s
[FinancialPhraseBank] [Epoch=029] Train Loss=[QuantLoss=0.02868]Val loss = [QuantLoss=0.05043][QuantReg:0.43297]
[FinancialPhraseBank] Starting epoch 30...
[FinancialPhraseBank] Elapsed training time:7.82s
[FinancialPhraseBank] Starting validation...
[FinancialPhraseBank] Elapsed validation time:1.30s
[FinancialPhraseBank] [Epoch=030] Train Loss=[QuantLoss=0.03102]Val loss = [QuantLoss=0.05754][QuantReg:0.42699]
[FinancialPhraseBank] Starting epoch 31...
[FinancialPhraseBank] Elapsed training time:7.51s
[FinancialPhraseBank] Starting validation...
[FinancialPhraseBank] Elapsed validation time:1.30s
[FinancialPhraseBank] [Epoch=031] Train Loss=[QuantLoss=0.03012]Val loss = [QuantLoss=0.04017][QuantReg:0.42576][saved best model in this epoch]
[FinancialPhraseBank] Starting epoch 32...
[FinancialPhraseBank] Elapsed training time:7.51s
[FinancialPhraseBank] Starting validation...
[FinancialPhraseBank] Elapsed validation time:1.30s
[FinancialPhraseBank] [Epoch=032] Train Loss=[QuantLoss=0.02874]Val loss = [QuantLoss=0.04661][QuantReg:0.42196]
[FinancialPhraseBank] Starting epoch 33...
[FinancialPhraseBank] Elapsed training time:7.70s
[FinancialPhraseBank] Starting validation...
[FinancialPhraseBank] Elapsed validation time:1.25s
[FinancialPhraseBank] [Epoch=033] Train Loss=[QuantLoss=0.02906]Val loss = [QuantLoss=0.04961][QuantReg:0.44113]
[FinancialPhraseBank] Starting epoch 34...
[FinancialPhraseBank] Elapsed training time:7.55s
[FinancialPhraseBank] Starting validation...
[FinancialPhraseBank] Elapsed validation time:1.11s
[FinancialPhraseBank] [Epoch=034] Train Loss=[QuantLoss=0.02656]Val loss = [QuantLoss=0.05338][QuantReg:0.43861]
[FinancialPhraseBank] Starting epoch 35...
[FinancialPhraseBank] Elapsed training time:7.58s
[FinancialPhraseBank] Starting validation...
[FinancialPhraseBank] Elapsed validation time:1.18s
[FinancialPhraseBank] [Epoch=035] Train Loss=[QuantLoss=0.03206]Val loss = [QuantLoss=0.06077][QuantReg:0.44006]
[FinancialPhraseBank] Starting epoch 36...
[FinancialPhraseBank] Elapsed training time:7.59s
[FinancialPhraseBank] Starting validation...
[FinancialPhraseBank] Elapsed validation time:1.31s
[FinancialPhraseBank] [Epoch=036] Train Loss=[QuantLoss=0.02863]Val loss = [QuantLoss=0.06383][QuantReg:0.43798]
[FinancialPhraseBank] Starting epoch 37...
[FinancialPhraseBank] Elapsed training time:7.68s
[FinancialPhraseBank] Starting validation...
[FinancialPhraseBank] Elapsed validation time:1.31s
[FinancialPhraseBank] [Epoch=037] Train Loss=[QuantLoss=0.02636]Val loss = [QuantLoss=0.04655][QuantReg:0.44253]
[FinancialPhraseBank] Starting epoch 38...
[FinancialPhraseBank] Elapsed training time:7.51s
[FinancialPhraseBank] Starting validation...
[FinancialPhraseBank] Elapsed validation time:1.21s
[FinancialPhraseBank] [Epoch=038] Train Loss=[QuantLoss=0.02803]Val loss = [QuantLoss=0.06494][QuantReg:0.44442]
[FinancialPhraseBank] Starting epoch 39...
[FinancialPhraseBank] Elapsed training time:7.79s
[FinancialPhraseBank] Starting validation...
[FinancialPhraseBank] Elapsed validation time:1.29s
[FinancialPhraseBank] [Epoch=039] Train Loss=[QuantLoss=0.02777]Val loss = [QuantLoss=0.05665][QuantReg:0.43660]
[FinancialPhraseBank] Starting epoch 40...
[FinancialPhraseBank] Elapsed training time:7.43s
[FinancialPhraseBank] Starting validation...
[FinancialPhraseBank] Elapsed validation time:1.12s
[FinancialPhraseBank] [Epoch=040] Train Loss=[QuantLoss=0.02831]Val loss = [QuantLoss=0.07708][QuantReg:0.43172]
[FinancialPhraseBank] Starting epoch 41...
[FinancialPhraseBank] Elapsed training time:7.65s
[FinancialPhraseBank] Starting validation...
[FinancialPhraseBank] Elapsed validation time:1.19s
[FinancialPhraseBank] [Epoch=041] Train Loss=[QuantLoss=0.03320]Val loss = [QuantLoss=0.05904][QuantReg:0.43618]
[FinancialPhraseBank] Starting epoch 42...
[FinancialPhraseBank] Elapsed training time:7.69s
[FinancialPhraseBank] Starting validation...
[FinancialPhraseBank] Elapsed validation time:1.25s
[FinancialPhraseBank] [Epoch=042] Train Loss=[QuantLoss=0.03070]Val loss = [QuantLoss=0.05432][QuantReg:0.43763]
[FinancialPhraseBank] Starting epoch 43...
[FinancialPhraseBank] Elapsed training time:7.59s
[FinancialPhraseBank] Starting validation...
[FinancialPhraseBank] Elapsed validation time:1.30s
[FinancialPhraseBank] [Epoch=043] Train Loss=[QuantLoss=0.03051]Val loss = [QuantLoss=0.05734][QuantReg:0.43530]
[FinancialPhraseBank] Starting epoch 44...
[FinancialPhraseBank] Elapsed training time:7.86s
[FinancialPhraseBank] Starting validation...
[FinancialPhraseBank] Elapsed validation time:1.27s
[FinancialPhraseBank] [Epoch=044] Train Loss=[QuantLoss=0.02609]Val loss = [QuantLoss=0.05583][QuantReg:0.44122]
[FinancialPhraseBank] Starting epoch 45...
[FinancialPhraseBank] Elapsed training time:7.62s
[FinancialPhraseBank] Starting validation...
[FinancialPhraseBank] Elapsed validation time:1.33s
[FinancialPhraseBank] [Epoch=045] Train Loss=[QuantLoss=0.02812]Val loss = [QuantLoss=0.05783][QuantReg:0.46435]
[FinancialPhraseBank] Starting epoch 46...
[FinancialPhraseBank] Elapsed training time:7.85s
[FinancialPhraseBank] Starting validation...
[FinancialPhraseBank] Elapsed validation time:1.21s
[FinancialPhraseBank] [Epoch=046] Train Loss=[QuantLoss=0.03046]Val loss = [QuantLoss=0.06671][QuantReg:0.47099]
[FinancialPhraseBank] Starting epoch 47...
[FinancialPhraseBank] Elapsed training time:7.83s
[FinancialPhraseBank] Starting validation...
[FinancialPhraseBank] Elapsed validation time:1.28s
[FinancialPhraseBank] [Epoch=047] Train Loss=[QuantLoss=0.03021]Val loss = [QuantLoss=0.05943][QuantReg:0.45888]
[FinancialPhraseBank] Starting epoch 48...
[FinancialPhraseBank] Elapsed training time:7.73s
[FinancialPhraseBank] Starting validation...
[FinancialPhraseBank] Elapsed validation time:1.24s
[FinancialPhraseBank] [Epoch=048] Train Loss=[QuantLoss=0.02772]Val loss = [QuantLoss=0.05684][QuantReg:0.47006]
[FinancialPhraseBank] Starting epoch 49...
[FinancialPhraseBank] Elapsed training time:7.79s
[FinancialPhraseBank] Starting validation...
[FinancialPhraseBank] Elapsed validation time:1.27s
[FinancialPhraseBank] [Epoch=049] Train Loss=[QuantLoss=0.02727]Val loss = [QuantLoss=0.05330][QuantReg:0.48578]
[FinancialPhraseBank] Starting epoch 50...
[FinancialPhraseBank] Elapsed training time:7.47s
[FinancialPhraseBank] Starting validation...
[FinancialPhraseBank] Elapsed validation time:1.23s
[FinancialPhraseBank] [Epoch=050] Train Loss=[QuantLoss=0.02618]Val loss = [QuantLoss=0.05246][QuantReg:0.46699]
[FinancialPhraseBank] Starting epoch 51...
[FinancialPhraseBank] Elapsed training time:7.77s
[FinancialPhraseBank] Starting validation...
[FinancialPhraseBank] Elapsed validation time:1.27s
[FinancialPhraseBank] [Epoch=051] Train Loss=[QuantLoss=0.02450]Val loss = [QuantLoss=0.05509][QuantReg:0.45858]
[FinancialPhraseBank] Starting epoch 52...
[FinancialPhraseBank] Elapsed training time:7.59s
[FinancialPhraseBank] Starting validation...
[FinancialPhraseBank] Elapsed validation time:1.12s
[FinancialPhraseBank] [Epoch=052] Train Loss=[QuantLoss=0.02772]Val loss = [QuantLoss=0.05428][QuantReg:0.46801]
[FinancialPhraseBank] Starting epoch 53...
[FinancialPhraseBank] Elapsed training time:7.55s
[FinancialPhraseBank] Starting validation...
[FinancialPhraseBank] Elapsed validation time:1.25s
[FinancialPhraseBank] [Epoch=053] Train Loss=[QuantLoss=0.02248]Val loss = [QuantLoss=0.05201][QuantReg:0.46654]
[FinancialPhraseBank] Starting epoch 54...
[FinancialPhraseBank] Elapsed training time:7.41s
[FinancialPhraseBank] Starting validation...
[FinancialPhraseBank] Elapsed validation time:1.15s
[FinancialPhraseBank] [Epoch=054] Train Loss=[QuantLoss=0.02137]Val loss = [QuantLoss=0.05349][QuantReg:0.46580]
[FinancialPhraseBank] Starting epoch 55...
[FinancialPhraseBank] Elapsed training time:7.62s
[FinancialPhraseBank] Starting validation...
[FinancialPhraseBank] Elapsed validation time:1.17s
[FinancialPhraseBank] [Epoch=055] Train Loss=[QuantLoss=0.02189]Val loss = [QuantLoss=0.04942][QuantReg:0.46344]
[FinancialPhraseBank] Starting epoch 56...
[FinancialPhraseBank] Elapsed training time:7.92s
[FinancialPhraseBank] Starting validation...
[FinancialPhraseBank] Elapsed validation time:1.29s
[FinancialPhraseBank] [Epoch=056] Train Loss=[QuantLoss=0.02147]Val loss = [QuantLoss=0.05058][QuantReg:0.46053]
[FinancialPhraseBank] Starting epoch 57...
[FinancialPhraseBank] Elapsed training time:7.76s
[FinancialPhraseBank] Starting validation...
[FinancialPhraseBank] Elapsed validation time:1.28s
[FinancialPhraseBank] [Epoch=057] Train Loss=[QuantLoss=0.02062]Val loss = [QuantLoss=0.04872][QuantReg:0.46039]
[FinancialPhraseBank] Starting epoch 58...
[FinancialPhraseBank] Elapsed training time:7.61s
[FinancialPhraseBank] Starting validation...
[FinancialPhraseBank] Elapsed validation time:1.32s
[FinancialPhraseBank] [Epoch=058] Train Loss=[QuantLoss=0.01947]Val loss = [QuantLoss=0.05317][QuantReg:0.46086]
[FinancialPhraseBank] Starting epoch 59...
[FinancialPhraseBank] Elapsed training time:7.51s
[FinancialPhraseBank] Starting validation...
[FinancialPhraseBank] Elapsed validation time:1.27s
[FinancialPhraseBank] [Epoch=059] Train Loss=[QuantLoss=0.02083]Val loss = [QuantLoss=0.05737][QuantReg:0.45990]
[FinancialPhraseBank] Starting epoch 60...
[FinancialPhraseBank] Elapsed training time:7.66s
[FinancialPhraseBank] Starting validation...
[FinancialPhraseBank] Elapsed validation time:1.18s
[FinancialPhraseBank] [Epoch=060] Train Loss=[QuantLoss=0.01977]Val loss = [QuantLoss=0.05278][QuantReg:0.45991]
[FinancialPhraseBank] Starting epoch 61...
[FinancialPhraseBank] Elapsed training time:7.48s
[FinancialPhraseBank] Starting validation...
[FinancialPhraseBank] Elapsed validation time:1.26s
[FinancialPhraseBank] [Epoch=061] Train Loss=[QuantLoss=0.01920]Val loss = [QuantLoss=0.05607][QuantReg:0.46075]
[FinancialPhraseBank] Starting epoch 62...
[FinancialPhraseBank] Elapsed training time:7.47s
[FinancialPhraseBank] Starting validation...
[FinancialPhraseBank] Elapsed validation time:1.31s
[FinancialPhraseBank] [Epoch=062] Train Loss=[QuantLoss=0.02185]Val loss = [QuantLoss=0.05315][QuantReg:0.45972]
[FinancialPhraseBank] Starting epoch 63...
[FinancialPhraseBank] Elapsed training time:7.41s
[FinancialPhraseBank] Starting validation...
[FinancialPhraseBank] Elapsed validation time:1.13s
[FinancialPhraseBank] [Epoch=063] Train Loss=[QuantLoss=0.02002]Val loss = [QuantLoss=0.05840][QuantReg:0.46046]
[FinancialPhraseBank] Starting epoch 64...
[FinancialPhraseBank] Elapsed training time:7.69s
[FinancialPhraseBank] Starting validation...
[FinancialPhraseBank] Elapsed validation time:1.22s
[FinancialPhraseBank] [Epoch=064] Train Loss=[QuantLoss=0.02039]Val loss = [QuantLoss=0.05616][QuantReg:0.45829]
[FinancialPhraseBank] Starting epoch 65...
[FinancialPhraseBank] Elapsed training time:7.64s
[FinancialPhraseBank] Starting validation...
[FinancialPhraseBank] Elapsed validation time:1.17s
[FinancialPhraseBank] [Epoch=065] Train Loss=[QuantLoss=0.02016]Val loss = [QuantLoss=0.05602][QuantReg:0.45678]
[FinancialPhraseBank] Starting epoch 66...
[FinancialPhraseBank] Elapsed training time:7.74s
[FinancialPhraseBank] Starting validation...
[FinancialPhraseBank] Elapsed validation time:1.19s
[FinancialPhraseBank] [Epoch=066] Train Loss=[QuantLoss=0.01979]Val loss = [QuantLoss=0.05791][QuantReg:0.45709]
[FinancialPhraseBank] Starting epoch 67...
[FinancialPhraseBank] Elapsed training time:7.51s
[FinancialPhraseBank] Starting validation...
[FinancialPhraseBank] Elapsed validation time:1.28s
[FinancialPhraseBank] [Epoch=067] Train Loss=[QuantLoss=0.01796]Val loss = [QuantLoss=0.05863][QuantReg:0.45734]
[FinancialPhraseBank] Starting epoch 68...
[FinancialPhraseBank] Elapsed training time:7.51s
[FinancialPhraseBank] Starting validation...
[FinancialPhraseBank] Elapsed validation time:1.25s
[FinancialPhraseBank] [Epoch=068] Train Loss=[QuantLoss=0.02027]Val loss = [QuantLoss=0.05724][QuantReg:0.45872]
[FinancialPhraseBank] Starting epoch 69...
[FinancialPhraseBank] Elapsed training time:7.58s
[FinancialPhraseBank] Starting validation...
[FinancialPhraseBank] Elapsed validation time:1.12s
[FinancialPhraseBank] [Epoch=069] Train Loss=[QuantLoss=0.02013]Val loss = [QuantLoss=0.05422][QuantReg:0.45752]
[FinancialPhraseBank] Starting epoch 70...
[FinancialPhraseBank] Elapsed training time:7.51s
[FinancialPhraseBank] Starting validation...
[FinancialPhraseBank] Elapsed validation time:1.16s
[FinancialPhraseBank] [Epoch=070] Train Loss=[QuantLoss=0.01933]Val loss = [QuantLoss=0.05543][QuantReg:0.45691]
[FinancialPhraseBank] Starting epoch 71...
[FinancialPhraseBank] Elapsed training time:7.63s
[FinancialPhraseBank] Starting validation...
[FinancialPhraseBank] Elapsed validation time:1.23s
[FinancialPhraseBank] [Epoch=071] Train Loss=[QuantLoss=0.01925]Val loss = [QuantLoss=0.05674][QuantReg:0.45493]
[FinancialPhraseBank] Starting epoch 72...
[FinancialPhraseBank] Elapsed training time:7.54s
[FinancialPhraseBank] Starting validation...
[FinancialPhraseBank] Elapsed validation time:1.32s
[FinancialPhraseBank] [Epoch=072] Train Loss=[QuantLoss=0.01868]Val loss = [QuantLoss=0.05659][QuantReg:0.45528]
[FinancialPhraseBank] Starting epoch 73...
[FinancialPhraseBank] Elapsed training time:7.67s
[FinancialPhraseBank] Starting validation...
[FinancialPhraseBank] Elapsed validation time:1.28s
[FinancialPhraseBank] [Epoch=073] Train Loss=[QuantLoss=0.02103]Val loss = [QuantLoss=0.05528][QuantReg:0.45722]
[FinancialPhraseBank] Early stopping in epoch 73!
[FinancialPhraseBank] Restoring best model...
MAE médio: 0.0586 ± 0.0284
Tempo de execução (KL hardest): 662 segundos.
/home/nildaimon/anaconda3/envs/gpu-gmnet/lib/python3.9/site-packages/pandas/core/computation/expressions.py:21: UserWarning: Pandas requires version '2.8.4' or newer of 'numexpr' (version '2.7.3' currently installed).
  from pandas.core.computation.check import NUMEXPR_INSTALLED
/home/nildaimon/anaconda3/envs/gpu-gmnet/lib/python3.9/site-packages/pandas/core/arrays/masked.py:60: UserWarning: Pandas requires version '1.3.6' or newer of 'bottleneck' (version '1.3.2' currently installed).
  from pandas.core import (
Dificuldade: kl, modo: easiest, top_k: None
Dispositivo de treino: cuda
Carregando Financial PhraseBank (atrost/financial_phrasebank)...
Carregando embeddings do cache...
/home/nildaimon/gmnet/experiments/train_curl/train_financial.py:97: FutureWarning: You are using `torch.load` with `weights_only=False` (the current default value), which uses the default pickle module implicitly. It is possible to construct malicious pickle data which will execute arbitrary code during unpickling (See https://github.com/pytorch/pytorch/blob/main/SECURITY.md#untrusted-models for more details). In a future release, the default value for `weights_only` will be flipped to `True`. This limits the functions that could be executed during unpickling. Arbitrary objects will no longer be allowed to be loaded via this mode unless they are explicitly allowlisted by the user via `torch.serialization.add_safe_globals`. We recommend you start setting `weights_only=True` for any use case where you don't have full control of the loaded file. Please open an issue on GitHub for any issues related to this experimental feature.
  embeddings = torch.load(EMBEDDING_CACHE)
/home/nildaimon/gmnet/experiments/train_curl/train_financial.py:98: FutureWarning: You are using `torch.load` with `weights_only=False` (the current default value), which uses the default pickle module implicitly. It is possible to construct malicious pickle data which will execute arbitrary code during unpickling (See https://github.com/pytorch/pytorch/blob/main/SECURITY.md#untrusted-models for more details). In a future release, the default value for `weights_only` will be flipped to `True`. This limits the functions that could be executed during unpickling. Arbitrary objects will no longer be allowed to be loaded via this mode unless they are explicitly allowlisted by the user via `torch.serialization.add_safe_globals`. We recommend you start setting `weights_only=True` for any use case where you don't have full control of the loaded file. Please open an issue on GitHub for any issues related to this experimental feature.
  labels = torch.load(LABELS_CACHE)
Ignoring val_split as train and val datasets where given to fit function
We have two datasets: training 2502907 examples. validation 150000 examples.]
Using device cuda
/home/nildaimon/anaconda3/envs/gpu-gmnet/lib/python3.9/site-packages/torch/optim/lr_scheduler.py:62: UserWarning: The verbose parameter is deprecated. Please use get_last_lr() to access the learning rate.
  warnings.warn(
/home/nildaimon/gmnet/dlquantification/main.py:835: FutureWarning: `torch.cuda.amp.GradScaler(args...)` is deprecated. Please use `torch.amp.GradScaler('cuda', args...)` instead.
  scaler = torch.cuda.amp.GradScaler(enabled=self.use_fp16)
[FinancialPhraseBank] Starting epoch 0...
/home/nildaimon/gmnet/dlquantification/main.py:888: FutureWarning: `torch.cuda.amp.autocast(args...)` is deprecated. Please use `torch.amp.autocast('cuda', args...)` instead.
  with torch.cuda.amp.autocast(enabled=self.use_fp16):
[FinancialPhraseBank] Elapsed training time:7.75s
[FinancialPhraseBank] Starting validation...
[FinancialPhraseBank] Elapsed validation time:1.23s
[FinancialPhraseBank] [Epoch=000] Train Loss=[QuantLoss=0.04228]Val loss = [QuantLoss=0.07457][QuantReg:0.60492][saved best model in this epoch]
[FinancialPhraseBank] Starting epoch 1...
[FinancialPhraseBank] Elapsed training time:7.69s
[FinancialPhraseBank] Starting validation...
[FinancialPhraseBank] Elapsed validation time:1.31s
[FinancialPhraseBank] [Epoch=001] Train Loss=[QuantLoss=0.04962]Val loss = [QuantLoss=0.09142][QuantReg:0.53463]
[FinancialPhraseBank] Starting epoch 2...
[FinancialPhraseBank] Elapsed training time:7.62s
[FinancialPhraseBank] Starting validation...
[FinancialPhraseBank] Elapsed validation time:1.33s
[FinancialPhraseBank] [Epoch=002] Train Loss=[QuantLoss=0.05457]Val loss = [QuantLoss=0.13244][QuantReg:0.53870]
[FinancialPhraseBank] Starting epoch 3...
[FinancialPhraseBank] Elapsed training time:7.55s
[FinancialPhraseBank] Starting validation...
[FinancialPhraseBank] Elapsed validation time:1.23s
[FinancialPhraseBank] [Epoch=003] Train Loss=[QuantLoss=0.04524]Val loss = [QuantLoss=0.13504][QuantReg:0.49533]
[FinancialPhraseBank] Starting epoch 4...
[FinancialPhraseBank] Elapsed training time:7.65s
[FinancialPhraseBank] Starting validation...
[FinancialPhraseBank] Elapsed validation time:1.23s
[FinancialPhraseBank] [Epoch=004] Train Loss=[QuantLoss=0.03869]Val loss = [QuantLoss=0.09268][QuantReg:0.47746]
[FinancialPhraseBank] Starting epoch 5...
[FinancialPhraseBank] Elapsed training time:7.69s
[FinancialPhraseBank] Starting validation...
[FinancialPhraseBank] Elapsed validation time:1.33s
[FinancialPhraseBank] [Epoch=005] Train Loss=[QuantLoss=0.03683]Val loss = [QuantLoss=0.10254][QuantReg:0.48210]
[FinancialPhraseBank] Starting epoch 6...
[FinancialPhraseBank] Elapsed training time:7.58s
[FinancialPhraseBank] Starting validation...
[FinancialPhraseBank] Elapsed validation time:1.24s
[FinancialPhraseBank] [Epoch=006] Train Loss=[QuantLoss=0.04208]Val loss = [QuantLoss=0.11660][QuantReg:0.48473]
[FinancialPhraseBank] Starting epoch 7...
[FinancialPhraseBank] Elapsed training time:7.49s
[FinancialPhraseBank] Starting validation...
[FinancialPhraseBank] Elapsed validation time:1.21s
[FinancialPhraseBank] [Epoch=007] Train Loss=[QuantLoss=0.03617]Val loss = [QuantLoss=0.07764][QuantReg:0.46948]
[FinancialPhraseBank] Starting epoch 8...
[FinancialPhraseBank] Elapsed training time:7.59s
[FinancialPhraseBank] Starting validation...
[FinancialPhraseBank] Elapsed validation time:1.31s
[FinancialPhraseBank] [Epoch=008] Train Loss=[QuantLoss=0.03857]Val loss = [QuantLoss=0.08737][QuantReg:0.47493]
[FinancialPhraseBank] Starting epoch 9...
[FinancialPhraseBank] Elapsed training time:7.38s
[FinancialPhraseBank] Starting validation...
[FinancialPhraseBank] Elapsed validation time:1.39s
[FinancialPhraseBank] [Epoch=009] Train Loss=[QuantLoss=0.04432]Val loss = [QuantLoss=0.07885][QuantReg:0.47077]
[FinancialPhraseBank] Starting epoch 10...
[FinancialPhraseBank] Elapsed training time:7.40s
[FinancialPhraseBank] Starting validation...
[FinancialPhraseBank] Elapsed validation time:1.20s
[FinancialPhraseBank] [Epoch=010] Train Loss=[QuantLoss=0.03914]Val loss = [QuantLoss=0.11447][QuantReg:0.48058]
[FinancialPhraseBank] Starting epoch 11...
[FinancialPhraseBank] Elapsed training time:7.46s
[FinancialPhraseBank] Starting validation...
[FinancialPhraseBank] Elapsed validation time:1.18s
[FinancialPhraseBank] [Epoch=011] Train Loss=[QuantLoss=0.03961]Val loss = [QuantLoss=0.07547][QuantReg:0.43867]
[FinancialPhraseBank] Starting epoch 12...
[FinancialPhraseBank] Elapsed training time:7.54s
[FinancialPhraseBank] Starting validation...
[FinancialPhraseBank] Elapsed validation time:1.31s
[FinancialPhraseBank] [Epoch=012] Train Loss=[QuantLoss=0.03818]Val loss = [QuantLoss=0.10712][QuantReg:0.45372]
[FinancialPhraseBank] Starting epoch 13...
[FinancialPhraseBank] Elapsed training time:7.85s
[FinancialPhraseBank] Starting validation...
[FinancialPhraseBank] Elapsed validation time:1.18s
[FinancialPhraseBank] [Epoch=013] Train Loss=[QuantLoss=0.03363]Val loss = [QuantLoss=0.09500][QuantReg:0.45974]
[FinancialPhraseBank] Starting epoch 14...
[FinancialPhraseBank] Elapsed training time:7.55s
[FinancialPhraseBank] Starting validation...
[FinancialPhraseBank] Elapsed validation time:1.20s
[FinancialPhraseBank] [Epoch=014] Train Loss=[QuantLoss=0.04119]Val loss = [QuantLoss=0.07236][QuantReg:0.45568][saved best model in this epoch]
[FinancialPhraseBank] Starting epoch 15...
[FinancialPhraseBank] Elapsed training time:7.67s
[FinancialPhraseBank] Starting validation...
[FinancialPhraseBank] Elapsed validation time:1.18s
[FinancialPhraseBank] [Epoch=015] Train Loss=[QuantLoss=0.04503]Val loss = [QuantLoss=0.08424][QuantReg:0.43784]
[FinancialPhraseBank] Starting epoch 16...
[FinancialPhraseBank] Elapsed training time:7.49s
[FinancialPhraseBank] Starting validation...
[FinancialPhraseBank] Elapsed validation time:1.28s
[FinancialPhraseBank] [Epoch=016] Train Loss=[QuantLoss=0.03593]Val loss = [QuantLoss=0.09443][QuantReg:0.41483]
[FinancialPhraseBank] Starting epoch 17...
[FinancialPhraseBank] Elapsed training time:7.55s
[FinancialPhraseBank] Starting validation...
[FinancialPhraseBank] Elapsed validation time:1.20s
[FinancialPhraseBank] [Epoch=017] Train Loss=[QuantLoss=0.03773]Val loss = [QuantLoss=0.09896][QuantReg:0.40138]
[FinancialPhraseBank] Starting epoch 18...
[FinancialPhraseBank] Elapsed training time:7.47s
[FinancialPhraseBank] Starting validation...
[FinancialPhraseBank] Elapsed validation time:1.18s
[FinancialPhraseBank] [Epoch=018] Train Loss=[QuantLoss=0.03664]Val loss = [QuantLoss=0.08451][QuantReg:0.38359]
[FinancialPhraseBank] Starting epoch 19...
[FinancialPhraseBank] Elapsed training time:7.64s
[FinancialPhraseBank] Starting validation...
[FinancialPhraseBank] Elapsed validation time:1.23s
[FinancialPhraseBank] [Epoch=019] Train Loss=[QuantLoss=0.03697]Val loss = [QuantLoss=0.06961][QuantReg:0.37947][saved best model in this epoch]
[FinancialPhraseBank] Starting epoch 20...
[FinancialPhraseBank] Elapsed training time:7.63s
[FinancialPhraseBank] Starting validation...
[FinancialPhraseBank] Elapsed validation time:1.18s
[FinancialPhraseBank] [Epoch=020] Train Loss=[QuantLoss=0.03427]Val loss = [QuantLoss=0.09608][QuantReg:0.38092]
[FinancialPhraseBank] Starting epoch 21...
[FinancialPhraseBank] Elapsed training time:7.68s
[FinancialPhraseBank] Starting validation...
[FinancialPhraseBank] Elapsed validation time:1.23s
[FinancialPhraseBank] [Epoch=021] Train Loss=[QuantLoss=0.03311]Val loss = [QuantLoss=0.07529][QuantReg:0.38567]
[FinancialPhraseBank] Starting epoch 22...
[FinancialPhraseBank] Elapsed training time:7.73s
[FinancialPhraseBank] Starting validation...
[FinancialPhraseBank] Elapsed validation time:1.21s
[FinancialPhraseBank] [Epoch=022] Train Loss=[QuantLoss=0.03136]Val loss = [QuantLoss=0.06726][QuantReg:0.39273][saved best model in this epoch]
[FinancialPhraseBank] Starting epoch 23...
[FinancialPhraseBank] Elapsed training time:7.58s
[FinancialPhraseBank] Starting validation...
[FinancialPhraseBank] Elapsed validation time:1.13s
[FinancialPhraseBank] [Epoch=023] Train Loss=[QuantLoss=0.03921]Val loss = [QuantLoss=0.07412][QuantReg:0.39910]
[FinancialPhraseBank] Starting epoch 24...
[FinancialPhraseBank] Elapsed training time:7.56s
[FinancialPhraseBank] Starting validation...
[FinancialPhraseBank] Elapsed validation time:1.38s
[FinancialPhraseBank] [Epoch=024] Train Loss=[QuantLoss=0.03356]Val loss = [QuantLoss=0.08684][QuantReg:0.39267]
[FinancialPhraseBank] Starting epoch 25...
[FinancialPhraseBank] Elapsed training time:7.58s
[FinancialPhraseBank] Starting validation...
[FinancialPhraseBank] Elapsed validation time:1.25s
[FinancialPhraseBank] [Epoch=025] Train Loss=[QuantLoss=0.03487]Val loss = [QuantLoss=0.05121][QuantReg:0.38331][saved best model in this epoch]
[FinancialPhraseBank] Starting epoch 26...
[FinancialPhraseBank] Elapsed training time:7.54s
[FinancialPhraseBank] Starting validation...
[FinancialPhraseBank] Elapsed validation time:1.27s
[FinancialPhraseBank] [Epoch=026] Train Loss=[QuantLoss=0.03183]Val loss = [QuantLoss=0.09008][QuantReg:0.38515]
[FinancialPhraseBank] Starting epoch 27...
[FinancialPhraseBank] Elapsed training time:7.78s
[FinancialPhraseBank] Starting validation...
[FinancialPhraseBank] Elapsed validation time:1.34s
[FinancialPhraseBank] [Epoch=027] Train Loss=[QuantLoss=0.03561]Val loss = [QuantLoss=0.06264][QuantReg:0.38200]
[FinancialPhraseBank] Starting epoch 28...
[FinancialPhraseBank] Elapsed training time:7.75s
[FinancialPhraseBank] Starting validation...
[FinancialPhraseBank] Elapsed validation time:1.31s
[FinancialPhraseBank] [Epoch=028] Train Loss=[QuantLoss=0.03641]Val loss = [QuantLoss=0.09069][QuantReg:0.37369]
[FinancialPhraseBank] Starting epoch 29...
[FinancialPhraseBank] Elapsed training time:7.47s
[FinancialPhraseBank] Starting validation...
[FinancialPhraseBank] Elapsed validation time:1.23s
[FinancialPhraseBank] [Epoch=029] Train Loss=[QuantLoss=0.03101]Val loss = [QuantLoss=0.08847][QuantReg:0.36400]
[FinancialPhraseBank] Starting epoch 30...
[FinancialPhraseBank] Elapsed training time:7.57s
[FinancialPhraseBank] Starting validation...
[FinancialPhraseBank] Elapsed validation time:1.21s
[FinancialPhraseBank] [Epoch=030] Train Loss=[QuantLoss=0.03171]Val loss = [QuantLoss=0.07703][QuantReg:0.37083]
[FinancialPhraseBank] Starting epoch 31...
[FinancialPhraseBank] Elapsed training time:7.60s
[FinancialPhraseBank] Starting validation...
[FinancialPhraseBank] Elapsed validation time:1.21s
[FinancialPhraseBank] [Epoch=031] Train Loss=[QuantLoss=0.03552]Val loss = [QuantLoss=0.08010][QuantReg:0.37141]
[FinancialPhraseBank] Starting epoch 32...
[FinancialPhraseBank] Elapsed training time:7.71s
[FinancialPhraseBank] Starting validation...
[FinancialPhraseBank] Elapsed validation time:1.28s
[FinancialPhraseBank] [Epoch=032] Train Loss=[QuantLoss=0.03425]Val loss = [QuantLoss=0.10646][QuantReg:0.36863]
[FinancialPhraseBank] Starting epoch 33...
[FinancialPhraseBank] Elapsed training time:7.60s
[FinancialPhraseBank] Starting validation...
[FinancialPhraseBank] Elapsed validation time:1.20s
[FinancialPhraseBank] [Epoch=033] Train Loss=[QuantLoss=0.03417]Val loss = [QuantLoss=0.10299][QuantReg:0.37574]
[FinancialPhraseBank] Starting epoch 34...
[FinancialPhraseBank] Elapsed training time:7.46s
[FinancialPhraseBank] Starting validation...
[FinancialPhraseBank] Elapsed validation time:1.20s
[FinancialPhraseBank] [Epoch=034] Train Loss=[QuantLoss=0.03176]Val loss = [QuantLoss=0.06346][QuantReg:0.37838]
[FinancialPhraseBank] Starting epoch 35...
[FinancialPhraseBank] Elapsed training time:7.54s
[FinancialPhraseBank] Starting validation...
[FinancialPhraseBank] Elapsed validation time:1.32s
[FinancialPhraseBank] [Epoch=035] Train Loss=[QuantLoss=0.03731]Val loss = [QuantLoss=0.05013][QuantReg:0.39316][saved best model in this epoch]
[FinancialPhraseBank] Starting epoch 36...
[FinancialPhraseBank] Elapsed training time:7.52s
[FinancialPhraseBank] Starting validation...
[FinancialPhraseBank] Elapsed validation time:1.18s
[FinancialPhraseBank] [Epoch=036] Train Loss=[QuantLoss=0.03542]Val loss = [QuantLoss=0.08391][QuantReg:0.39794]
[FinancialPhraseBank] Starting epoch 37...
[FinancialPhraseBank] Elapsed training time:7.44s
[FinancialPhraseBank] Starting validation...
[FinancialPhraseBank] Elapsed validation time:1.20s
[FinancialPhraseBank] [Epoch=037] Train Loss=[QuantLoss=0.03430]Val loss = [QuantLoss=0.08018][QuantReg:0.39266]
[FinancialPhraseBank] Starting epoch 38...
[FinancialPhraseBank] Elapsed training time:7.60s
[FinancialPhraseBank] Starting validation...
[FinancialPhraseBank] Elapsed validation time:1.18s
[FinancialPhraseBank] [Epoch=038] Train Loss=[QuantLoss=0.03375]Val loss = [QuantLoss=0.05802][QuantReg:0.39117]
[FinancialPhraseBank] Starting epoch 39...
[FinancialPhraseBank] Elapsed training time:7.63s
[FinancialPhraseBank] Starting validation...
[FinancialPhraseBank] Elapsed validation time:1.27s
[FinancialPhraseBank] [Epoch=039] Train Loss=[QuantLoss=0.03213]Val loss = [QuantLoss=0.05966][QuantReg:0.38471]
[FinancialPhraseBank] Starting epoch 40...
[FinancialPhraseBank] Elapsed training time:7.70s
[FinancialPhraseBank] Starting validation...
[FinancialPhraseBank] Elapsed validation time:1.26s
[FinancialPhraseBank] [Epoch=040] Train Loss=[QuantLoss=0.03274]Val loss = [QuantLoss=0.07856][QuantReg:0.38889]
[FinancialPhraseBank] Starting epoch 41...
[FinancialPhraseBank] Elapsed training time:7.79s
[FinancialPhraseBank] Starting validation...
[FinancialPhraseBank] Elapsed validation time:1.24s
[FinancialPhraseBank] [Epoch=041] Train Loss=[QuantLoss=0.03448]Val loss = [QuantLoss=0.06268][QuantReg:0.38358]
[FinancialPhraseBank] Starting epoch 42...
[FinancialPhraseBank] Elapsed training time:7.58s
[FinancialPhraseBank] Starting validation...
[FinancialPhraseBank] Elapsed validation time:1.33s
[FinancialPhraseBank] [Epoch=042] Train Loss=[QuantLoss=0.03642]Val loss = [QuantLoss=0.08655][QuantReg:0.37705]
[FinancialPhraseBank] Starting epoch 43...
[FinancialPhraseBank] Elapsed training time:7.50s
[FinancialPhraseBank] Starting validation...
[FinancialPhraseBank] Elapsed validation time:1.20s
[FinancialPhraseBank] [Epoch=043] Train Loss=[QuantLoss=0.03417]Val loss = [QuantLoss=0.05898][QuantReg:0.37459]
[FinancialPhraseBank] Starting epoch 44...
[FinancialPhraseBank] Elapsed training time:7.48s
[FinancialPhraseBank] Starting validation...
[FinancialPhraseBank] Elapsed validation time:1.32s
[FinancialPhraseBank] [Epoch=044] Train Loss=[QuantLoss=0.02876]Val loss = [QuantLoss=0.05772][QuantReg:0.38175]
[FinancialPhraseBank] Starting epoch 45...
[FinancialPhraseBank] Elapsed training time:7.63s
[FinancialPhraseBank] Starting validation...
[FinancialPhraseBank] Elapsed validation time:1.21s
[FinancialPhraseBank] [Epoch=045] Train Loss=[QuantLoss=0.02907]Val loss = [QuantLoss=0.06996][QuantReg:0.38313]
[FinancialPhraseBank] Starting epoch 46...
[FinancialPhraseBank] Elapsed training time:7.74s
[FinancialPhraseBank] Starting validation...
[FinancialPhraseBank] Elapsed validation time:1.26s
[FinancialPhraseBank] [Epoch=046] Train Loss=[QuantLoss=0.03082]Val loss = [QuantLoss=0.09185][QuantReg:0.38322]
[FinancialPhraseBank] Starting epoch 47...
[FinancialPhraseBank] Elapsed training time:7.53s
[FinancialPhraseBank] Starting validation...
[FinancialPhraseBank] Elapsed validation time:1.17s
[FinancialPhraseBank] [Epoch=047] Train Loss=[QuantLoss=0.03330]Val loss = [QuantLoss=0.07387][QuantReg:0.39062]
[FinancialPhraseBank] Starting epoch 48...
[FinancialPhraseBank] Elapsed training time:7.52s
[FinancialPhraseBank] Starting validation...
[FinancialPhraseBank] Elapsed validation time:1.18s
[FinancialPhraseBank] [Epoch=048] Train Loss=[QuantLoss=0.02746]Val loss = [QuantLoss=0.09364][QuantReg:0.36918]
[FinancialPhraseBank] Starting epoch 49...
[FinancialPhraseBank] Elapsed training time:7.62s
[FinancialPhraseBank] Starting validation...
[FinancialPhraseBank] Elapsed validation time:1.28s
[FinancialPhraseBank] [Epoch=049] Train Loss=[QuantLoss=0.03634]Val loss = [QuantLoss=0.10227][QuantReg:0.36427]
[FinancialPhraseBank] Starting epoch 50...
[FinancialPhraseBank] Elapsed training time:7.81s
[FinancialPhraseBank] Starting validation...
[FinancialPhraseBank] Elapsed validation time:1.16s
[FinancialPhraseBank] [Epoch=050] Train Loss=[QuantLoss=0.03038]Val loss = [QuantLoss=0.06919][QuantReg:0.36884]
[FinancialPhraseBank] Starting epoch 51...
[FinancialPhraseBank] Elapsed training time:7.71s
[FinancialPhraseBank] Starting validation...
[FinancialPhraseBank] Elapsed validation time:1.24s
[FinancialPhraseBank] [Epoch=051] Train Loss=[QuantLoss=0.02855]Val loss = [QuantLoss=0.08121][QuantReg:0.37556]
[FinancialPhraseBank] Starting epoch 52...
[FinancialPhraseBank] Elapsed training time:7.88s
[FinancialPhraseBank] Starting validation...
[FinancialPhraseBank] Elapsed validation time:1.17s
[FinancialPhraseBank] [Epoch=052] Train Loss=[QuantLoss=0.02702]Val loss = [QuantLoss=0.06116][QuantReg:0.38771]
[FinancialPhraseBank] Starting epoch 53...
[FinancialPhraseBank] Elapsed training time:7.55s
[FinancialPhraseBank] Starting validation...
[FinancialPhraseBank] Elapsed validation time:1.20s
[FinancialPhraseBank] [Epoch=053] Train Loss=[QuantLoss=0.02888]Val loss = [QuantLoss=0.07770][QuantReg:0.38734]
[FinancialPhraseBank] Starting epoch 54...
[FinancialPhraseBank] Elapsed training time:7.55s
[FinancialPhraseBank] Starting validation...
[FinancialPhraseBank] Elapsed validation time:1.24s
[FinancialPhraseBank] [Epoch=054] Train Loss=[QuantLoss=0.02941]Val loss = [QuantLoss=0.09099][QuantReg:0.38937]
[FinancialPhraseBank] Starting epoch 55...
[FinancialPhraseBank] Elapsed training time:7.61s
[FinancialPhraseBank] Starting validation...
[FinancialPhraseBank] Elapsed validation time:1.15s
[FinancialPhraseBank] [Epoch=055] Train Loss=[QuantLoss=0.03145]Val loss = [QuantLoss=0.09038][QuantReg:0.37627]
[FinancialPhraseBank] Starting epoch 56...
[FinancialPhraseBank] Elapsed training time:7.71s
[FinancialPhraseBank] Starting validation...
[FinancialPhraseBank] Elapsed validation time:1.16s
[FinancialPhraseBank] [Epoch=056] Train Loss=[QuantLoss=0.03484]Val loss = [QuantLoss=0.10614][QuantReg:0.35101]
[FinancialPhraseBank] Starting epoch 57...
[FinancialPhraseBank] Elapsed training time:7.71s
[FinancialPhraseBank] Starting validation...
[FinancialPhraseBank] Elapsed validation time:1.19s
[FinancialPhraseBank] [Epoch=057] Train Loss=[QuantLoss=0.03092]Val loss = [QuantLoss=0.06421][QuantReg:0.35346]
[FinancialPhraseBank] Starting epoch 58...
[FinancialPhraseBank] Elapsed training time:7.68s
[FinancialPhraseBank] Starting validation...
[FinancialPhraseBank] Elapsed validation time:1.27s
[FinancialPhraseBank] [Epoch=058] Train Loss=[QuantLoss=0.02533]Val loss = [QuantLoss=0.05154][QuantReg:0.35398]
[FinancialPhraseBank] Starting epoch 59...
[FinancialPhraseBank] Elapsed training time:7.80s
[FinancialPhraseBank] Starting validation...
[FinancialPhraseBank] Elapsed validation time:1.23s
[FinancialPhraseBank] [Epoch=059] Train Loss=[QuantLoss=0.02818]Val loss = [QuantLoss=0.06443][QuantReg:0.35315]
[FinancialPhraseBank] Starting epoch 60...
[FinancialPhraseBank] Elapsed training time:7.71s
[FinancialPhraseBank] Starting validation...
[FinancialPhraseBank] Elapsed validation time:1.26s
[FinancialPhraseBank] [Epoch=060] Train Loss=[QuantLoss=0.02225]Val loss = [QuantLoss=0.06138][QuantReg:0.35312]
[FinancialPhraseBank] Starting epoch 61...
[FinancialPhraseBank] Elapsed training time:7.85s
[FinancialPhraseBank] Starting validation...
[FinancialPhraseBank] Elapsed validation time:1.38s
[FinancialPhraseBank] [Epoch=061] Train Loss=[QuantLoss=0.02846]Val loss = [QuantLoss=0.07813][QuantReg:0.35327]
[FinancialPhraseBank] Starting epoch 62...
[FinancialPhraseBank] Elapsed training time:7.61s
[FinancialPhraseBank] Starting validation...
[FinancialPhraseBank] Elapsed validation time:1.30s
[FinancialPhraseBank] [Epoch=062] Train Loss=[QuantLoss=0.02764]Val loss = [QuantLoss=0.07940][QuantReg:0.35319]
[FinancialPhraseBank] Starting epoch 63...
[FinancialPhraseBank] Elapsed training time:7.86s
[FinancialPhraseBank] Starting validation...
[FinancialPhraseBank] Elapsed validation time:1.37s
[FinancialPhraseBank] [Epoch=063] Train Loss=[QuantLoss=0.02359]Val loss = [QuantLoss=0.07193][QuantReg:0.35420]
[FinancialPhraseBank] Starting epoch 64...
[FinancialPhraseBank] Elapsed training time:7.43s
[FinancialPhraseBank] Starting validation...
[FinancialPhraseBank] Elapsed validation time:1.34s
[FinancialPhraseBank] [Epoch=064] Train Loss=[QuantLoss=0.02377]Val loss = [QuantLoss=0.07081][QuantReg:0.35286]
[FinancialPhraseBank] Starting epoch 65...
[FinancialPhraseBank] Elapsed training time:7.69s
[FinancialPhraseBank] Starting validation...
[FinancialPhraseBank] Elapsed validation time:1.31s
[FinancialPhraseBank] [Epoch=065] Train Loss=[QuantLoss=0.02428]Val loss = [QuantLoss=0.07556][QuantReg:0.35234]
[FinancialPhraseBank] Starting epoch 66...
[FinancialPhraseBank] Elapsed training time:7.76s
[FinancialPhraseBank] Starting validation...
[FinancialPhraseBank] Elapsed validation time:1.19s
[FinancialPhraseBank] [Epoch=066] Train Loss=[QuantLoss=0.02268]Val loss = [QuantLoss=0.06915][QuantReg:0.35304]
[FinancialPhraseBank] Starting epoch 67...
[FinancialPhraseBank] Elapsed training time:7.61s
[FinancialPhraseBank] Starting validation...
[FinancialPhraseBank] Elapsed validation time:1.31s
[FinancialPhraseBank] [Epoch=067] Train Loss=[QuantLoss=0.02058]Val loss = [QuantLoss=0.07158][QuantReg:0.35491]
[FinancialPhraseBank] Starting epoch 68...
[FinancialPhraseBank] Elapsed training time:7.81s
[FinancialPhraseBank] Starting validation...
[FinancialPhraseBank] Elapsed validation time:1.26s
[FinancialPhraseBank] [Epoch=068] Train Loss=[QuantLoss=0.02371]Val loss = [QuantLoss=0.06418][QuantReg:0.35600]
[FinancialPhraseBank] Starting epoch 69...
[FinancialPhraseBank] Elapsed training time:7.72s
[FinancialPhraseBank] Starting validation...
[FinancialPhraseBank] Elapsed validation time:1.18s
[FinancialPhraseBank] [Epoch=069] Train Loss=[QuantLoss=0.02406]Val loss = [QuantLoss=0.07653][QuantReg:0.35708]
[FinancialPhraseBank] Starting epoch 70...
[FinancialPhraseBank] Elapsed training time:7.53s
[FinancialPhraseBank] Starting validation...
[FinancialPhraseBank] Elapsed validation time:1.24s
[FinancialPhraseBank] [Epoch=070] Train Loss=[QuantLoss=0.02092]Val loss = [QuantLoss=0.06911][QuantReg:0.35602]
[FinancialPhraseBank] Starting epoch 71...
[FinancialPhraseBank] Elapsed training time:7.57s
[FinancialPhraseBank] Starting validation...
[FinancialPhraseBank] Elapsed validation time:1.17s
[FinancialPhraseBank] [Epoch=071] Train Loss=[QuantLoss=0.02812]Val loss = [QuantLoss=0.07680][QuantReg:0.35587]
[FinancialPhraseBank] Starting epoch 72...
[FinancialPhraseBank] Elapsed training time:7.78s
[FinancialPhraseBank] Starting validation...
[FinancialPhraseBank] Elapsed validation time:1.33s
[FinancialPhraseBank] [Epoch=072] Train Loss=[QuantLoss=0.02176]Val loss = [QuantLoss=0.05492][QuantReg:0.35473]
[FinancialPhraseBank] Starting epoch 73...
[FinancialPhraseBank] Elapsed training time:7.54s
[FinancialPhraseBank] Starting validation...
[FinancialPhraseBank] Elapsed validation time:1.28s
[FinancialPhraseBank] [Epoch=073] Train Loss=[QuantLoss=0.02386]Val loss = [QuantLoss=0.07785][QuantReg:0.35782]
[FinancialPhraseBank] Starting epoch 74...
[FinancialPhraseBank] Elapsed training time:7.87s
[FinancialPhraseBank] Starting validation...
[FinancialPhraseBank] Elapsed validation time:1.17s
[FinancialPhraseBank] [Epoch=074] Train Loss=[QuantLoss=0.02540]Val loss = [QuantLoss=0.07689][QuantReg:0.35791]
[FinancialPhraseBank] Starting epoch 75...
[FinancialPhraseBank] Elapsed training time:7.47s
[FinancialPhraseBank] Starting validation...
[FinancialPhraseBank] Elapsed validation time:1.34s
[FinancialPhraseBank] [Epoch=075] Train Loss=[QuantLoss=0.02095]Val loss = [QuantLoss=0.06134][QuantReg:0.35756]
[FinancialPhraseBank] Starting epoch 76...
[FinancialPhraseBank] Elapsed training time:7.75s
[FinancialPhraseBank] Starting validation...
[FinancialPhraseBank] Elapsed validation time:1.26s
[FinancialPhraseBank] [Epoch=076] Train Loss=[QuantLoss=0.02151]Val loss = [QuantLoss=0.06577][QuantReg:0.35789]
[FinancialPhraseBank] Starting epoch 77...
[FinancialPhraseBank] Elapsed training time:7.62s
[FinancialPhraseBank] Starting validation...
[FinancialPhraseBank] Elapsed validation time:1.13s
[FinancialPhraseBank] [Epoch=077] Train Loss=[QuantLoss=0.02217]Val loss = [QuantLoss=0.05272][QuantReg:0.35672]
[FinancialPhraseBank] Early stopping in epoch 77!
[FinancialPhraseBank] Restoring best model...
MAE médio: 0.0503 ± 0.0237
Tempo de execução (KL easiest): 699 segundos.
/home/nildaimon/anaconda3/envs/gpu-gmnet/lib/python3.9/site-packages/pandas/core/computation/expressions.py:21: UserWarning: Pandas requires version '2.8.4' or newer of 'numexpr' (version '2.7.3' currently installed).
  from pandas.core.computation.check import NUMEXPR_INSTALLED
/home/nildaimon/anaconda3/envs/gpu-gmnet/lib/python3.9/site-packages/pandas/core/arrays/masked.py:60: UserWarning: Pandas requires version '1.3.6' or newer of 'bottleneck' (version '1.3.2' currently installed).
  from pandas.core import (
Dificuldade: l1, modo: hardest, top_k: None
Dispositivo de treino: cuda
Carregando Financial PhraseBank (atrost/financial_phrasebank)...
Carregando embeddings do cache...
/home/nildaimon/gmnet/experiments/train_curl/train_financial.py:97: FutureWarning: You are using `torch.load` with `weights_only=False` (the current default value), which uses the default pickle module implicitly. It is possible to construct malicious pickle data which will execute arbitrary code during unpickling (See https://github.com/pytorch/pytorch/blob/main/SECURITY.md#untrusted-models for more details). In a future release, the default value for `weights_only` will be flipped to `True`. This limits the functions that could be executed during unpickling. Arbitrary objects will no longer be allowed to be loaded via this mode unless they are explicitly allowlisted by the user via `torch.serialization.add_safe_globals`. We recommend you start setting `weights_only=True` for any use case where you don't have full control of the loaded file. Please open an issue on GitHub for any issues related to this experimental feature.
  embeddings = torch.load(EMBEDDING_CACHE)
/home/nildaimon/gmnet/experiments/train_curl/train_financial.py:98: FutureWarning: You are using `torch.load` with `weights_only=False` (the current default value), which uses the default pickle module implicitly. It is possible to construct malicious pickle data which will execute arbitrary code during unpickling (See https://github.com/pytorch/pytorch/blob/main/SECURITY.md#untrusted-models for more details). In a future release, the default value for `weights_only` will be flipped to `True`. This limits the functions that could be executed during unpickling. Arbitrary objects will no longer be allowed to be loaded via this mode unless they are explicitly allowlisted by the user via `torch.serialization.add_safe_globals`. We recommend you start setting `weights_only=True` for any use case where you don't have full control of the loaded file. Please open an issue on GitHub for any issues related to this experimental feature.
  labels = torch.load(LABELS_CACHE)
Ignoring val_split as train and val datasets where given to fit function
We have two datasets: training 2502907 examples. validation 150000 examples.]
Using device cuda
/home/nildaimon/anaconda3/envs/gpu-gmnet/lib/python3.9/site-packages/torch/optim/lr_scheduler.py:62: UserWarning: The verbose parameter is deprecated. Please use get_last_lr() to access the learning rate.
  warnings.warn(
/home/nildaimon/gmnet/dlquantification/main.py:835: FutureWarning: `torch.cuda.amp.GradScaler(args...)` is deprecated. Please use `torch.amp.GradScaler('cuda', args...)` instead.
  scaler = torch.cuda.amp.GradScaler(enabled=self.use_fp16)
[FinancialPhraseBank] Starting epoch 0...
/home/nildaimon/gmnet/dlquantification/main.py:888: FutureWarning: `torch.cuda.amp.autocast(args...)` is deprecated. Please use `torch.amp.autocast('cuda', args...)` instead.
  with torch.cuda.amp.autocast(enabled=self.use_fp16):
[FinancialPhraseBank] Elapsed training time:7.89s
[FinancialPhraseBank] Starting validation...
[FinancialPhraseBank] Elapsed validation time:1.16s
[FinancialPhraseBank] [Epoch=000] Train Loss=[QuantLoss=0.07056]Val loss = [QuantLoss=0.08604][QuantReg:0.75651][saved best model in this epoch]
[FinancialPhraseBank] Starting epoch 1...
[FinancialPhraseBank] Elapsed training time:7.36s
[FinancialPhraseBank] Starting validation...
[FinancialPhraseBank] Elapsed validation time:1.21s
[FinancialPhraseBank] [Epoch=001] Train Loss=[QuantLoss=0.06278]Val loss = [QuantLoss=0.06451][QuantReg:0.68021][saved best model in this epoch]
[FinancialPhraseBank] Starting epoch 2...
[FinancialPhraseBank] Elapsed training time:7.53s
[FinancialPhraseBank] Starting validation...
[FinancialPhraseBank] Elapsed validation time:1.21s
[FinancialPhraseBank] [Epoch=002] Train Loss=[QuantLoss=0.04911]Val loss = [QuantLoss=0.06577][QuantReg:0.58502]
[FinancialPhraseBank] Starting epoch 3...
[FinancialPhraseBank] Elapsed training time:7.55s
[FinancialPhraseBank] Starting validation...
[FinancialPhraseBank] Elapsed validation time:1.35s
[FinancialPhraseBank] [Epoch=003] Train Loss=[QuantLoss=0.04432]Val loss = [QuantLoss=0.07989][QuantReg:0.58365]
[FinancialPhraseBank] Starting epoch 4...
[FinancialPhraseBank] Elapsed training time:7.55s
[FinancialPhraseBank] Starting validation...
[FinancialPhraseBank] Elapsed validation time:1.29s
[FinancialPhraseBank] [Epoch=004] Train Loss=[QuantLoss=0.04232]Val loss = [QuantLoss=0.08607][QuantReg:0.58672]
[FinancialPhraseBank] Starting epoch 5...
[FinancialPhraseBank] Elapsed training time:7.61s
[FinancialPhraseBank] Starting validation...
[FinancialPhraseBank] Elapsed validation time:1.15s
[FinancialPhraseBank] [Epoch=005] Train Loss=[QuantLoss=0.04217]Val loss = [QuantLoss=0.07590][QuantReg:0.57636]
[FinancialPhraseBank] Starting epoch 6...
[FinancialPhraseBank] Elapsed training time:7.47s
[FinancialPhraseBank] Starting validation...
[FinancialPhraseBank] Elapsed validation time:1.25s
[FinancialPhraseBank] [Epoch=006] Train Loss=[QuantLoss=0.03992]Val loss = [QuantLoss=0.06619][QuantReg:0.56796]
[FinancialPhraseBank] Starting epoch 7...
[FinancialPhraseBank] Elapsed training time:7.54s
[FinancialPhraseBank] Starting validation...
[FinancialPhraseBank] Elapsed validation time:1.26s
[FinancialPhraseBank] [Epoch=007] Train Loss=[QuantLoss=0.03542]Val loss = [QuantLoss=0.06640][QuantReg:0.53681]
[FinancialPhraseBank] Starting epoch 8...
[FinancialPhraseBank] Elapsed training time:7.55s
[FinancialPhraseBank] Starting validation...
[FinancialPhraseBank] Elapsed validation time:1.16s
[FinancialPhraseBank] [Epoch=008] Train Loss=[QuantLoss=0.03868]Val loss = [QuantLoss=0.06373][QuantReg:0.53526][saved best model in this epoch]
[FinancialPhraseBank] Starting epoch 9...
[FinancialPhraseBank] Elapsed training time:7.53s
[FinancialPhraseBank] Starting validation...
[FinancialPhraseBank] Elapsed validation time:1.23s
[FinancialPhraseBank] [Epoch=009] Train Loss=[QuantLoss=0.04039]Val loss = [QuantLoss=0.06015][QuantReg:0.54063][saved best model in this epoch]
[FinancialPhraseBank] Starting epoch 10...
[FinancialPhraseBank] Elapsed training time:7.72s
[FinancialPhraseBank] Starting validation...
[FinancialPhraseBank] Elapsed validation time:1.21s
[FinancialPhraseBank] [Epoch=010] Train Loss=[QuantLoss=0.03686]Val loss = [QuantLoss=0.05415][QuantReg:0.53406][saved best model in this epoch]
[FinancialPhraseBank] Starting epoch 11...
[FinancialPhraseBank] Elapsed training time:7.60s
[FinancialPhraseBank] Starting validation...
[FinancialPhraseBank] Elapsed validation time:1.19s
[FinancialPhraseBank] [Epoch=011] Train Loss=[QuantLoss=0.03967]Val loss = [QuantLoss=0.05168][QuantReg:0.53235][saved best model in this epoch]
[FinancialPhraseBank] Starting epoch 12...
[FinancialPhraseBank] Elapsed training time:7.63s
[FinancialPhraseBank] Starting validation...
[FinancialPhraseBank] Elapsed validation time:1.13s
[FinancialPhraseBank] [Epoch=012] Train Loss=[QuantLoss=0.03183]Val loss = [QuantLoss=0.05195][QuantReg:0.52381]
[FinancialPhraseBank] Starting epoch 13...
[FinancialPhraseBank] Elapsed training time:7.81s
[FinancialPhraseBank] Starting validation...
[FinancialPhraseBank] Elapsed validation time:1.17s
[FinancialPhraseBank] [Epoch=013] Train Loss=[QuantLoss=0.03527]Val loss = [QuantLoss=0.05229][QuantReg:0.53503]
[FinancialPhraseBank] Starting epoch 14...
[FinancialPhraseBank] Elapsed training time:7.64s
[FinancialPhraseBank] Starting validation...
[FinancialPhraseBank] Elapsed validation time:1.30s
[FinancialPhraseBank] [Epoch=014] Train Loss=[QuantLoss=0.03939]Val loss = [QuantLoss=0.06927][QuantReg:0.55553]
[FinancialPhraseBank] Starting epoch 15...
[FinancialPhraseBank] Elapsed training time:7.61s
[FinancialPhraseBank] Starting validation...
[FinancialPhraseBank] Elapsed validation time:1.30s
[FinancialPhraseBank] [Epoch=015] Train Loss=[QuantLoss=0.03239]Val loss = [QuantLoss=0.05843][QuantReg:0.57563]
[FinancialPhraseBank] Starting epoch 16...
[FinancialPhraseBank] Elapsed training time:7.59s
[FinancialPhraseBank] Starting validation...
[FinancialPhraseBank] Elapsed validation time:1.19s
[FinancialPhraseBank] [Epoch=016] Train Loss=[QuantLoss=0.03425]Val loss = [QuantLoss=0.06090][QuantReg:0.55798]
[FinancialPhraseBank] Starting epoch 17...
[FinancialPhraseBank] Elapsed training time:7.69s
[FinancialPhraseBank] Starting validation...
[FinancialPhraseBank] Elapsed validation time:1.18s
[FinancialPhraseBank] [Epoch=017] Train Loss=[QuantLoss=0.03055]Val loss = [QuantLoss=0.06729][QuantReg:0.54201]
[FinancialPhraseBank] Starting epoch 18...
[FinancialPhraseBank] Elapsed training time:7.69s
[FinancialPhraseBank] Starting validation...
[FinancialPhraseBank] Elapsed validation time:1.32s
[FinancialPhraseBank] [Epoch=018] Train Loss=[QuantLoss=0.03017]Val loss = [QuantLoss=0.04718][QuantReg:0.54355][saved best model in this epoch]
[FinancialPhraseBank] Starting epoch 19...
[FinancialPhraseBank] Elapsed training time:7.75s
[FinancialPhraseBank] Starting validation...
[FinancialPhraseBank] Elapsed validation time:1.30s
[FinancialPhraseBank] [Epoch=019] Train Loss=[QuantLoss=0.03383]Val loss = [QuantLoss=0.05242][QuantReg:0.55179]
[FinancialPhraseBank] Starting epoch 20...
[FinancialPhraseBank] Elapsed training time:7.52s
[FinancialPhraseBank] Starting validation...
[FinancialPhraseBank] Elapsed validation time:1.22s
[FinancialPhraseBank] [Epoch=020] Train Loss=[QuantLoss=0.02865]Val loss = [QuantLoss=0.05483][QuantReg:0.55513]
[FinancialPhraseBank] Starting epoch 21...
[FinancialPhraseBank] Elapsed training time:7.54s
[FinancialPhraseBank] Starting validation...
[FinancialPhraseBank] Elapsed validation time:1.11s
[FinancialPhraseBank] [Epoch=021] Train Loss=[QuantLoss=0.03036]Val loss = [QuantLoss=0.05061][QuantReg:0.54294]
[FinancialPhraseBank] Starting epoch 22...
[FinancialPhraseBank] Elapsed training time:7.46s
[FinancialPhraseBank] Starting validation...
[FinancialPhraseBank] Elapsed validation time:1.17s
[FinancialPhraseBank] [Epoch=022] Train Loss=[QuantLoss=0.02893]Val loss = [QuantLoss=0.05319][QuantReg:0.54559]
[FinancialPhraseBank] Starting epoch 23...
[FinancialPhraseBank] Elapsed training time:7.50s
[FinancialPhraseBank] Starting validation...
[FinancialPhraseBank] Elapsed validation time:1.36s
[FinancialPhraseBank] [Epoch=023] Train Loss=[QuantLoss=0.02920]Val loss = [QuantLoss=0.04726][QuantReg:0.53868]
[FinancialPhraseBank] Starting epoch 24...
[FinancialPhraseBank] Elapsed training time:7.64s
[FinancialPhraseBank] Starting validation...
[FinancialPhraseBank] Elapsed validation time:1.26s
[FinancialPhraseBank] [Epoch=024] Train Loss=[QuantLoss=0.02818]Val loss = [QuantLoss=0.04580][QuantReg:0.53754][saved best model in this epoch]
[FinancialPhraseBank] Starting epoch 25...
[FinancialPhraseBank] Elapsed training time:7.67s
[FinancialPhraseBank] Starting validation...
[FinancialPhraseBank] Elapsed validation time:1.36s
[FinancialPhraseBank] [Epoch=025] Train Loss=[QuantLoss=0.02730]Val loss = [QuantLoss=0.05088][QuantReg:0.53406]
[FinancialPhraseBank] Starting epoch 26...
[FinancialPhraseBank] Elapsed training time:7.73s
[FinancialPhraseBank] Starting validation...
[FinancialPhraseBank] Elapsed validation time:1.24s
[FinancialPhraseBank] [Epoch=026] Train Loss=[QuantLoss=0.03111]Val loss = [QuantLoss=0.05678][QuantReg:0.53335]
[FinancialPhraseBank] Starting epoch 27...
[FinancialPhraseBank] Elapsed training time:7.66s
[FinancialPhraseBank] Starting validation...
[FinancialPhraseBank] Elapsed validation time:1.25s
[FinancialPhraseBank] [Epoch=027] Train Loss=[QuantLoss=0.03047]Val loss = [QuantLoss=0.05069][QuantReg:0.52631]
[FinancialPhraseBank] Starting epoch 28...
[FinancialPhraseBank] Elapsed training time:7.55s
[FinancialPhraseBank] Starting validation...
[FinancialPhraseBank] Elapsed validation time:1.29s
[FinancialPhraseBank] [Epoch=028] Train Loss=[QuantLoss=0.02712]Val loss = [QuantLoss=0.04816][QuantReg:0.50762]
[FinancialPhraseBank] Starting epoch 29...
[FinancialPhraseBank] Elapsed training time:7.77s
[FinancialPhraseBank] Starting validation...
[FinancialPhraseBank] Elapsed validation time:1.16s
[FinancialPhraseBank] [Epoch=029] Train Loss=[QuantLoss=0.02959]Val loss = [QuantLoss=0.06643][QuantReg:0.49352]
[FinancialPhraseBank] Starting epoch 30...
[FinancialPhraseBank] Elapsed training time:7.53s
[FinancialPhraseBank] Starting validation...
[FinancialPhraseBank] Elapsed validation time:1.19s
[FinancialPhraseBank] [Epoch=030] Train Loss=[QuantLoss=0.03003]Val loss = [QuantLoss=0.05977][QuantReg:0.48175]
[FinancialPhraseBank] Starting epoch 31...
[FinancialPhraseBank] Elapsed training time:7.60s
[FinancialPhraseBank] Starting validation...
[FinancialPhraseBank] Elapsed validation time:1.28s
[FinancialPhraseBank] [Epoch=031] Train Loss=[QuantLoss=0.03281]Val loss = [QuantLoss=0.05688][QuantReg:0.47903]
[FinancialPhraseBank] Starting epoch 32...
[FinancialPhraseBank] Elapsed training time:7.59s
[FinancialPhraseBank] Starting validation...
[FinancialPhraseBank] Elapsed validation time:1.23s
[FinancialPhraseBank] [Epoch=032] Train Loss=[QuantLoss=0.02994]Val loss = [QuantLoss=0.06164][QuantReg:0.47762]
[FinancialPhraseBank] Starting epoch 33...
[FinancialPhraseBank] Elapsed training time:7.71s
[FinancialPhraseBank] Starting validation...
[FinancialPhraseBank] Elapsed validation time:1.16s
[FinancialPhraseBank] [Epoch=033] Train Loss=[QuantLoss=0.02938]Val loss = [QuantLoss=0.05097][QuantReg:0.47155]
[FinancialPhraseBank] Starting epoch 34...
[FinancialPhraseBank] Elapsed training time:7.43s
[FinancialPhraseBank] Starting validation...
[FinancialPhraseBank] Elapsed validation time:1.32s
[FinancialPhraseBank] [Epoch=034] Train Loss=[QuantLoss=0.02581]Val loss = [QuantLoss=0.05292][QuantReg:0.46338]
[FinancialPhraseBank] Starting epoch 35...
[FinancialPhraseBank] Elapsed training time:7.88s
[FinancialPhraseBank] Starting validation...
[FinancialPhraseBank] Elapsed validation time:1.22s
[FinancialPhraseBank] [Epoch=035] Train Loss=[QuantLoss=0.02863]Val loss = [QuantLoss=0.06991][QuantReg:0.44695]
[FinancialPhraseBank] Starting epoch 36...
[FinancialPhraseBank] Elapsed training time:7.69s
[FinancialPhraseBank] Starting validation...
[FinancialPhraseBank] Elapsed validation time:1.35s
[FinancialPhraseBank] [Epoch=036] Train Loss=[QuantLoss=0.02707]Val loss = [QuantLoss=0.07239][QuantReg:0.44348]
[FinancialPhraseBank] Starting epoch 37...
[FinancialPhraseBank] Elapsed training time:7.57s
[FinancialPhraseBank] Starting validation...
[FinancialPhraseBank] Elapsed validation time:1.21s
[FinancialPhraseBank] [Epoch=037] Train Loss=[QuantLoss=0.03320]Val loss = [QuantLoss=0.06227][QuantReg:0.44097]
[FinancialPhraseBank] Starting epoch 38...
[FinancialPhraseBank] Elapsed training time:7.53s
[FinancialPhraseBank] Starting validation...
[FinancialPhraseBank] Elapsed validation time:1.28s
[FinancialPhraseBank] [Epoch=038] Train Loss=[QuantLoss=0.03108]Val loss = [QuantLoss=0.07043][QuantReg:0.44385]
[FinancialPhraseBank] Starting epoch 39...
[FinancialPhraseBank] Elapsed training time:7.67s
[FinancialPhraseBank] Starting validation...
[FinancialPhraseBank] Elapsed validation time:1.34s
[FinancialPhraseBank] [Epoch=039] Train Loss=[QuantLoss=0.02688]Val loss = [QuantLoss=0.06414][QuantReg:0.45437]
[FinancialPhraseBank] Starting epoch 40...
[FinancialPhraseBank] Elapsed training time:7.49s
[FinancialPhraseBank] Starting validation...
[FinancialPhraseBank] Elapsed validation time:1.28s
[FinancialPhraseBank] [Epoch=040] Train Loss=[QuantLoss=0.02645]Val loss = [QuantLoss=0.07314][QuantReg:0.45298]
[FinancialPhraseBank] Starting epoch 41...
[FinancialPhraseBank] Elapsed training time:7.69s
[FinancialPhraseBank] Starting validation...
[FinancialPhraseBank] Elapsed validation time:1.16s
[FinancialPhraseBank] [Epoch=041] Train Loss=[QuantLoss=0.02722]Val loss = [QuantLoss=0.05010][QuantReg:0.44425]
[FinancialPhraseBank] Starting epoch 42...
[FinancialPhraseBank] Elapsed training time:7.78s
[FinancialPhraseBank] Starting validation...
[FinancialPhraseBank] Elapsed validation time:1.16s
[FinancialPhraseBank] [Epoch=042] Train Loss=[QuantLoss=0.03167]Val loss = [QuantLoss=0.06775][QuantReg:0.45808]
[FinancialPhraseBank] Starting epoch 43...
[FinancialPhraseBank] Elapsed training time:7.71s
[FinancialPhraseBank] Starting validation...
[FinancialPhraseBank] Elapsed validation time:1.21s
[FinancialPhraseBank] [Epoch=043] Train Loss=[QuantLoss=0.03024]Val loss = [QuantLoss=0.07216][QuantReg:0.45570]
[FinancialPhraseBank] Starting epoch 44...
[FinancialPhraseBank] Elapsed training time:7.73s
[FinancialPhraseBank] Starting validation...
[FinancialPhraseBank] Elapsed validation time:1.18s
[FinancialPhraseBank] [Epoch=044] Train Loss=[QuantLoss=0.03197]Val loss = [QuantLoss=0.06522][QuantReg:0.47184]
[FinancialPhraseBank] Starting epoch 45...
[FinancialPhraseBank] Elapsed training time:7.65s
[FinancialPhraseBank] Starting validation...
[FinancialPhraseBank] Elapsed validation time:1.16s
[FinancialPhraseBank] [Epoch=045] Train Loss=[QuantLoss=0.02916]Val loss = [QuantLoss=0.06783][QuantReg:0.46221]
[FinancialPhraseBank] Starting epoch 46...
[FinancialPhraseBank] Elapsed training time:7.64s
[FinancialPhraseBank] Starting validation...
[FinancialPhraseBank] Elapsed validation time:1.15s
[FinancialPhraseBank] [Epoch=046] Train Loss=[QuantLoss=0.02292]Val loss = [QuantLoss=0.06415][QuantReg:0.45075]
[FinancialPhraseBank] Starting epoch 47...
[FinancialPhraseBank] Elapsed training time:7.55s
[FinancialPhraseBank] Starting validation...
[FinancialPhraseBank] Elapsed validation time:1.20s
[FinancialPhraseBank] [Epoch=047] Train Loss=[QuantLoss=0.02383]Val loss = [QuantLoss=0.06076][QuantReg:0.45147]
[FinancialPhraseBank] Starting epoch 48...
[FinancialPhraseBank] Elapsed training time:7.61s
[FinancialPhraseBank] Starting validation...
[FinancialPhraseBank] Elapsed validation time:1.16s
[FinancialPhraseBank] [Epoch=048] Train Loss=[QuantLoss=0.02280]Val loss = [QuantLoss=0.06230][QuantReg:0.45352]
[FinancialPhraseBank] Starting epoch 49...
[FinancialPhraseBank] Elapsed training time:7.61s
[FinancialPhraseBank] Starting validation...
[FinancialPhraseBank] Elapsed validation time:1.28s
[FinancialPhraseBank] [Epoch=049] Train Loss=[QuantLoss=0.02167]Val loss = [QuantLoss=0.06584][QuantReg:0.45383]
[FinancialPhraseBank] Starting epoch 50...
[FinancialPhraseBank] Elapsed training time:7.68s
[FinancialPhraseBank] Starting validation...
[FinancialPhraseBank] Elapsed validation time:1.29s
[FinancialPhraseBank] [Epoch=050] Train Loss=[QuantLoss=0.02031]Val loss = [QuantLoss=0.06679][QuantReg:0.45419]
[FinancialPhraseBank] Starting epoch 51...
[FinancialPhraseBank] Elapsed training time:7.80s
[FinancialPhraseBank] Starting validation...
[FinancialPhraseBank] Elapsed validation time:1.15s
[FinancialPhraseBank] [Epoch=051] Train Loss=[QuantLoss=0.02186]Val loss = [QuantLoss=0.06261][QuantReg:0.45561]
[FinancialPhraseBank] Starting epoch 52...
[FinancialPhraseBank] Elapsed training time:7.69s
[FinancialPhraseBank] Starting validation...
[FinancialPhraseBank] Elapsed validation time:1.16s
[FinancialPhraseBank] [Epoch=052] Train Loss=[QuantLoss=0.02072]Val loss = [QuantLoss=0.06217][QuantReg:0.45663]
[FinancialPhraseBank] Starting epoch 53...
[FinancialPhraseBank] Elapsed training time:7.54s
[FinancialPhraseBank] Starting validation...
[FinancialPhraseBank] Elapsed validation time:1.29s
[FinancialPhraseBank] [Epoch=053] Train Loss=[QuantLoss=0.02179]Val loss = [QuantLoss=0.06408][QuantReg:0.45735]
[FinancialPhraseBank] Starting epoch 54...
[FinancialPhraseBank] Elapsed training time:7.46s
[FinancialPhraseBank] Starting validation...
[FinancialPhraseBank] Elapsed validation time:1.15s
[FinancialPhraseBank] [Epoch=054] Train Loss=[QuantLoss=0.02305]Val loss = [QuantLoss=0.06900][QuantReg:0.45843]
[FinancialPhraseBank] Starting epoch 55...
[FinancialPhraseBank] Elapsed training time:7.52s
[FinancialPhraseBank] Starting validation...
[FinancialPhraseBank] Elapsed validation time:1.28s
[FinancialPhraseBank] [Epoch=055] Train Loss=[QuantLoss=0.02094]Val loss = [QuantLoss=0.06540][QuantReg:0.45745]
[FinancialPhraseBank] Starting epoch 56...
[FinancialPhraseBank] Elapsed training time:7.44s
[FinancialPhraseBank] Starting validation...
[FinancialPhraseBank] Elapsed validation time:1.13s
[FinancialPhraseBank] [Epoch=056] Train Loss=[QuantLoss=0.02252]Val loss = [QuantLoss=0.06618][QuantReg:0.45494]
[FinancialPhraseBank] Starting epoch 57...
[FinancialPhraseBank] Elapsed training time:7.54s
[FinancialPhraseBank] Starting validation...
[FinancialPhraseBank] Elapsed validation time:1.16s
[FinancialPhraseBank] [Epoch=057] Train Loss=[QuantLoss=0.02099]Val loss = [QuantLoss=0.06480][QuantReg:0.45456]
[FinancialPhraseBank] Starting epoch 58...
[FinancialPhraseBank] Elapsed training time:7.54s
[FinancialPhraseBank] Starting validation...
[FinancialPhraseBank] Elapsed validation time:1.24s
[FinancialPhraseBank] [Epoch=058] Train Loss=[QuantLoss=0.02091]Val loss = [QuantLoss=0.06320][QuantReg:0.45413]
[FinancialPhraseBank] Starting epoch 59...
[FinancialPhraseBank] Elapsed training time:7.77s
[FinancialPhraseBank] Starting validation...
[FinancialPhraseBank] Elapsed validation time:1.20s
[FinancialPhraseBank] [Epoch=059] Train Loss=[QuantLoss=0.01997]Val loss = [QuantLoss=0.06734][QuantReg:0.45079]
[FinancialPhraseBank] Starting epoch 60...
[FinancialPhraseBank] Elapsed training time:7.67s
[FinancialPhraseBank] Starting validation...
[FinancialPhraseBank] Elapsed validation time:1.18s
[FinancialPhraseBank] [Epoch=060] Train Loss=[QuantLoss=0.02091]Val loss = [QuantLoss=0.06428][QuantReg:0.45052]
[FinancialPhraseBank] Starting epoch 61...
[FinancialPhraseBank] Elapsed training time:7.84s
[FinancialPhraseBank] Starting validation...
[FinancialPhraseBank] Elapsed validation time:1.24s
[FinancialPhraseBank] [Epoch=061] Train Loss=[QuantLoss=0.02044]Val loss = [QuantLoss=0.06617][QuantReg:0.45178]
[FinancialPhraseBank] Starting epoch 62...
[FinancialPhraseBank] Elapsed training time:7.42s
[FinancialPhraseBank] Starting validation...
[FinancialPhraseBank] Elapsed validation time:1.13s
[FinancialPhraseBank] [Epoch=062] Train Loss=[QuantLoss=0.01985]Val loss = [QuantLoss=0.06332][QuantReg:0.45165]
[FinancialPhraseBank] Starting epoch 63...
[FinancialPhraseBank] Elapsed training time:7.47s
[FinancialPhraseBank] Starting validation...
[FinancialPhraseBank] Elapsed validation time:1.21s
[FinancialPhraseBank] [Epoch=063] Train Loss=[QuantLoss=0.02121]Val loss = [QuantLoss=0.06914][QuantReg:0.45245]
[FinancialPhraseBank] Starting epoch 64...
[FinancialPhraseBank] Elapsed training time:7.46s
[FinancialPhraseBank] Starting validation...
[FinancialPhraseBank] Elapsed validation time:1.32s
[FinancialPhraseBank] [Epoch=064] Train Loss=[QuantLoss=0.01943]Val loss = [QuantLoss=0.06527][QuantReg:0.45220]
[FinancialPhraseBank] Starting epoch 65...
[FinancialPhraseBank] Elapsed training time:7.75s
[FinancialPhraseBank] Starting validation...
[FinancialPhraseBank] Elapsed validation time:1.17s
[FinancialPhraseBank] [Epoch=065] Train Loss=[QuantLoss=0.02064]Val loss = [QuantLoss=0.06541][QuantReg:0.45229]
[FinancialPhraseBank] Starting epoch 66...
[FinancialPhraseBank] Elapsed training time:7.80s
[FinancialPhraseBank] Starting validation...
[FinancialPhraseBank] Elapsed validation time:1.13s
[FinancialPhraseBank] [Epoch=066] Train Loss=[QuantLoss=0.02086]Val loss = [QuantLoss=0.06635][QuantReg:0.45278]
[FinancialPhraseBank] Early stopping in epoch 66!
[FinancialPhraseBank] Restoring best model...
MAE médio: 0.0678 ± 0.0394
Tempo de execução (L1 hardest): 600 segundos.
/home/nildaimon/anaconda3/envs/gpu-gmnet/lib/python3.9/site-packages/pandas/core/computation/expressions.py:21: UserWarning: Pandas requires version '2.8.4' or newer of 'numexpr' (version '2.7.3' currently installed).
  from pandas.core.computation.check import NUMEXPR_INSTALLED
/home/nildaimon/anaconda3/envs/gpu-gmnet/lib/python3.9/site-packages/pandas/core/arrays/masked.py:60: UserWarning: Pandas requires version '1.3.6' or newer of 'bottleneck' (version '1.3.2' currently installed).
  from pandas.core import (
Dificuldade: l1, modo: easiest, top_k: None
Dispositivo de treino: cuda
Carregando Financial PhraseBank (atrost/financial_phrasebank)...
/home/nildaimon/gmnet/experiments/train_curl/train_financial.py:97: FutureWarning: You are using `torch.load` with `weights_only=False` (the current default value), which uses the default pickle module implicitly. It is possible to construct malicious pickle data which will execute arbitrary code during unpickling (See https://github.com/pytorch/pytorch/blob/main/SECURITY.md#untrusted-models for more details). In a future release, the default value for `weights_only` will be flipped to `True`. This limits the functions that could be executed during unpickling. Arbitrary objects will no longer be allowed to be loaded via this mode unless they are explicitly allowlisted by the user via `torch.serialization.add_safe_globals`. We recommend you start setting `weights_only=True` for any use case where you don't have full control of the loaded file. Please open an issue on GitHub for any issues related to this experimental feature.
  embeddings = torch.load(EMBEDDING_CACHE)
Carregando embeddings do cache...
/home/nildaimon/gmnet/experiments/train_curl/train_financial.py:98: FutureWarning: You are using `torch.load` with `weights_only=False` (the current default value), which uses the default pickle module implicitly. It is possible to construct malicious pickle data which will execute arbitrary code during unpickling (See https://github.com/pytorch/pytorch/blob/main/SECURITY.md#untrusted-models for more details). In a future release, the default value for `weights_only` will be flipped to `True`. This limits the functions that could be executed during unpickling. Arbitrary objects will no longer be allowed to be loaded via this mode unless they are explicitly allowlisted by the user via `torch.serialization.add_safe_globals`. We recommend you start setting `weights_only=True` for any use case where you don't have full control of the loaded file. Please open an issue on GitHub for any issues related to this experimental feature.
  labels = torch.load(LABELS_CACHE)
Ignoring val_split as train and val datasets where given to fit function
We have two datasets: training 2502907 examples. validation 150000 examples.]
Using device cuda
/home/nildaimon/anaconda3/envs/gpu-gmnet/lib/python3.9/site-packages/torch/optim/lr_scheduler.py:62: UserWarning: The verbose parameter is deprecated. Please use get_last_lr() to access the learning rate.
  warnings.warn(
/home/nildaimon/gmnet/dlquantification/main.py:835: FutureWarning: `torch.cuda.amp.GradScaler(args...)` is deprecated. Please use `torch.amp.GradScaler('cuda', args...)` instead.
  scaler = torch.cuda.amp.GradScaler(enabled=self.use_fp16)
[FinancialPhraseBank] Starting epoch 0...
/home/nildaimon/gmnet/dlquantification/main.py:888: FutureWarning: `torch.cuda.amp.autocast(args...)` is deprecated. Please use `torch.amp.autocast('cuda', args...)` instead.
  with torch.cuda.amp.autocast(enabled=self.use_fp16):
[FinancialPhraseBank] Elapsed training time:7.48s
[FinancialPhraseBank] Starting validation...
[FinancialPhraseBank] Elapsed validation time:1.17s
[FinancialPhraseBank] [Epoch=000] Train Loss=[QuantLoss=0.04821]Val loss = [QuantLoss=0.07325][QuantReg:0.60490][saved best model in this epoch]
[FinancialPhraseBank] Starting epoch 1...
[FinancialPhraseBank] Elapsed training time:7.62s
[FinancialPhraseBank] Starting validation...
[FinancialPhraseBank] Elapsed validation time:1.18s
[FinancialPhraseBank] [Epoch=001] Train Loss=[QuantLoss=0.05235]Val loss = [QuantLoss=0.11686][QuantReg:0.53329]
[FinancialPhraseBank] Starting epoch 2...
[FinancialPhraseBank] Elapsed training time:7.66s
[FinancialPhraseBank] Starting validation...
[FinancialPhraseBank] Elapsed validation time:1.22s
[FinancialPhraseBank] [Epoch=002] Train Loss=[QuantLoss=0.05433]Val loss = [QuantLoss=0.14928][QuantReg:0.48467]
[FinancialPhraseBank] Starting epoch 3...
[FinancialPhraseBank] Elapsed training time:7.79s
[FinancialPhraseBank] Starting validation...
[FinancialPhraseBank] Elapsed validation time:1.17s
[FinancialPhraseBank] [Epoch=003] Train Loss=[QuantLoss=0.04037]Val loss = [QuantLoss=0.10377][QuantReg:0.48381]
[FinancialPhraseBank] Starting epoch 4...
[FinancialPhraseBank] Elapsed training time:7.62s
[FinancialPhraseBank] Starting validation...
[FinancialPhraseBank] Elapsed validation time:1.31s
[FinancialPhraseBank] [Epoch=004] Train Loss=[QuantLoss=0.03991]Val loss = [QuantLoss=0.05821][QuantReg:0.54461][saved best model in this epoch]
[FinancialPhraseBank] Starting epoch 5...
[FinancialPhraseBank] Elapsed training time:7.54s
[FinancialPhraseBank] Starting validation...
[FinancialPhraseBank] Elapsed validation time:1.13s
[FinancialPhraseBank] [Epoch=005] Train Loss=[QuantLoss=0.03976]Val loss = [QuantLoss=0.06544][QuantReg:0.53031]
[FinancialPhraseBank] Starting epoch 6...
[FinancialPhraseBank] Elapsed training time:7.62s
[FinancialPhraseBank] Starting validation...
[FinancialPhraseBank] Elapsed validation time:1.13s
[FinancialPhraseBank] [Epoch=006] Train Loss=[QuantLoss=0.04178]Val loss = [QuantLoss=0.06716][QuantReg:0.52686]
[FinancialPhraseBank] Starting epoch 7...
[FinancialPhraseBank] Elapsed training time:7.65s
[FinancialPhraseBank] Starting validation...
[FinancialPhraseBank] Elapsed validation time:1.18s
[FinancialPhraseBank] [Epoch=007] Train Loss=[QuantLoss=0.03477]Val loss = [QuantLoss=0.07287][QuantReg:0.50726]
[FinancialPhraseBank] Starting epoch 8...
[FinancialPhraseBank] Elapsed training time:7.81s
[FinancialPhraseBank] Starting validation...
[FinancialPhraseBank] Elapsed validation time:1.19s
[FinancialPhraseBank] [Epoch=008] Train Loss=[QuantLoss=0.04377]Val loss = [QuantLoss=0.05794][QuantReg:0.50829][saved best model in this epoch]
[FinancialPhraseBank] Starting epoch 9...
[FinancialPhraseBank] Elapsed training time:7.51s
[FinancialPhraseBank] Starting validation...
[FinancialPhraseBank] Elapsed validation time:1.17s
[FinancialPhraseBank] [Epoch=009] Train Loss=[QuantLoss=0.04396]Val loss = [QuantLoss=0.07466][QuantReg:0.50338]
[FinancialPhraseBank] Starting epoch 10...
[FinancialPhraseBank] Elapsed training time:7.74s
[FinancialPhraseBank] Starting validation...
[FinancialPhraseBank] Elapsed validation time:1.22s
[FinancialPhraseBank] [Epoch=010] Train Loss=[QuantLoss=0.04485]Val loss = [QuantLoss=0.12783][QuantReg:0.49400]
[FinancialPhraseBank] Starting epoch 11...
[FinancialPhraseBank] Elapsed training time:7.39s
[FinancialPhraseBank] Starting validation...
[FinancialPhraseBank] Elapsed validation time:1.22s
[FinancialPhraseBank] [Epoch=011] Train Loss=[QuantLoss=0.04012]Val loss = [QuantLoss=0.06870][QuantReg:0.53170]
[FinancialPhraseBank] Starting epoch 12...
[FinancialPhraseBank] Elapsed training time:7.47s
[FinancialPhraseBank] Starting validation...
[FinancialPhraseBank] Elapsed validation time:1.15s
[FinancialPhraseBank] [Epoch=012] Train Loss=[QuantLoss=0.03797]Val loss = [QuantLoss=0.08328][QuantReg:0.52640]
[FinancialPhraseBank] Starting epoch 13...
[FinancialPhraseBank] Elapsed training time:7.59s
[FinancialPhraseBank] Starting validation...
[FinancialPhraseBank] Elapsed validation time:1.25s
[FinancialPhraseBank] [Epoch=013] Train Loss=[QuantLoss=0.03856]Val loss = [QuantLoss=0.06332][QuantReg:0.53599]
[FinancialPhraseBank] Starting epoch 14...
[FinancialPhraseBank] Elapsed training time:7.51s
[FinancialPhraseBank] Starting validation...
[FinancialPhraseBank] Elapsed validation time:1.16s
[FinancialPhraseBank] [Epoch=014] Train Loss=[QuantLoss=0.03961]Val loss = [QuantLoss=0.08237][QuantReg:0.55825]
[FinancialPhraseBank] Starting epoch 15...
[FinancialPhraseBank] Elapsed training time:7.46s
[FinancialPhraseBank] Starting validation...
[FinancialPhraseBank] Elapsed validation time:1.28s
[FinancialPhraseBank] [Epoch=015] Train Loss=[QuantLoss=0.04698]Val loss = [QuantLoss=0.06282][QuantReg:0.56450]
[FinancialPhraseBank] Starting epoch 16...
[FinancialPhraseBank] Elapsed training time:7.49s
[FinancialPhraseBank] Starting validation...
[FinancialPhraseBank] Elapsed validation time:1.16s
[FinancialPhraseBank] [Epoch=016] Train Loss=[QuantLoss=0.03944]Val loss = [QuantLoss=0.06979][QuantReg:0.54785]
[FinancialPhraseBank] Starting epoch 17...
[FinancialPhraseBank] Elapsed training time:7.52s
[FinancialPhraseBank] Starting validation...
[FinancialPhraseBank] Elapsed validation time:1.25s
[FinancialPhraseBank] [Epoch=017] Train Loss=[QuantLoss=0.03498]Val loss = [QuantLoss=0.07911][QuantReg:0.53003]
[FinancialPhraseBank] Starting epoch 18...
[FinancialPhraseBank] Elapsed training time:7.63s
[FinancialPhraseBank] Starting validation...
[FinancialPhraseBank] Elapsed validation time:1.34s
[FinancialPhraseBank] [Epoch=018] Train Loss=[QuantLoss=0.03416]Val loss = [QuantLoss=0.05459][QuantReg:0.54677][saved best model in this epoch]
[FinancialPhraseBank] Starting epoch 19...
[FinancialPhraseBank] Elapsed training time:7.60s
[FinancialPhraseBank] Starting validation...
[FinancialPhraseBank] Elapsed validation time:1.20s
[FinancialPhraseBank] [Epoch=019] Train Loss=[QuantLoss=0.03644]Val loss = [QuantLoss=0.07635][QuantReg:0.54268]
[FinancialPhraseBank] Starting epoch 20...
[FinancialPhraseBank] Elapsed training time:7.66s
[FinancialPhraseBank] Starting validation...
[FinancialPhraseBank] Elapsed validation time:1.15s
[FinancialPhraseBank] [Epoch=020] Train Loss=[QuantLoss=0.03631]Val loss = [QuantLoss=0.08977][QuantReg:0.54477]
[FinancialPhraseBank] Starting epoch 21...
[FinancialPhraseBank] Elapsed training time:7.70s
[FinancialPhraseBank] Starting validation...
[FinancialPhraseBank] Elapsed validation time:1.19s
[FinancialPhraseBank] [Epoch=021] Train Loss=[QuantLoss=0.03661]Val loss = [QuantLoss=0.09628][QuantReg:0.55771]
[FinancialPhraseBank] Starting epoch 22...
[FinancialPhraseBank] Elapsed training time:7.55s
[FinancialPhraseBank] Starting validation...
[FinancialPhraseBank] Elapsed validation time:1.19s
[FinancialPhraseBank] [Epoch=022] Train Loss=[QuantLoss=0.03456]Val loss = [QuantLoss=0.08098][QuantReg:0.55196]
[FinancialPhraseBank] Starting epoch 23...
[FinancialPhraseBank] Elapsed training time:7.43s
[FinancialPhraseBank] Starting validation...
[FinancialPhraseBank] Elapsed validation time:1.18s
[FinancialPhraseBank] [Epoch=023] Train Loss=[QuantLoss=0.03240]Val loss = [QuantLoss=0.07157][QuantReg:0.53784]
[FinancialPhraseBank] Starting epoch 24...
[FinancialPhraseBank] Elapsed training time:7.61s
[FinancialPhraseBank] Starting validation...
[FinancialPhraseBank] Elapsed validation time:1.13s
[FinancialPhraseBank] [Epoch=024] Train Loss=[QuantLoss=0.03511]Val loss = [QuantLoss=0.09496][QuantReg:0.54122]
[FinancialPhraseBank] Starting epoch 25...
[FinancialPhraseBank] Elapsed training time:7.70s
[FinancialPhraseBank] Starting validation...
[FinancialPhraseBank] Elapsed validation time:1.17s
[FinancialPhraseBank] [Epoch=025] Train Loss=[QuantLoss=0.03741]Val loss = [QuantLoss=0.07587][QuantReg:0.55802]
[FinancialPhraseBank] Starting epoch 26...
[FinancialPhraseBank] Elapsed training time:7.61s
[FinancialPhraseBank] Starting validation...
[FinancialPhraseBank] Elapsed validation time:1.22s
[FinancialPhraseBank] [Epoch=026] Train Loss=[QuantLoss=0.02948]Val loss = [QuantLoss=0.07857][QuantReg:0.55586]
[FinancialPhraseBank] Starting epoch 27...
[FinancialPhraseBank] Elapsed training time:7.62s
[FinancialPhraseBank] Starting validation...
[FinancialPhraseBank] Elapsed validation time:1.15s
[FinancialPhraseBank] [Epoch=027] Train Loss=[QuantLoss=0.03244]Val loss = [QuantLoss=0.04742][QuantReg:0.55041][saved best model in this epoch]
[FinancialPhraseBank] Starting epoch 28...
[FinancialPhraseBank] Elapsed training time:7.68s
[FinancialPhraseBank] Starting validation...
[FinancialPhraseBank] Elapsed validation time:1.12s
[FinancialPhraseBank] [Epoch=028] Train Loss=[QuantLoss=0.03549]Val loss = [QuantLoss=0.08054][QuantReg:0.54116]
[FinancialPhraseBank] Starting epoch 29...
[FinancialPhraseBank] Elapsed training time:7.75s
[FinancialPhraseBank] Starting validation...
[FinancialPhraseBank] Elapsed validation time:1.19s
[FinancialPhraseBank] [Epoch=029] Train Loss=[QuantLoss=0.03311]Val loss = [QuantLoss=0.06482][QuantReg:0.55132]
[FinancialPhraseBank] Starting epoch 30...
[FinancialPhraseBank] Elapsed training time:7.56s
[FinancialPhraseBank] Starting validation...
[FinancialPhraseBank] Elapsed validation time:1.29s
[FinancialPhraseBank] [Epoch=030] Train Loss=[QuantLoss=0.03532]Val loss = [QuantLoss=0.08253][QuantReg:0.55463]
[FinancialPhraseBank] Starting epoch 31...
[FinancialPhraseBank] Elapsed training time:7.73s
[FinancialPhraseBank] Starting validation...
[FinancialPhraseBank] Elapsed validation time:1.11s
[FinancialPhraseBank] [Epoch=031] Train Loss=[QuantLoss=0.03931]Val loss = [QuantLoss=0.06895][QuantReg:0.55168]
[FinancialPhraseBank] Starting epoch 32...
[FinancialPhraseBank] Elapsed training time:7.48s
[FinancialPhraseBank] Starting validation...
[FinancialPhraseBank] Elapsed validation time:1.17s
[FinancialPhraseBank] [Epoch=032] Train Loss=[QuantLoss=0.03747]Val loss = [QuantLoss=0.05216][QuantReg:0.57245]
[FinancialPhraseBank] Starting epoch 33...
[FinancialPhraseBank] Elapsed training time:7.56s
[FinancialPhraseBank] Starting validation...
[FinancialPhraseBank] Elapsed validation time:1.31s
[FinancialPhraseBank] [Epoch=033] Train Loss=[QuantLoss=0.03637]Val loss = [QuantLoss=0.07971][QuantReg:0.57054]
[FinancialPhraseBank] Starting epoch 34...
[FinancialPhraseBank] Elapsed training time:7.58s
[FinancialPhraseBank] Starting validation...
[FinancialPhraseBank] Elapsed validation time:1.21s
[FinancialPhraseBank] [Epoch=034] Train Loss=[QuantLoss=0.03171]Val loss = [QuantLoss=0.06482][QuantReg:0.56437]
[FinancialPhraseBank] Starting epoch 35...
[FinancialPhraseBank] Elapsed training time:7.62s
[FinancialPhraseBank] Starting validation...
[FinancialPhraseBank] Elapsed validation time:1.26s
[FinancialPhraseBank] [Epoch=035] Train Loss=[QuantLoss=0.03793]Val loss = [QuantLoss=0.04381][QuantReg:0.55839][saved best model in this epoch]
[FinancialPhraseBank] Starting epoch 36...
[FinancialPhraseBank] Elapsed training time:7.51s
[FinancialPhraseBank] Starting validation...
[FinancialPhraseBank] Elapsed validation time:1.24s
[FinancialPhraseBank] [Epoch=036] Train Loss=[QuantLoss=0.03955]Val loss = [QuantLoss=0.10353][QuantReg:0.57666]
[FinancialPhraseBank] Starting epoch 37...
[FinancialPhraseBank] Elapsed training time:7.81s
[FinancialPhraseBank] Starting validation...
[FinancialPhraseBank] Elapsed validation time:1.19s
[FinancialPhraseBank] [Epoch=037] Train Loss=[QuantLoss=0.04247]Val loss = [QuantLoss=0.05740][QuantReg:0.55002]
[FinancialPhraseBank] Starting epoch 38...
[FinancialPhraseBank] Elapsed training time:7.61s
[FinancialPhraseBank] Starting validation...
[FinancialPhraseBank] Elapsed validation time:1.17s
[FinancialPhraseBank] [Epoch=038] Train Loss=[QuantLoss=0.03612]Val loss = [QuantLoss=0.06548][QuantReg:0.57504]
[FinancialPhraseBank] Starting epoch 39...
[FinancialPhraseBank] Elapsed training time:7.84s
[FinancialPhraseBank] Starting validation...
[FinancialPhraseBank] Elapsed validation time:1.13s
[FinancialPhraseBank] [Epoch=039] Train Loss=[QuantLoss=0.03346]Val loss = [QuantLoss=0.07951][QuantReg:0.57585]
[FinancialPhraseBank] Starting epoch 40...
[FinancialPhraseBank] Elapsed training time:7.53s
[FinancialPhraseBank] Starting validation...
[FinancialPhraseBank] Elapsed validation time:1.29s
[FinancialPhraseBank] [Epoch=040] Train Loss=[QuantLoss=0.03143]Val loss = [QuantLoss=0.06248][QuantReg:0.56128]
[FinancialPhraseBank] Starting epoch 41...
[FinancialPhraseBank] Elapsed training time:7.73s
[FinancialPhraseBank] Starting validation...
[FinancialPhraseBank] Elapsed validation time:1.32s
[FinancialPhraseBank] [Epoch=041] Train Loss=[QuantLoss=0.03298]Val loss = [QuantLoss=0.05853][QuantReg:0.55819]
[FinancialPhraseBank] Starting epoch 42...
[FinancialPhraseBank] Elapsed training time:7.71s
[FinancialPhraseBank] Starting validation...
[FinancialPhraseBank] Elapsed validation time:1.21s
[FinancialPhraseBank] [Epoch=042] Train Loss=[QuantLoss=0.03797]Val loss = [QuantLoss=0.07645][QuantReg:0.55694]
[FinancialPhraseBank] Starting epoch 43...
[FinancialPhraseBank] Elapsed training time:7.91s
[FinancialPhraseBank] Starting validation...
[FinancialPhraseBank] Elapsed validation time:1.21s
[FinancialPhraseBank] [Epoch=043] Train Loss=[QuantLoss=0.03438]Val loss = [QuantLoss=0.05124][QuantReg:0.55455]
[FinancialPhraseBank] Starting epoch 44...
[FinancialPhraseBank] Elapsed training time:7.68s
[FinancialPhraseBank] Starting validation...
[FinancialPhraseBank] Elapsed validation time:1.35s
[FinancialPhraseBank] [Epoch=044] Train Loss=[QuantLoss=0.03480]Val loss = [QuantLoss=0.05112][QuantReg:0.55590]
[FinancialPhraseBank] Starting epoch 45...
[FinancialPhraseBank] Elapsed training time:7.91s
[FinancialPhraseBank] Starting validation...
[FinancialPhraseBank] Elapsed validation time:1.18s
[FinancialPhraseBank] [Epoch=045] Train Loss=[QuantLoss=0.03288]Val loss = [QuantLoss=0.05957][QuantReg:0.56521]
[FinancialPhraseBank] Starting epoch 46...
[FinancialPhraseBank] Elapsed training time:7.71s
[FinancialPhraseBank] Starting validation...
[FinancialPhraseBank] Elapsed validation time:1.23s
[FinancialPhraseBank] [Epoch=046] Train Loss=[QuantLoss=0.03382]Val loss = [QuantLoss=0.11960][QuantReg:0.56446]
[FinancialPhraseBank] Starting epoch 47...
[FinancialPhraseBank] Elapsed training time:7.44s
[FinancialPhraseBank] Starting validation...
[FinancialPhraseBank] Elapsed validation time:1.34s
[FinancialPhraseBank] [Epoch=047] Train Loss=[QuantLoss=0.03825]Val loss = [QuantLoss=0.08890][QuantReg:0.56439]
[FinancialPhraseBank] Starting epoch 48...
[FinancialPhraseBank] Elapsed training time:7.64s
[FinancialPhraseBank] Starting validation...
[FinancialPhraseBank] Elapsed validation time:1.24s
[FinancialPhraseBank] [Epoch=048] Train Loss=[QuantLoss=0.02788]Val loss = [QuantLoss=0.06210][QuantReg:0.55387]
[FinancialPhraseBank] Starting epoch 49...
[FinancialPhraseBank] Elapsed training time:7.56s
[FinancialPhraseBank] Starting validation...
[FinancialPhraseBank] Elapsed validation time:1.19s
[FinancialPhraseBank] [Epoch=049] Train Loss=[QuantLoss=0.03371]Val loss = [QuantLoss=0.08440][QuantReg:0.55499]
[FinancialPhraseBank] Starting epoch 50...
[FinancialPhraseBank] Elapsed training time:7.62s
[FinancialPhraseBank] Starting validation...
[FinancialPhraseBank] Elapsed validation time:1.33s
[FinancialPhraseBank] [Epoch=050] Train Loss=[QuantLoss=0.03263]Val loss = [QuantLoss=0.05954][QuantReg:0.55660]
[FinancialPhraseBank] Starting epoch 51...
[FinancialPhraseBank] Elapsed training time:7.54s
[FinancialPhraseBank] Starting validation...
[FinancialPhraseBank] Elapsed validation time:1.20s
[FinancialPhraseBank] [Epoch=051] Train Loss=[QuantLoss=0.03180]Val loss = [QuantLoss=0.09846][QuantReg:0.55995]
[FinancialPhraseBank] Starting epoch 52...
[FinancialPhraseBank] Elapsed training time:7.39s
[FinancialPhraseBank] Starting validation...
[FinancialPhraseBank] Elapsed validation time:1.16s
[FinancialPhraseBank] [Epoch=052] Train Loss=[QuantLoss=0.03223]Val loss = [QuantLoss=0.05313][QuantReg:0.55139]
[FinancialPhraseBank] Starting epoch 53...
[FinancialPhraseBank] Elapsed training time:7.44s
[FinancialPhraseBank] Starting validation...
[FinancialPhraseBank] Elapsed validation time:1.29s
[FinancialPhraseBank] [Epoch=053] Train Loss=[QuantLoss=0.03069]Val loss = [QuantLoss=0.07867][QuantReg:0.54472]
[FinancialPhraseBank] Starting epoch 54...
[FinancialPhraseBank] Elapsed training time:7.69s
[FinancialPhraseBank] Starting validation...
[FinancialPhraseBank] Elapsed validation time:1.12s
[FinancialPhraseBank] [Epoch=054] Train Loss=[QuantLoss=0.03611]Val loss = [QuantLoss=0.09454][QuantReg:0.55307]
[FinancialPhraseBank] Starting epoch 55...
[FinancialPhraseBank] Elapsed training time:7.69s
[FinancialPhraseBank] Starting validation...
[FinancialPhraseBank] Elapsed validation time:1.32s
[FinancialPhraseBank] [Epoch=055] Train Loss=[QuantLoss=0.03037]Val loss = [QuantLoss=0.06549][QuantReg:0.55513]
[FinancialPhraseBank] Starting epoch 56...
[FinancialPhraseBank] Elapsed training time:7.62s
[FinancialPhraseBank] Starting validation...
[FinancialPhraseBank] Elapsed validation time:1.27s
[FinancialPhraseBank] [Epoch=056] Train Loss=[QuantLoss=0.03256]Val loss = [QuantLoss=0.08924][QuantReg:0.53678]
[FinancialPhraseBank] Starting epoch 57...
[FinancialPhraseBank] Elapsed training time:7.54s
[FinancialPhraseBank] Starting validation...
[FinancialPhraseBank] Elapsed validation time:1.12s
[FinancialPhraseBank] [Epoch=057] Train Loss=[QuantLoss=0.03146]Val loss = [QuantLoss=0.05848][QuantReg:0.53888]
[FinancialPhraseBank] Starting epoch 58...
[FinancialPhraseBank] Elapsed training time:7.64s
[FinancialPhraseBank] Starting validation...
[FinancialPhraseBank] Elapsed validation time:1.26s
[FinancialPhraseBank] [Epoch=058] Train Loss=[QuantLoss=0.02634]Val loss = [QuantLoss=0.04686][QuantReg:0.54098]
[FinancialPhraseBank] Starting epoch 59...
[FinancialPhraseBank] Elapsed training time:7.62s
[FinancialPhraseBank] Starting validation...
[FinancialPhraseBank] Elapsed validation time:1.21s
[FinancialPhraseBank] [Epoch=059] Train Loss=[QuantLoss=0.02590]Val loss = [QuantLoss=0.05341][QuantReg:0.53935]
[FinancialPhraseBank] Starting epoch 60...
[FinancialPhraseBank] Elapsed training time:7.80s
[FinancialPhraseBank] Starting validation...
[FinancialPhraseBank] Elapsed validation time:1.31s
[FinancialPhraseBank] [Epoch=060] Train Loss=[QuantLoss=0.02394]Val loss = [QuantLoss=0.04857][QuantReg:0.53980]
[FinancialPhraseBank] Starting epoch 61...
[FinancialPhraseBank] Elapsed training time:7.83s
[FinancialPhraseBank] Starting validation...
[FinancialPhraseBank] Elapsed validation time:1.20s
[FinancialPhraseBank] [Epoch=061] Train Loss=[QuantLoss=0.02982]Val loss = [QuantLoss=0.06815][QuantReg:0.54209]
[FinancialPhraseBank] Starting epoch 62...
[FinancialPhraseBank] Elapsed training time:7.65s
[FinancialPhraseBank] Starting validation...
[FinancialPhraseBank] Elapsed validation time:1.32s
[FinancialPhraseBank] [Epoch=062] Train Loss=[QuantLoss=0.02464]Val loss = [QuantLoss=0.05380][QuantReg:0.54104]
[FinancialPhraseBank] Starting epoch 63...
[FinancialPhraseBank] Elapsed training time:7.76s
[FinancialPhraseBank] Starting validation...
[FinancialPhraseBank] Elapsed validation time:1.27s
[FinancialPhraseBank] [Epoch=063] Train Loss=[QuantLoss=0.02520]Val loss = [QuantLoss=0.06198][QuantReg:0.54322]
[FinancialPhraseBank] Starting epoch 64...
[FinancialPhraseBank] Elapsed training time:7.60s
[FinancialPhraseBank] Starting validation...
[FinancialPhraseBank] Elapsed validation time:1.26s
[FinancialPhraseBank] [Epoch=064] Train Loss=[QuantLoss=0.02461]Val loss = [QuantLoss=0.05730][QuantReg:0.54118]
[FinancialPhraseBank] Starting epoch 65...
[FinancialPhraseBank] Elapsed training time:7.65s
[FinancialPhraseBank] Starting validation...
[FinancialPhraseBank] Elapsed validation time:1.11s
[FinancialPhraseBank] [Epoch=065] Train Loss=[QuantLoss=0.02374]Val loss = [QuantLoss=0.06654][QuantReg:0.54107]
[FinancialPhraseBank] Starting epoch 66...
[FinancialPhraseBank] Elapsed training time:7.74s
[FinancialPhraseBank] Starting validation...
[FinancialPhraseBank] Elapsed validation time:1.15s
[FinancialPhraseBank] [Epoch=066] Train Loss=[QuantLoss=0.02416]Val loss = [QuantLoss=0.05943][QuantReg:0.54305]
[FinancialPhraseBank] Starting epoch 67...
[FinancialPhraseBank] Elapsed training time:7.71s
[FinancialPhraseBank] Starting validation...
[FinancialPhraseBank] Elapsed validation time:1.23s
[FinancialPhraseBank] [Epoch=067] Train Loss=[QuantLoss=0.02283]Val loss = [QuantLoss=0.06201][QuantReg:0.54426]
[FinancialPhraseBank] Starting epoch 68...
[FinancialPhraseBank] Elapsed training time:7.63s
[FinancialPhraseBank] Starting validation...
[FinancialPhraseBank] Elapsed validation time:1.17s
[FinancialPhraseBank] [Epoch=068] Train Loss=[QuantLoss=0.02206]Val loss = [QuantLoss=0.05867][QuantReg:0.54494]
[FinancialPhraseBank] Starting epoch 69...
[FinancialPhraseBank] Elapsed training time:7.70s
[FinancialPhraseBank] Starting validation...
[FinancialPhraseBank] Elapsed validation time:1.19s
[FinancialPhraseBank] [Epoch=069] Train Loss=[QuantLoss=0.02657]Val loss = [QuantLoss=0.06307][QuantReg:0.54559]
[FinancialPhraseBank] Starting epoch 70...
[FinancialPhraseBank] Elapsed training time:7.73s
[FinancialPhraseBank] Starting validation...
[FinancialPhraseBank] Elapsed validation time:1.29s
[FinancialPhraseBank] [Epoch=070] Train Loss=[QuantLoss=0.02208]Val loss = [QuantLoss=0.06005][QuantReg:0.54371]
[FinancialPhraseBank] Starting epoch 71...
[FinancialPhraseBank] Elapsed training time:7.72s
[FinancialPhraseBank] Starting validation...
[FinancialPhraseBank] Elapsed validation time:1.16s
[FinancialPhraseBank] [Epoch=071] Train Loss=[QuantLoss=0.03046]Val loss = [QuantLoss=0.06499][QuantReg:0.54390]
[FinancialPhraseBank] Starting epoch 72...
[FinancialPhraseBank] Elapsed training time:7.51s
[FinancialPhraseBank] Starting validation...
[FinancialPhraseBank] Elapsed validation time:1.20s
[FinancialPhraseBank] [Epoch=072] Train Loss=[QuantLoss=0.02386]Val loss = [QuantLoss=0.04749][QuantReg:0.54311]
[FinancialPhraseBank] Starting epoch 73...
[FinancialPhraseBank] Elapsed training time:7.60s
[FinancialPhraseBank] Starting validation...
[FinancialPhraseBank] Elapsed validation time:1.24s
[FinancialPhraseBank] [Epoch=073] Train Loss=[QuantLoss=0.02550]Val loss = [QuantLoss=0.07093][QuantReg:0.54512]
[FinancialPhraseBank] Starting epoch 74...
[FinancialPhraseBank] Elapsed training time:7.54s
[FinancialPhraseBank] Starting validation...
[FinancialPhraseBank] Elapsed validation time:1.22s
[FinancialPhraseBank] [Epoch=074] Train Loss=[QuantLoss=0.02519]Val loss = [QuantLoss=0.06337][QuantReg:0.54456]
[FinancialPhraseBank] Starting epoch 75...
[FinancialPhraseBank] Elapsed training time:7.56s
[FinancialPhraseBank] Starting validation...
[FinancialPhraseBank] Elapsed validation time:1.25s
[FinancialPhraseBank] [Epoch=075] Train Loss=[QuantLoss=0.02275]Val loss = [QuantLoss=0.05430][QuantReg:0.54349]
[FinancialPhraseBank] Starting epoch 76...
[FinancialPhraseBank] Elapsed training time:7.52s
[FinancialPhraseBank] Starting validation...
[FinancialPhraseBank] Elapsed validation time:1.29s
[FinancialPhraseBank] [Epoch=076] Train Loss=[QuantLoss=0.02335]Val loss = [QuantLoss=0.05726][QuantReg:0.54531]
[FinancialPhraseBank] Starting epoch 77...
[FinancialPhraseBank] Elapsed training time:7.65s
[FinancialPhraseBank] Starting validation...
[FinancialPhraseBank] Elapsed validation time:1.16s
[FinancialPhraseBank] [Epoch=077] Train Loss=[QuantLoss=0.02270]Val loss = [QuantLoss=0.04570][QuantReg:0.54419]
[FinancialPhraseBank] Early stopping in epoch 77!
[FinancialPhraseBank] Restoring best model...
MAE médio: 0.0517 ± 0.0265
Tempo de execução (L1 easiest): 697 segundos.
=== Todas as execuções do FinancialPhraseBank foram concluídas. ===
