=== Apagando modelos salvos do SST-5 ===
Modelos do SST-5 apagados com sucesso.
/home/nildaimon/anaconda3/envs/gpu-gmnet/lib/python3.9/site-packages/pandas/core/computation/expressions.py:21: UserWarning: Pandas requires version '2.8.4' or newer of 'numexpr' (version '2.7.3' currently installed).
  from pandas.core.computation.check import NUMEXPR_INSTALLED
/home/nildaimon/anaconda3/envs/gpu-gmnet/lib/python3.9/site-packages/pandas/core/arrays/masked.py:60: UserWarning: Pandas requires version '1.3.6' or newer of 'bottleneck' (version '1.3.2' currently installed).
  from pandas.core import (
Dataset: SST-5
Dificuldade: None, modo: None, top_k: None
Dispositivo de treino: cuda
Baixando Stanford Sentiment Treebank (SST-5) do Hugging Face...
Repo card metadata block was not found. Setting CardData to empty.
Carregando embeddings e splits do cache...
/home/nildaimon/gmnet/experiments/train_curl/train_sst.py:94: FutureWarning: You are using `torch.load` with `weights_only=False` (the current default value), which uses the default pickle module implicitly. It is possible to construct malicious pickle data which will execute arbitrary code during unpickling (See https://github.com/pytorch/pytorch/blob/main/SECURITY.md#untrusted-models for more details). In a future release, the default value for `weights_only` will be flipped to `True`. This limits the functions that could be executed during unpickling. Arbitrary objects will no longer be allowed to be loaded via this mode unless they are explicitly allowlisted by the user via `torch.serialization.add_safe_globals`. We recommend you start setting `weights_only=True` for any use case where you don't have full control of the loaded file. Please open an issue on GitHub for any issues related to this experimental feature.
  cache = torch.load(SPLIT_CACHE)
Ignoring val_split as train and val datasets where given to fit function
We have two datasets: training 17044 examples. validation 1100 examples.]
Using device cuda
/home/nildaimon/anaconda3/envs/gpu-gmnet/lib/python3.9/site-packages/torch/optim/lr_scheduler.py:62: UserWarning: The verbose parameter is deprecated. Please use get_last_lr() to access the learning rate.
  warnings.warn(
/home/nildaimon/gmnet/dlquantification/main.py:835: FutureWarning: `torch.cuda.amp.GradScaler(args...)` is deprecated. Please use `torch.amp.GradScaler('cuda', args...)` instead.
  scaler = torch.cuda.amp.GradScaler(enabled=self.use_fp16)
[SST-5] Starting epoch 0...
/home/nildaimon/gmnet/dlquantification/main.py:888: FutureWarning: `torch.cuda.amp.autocast(args...)` is deprecated. Please use `torch.amp.autocast('cuda', args...)` instead.
  with torch.cuda.amp.autocast(enabled=self.use_fp16):
[SST-5] Elapsed training time:2.48s
[SST-5] Starting validation...
[SST-5] Elapsed validation time:0.34s
[SST-5] [Epoch=000] Train Loss=[QuantLoss=0.07561]Val loss = [QuantLoss=0.07550][QuantReg:0.29555][saved best model in this epoch]
[SST-5] Starting epoch 1...
[SST-5] Elapsed training time:2.41s
[SST-5] Starting validation...
[SST-5] Elapsed validation time:0.30s
[SST-5] [Epoch=001] Train Loss=[QuantLoss=0.05934]Val loss = [QuantLoss=0.06865][QuantReg:0.26489][saved best model in this epoch]
[SST-5] Starting epoch 2...
[SST-5] Elapsed training time:2.41s
[SST-5] Starting validation...
[SST-5] Elapsed validation time:0.33s
[SST-5] [Epoch=002] Train Loss=[QuantLoss=0.05398]Val loss = [QuantLoss=0.07403][QuantReg:0.26882]
[SST-5] Starting epoch 3...
[SST-5] Elapsed training time:2.38s
[SST-5] Starting validation...
[SST-5] Elapsed validation time:0.31s
[SST-5] [Epoch=003] Train Loss=[QuantLoss=0.04955]Val loss = [QuantLoss=0.05943][QuantReg:0.25535][saved best model in this epoch]
[SST-5] Starting epoch 4...
[SST-5] Elapsed training time:2.46s
[SST-5] Starting validation...
[SST-5] Elapsed validation time:0.31s
[SST-5] [Epoch=004] Train Loss=[QuantLoss=0.04669]Val loss = [QuantLoss=0.06723][QuantReg:0.24705]
[SST-5] Starting epoch 5...
[SST-5] Elapsed training time:2.45s
[SST-5] Starting validation...
[SST-5] Elapsed validation time:0.33s
[SST-5] [Epoch=005] Train Loss=[QuantLoss=0.04552]Val loss = [QuantLoss=0.06913][QuantReg:0.26050]
[SST-5] Starting epoch 6...
[SST-5] Elapsed training time:2.42s
[SST-5] Starting validation...
[SST-5] Elapsed validation time:0.31s
[SST-5] [Epoch=006] Train Loss=[QuantLoss=0.04248]Val loss = [QuantLoss=0.06438][QuantReg:0.25842]
[SST-5] Starting epoch 7...
[SST-5] Elapsed training time:2.53s
[SST-5] Starting validation...
[SST-5] Elapsed validation time:0.35s
[SST-5] [Epoch=007] Train Loss=[QuantLoss=0.04134]Val loss = [QuantLoss=0.05445][QuantReg:0.26569][saved best model in this epoch]
[SST-5] Starting epoch 8...
[SST-5] Elapsed training time:2.44s
[SST-5] Starting validation...
[SST-5] Elapsed validation time:0.34s
[SST-5] [Epoch=008] Train Loss=[QuantLoss=0.04198]Val loss = [QuantLoss=0.06289][QuantReg:0.27263]
[SST-5] Starting epoch 9...
[SST-5] Elapsed training time:2.48s
[SST-5] Starting validation...
[SST-5] Elapsed validation time:0.26s
[SST-5] [Epoch=009] Train Loss=[QuantLoss=0.04068]Val loss = [QuantLoss=0.05613][QuantReg:0.27409]
[SST-5] Starting epoch 10...
[SST-5] Elapsed training time:2.46s
[SST-5] Starting validation...
[SST-5] Elapsed validation time:0.26s
[SST-5] [Epoch=010] Train Loss=[QuantLoss=0.03943]Val loss = [QuantLoss=0.05938][QuantReg:0.26953]
[SST-5] Starting epoch 11...
[SST-5] Elapsed training time:2.41s
[SST-5] Starting validation...
[SST-5] Elapsed validation time:0.28s
[SST-5] [Epoch=011] Train Loss=[QuantLoss=0.03969]Val loss = [QuantLoss=0.05893][QuantReg:0.26662]
[SST-5] Starting epoch 12...
[SST-5] Elapsed training time:2.44s
[SST-5] Starting validation...
[SST-5] Elapsed validation time:0.26s
[SST-5] [Epoch=012] Train Loss=[QuantLoss=0.03807]Val loss = [QuantLoss=0.06288][QuantReg:0.25920]
[SST-5] Starting epoch 13...
[SST-5] Elapsed training time:2.56s
[SST-5] Starting validation...
[SST-5] Elapsed validation time:0.30s
[SST-5] [Epoch=013] Train Loss=[QuantLoss=0.03883]Val loss = [QuantLoss=0.05440][QuantReg:0.26896][saved best model in this epoch]
[SST-5] Starting epoch 14...
[SST-5] Elapsed training time:2.42s
[SST-5] Starting validation...
[SST-5] Elapsed validation time:0.35s
[SST-5] [Epoch=014] Train Loss=[QuantLoss=0.03676]Val loss = [QuantLoss=0.05209][QuantReg:0.26357][saved best model in this epoch]
[SST-5] Starting epoch 15...
[SST-5] Elapsed training time:2.48s
[SST-5] Starting validation...
[SST-5] Elapsed validation time:0.24s
[SST-5] [Epoch=015] Train Loss=[QuantLoss=0.03766]Val loss = [QuantLoss=0.05548][QuantReg:0.26543]
[SST-5] Starting epoch 16...
[SST-5] Elapsed training time:2.46s
[SST-5] Starting validation...
[SST-5] Elapsed validation time:0.32s
[SST-5] [Epoch=016] Train Loss=[QuantLoss=0.03746]Val loss = [QuantLoss=0.05259][QuantReg:0.26252]
[SST-5] Starting epoch 17...
[SST-5] Elapsed training time:2.39s
[SST-5] Starting validation...
[SST-5] Elapsed validation time:0.28s
[SST-5] [Epoch=017] Train Loss=[QuantLoss=0.03526]Val loss = [QuantLoss=0.05541][QuantReg:0.26583]
[SST-5] Starting epoch 18...
[SST-5] Elapsed training time:2.43s
[SST-5] Starting validation...
[SST-5] Elapsed validation time:0.30s
[SST-5] [Epoch=018] Train Loss=[QuantLoss=0.03473]Val loss = [QuantLoss=0.04815][QuantReg:0.26927][saved best model in this epoch]
[SST-5] Starting epoch 19...
[SST-5] Elapsed training time:2.46s
[SST-5] Starting validation...
[SST-5] Elapsed validation time:0.28s
[SST-5] [Epoch=019] Train Loss=[QuantLoss=0.03557]Val loss = [QuantLoss=0.05615][QuantReg:0.26209]
[SST-5] Starting epoch 20...
[SST-5] Elapsed training time:2.45s
[SST-5] Starting validation...
[SST-5] Elapsed validation time:0.31s
[SST-5] [Epoch=020] Train Loss=[QuantLoss=0.03684]Val loss = [QuantLoss=0.05165][QuantReg:0.26267]
[SST-5] Starting epoch 21...
[SST-5] Elapsed training time:2.43s
[SST-5] Starting validation...
[SST-5] Elapsed validation time:0.30s
[SST-5] [Epoch=021] Train Loss=[QuantLoss=0.03430]Val loss = [QuantLoss=0.05189][QuantReg:0.26985]
[SST-5] Starting epoch 22...
[SST-5] Elapsed training time:2.43s
[SST-5] Starting validation...
[SST-5] Elapsed validation time:0.27s
[SST-5] [Epoch=022] Train Loss=[QuantLoss=0.03475]Val loss = [QuantLoss=0.05040][QuantReg:0.26061]
[SST-5] Starting epoch 23...
[SST-5] Elapsed training time:2.40s
[SST-5] Starting validation...
[SST-5] Elapsed validation time:0.30s
[SST-5] [Epoch=023] Train Loss=[QuantLoss=0.03477]Val loss = [QuantLoss=0.05496][QuantReg:0.26569]
[SST-5] Starting epoch 24...
[SST-5] Elapsed training time:2.46s
[SST-5] Starting validation...
[SST-5] Elapsed validation time:0.25s
[SST-5] [Epoch=024] Train Loss=[QuantLoss=0.03612]Val loss = [QuantLoss=0.05289][QuantReg:0.25889]
[SST-5] Starting epoch 25...
[SST-5] Elapsed training time:2.58s
[SST-5] Starting validation...
[SST-5] Elapsed validation time:0.28s
[SST-5] [Epoch=025] Train Loss=[QuantLoss=0.03439]Val loss = [QuantLoss=0.05026][QuantReg:0.26194]
[SST-5] Starting epoch 26...
[SST-5] Elapsed training time:2.59s
[SST-5] Starting validation...
[SST-5] Elapsed validation time:0.31s
[SST-5] [Epoch=026] Train Loss=[QuantLoss=0.03310]Val loss = [QuantLoss=0.04902][QuantReg:0.25946]
[SST-5] Starting epoch 27...
[SST-5] Elapsed training time:2.49s
[SST-5] Starting validation...
[SST-5] Elapsed validation time:0.32s
[SST-5] [Epoch=027] Train Loss=[QuantLoss=0.03282]Val loss = [QuantLoss=0.05495][QuantReg:0.26068]
[SST-5] Starting epoch 28...
[SST-5] Elapsed training time:2.46s
[SST-5] Starting validation...
[SST-5] Elapsed validation time:0.31s
[SST-5] [Epoch=028] Train Loss=[QuantLoss=0.03218]Val loss = [QuantLoss=0.04644][QuantReg:0.26650][saved best model in this epoch]
[SST-5] Starting epoch 29...
[SST-5] Elapsed training time:2.48s
[SST-5] Starting validation...
[SST-5] Elapsed validation time:0.27s
[SST-5] [Epoch=029] Train Loss=[QuantLoss=0.03368]Val loss = [QuantLoss=0.04550][QuantReg:0.26467][saved best model in this epoch]
[SST-5] Starting epoch 30...
[SST-5] Elapsed training time:2.57s
[SST-5] Starting validation...
[SST-5] Elapsed validation time:0.31s
[SST-5] [Epoch=030] Train Loss=[QuantLoss=0.03222]Val loss = [QuantLoss=0.05345][QuantReg:0.25738]
[SST-5] Starting epoch 31...
[SST-5] Elapsed training time:2.44s
[SST-5] Starting validation...
[SST-5] Elapsed validation time:0.30s
[SST-5] [Epoch=031] Train Loss=[QuantLoss=0.03246]Val loss = [QuantLoss=0.04899][QuantReg:0.25170]
[SST-5] Starting epoch 32...
[SST-5] Elapsed training time:2.55s
[SST-5] Starting validation...
[SST-5] Elapsed validation time:0.27s
[SST-5] [Epoch=032] Train Loss=[QuantLoss=0.03181]Val loss = [QuantLoss=0.05116][QuantReg:0.25223]
[SST-5] Starting epoch 33...
[SST-5] Elapsed training time:2.48s
[SST-5] Starting validation...
[SST-5] Elapsed validation time:0.27s
[SST-5] [Epoch=033] Train Loss=[QuantLoss=0.03365]Val loss = [QuantLoss=0.04369][QuantReg:0.24801][saved best model in this epoch]
[SST-5] Starting epoch 34...
[SST-5] Elapsed training time:2.47s
[SST-5] Starting validation...
[SST-5] Elapsed validation time:0.26s
[SST-5] [Epoch=034] Train Loss=[QuantLoss=0.03229]Val loss = [QuantLoss=0.04681][QuantReg:0.25061]
[SST-5] Starting epoch 35...
[SST-5] Elapsed training time:2.60s
[SST-5] Starting validation...
[SST-5] Elapsed validation time:0.27s
[SST-5] [Epoch=035] Train Loss=[QuantLoss=0.03224]Val loss = [QuantLoss=0.04558][QuantReg:0.24746]
[SST-5] Starting epoch 36...
[SST-5] Elapsed training time:2.57s
[SST-5] Starting validation...
[SST-5] Elapsed validation time:0.37s
[SST-5] [Epoch=036] Train Loss=[QuantLoss=0.03218]Val loss = [QuantLoss=0.05592][QuantReg:0.25690]
[SST-5] Starting epoch 37...
[SST-5] Elapsed training time:2.57s
[SST-5] Starting validation...
[SST-5] Elapsed validation time:0.32s
[SST-5] [Epoch=037] Train Loss=[QuantLoss=0.03293]Val loss = [QuantLoss=0.04698][QuantReg:0.25348]
[SST-5] Starting epoch 38...
[SST-5] Elapsed training time:2.41s
[SST-5] Starting validation...
[SST-5] Elapsed validation time:0.28s
[SST-5] [Epoch=038] Train Loss=[QuantLoss=0.02933]Val loss = [QuantLoss=0.05023][QuantReg:0.25189]
[SST-5] Starting epoch 39...
[SST-5] Elapsed training time:2.38s
[SST-5] Starting validation...
[SST-5] Elapsed validation time:0.31s
[SST-5] [Epoch=039] Train Loss=[QuantLoss=0.03086]Val loss = [QuantLoss=0.04547][QuantReg:0.25443]
[SST-5] Starting epoch 40...
[SST-5] Elapsed training time:2.46s
[SST-5] Starting validation...
[SST-5] Elapsed validation time:0.27s
[SST-5] [Epoch=040] Train Loss=[QuantLoss=0.03152]Val loss = [QuantLoss=0.04663][QuantReg:0.25517]
[SST-5] Starting epoch 41...
[SST-5] Elapsed training time:2.59s
[SST-5] Starting validation...
[SST-5] Elapsed validation time:0.37s
[SST-5] [Epoch=041] Train Loss=[QuantLoss=0.03071]Val loss = [QuantLoss=0.04600][QuantReg:0.25589]
[SST-5] Starting epoch 42...
[SST-5] Elapsed training time:2.46s
[SST-5] Starting validation...
[SST-5] Elapsed validation time:0.28s
[SST-5] [Epoch=042] Train Loss=[QuantLoss=0.02923]Val loss = [QuantLoss=0.04495][QuantReg:0.25405]
[SST-5] Starting epoch 43...
[SST-5] Elapsed training time:2.63s
[SST-5] Starting validation...
[SST-5] Elapsed validation time:0.26s
[SST-5] [Epoch=043] Train Loss=[QuantLoss=0.03108]Val loss = [QuantLoss=0.04752][QuantReg:0.26083]
[SST-5] Starting epoch 44...
[SST-5] Elapsed training time:2.56s
[SST-5] Starting validation...
[SST-5] Elapsed validation time:0.29s
[SST-5] [Epoch=044] Train Loss=[QuantLoss=0.03240]Val loss = [QuantLoss=0.04544][QuantReg:0.26029]
[SST-5] Starting epoch 45...
[SST-5] Elapsed training time:2.43s
[SST-5] Starting validation...
[SST-5] Elapsed validation time:0.33s
[SST-5] [Epoch=045] Train Loss=[QuantLoss=0.02948]Val loss = [QuantLoss=0.04806][QuantReg:0.25384]
[SST-5] Starting epoch 46...
[SST-5] Elapsed training time:2.44s
[SST-5] Starting validation...
[SST-5] Elapsed validation time:0.42s
[SST-5] [Epoch=046] Train Loss=[QuantLoss=0.02902]Val loss = [QuantLoss=0.05157][QuantReg:0.25381]
[SST-5] Starting epoch 47...
[SST-5] Elapsed training time:2.47s
[SST-5] Starting validation...
[SST-5] Elapsed validation time:0.29s
[SST-5] [Epoch=047] Train Loss=[QuantLoss=0.03145]Val loss = [QuantLoss=0.04965][QuantReg:0.25276]
[SST-5] Starting epoch 48...
[SST-5] Elapsed training time:2.44s
[SST-5] Starting validation...
[SST-5] Elapsed validation time:0.44s
[SST-5] [Epoch=048] Train Loss=[QuantLoss=0.02945]Val loss = [QuantLoss=0.04960][QuantReg:0.25689]
[SST-5] Starting epoch 49...
[SST-5] Elapsed training time:2.47s
[SST-5] Starting validation...
[SST-5] Elapsed validation time:0.29s
[SST-5] [Epoch=049] Train Loss=[QuantLoss=0.02838]Val loss = [QuantLoss=0.05313][QuantReg:0.25317]
[SST-5] Starting epoch 50...
[SST-5] Elapsed training time:2.48s
[SST-5] Starting validation...
[SST-5] Elapsed validation time:0.41s
[SST-5] [Epoch=050] Train Loss=[QuantLoss=0.03111]Val loss = [QuantLoss=0.04769][QuantReg:0.25675]
[SST-5] Starting epoch 51...
[SST-5] Elapsed training time:2.57s
[SST-5] Starting validation...
[SST-5] Elapsed validation time:0.32s
[SST-5] [Epoch=051] Train Loss=[QuantLoss=0.02926]Val loss = [QuantLoss=0.04358][QuantReg:0.25499][saved best model in this epoch]
[SST-5] Starting epoch 52...
[SST-5] Elapsed training time:2.45s
[SST-5] Starting validation...
[SST-5] Elapsed validation time:0.37s
[SST-5] [Epoch=052] Train Loss=[QuantLoss=0.03070]Val loss = [QuantLoss=0.04526][QuantReg:0.26121]
[SST-5] Starting epoch 53...
[SST-5] Elapsed training time:2.39s
[SST-5] Starting validation...
[SST-5] Elapsed validation time:0.39s
[SST-5] [Epoch=053] Train Loss=[QuantLoss=0.03076]Val loss = [QuantLoss=0.04775][QuantReg:0.25505]
[SST-5] Starting epoch 54...
[SST-5] Elapsed training time:2.46s
[SST-5] Starting validation...
[SST-5] Elapsed validation time:0.43s
[SST-5] [Epoch=054] Train Loss=[QuantLoss=0.02850]Val loss = [QuantLoss=0.05065][QuantReg:0.25018]
[SST-5] Starting epoch 55...
[SST-5] Elapsed training time:2.44s
[SST-5] Starting validation...
[SST-5] Elapsed validation time:0.43s
[SST-5] [Epoch=055] Train Loss=[QuantLoss=0.03052]Val loss = [QuantLoss=0.05825][QuantReg:0.24693]
[SST-5] Starting epoch 56...
[SST-5] Elapsed training time:2.46s
[SST-5] Starting validation...
[SST-5] Elapsed validation time:0.39s
[SST-5] [Epoch=056] Train Loss=[QuantLoss=0.02966]Val loss = [QuantLoss=0.04708][QuantReg:0.24962]
[SST-5] Starting epoch 57...
[SST-5] Elapsed training time:2.39s
[SST-5] Starting validation...
[SST-5] Elapsed validation time:0.42s
[SST-5] [Epoch=057] Train Loss=[QuantLoss=0.02739]Val loss = [QuantLoss=0.04016][QuantReg:0.25288][saved best model in this epoch]
[SST-5] Starting epoch 58...
[SST-5] Elapsed training time:2.54s
[SST-5] Starting validation...
[SST-5] Elapsed validation time:0.43s
[SST-5] [Epoch=058] Train Loss=[QuantLoss=0.03053]Val loss = [QuantLoss=0.04613][QuantReg:0.25452]
[SST-5] Starting epoch 59...
[SST-5] Elapsed training time:2.54s
[SST-5] Starting validation...
[SST-5] Elapsed validation time:0.40s
[SST-5] [Epoch=059] Train Loss=[QuantLoss=0.02955]Val loss = [QuantLoss=0.04531][QuantReg:0.25548]
[SST-5] Starting epoch 60...
[SST-5] Elapsed training time:2.63s
[SST-5] Starting validation...
[SST-5] Elapsed validation time:0.32s
[SST-5] [Epoch=060] Train Loss=[QuantLoss=0.02863]Val loss = [QuantLoss=0.04875][QuantReg:0.25144]
[SST-5] Starting epoch 61...
[SST-5] Elapsed training time:2.41s
[SST-5] Starting validation...
[SST-5] Elapsed validation time:0.42s
[SST-5] [Epoch=061] Train Loss=[QuantLoss=0.02902]Val loss = [QuantLoss=0.04484][QuantReg:0.25180]
[SST-5] Starting epoch 62...
[SST-5] Elapsed training time:2.42s
[SST-5] Starting validation...
[SST-5] Elapsed validation time:0.39s
[SST-5] [Epoch=062] Train Loss=[QuantLoss=0.02917]Val loss = [QuantLoss=0.04357][QuantReg:0.25323]
[SST-5] Starting epoch 63...
[SST-5] Elapsed training time:2.43s
[SST-5] Starting validation...
[SST-5] Elapsed validation time:0.40s
[SST-5] [Epoch=063] Train Loss=[QuantLoss=0.03091]Val loss = [QuantLoss=0.04533][QuantReg:0.25462]
[SST-5] Starting epoch 64...
[SST-5] Elapsed training time:2.42s
[SST-5] Starting validation...
[SST-5] Elapsed validation time:0.32s
[SST-5] [Epoch=064] Train Loss=[QuantLoss=0.02830]Val loss = [QuantLoss=0.04728][QuantReg:0.25641]
[SST-5] Starting epoch 65...
[SST-5] Elapsed training time:2.39s
[SST-5] Starting validation...
[SST-5] Elapsed validation time:0.40s
[SST-5] [Epoch=065] Train Loss=[QuantLoss=0.02850]Val loss = [QuantLoss=0.04529][QuantReg:0.26002]
[SST-5] Starting epoch 66...
[SST-5] Elapsed training time:2.38s
[SST-5] Starting validation...
[SST-5] Elapsed validation time:0.40s
[SST-5] [Epoch=066] Train Loss=[QuantLoss=0.02833]Val loss = [QuantLoss=0.04447][QuantReg:0.25678]
[SST-5] Starting epoch 67...
[SST-5] Elapsed training time:2.50s
[SST-5] Starting validation...
[SST-5] Elapsed validation time:0.40s
[SST-5] [Epoch=067] Train Loss=[QuantLoss=0.02771]Val loss = [QuantLoss=0.04321][QuantReg:0.25461]
[SST-5] Starting epoch 68...
[SST-5] Elapsed training time:2.53s
[SST-5] Starting validation...
[SST-5] Elapsed validation time:0.39s
[SST-5] [Epoch=068] Train Loss=[QuantLoss=0.02915]Val loss = [QuantLoss=0.04697][QuantReg:0.25420]
[SST-5] Starting epoch 69...
[SST-5] Elapsed training time:2.61s
[SST-5] Starting validation...
[SST-5] Elapsed validation time:0.39s
[SST-5] [Epoch=069] Train Loss=[QuantLoss=0.02827]Val loss = [QuantLoss=0.04539][QuantReg:0.25132]
[SST-5] Starting epoch 70...
[SST-5] Elapsed training time:2.42s
[SST-5] Starting validation...
[SST-5] Elapsed validation time:0.38s
[SST-5] [Epoch=070] Train Loss=[QuantLoss=0.02817]Val loss = [QuantLoss=0.05476][QuantReg:0.25483]
[SST-5] Starting epoch 71...
[SST-5] Elapsed training time:2.45s
[SST-5] Starting validation...
[SST-5] Elapsed validation time:0.41s
[SST-5] [Epoch=071] Train Loss=[QuantLoss=0.02929]Val loss = [QuantLoss=0.04758][QuantReg:0.26109]
[SST-5] Starting epoch 72...
[SST-5] Elapsed training time:2.43s
[SST-5] Starting validation...
[SST-5] Elapsed validation time:0.41s
[SST-5] [Epoch=072] Train Loss=[QuantLoss=0.02931]Val loss = [QuantLoss=0.04658][QuantReg:0.25470]
[SST-5] Starting epoch 73...
[SST-5] Elapsed training time:2.45s
[SST-5] Starting validation...
[SST-5] Elapsed validation time:0.38s
[SST-5] [Epoch=073] Train Loss=[QuantLoss=0.02830]Val loss = [QuantLoss=0.04616][QuantReg:0.24889]
[SST-5] Starting epoch 74...
[SST-5] Elapsed training time:2.41s
[SST-5] Starting validation...
[SST-5] Elapsed validation time:0.36s
[SST-5] [Epoch=074] Train Loss=[QuantLoss=0.02692]Val loss = [QuantLoss=0.05181][QuantReg:0.25114]
[SST-5] Starting epoch 75...
[SST-5] Elapsed training time:2.41s
[SST-5] Starting validation...
[SST-5] Elapsed validation time:0.39s
[SST-5] [Epoch=075] Train Loss=[QuantLoss=0.02884]Val loss = [QuantLoss=0.05094][QuantReg:0.25102]
[SST-5] Starting epoch 76...
[SST-5] Elapsed training time:2.40s
[SST-5] Starting validation...
[SST-5] Elapsed validation time:0.42s
[SST-5] [Epoch=076] Train Loss=[QuantLoss=0.02860]Val loss = [QuantLoss=0.04580][QuantReg:0.24584]
[SST-5] Starting epoch 77...
[SST-5] Elapsed training time:2.40s
[SST-5] Starting validation...
[SST-5] Elapsed validation time:0.40s
[SST-5] [Epoch=077] Train Loss=[QuantLoss=0.02860]Val loss = [QuantLoss=0.04766][QuantReg:0.25121]
[SST-5] Starting epoch 78...
[SST-5] Elapsed training time:2.38s
[SST-5] Starting validation...
[SST-5] Elapsed validation time:0.37s
[SST-5] [Epoch=078] Train Loss=[QuantLoss=0.02712]Val loss = [QuantLoss=0.05023][QuantReg:0.25421]
[SST-5] Starting epoch 79...
[SST-5] Elapsed training time:2.54s
[SST-5] Starting validation...
[SST-5] Elapsed validation time:0.41s
[SST-5] [Epoch=079] Train Loss=[QuantLoss=0.02528]Val loss = [QuantLoss=0.04536][QuantReg:0.25974]
[SST-5] Starting epoch 80...
[SST-5] Elapsed training time:2.41s
[SST-5] Starting validation...
[SST-5] Elapsed validation time:0.41s
[SST-5] [Epoch=080] Train Loss=[QuantLoss=0.02380]Val loss = [QuantLoss=0.04576][QuantReg:0.25752]
[SST-5] Starting epoch 81...
[SST-5] Elapsed training time:2.65s
[SST-5] Starting validation...
[SST-5] Elapsed validation time:0.39s
[SST-5] [Epoch=081] Train Loss=[QuantLoss=0.02388]Val loss = [QuantLoss=0.04303][QuantReg:0.25605]
[SST-5] Starting epoch 82...
[SST-5] Elapsed training time:2.48s
[SST-5] Starting validation...
[SST-5] Elapsed validation time:0.39s
[SST-5] [Epoch=082] Train Loss=[QuantLoss=0.02345]Val loss = [QuantLoss=0.04232][QuantReg:0.25763]
[SST-5] Starting epoch 83...
[SST-5] Elapsed training time:2.57s
[SST-5] Starting validation...
[SST-5] Elapsed validation time:0.40s
[SST-5] [Epoch=083] Train Loss=[QuantLoss=0.02352]Val loss = [QuantLoss=0.04303][QuantReg:0.25727]
[SST-5] Starting epoch 84...
[SST-5] Elapsed training time:2.52s
[SST-5] Starting validation...
[SST-5] Elapsed validation time:0.39s
[SST-5] [Epoch=084] Train Loss=[QuantLoss=0.02265]Val loss = [QuantLoss=0.04297][QuantReg:0.25740]
[SST-5] Starting epoch 85...
[SST-5] Elapsed training time:2.43s
[SST-5] Starting validation...
[SST-5] Elapsed validation time:0.39s
[SST-5] [Epoch=085] Train Loss=[QuantLoss=0.02162]Val loss = [QuantLoss=0.04346][QuantReg:0.25514]
[SST-5] Starting epoch 86...
[SST-5] Elapsed training time:2.62s
[SST-5] Starting validation...
[SST-5] Elapsed validation time:0.40s
[SST-5] [Epoch=086] Train Loss=[QuantLoss=0.02130]Val loss = [QuantLoss=0.04108][QuantReg:0.25298]
[SST-5] Starting epoch 87...
[SST-5] Elapsed training time:2.40s
[SST-5] Starting validation...
[SST-5] Elapsed validation time:0.41s
[SST-5] [Epoch=087] Train Loss=[QuantLoss=0.02261]Val loss = [QuantLoss=0.04645][QuantReg:0.25341]
[SST-5] Starting epoch 88...
[SST-5] Elapsed training time:2.51s
[SST-5] Starting validation...
[SST-5] Elapsed validation time:0.39s
[SST-5] [Epoch=088] Train Loss=[QuantLoss=0.02182]Val loss = [QuantLoss=0.04279][QuantReg:0.25375]
[SST-5] Starting epoch 89...
[SST-5] Elapsed training time:2.61s
[SST-5] Starting validation...
[SST-5] Elapsed validation time:0.40s
[SST-5] [Epoch=089] Train Loss=[QuantLoss=0.02057]Val loss = [QuantLoss=0.04280][QuantReg:0.25263]
[SST-5] Starting epoch 90...
[SST-5] Elapsed training time:2.48s
[SST-5] Starting validation...
[SST-5] Elapsed validation time:0.32s
[SST-5] [Epoch=090] Train Loss=[QuantLoss=0.02134]Val loss = [QuantLoss=0.04136][QuantReg:0.25323]
[SST-5] Starting epoch 91...
[SST-5] Elapsed training time:2.42s
[SST-5] Starting validation...
[SST-5] Elapsed validation time:0.33s
[SST-5] [Epoch=091] Train Loss=[QuantLoss=0.02181]Val loss = [QuantLoss=0.04405][QuantReg:0.25266]
[SST-5] Starting epoch 92...
[SST-5] Elapsed training time:2.46s
[SST-5] Starting validation...
[SST-5] Elapsed validation time:0.39s
[SST-5] [Epoch=092] Train Loss=[QuantLoss=0.02114]Val loss = [QuantLoss=0.04469][QuantReg:0.25449]
[SST-5] Starting epoch 93...
[SST-5] Elapsed training time:2.50s
[SST-5] Starting validation...
[SST-5] Elapsed validation time:0.41s
[SST-5] [Epoch=093] Train Loss=[QuantLoss=0.02154]Val loss = [QuantLoss=0.04396][QuantReg:0.25184]
[SST-5] Starting epoch 94...
[SST-5] Elapsed training time:2.47s
[SST-5] Starting validation...
[SST-5] Elapsed validation time:0.40s
[SST-5] [Epoch=094] Train Loss=[QuantLoss=0.02097]Val loss = [QuantLoss=0.04223][QuantReg:0.25261]
[SST-5] Starting epoch 95...
[SST-5] Elapsed training time:2.45s
[SST-5] Starting validation...
[SST-5] Elapsed validation time:0.40s
[SST-5] [Epoch=095] Train Loss=[QuantLoss=0.02098]Val loss = [QuantLoss=0.04069][QuantReg:0.25270]
[SST-5] Starting epoch 96...
[SST-5] Elapsed training time:2.61s
[SST-5] Starting validation...
[SST-5] Elapsed validation time:0.40s
[SST-5] [Epoch=096] Train Loss=[QuantLoss=0.02126]Val loss = [QuantLoss=0.04303][QuantReg:0.25329]
[SST-5] Starting epoch 97...
[SST-5] Elapsed training time:2.46s
[SST-5] Starting validation...
[SST-5] Elapsed validation time:0.38s
[SST-5] [Epoch=097] Train Loss=[QuantLoss=0.02085]Val loss = [QuantLoss=0.04345][QuantReg:0.25293]
[SST-5] Starting epoch 98...
[SST-5] Elapsed training time:2.41s
[SST-5] Starting validation...
[SST-5] Elapsed validation time:0.35s
[SST-5] [Epoch=098] Train Loss=[QuantLoss=0.02014]Val loss = [QuantLoss=0.04442][QuantReg:0.25417]
[SST-5] Starting epoch 99...
[SST-5] Elapsed training time:2.60s
[SST-5] Starting validation...
[SST-5] Elapsed validation time:0.41s
[SST-5] [Epoch=099] Train Loss=[QuantLoss=0.02039]Val loss = [QuantLoss=0.04289][QuantReg:0.25155]
[SST-5] Early stopping in epoch 99!
[SST-5] Restoring best model...
MAE médio: 0.1035 ± 0.0390
Tempo de execução (sem curriculum): 287 segundos.
/home/nildaimon/anaconda3/envs/gpu-gmnet/lib/python3.9/site-packages/pandas/core/computation/expressions.py:21: UserWarning: Pandas requires version '2.8.4' or newer of 'numexpr' (version '2.7.3' currently installed).
  from pandas.core.computation.check import NUMEXPR_INSTALLED
/home/nildaimon/anaconda3/envs/gpu-gmnet/lib/python3.9/site-packages/pandas/core/arrays/masked.py:60: UserWarning: Pandas requires version '1.3.6' or newer of 'bottleneck' (version '1.3.2' currently installed).
  from pandas.core import (
Dataset: SST-5
Dificuldade: kl, modo: hardest, top_k: None
Dispositivo de treino: cuda
Baixando Stanford Sentiment Treebank (SST-5) do Hugging Face...
Repo card metadata block was not found. Setting CardData to empty.
/home/nildaimon/gmnet/experiments/train_curl/train_sst.py:94: FutureWarning: You are using `torch.load` with `weights_only=False` (the current default value), which uses the default pickle module implicitly. It is possible to construct malicious pickle data which will execute arbitrary code during unpickling (See https://github.com/pytorch/pytorch/blob/main/SECURITY.md#untrusted-models for more details). In a future release, the default value for `weights_only` will be flipped to `True`. This limits the functions that could be executed during unpickling. Arbitrary objects will no longer be allowed to be loaded via this mode unless they are explicitly allowlisted by the user via `torch.serialization.add_safe_globals`. We recommend you start setting `weights_only=True` for any use case where you don't have full control of the loaded file. Please open an issue on GitHub for any issues related to this experimental feature.
  cache = torch.load(SPLIT_CACHE)
Carregando embeddings e splits do cache...
Ignoring val_split as train and val datasets where given to fit function
We have two datasets: training 17044 examples. validation 1100 examples.]
Using device cuda
/home/nildaimon/anaconda3/envs/gpu-gmnet/lib/python3.9/site-packages/torch/optim/lr_scheduler.py:62: UserWarning: The verbose parameter is deprecated. Please use get_last_lr() to access the learning rate.
  warnings.warn(
/home/nildaimon/gmnet/dlquantification/main.py:835: FutureWarning: `torch.cuda.amp.GradScaler(args...)` is deprecated. Please use `torch.amp.GradScaler('cuda', args...)` instead.
  scaler = torch.cuda.amp.GradScaler(enabled=self.use_fp16)
[SST-5] Starting epoch 0...
/home/nildaimon/gmnet/dlquantification/main.py:888: FutureWarning: `torch.cuda.amp.autocast(args...)` is deprecated. Please use `torch.amp.autocast('cuda', args...)` instead.
  with torch.cuda.amp.autocast(enabled=self.use_fp16):
[SST-5] Elapsed training time:2.52s
[SST-5] Starting validation...
[SST-5] Elapsed validation time:0.33s
[SST-5] [Epoch=000] Train Loss=[QuantLoss=0.08294]Val loss = [QuantLoss=0.06755][QuantReg:0.39351][saved best model in this epoch]
[SST-5] Starting epoch 1...
[SST-5] Elapsed training time:2.38s
[SST-5] Starting validation...
[SST-5] Elapsed validation time:0.31s
[SST-5] [Epoch=001] Train Loss=[QuantLoss=0.06795]Val loss = [QuantLoss=0.05270][QuantReg:0.30869][saved best model in this epoch]
[SST-5] Starting epoch 2...
[SST-5] Elapsed training time:2.62s
[SST-5] Starting validation...
[SST-5] Elapsed validation time:0.34s
[SST-5] [Epoch=002] Train Loss=[QuantLoss=0.06144]Val loss = [QuantLoss=0.05282][QuantReg:0.29993]
[SST-5] Starting epoch 3...
[SST-5] Elapsed training time:2.45s
[SST-5] Starting validation...
[SST-5] Elapsed validation time:0.28s
[SST-5] [Epoch=003] Train Loss=[QuantLoss=0.05503]Val loss = [QuantLoss=0.05214][QuantReg:0.29863][saved best model in this epoch]
[SST-5] Starting epoch 4...
[SST-5] Elapsed training time:2.55s
[SST-5] Starting validation...
[SST-5] Elapsed validation time:0.36s
[SST-5] [Epoch=004] Train Loss=[QuantLoss=0.05233]Val loss = [QuantLoss=0.05516][QuantReg:0.28234]
[SST-5] Starting epoch 5...
[SST-5] Elapsed training time:2.41s
[SST-5] Starting validation...
[SST-5] Elapsed validation time:0.31s
[SST-5] [Epoch=005] Train Loss=[QuantLoss=0.04971]Val loss = [QuantLoss=0.05516][QuantReg:0.28571]
[SST-5] Starting epoch 6...
[SST-5] Elapsed training time:2.45s
[SST-5] Starting validation...
[SST-5] Elapsed validation time:0.26s
[SST-5] [Epoch=006] Train Loss=[QuantLoss=0.04846]Val loss = [QuantLoss=0.05612][QuantReg:0.29415]
[SST-5] Starting epoch 7...
[SST-5] Elapsed training time:2.46s
[SST-5] Starting validation...
[SST-5] Elapsed validation time:0.36s
[SST-5] [Epoch=007] Train Loss=[QuantLoss=0.04536]Val loss = [QuantLoss=0.05468][QuantReg:0.30396]
[SST-5] Starting epoch 8...
[SST-5] Elapsed training time:2.65s
[SST-5] Starting validation...
[SST-5] Elapsed validation time:0.32s
[SST-5] [Epoch=008] Train Loss=[QuantLoss=0.04689]Val loss = [QuantLoss=0.05170][QuantReg:0.29312][saved best model in this epoch]
[SST-5] Starting epoch 9...
[SST-5] Elapsed training time:2.60s
[SST-5] Starting validation...
[SST-5] Elapsed validation time:0.31s
[SST-5] [Epoch=009] Train Loss=[QuantLoss=0.04337]Val loss = [QuantLoss=0.05173][QuantReg:0.30221]
[SST-5] Starting epoch 10...
[SST-5] Elapsed training time:2.42s
[SST-5] Starting validation...
[SST-5] Elapsed validation time:0.25s
[SST-5] [Epoch=010] Train Loss=[QuantLoss=0.04226]Val loss = [QuantLoss=0.05124][QuantReg:0.29914][saved best model in this epoch]
[SST-5] Starting epoch 11...
[SST-5] Elapsed training time:2.51s
[SST-5] Starting validation...
[SST-5] Elapsed validation time:0.33s
[SST-5] [Epoch=011] Train Loss=[QuantLoss=0.04126]Val loss = [QuantLoss=0.04450][QuantReg:0.30017][saved best model in this epoch]
[SST-5] Starting epoch 12...
[SST-5] Elapsed training time:2.57s
[SST-5] Starting validation...
[SST-5] Elapsed validation time:0.30s
[SST-5] [Epoch=012] Train Loss=[QuantLoss=0.04028]Val loss = [QuantLoss=0.05015][QuantReg:0.30108]
[SST-5] Starting epoch 13...
[SST-5] Elapsed training time:2.47s
[SST-5] Starting validation...
[SST-5] Elapsed validation time:0.30s
[SST-5] [Epoch=013] Train Loss=[QuantLoss=0.04010]Val loss = [QuantLoss=0.04944][QuantReg:0.29445]
[SST-5] Starting epoch 14...
[SST-5] Elapsed training time:2.49s
[SST-5] Starting validation...
[SST-5] Elapsed validation time:0.34s
[SST-5] [Epoch=014] Train Loss=[QuantLoss=0.03940]Val loss = [QuantLoss=0.04933][QuantReg:0.29387]
[SST-5] Starting epoch 15...
[SST-5] Elapsed training time:2.45s
[SST-5] Starting validation...
[SST-5] Elapsed validation time:0.34s
[SST-5] [Epoch=015] Train Loss=[QuantLoss=0.03823]Val loss = [QuantLoss=0.04683][QuantReg:0.28569]
[SST-5] Starting epoch 16...
[SST-5] Elapsed training time:2.44s
[SST-5] Starting validation...
[SST-5] Elapsed validation time:0.27s
[SST-5] [Epoch=016] Train Loss=[QuantLoss=0.04001]Val loss = [QuantLoss=0.04601][QuantReg:0.28726]
[SST-5] Starting epoch 17...
[SST-5] Elapsed training time:2.58s
[SST-5] Starting validation...
[SST-5] Elapsed validation time:0.33s
[SST-5] [Epoch=017] Train Loss=[QuantLoss=0.03716]Val loss = [QuantLoss=0.04430][QuantReg:0.29556][saved best model in this epoch]
[SST-5] Starting epoch 18...
[SST-5] Elapsed training time:2.45s
[SST-5] Starting validation...
[SST-5] Elapsed validation time:0.27s
[SST-5] [Epoch=018] Train Loss=[QuantLoss=0.03702]Val loss = [QuantLoss=0.04354][QuantReg:0.29802][saved best model in this epoch]
[SST-5] Starting epoch 19...
[SST-5] Elapsed training time:2.49s
[SST-5] Starting validation...
[SST-5] Elapsed validation time:0.31s
[SST-5] [Epoch=019] Train Loss=[QuantLoss=0.03622]Val loss = [QuantLoss=0.04024][QuantReg:0.30535][saved best model in this epoch]
[SST-5] Starting epoch 20...
[SST-5] Elapsed training time:2.50s
[SST-5] Starting validation...
[SST-5] Elapsed validation time:0.35s
[SST-5] [Epoch=020] Train Loss=[QuantLoss=0.03617]Val loss = [QuantLoss=0.04193][QuantReg:0.30441]
[SST-5] Starting epoch 21...
[SST-5] Elapsed training time:2.59s
[SST-5] Starting validation...
[SST-5] Elapsed validation time:0.31s
[SST-5] [Epoch=021] Train Loss=[QuantLoss=0.03652]Val loss = [QuantLoss=0.04191][QuantReg:0.30686]
[SST-5] Starting epoch 22...
[SST-5] Elapsed training time:2.41s
[SST-5] Starting validation...
[SST-5] Elapsed validation time:0.29s
[SST-5] [Epoch=022] Train Loss=[QuantLoss=0.03615]Val loss = [QuantLoss=0.04194][QuantReg:0.30074]
[SST-5] Starting epoch 23...
[SST-5] Elapsed training time:2.56s
[SST-5] Starting validation...
[SST-5] Elapsed validation time:0.33s
[SST-5] [Epoch=023] Train Loss=[QuantLoss=0.03467]Val loss = [QuantLoss=0.04211][QuantReg:0.29941]
[SST-5] Starting epoch 24...
[SST-5] Elapsed training time:2.41s
[SST-5] Starting validation...
[SST-5] Elapsed validation time:0.26s
[SST-5] [Epoch=024] Train Loss=[QuantLoss=0.03655]Val loss = [QuantLoss=0.04757][QuantReg:0.29570]
[SST-5] Starting epoch 25...
[SST-5] Elapsed training time:2.56s
[SST-5] Starting validation...
[SST-5] Elapsed validation time:0.29s
[SST-5] [Epoch=025] Train Loss=[QuantLoss=0.03489]Val loss = [QuantLoss=0.04295][QuantReg:0.29897]
[SST-5] Starting epoch 26...
[SST-5] Elapsed training time:2.55s
[SST-5] Starting validation...
[SST-5] Elapsed validation time:0.31s
[SST-5] [Epoch=026] Train Loss=[QuantLoss=0.03569]Val loss = [QuantLoss=0.04368][QuantReg:0.28974]
[SST-5] Starting epoch 27...
[SST-5] Elapsed training time:2.56s
[SST-5] Starting validation...
[SST-5] Elapsed validation time:0.33s
[SST-5] [Epoch=027] Train Loss=[QuantLoss=0.03366]Val loss = [QuantLoss=0.04377][QuantReg:0.29385]
[SST-5] Starting epoch 28...
[SST-5] Elapsed training time:2.46s
[SST-5] Starting validation...
[SST-5] Elapsed validation time:0.29s
[SST-5] [Epoch=028] Train Loss=[QuantLoss=0.03339]Val loss = [QuantLoss=0.04284][QuantReg:0.28941]
[SST-5] Starting epoch 29...
[SST-5] Elapsed training time:2.46s
[SST-5] Starting validation...
[SST-5] Elapsed validation time:0.30s
[SST-5] [Epoch=029] Train Loss=[QuantLoss=0.03411]Val loss = [QuantLoss=0.04256][QuantReg:0.29621]
[SST-5] Starting epoch 30...
[SST-5] Elapsed training time:2.46s
[SST-5] Starting validation...
[SST-5] Elapsed validation time:0.37s
[SST-5] [Epoch=030] Train Loss=[QuantLoss=0.03459]Val loss = [QuantLoss=0.04383][QuantReg:0.30080]
[SST-5] Starting epoch 31...
[SST-5] Elapsed training time:2.47s
[SST-5] Starting validation...
[SST-5] Elapsed validation time:0.35s
[SST-5] [Epoch=031] Train Loss=[QuantLoss=0.03359]Val loss = [QuantLoss=0.04666][QuantReg:0.29650]
[SST-5] Starting epoch 32...
[SST-5] Elapsed training time:2.62s
[SST-5] Starting validation...
[SST-5] Elapsed validation time:0.35s
[SST-5] [Epoch=032] Train Loss=[QuantLoss=0.03225]Val loss = [QuantLoss=0.04268][QuantReg:0.29204]
[SST-5] Starting epoch 33...
[SST-5] Elapsed training time:2.44s
[SST-5] Starting validation...
[SST-5] Elapsed validation time:0.29s
[SST-5] [Epoch=033] Train Loss=[QuantLoss=0.03355]Val loss = [QuantLoss=0.04299][QuantReg:0.28539]
[SST-5] Starting epoch 34...
[SST-5] Elapsed training time:2.43s
[SST-5] Starting validation...
[SST-5] Elapsed validation time:0.32s
[SST-5] [Epoch=034] Train Loss=[QuantLoss=0.03220]Val loss = [QuantLoss=0.04340][QuantReg:0.29171]
[SST-5] Starting epoch 35...
[SST-5] Elapsed training time:2.42s
[SST-5] Starting validation...
[SST-5] Elapsed validation time:0.33s
[SST-5] [Epoch=035] Train Loss=[QuantLoss=0.03207]Val loss = [QuantLoss=0.04834][QuantReg:0.29114]
[SST-5] Starting epoch 36...
[SST-5] Elapsed training time:2.40s
[SST-5] Starting validation...
[SST-5] Elapsed validation time:0.24s
[SST-5] [Epoch=036] Train Loss=[QuantLoss=0.03071]Val loss = [QuantLoss=0.03871][QuantReg:0.28196][saved best model in this epoch]
[SST-5] Starting epoch 37...
[SST-5] Elapsed training time:2.40s
[SST-5] Starting validation...
[SST-5] Elapsed validation time:0.29s
[SST-5] [Epoch=037] Train Loss=[QuantLoss=0.03288]Val loss = [QuantLoss=0.04393][QuantReg:0.28484]
[SST-5] Starting epoch 38...
[SST-5] Elapsed training time:2.62s
[SST-5] Starting validation...
[SST-5] Elapsed validation time:0.31s
[SST-5] [Epoch=038] Train Loss=[QuantLoss=0.03237]Val loss = [QuantLoss=0.04164][QuantReg:0.28344]
[SST-5] Starting epoch 39...
[SST-5] Elapsed training time:2.55s
[SST-5] Starting validation...
[SST-5] Elapsed validation time:0.27s
[SST-5] [Epoch=039] Train Loss=[QuantLoss=0.03126]Val loss = [QuantLoss=0.04708][QuantReg:0.28573]
[SST-5] Starting epoch 40...
[SST-5] Elapsed training time:2.50s
[SST-5] Starting validation...
[SST-5] Elapsed validation time:0.31s
[SST-5] [Epoch=040] Train Loss=[QuantLoss=0.03359]Val loss = [QuantLoss=0.03997][QuantReg:0.28735]
[SST-5] Starting epoch 41...
[SST-5] Elapsed training time:2.45s
[SST-5] Starting validation...
[SST-5] Elapsed validation time:0.30s
[SST-5] [Epoch=041] Train Loss=[QuantLoss=0.03069]Val loss = [QuantLoss=0.04183][QuantReg:0.30023]
[SST-5] Starting epoch 42...
[SST-5] Elapsed training time:2.39s
[SST-5] Starting validation...
[SST-5] Elapsed validation time:0.32s
[SST-5] [Epoch=042] Train Loss=[QuantLoss=0.03296]Val loss = [QuantLoss=0.04948][QuantReg:0.29178]
[SST-5] Starting epoch 43...
[SST-5] Elapsed training time:2.54s
[SST-5] Starting validation...
[SST-5] Elapsed validation time:0.31s
[SST-5] [Epoch=043] Train Loss=[QuantLoss=0.03136]Val loss = [QuantLoss=0.04435][QuantReg:0.28360]
[SST-5] Starting epoch 44...
[SST-5] Elapsed training time:2.56s
[SST-5] Starting validation...
[SST-5] Elapsed validation time:0.27s
[SST-5] [Epoch=044] Train Loss=[QuantLoss=0.03046]Val loss = [QuantLoss=0.04926][QuantReg:0.29390]
[SST-5] Starting epoch 45...
[SST-5] Elapsed training time:2.42s
[SST-5] Starting validation...
[SST-5] Elapsed validation time:0.30s
[SST-5] [Epoch=045] Train Loss=[QuantLoss=0.02993]Val loss = [QuantLoss=0.04370][QuantReg:0.29164]
[SST-5] Starting epoch 46...
[SST-5] Elapsed training time:2.40s
[SST-5] Starting validation...
[SST-5] Elapsed validation time:0.29s
[SST-5] [Epoch=046] Train Loss=[QuantLoss=0.03158]Val loss = [QuantLoss=0.04604][QuantReg:0.28463]
[SST-5] Starting epoch 47...
[SST-5] Elapsed training time:2.57s
[SST-5] Starting validation...
[SST-5] Elapsed validation time:0.30s
[SST-5] [Epoch=047] Train Loss=[QuantLoss=0.03016]Val loss = [QuantLoss=0.04496][QuantReg:0.28399]
[SST-5] Starting epoch 48...
[SST-5] Elapsed training time:2.52s
[SST-5] Starting validation...
[SST-5] Elapsed validation time:0.31s
[SST-5] [Epoch=048] Train Loss=[QuantLoss=0.02879]Val loss = [QuantLoss=0.04526][QuantReg:0.28888]
[SST-5] Starting epoch 49...
[SST-5] Elapsed training time:2.46s
[SST-5] Starting validation...
[SST-5] Elapsed validation time:0.36s
[SST-5] [Epoch=049] Train Loss=[QuantLoss=0.03014]Val loss = [QuantLoss=0.04794][QuantReg:0.28316]
[SST-5] Starting epoch 50...
[SST-5] Elapsed training time:2.43s
[SST-5] Starting validation...
[SST-5] Elapsed validation time:0.32s
[SST-5] [Epoch=050] Train Loss=[QuantLoss=0.02895]Val loss = [QuantLoss=0.04535][QuantReg:0.27923]
[SST-5] Starting epoch 51...
[SST-5] Elapsed training time:2.46s
[SST-5] Starting validation...
[SST-5] Elapsed validation time:0.35s
[SST-5] [Epoch=051] Train Loss=[QuantLoss=0.03139]Val loss = [QuantLoss=0.04533][QuantReg:0.28672]
[SST-5] Starting epoch 52...
[SST-5] Elapsed training time:2.45s
[SST-5] Starting validation...
[SST-5] Elapsed validation time:0.28s
[SST-5] [Epoch=052] Train Loss=[QuantLoss=0.02987]Val loss = [QuantLoss=0.04636][QuantReg:0.29040]
[SST-5] Starting epoch 53...
[SST-5] Elapsed training time:2.42s
[SST-5] Starting validation...
[SST-5] Elapsed validation time:0.38s
[SST-5] [Epoch=053] Train Loss=[QuantLoss=0.02841]Val loss = [QuantLoss=0.04235][QuantReg:0.28509]
[SST-5] Starting epoch 54...
[SST-5] Elapsed training time:2.60s
[SST-5] Starting validation...
[SST-5] Elapsed validation time:0.35s
[SST-5] [Epoch=054] Train Loss=[QuantLoss=0.02842]Val loss = [QuantLoss=0.04974][QuantReg:0.28231]
[SST-5] Starting epoch 55...
[SST-5] Elapsed training time:2.58s
[SST-5] Starting validation...
[SST-5] Elapsed validation time:0.39s
[SST-5] [Epoch=055] Train Loss=[QuantLoss=0.03057]Val loss = [QuantLoss=0.04587][QuantReg:0.28016]
[SST-5] Starting epoch 56...
[SST-5] Elapsed training time:2.55s
[SST-5] Starting validation...
[SST-5] Elapsed validation time:0.33s
[SST-5] [Epoch=056] Train Loss=[QuantLoss=0.02856]Val loss = [QuantLoss=0.04389][QuantReg:0.28316]
[SST-5] Starting epoch 57...
[SST-5] Elapsed training time:2.58s
[SST-5] Starting validation...
[SST-5] Elapsed validation time:0.36s
[SST-5] [Epoch=057] Train Loss=[QuantLoss=0.02954]Val loss = [QuantLoss=0.04819][QuantReg:0.28207]
[SST-5] Starting epoch 58...
[SST-5] Elapsed training time:2.39s
[SST-5] Starting validation...
[SST-5] Elapsed validation time:0.42s
[SST-5] [Epoch=058] Train Loss=[QuantLoss=0.02688]Val loss = [QuantLoss=0.04984][QuantReg:0.28074]
[SST-5] Starting epoch 59...
[SST-5] Elapsed training time:2.59s
[SST-5] Starting validation...
[SST-5] Elapsed validation time:0.39s
[SST-5] [Epoch=059] Train Loss=[QuantLoss=0.02552]Val loss = [QuantLoss=0.05181][QuantReg:0.28173]
[SST-5] Starting epoch 60...
[SST-5] Elapsed training time:2.43s
[SST-5] Starting validation...
[SST-5] Elapsed validation time:0.34s
[SST-5] [Epoch=060] Train Loss=[QuantLoss=0.02491]Val loss = [QuantLoss=0.04875][QuantReg:0.28140]
[SST-5] Starting epoch 61...
[SST-5] Elapsed training time:2.38s
[SST-5] Starting validation...
[SST-5] Elapsed validation time:0.45s
[SST-5] [Epoch=061] Train Loss=[QuantLoss=0.02414]Val loss = [QuantLoss=0.04710][QuantReg:0.28112]
[SST-5] Starting epoch 62...
[SST-5] Elapsed training time:2.43s
[SST-5] Starting validation...
[SST-5] Elapsed validation time:0.43s
[SST-5] [Epoch=062] Train Loss=[QuantLoss=0.02363]Val loss = [QuantLoss=0.04640][QuantReg:0.27889]
[SST-5] Starting epoch 63...
[SST-5] Elapsed training time:2.61s
[SST-5] Starting validation...
[SST-5] Elapsed validation time:0.40s
[SST-5] [Epoch=063] Train Loss=[QuantLoss=0.02323]Val loss = [QuantLoss=0.04827][QuantReg:0.28008]
[SST-5] Starting epoch 64...
[SST-5] Elapsed training time:2.58s
[SST-5] Starting validation...
[SST-5] Elapsed validation time:0.45s
[SST-5] [Epoch=064] Train Loss=[QuantLoss=0.02377]Val loss = [QuantLoss=0.04676][QuantReg:0.27860]
[SST-5] Starting epoch 65...
[SST-5] Elapsed training time:2.42s
[SST-5] Starting validation...
[SST-5] Elapsed validation time:0.43s
[SST-5] [Epoch=065] Train Loss=[QuantLoss=0.02405]Val loss = [QuantLoss=0.04761][QuantReg:0.28073]
[SST-5] Starting epoch 66...
[SST-5] Elapsed training time:2.45s
[SST-5] Starting validation...
[SST-5] Elapsed validation time:0.39s
[SST-5] [Epoch=066] Train Loss=[QuantLoss=0.02334]Val loss = [QuantLoss=0.04818][QuantReg:0.27802]
[SST-5] Starting epoch 67...
[SST-5] Elapsed training time:2.58s
[SST-5] Starting validation...
[SST-5] Elapsed validation time:0.44s
[SST-5] [Epoch=067] Train Loss=[QuantLoss=0.02243]Val loss = [QuantLoss=0.05179][QuantReg:0.28092]
[SST-5] Starting epoch 68...
[SST-5] Elapsed training time:2.52s
[SST-5] Starting validation...
[SST-5] Elapsed validation time:0.40s
[SST-5] [Epoch=068] Train Loss=[QuantLoss=0.02213]Val loss = [QuantLoss=0.04756][QuantReg:0.27932]
[SST-5] Starting epoch 69...
[SST-5] Elapsed training time:2.48s
[SST-5] Starting validation...
[SST-5] Elapsed validation time:0.40s
[SST-5] [Epoch=069] Train Loss=[QuantLoss=0.02293]Val loss = [QuantLoss=0.04550][QuantReg:0.27850]
[SST-5] Starting epoch 70...
[SST-5] Elapsed training time:2.42s
[SST-5] Starting validation...
[SST-5] Elapsed validation time:0.41s
[SST-5] [Epoch=070] Train Loss=[QuantLoss=0.02249]Val loss = [QuantLoss=0.04848][QuantReg:0.27649]
[SST-5] Starting epoch 71...
[SST-5] Elapsed training time:2.56s
[SST-5] Starting validation...
[SST-5] Elapsed validation time:0.35s
[SST-5] [Epoch=071] Train Loss=[QuantLoss=0.02223]Val loss = [QuantLoss=0.04615][QuantReg:0.27766]
[SST-5] Starting epoch 72...
[SST-5] Elapsed training time:2.44s
[SST-5] Starting validation...
[SST-5] Elapsed validation time:0.38s
[SST-5] [Epoch=072] Train Loss=[QuantLoss=0.02243]Val loss = [QuantLoss=0.04559][QuantReg:0.27748]
[SST-5] Starting epoch 73...
[SST-5] Elapsed training time:2.44s
[SST-5] Starting validation...
[SST-5] Elapsed validation time:0.38s
[SST-5] [Epoch=073] Train Loss=[QuantLoss=0.02212]Val loss = [QuantLoss=0.04670][QuantReg:0.27704]
[SST-5] Starting epoch 74...
[SST-5] Elapsed training time:2.46s
[SST-5] Starting validation...
[SST-5] Elapsed validation time:0.40s
[SST-5] [Epoch=074] Train Loss=[QuantLoss=0.02193]Val loss = [QuantLoss=0.04628][QuantReg:0.27760]
[SST-5] Starting epoch 75...
[SST-5] Elapsed training time:2.43s
[SST-5] Starting validation...
[SST-5] Elapsed validation time:0.41s
[SST-5] [Epoch=075] Train Loss=[QuantLoss=0.02181]Val loss = [QuantLoss=0.04674][QuantReg:0.27870]
[SST-5] Starting epoch 76...
[SST-5] Elapsed training time:2.55s
[SST-5] Starting validation...
[SST-5] Elapsed validation time:0.35s
[SST-5] [Epoch=076] Train Loss=[QuantLoss=0.02175]Val loss = [QuantLoss=0.04903][QuantReg:0.27855]
[SST-5] Starting epoch 77...
[SST-5] Elapsed training time:2.40s
[SST-5] Starting validation...
[SST-5] Elapsed validation time:0.33s
[SST-5] [Epoch=077] Train Loss=[QuantLoss=0.02080]Val loss = [QuantLoss=0.04758][QuantReg:0.27946]
[SST-5] Starting epoch 78...
[SST-5] Elapsed training time:2.48s
[SST-5] Starting validation...
[SST-5] Elapsed validation time:0.34s
[SST-5] [Epoch=078] Train Loss=[QuantLoss=0.02188]Val loss = [QuantLoss=0.04536][QuantReg:0.27875]
[SST-5] Early stopping in epoch 78!
[SST-5] Restoring best model...
MAE médio: 0.1110 ± 0.0441
Tempo de execução (KL hardest): 228 segundos.
/home/nildaimon/anaconda3/envs/gpu-gmnet/lib/python3.9/site-packages/pandas/core/computation/expressions.py:21: UserWarning: Pandas requires version '2.8.4' or newer of 'numexpr' (version '2.7.3' currently installed).
  from pandas.core.computation.check import NUMEXPR_INSTALLED
/home/nildaimon/anaconda3/envs/gpu-gmnet/lib/python3.9/site-packages/pandas/core/arrays/masked.py:60: UserWarning: Pandas requires version '1.3.6' or newer of 'bottleneck' (version '1.3.2' currently installed).
  from pandas.core import (
Dataset: SST-5
Dificuldade: kl, modo: easiest, top_k: None
Dispositivo de treino: cuda
Baixando Stanford Sentiment Treebank (SST-5) do Hugging Face...
Repo card metadata block was not found. Setting CardData to empty.
Carregando embeddings e splits do cache...
/home/nildaimon/gmnet/experiments/train_curl/train_sst.py:94: FutureWarning: You are using `torch.load` with `weights_only=False` (the current default value), which uses the default pickle module implicitly. It is possible to construct malicious pickle data which will execute arbitrary code during unpickling (See https://github.com/pytorch/pytorch/blob/main/SECURITY.md#untrusted-models for more details). In a future release, the default value for `weights_only` will be flipped to `True`. This limits the functions that could be executed during unpickling. Arbitrary objects will no longer be allowed to be loaded via this mode unless they are explicitly allowlisted by the user via `torch.serialization.add_safe_globals`. We recommend you start setting `weights_only=True` for any use case where you don't have full control of the loaded file. Please open an issue on GitHub for any issues related to this experimental feature.
  cache = torch.load(SPLIT_CACHE)
Ignoring val_split as train and val datasets where given to fit function
We have two datasets: training 17044 examples. validation 1100 examples.]
Using device cuda
/home/nildaimon/anaconda3/envs/gpu-gmnet/lib/python3.9/site-packages/torch/optim/lr_scheduler.py:62: UserWarning: The verbose parameter is deprecated. Please use get_last_lr() to access the learning rate.
  warnings.warn(
/home/nildaimon/gmnet/dlquantification/main.py:835: FutureWarning: `torch.cuda.amp.GradScaler(args...)` is deprecated. Please use `torch.amp.GradScaler('cuda', args...)` instead.
  scaler = torch.cuda.amp.GradScaler(enabled=self.use_fp16)
[SST-5] Starting epoch 0...
/home/nildaimon/gmnet/dlquantification/main.py:888: FutureWarning: `torch.cuda.amp.autocast(args...)` is deprecated. Please use `torch.amp.autocast('cuda', args...)` instead.
  with torch.cuda.amp.autocast(enabled=self.use_fp16):
[SST-5] Elapsed training time:2.54s
[SST-5] Starting validation...
[SST-5] Elapsed validation time:0.31s
[SST-5] [Epoch=000] Train Loss=[QuantLoss=0.06860]Val loss = [QuantLoss=0.09922][QuantReg:0.23863][saved best model in this epoch]
[SST-5] Starting epoch 1...
[SST-5] Elapsed training time:2.45s
[SST-5] Starting validation...
[SST-5] Elapsed validation time:0.35s
[SST-5] [Epoch=001] Train Loss=[QuantLoss=0.06299]Val loss = [QuantLoss=0.09521][QuantReg:0.21337][saved best model in this epoch]
[SST-5] Starting epoch 2...
[SST-5] Elapsed training time:2.45s
[SST-5] Starting validation...
[SST-5] Elapsed validation time:0.33s
[SST-5] [Epoch=002] Train Loss=[QuantLoss=0.05677]Val loss = [QuantLoss=0.08954][QuantReg:0.21601][saved best model in this epoch]
[SST-5] Starting epoch 3...
[SST-5] Elapsed training time:2.40s
[SST-5] Starting validation...
[SST-5] Elapsed validation time:0.31s
[SST-5] [Epoch=003] Train Loss=[QuantLoss=0.05632]Val loss = [QuantLoss=0.08591][QuantReg:0.22778][saved best model in this epoch]
[SST-5] Starting epoch 4...
[SST-5] Elapsed training time:2.47s
[SST-5] Starting validation...
[SST-5] Elapsed validation time:0.27s
[SST-5] [Epoch=004] Train Loss=[QuantLoss=0.05048]Val loss = [QuantLoss=0.08960][QuantReg:0.21962]
[SST-5] Starting epoch 5...
[SST-5] Elapsed training time:2.58s
[SST-5] Starting validation...
[SST-5] Elapsed validation time:0.26s
[SST-5] [Epoch=005] Train Loss=[QuantLoss=0.05019]Val loss = [QuantLoss=0.08792][QuantReg:0.21110]
[SST-5] Starting epoch 6...
[SST-5] Elapsed training time:2.40s
[SST-5] Starting validation...
[SST-5] Elapsed validation time:0.26s
[SST-5] [Epoch=006] Train Loss=[QuantLoss=0.04810]Val loss = [QuantLoss=0.07873][QuantReg:0.21807][saved best model in this epoch]
[SST-5] Starting epoch 7...
[SST-5] Elapsed training time:2.42s
[SST-5] Starting validation...
[SST-5] Elapsed validation time:0.34s
[SST-5] [Epoch=007] Train Loss=[QuantLoss=0.05096]Val loss = [QuantLoss=0.07327][QuantReg:0.21328][saved best model in this epoch]
[SST-5] Starting epoch 8...
[SST-5] Elapsed training time:2.60s
[SST-5] Starting validation...
[SST-5] Elapsed validation time:0.30s
[SST-5] [Epoch=008] Train Loss=[QuantLoss=0.04861]Val loss = [QuantLoss=0.07514][QuantReg:0.20499]
[SST-5] Starting epoch 9...
[SST-5] Elapsed training time:2.42s
[SST-5] Starting validation...
[SST-5] Elapsed validation time:0.26s
[SST-5] [Epoch=009] Train Loss=[QuantLoss=0.04685]Val loss = [QuantLoss=0.08325][QuantReg:0.21434]
[SST-5] Starting epoch 10...
[SST-5] Elapsed training time:2.57s
[SST-5] Starting validation...
[SST-5] Elapsed validation time:0.30s
[SST-5] [Epoch=010] Train Loss=[QuantLoss=0.04690]Val loss = [QuantLoss=0.06516][QuantReg:0.21232][saved best model in this epoch]
[SST-5] Starting epoch 11...
[SST-5] Elapsed training time:2.55s
[SST-5] Starting validation...
[SST-5] Elapsed validation time:0.32s
[SST-5] [Epoch=011] Train Loss=[QuantLoss=0.04196]Val loss = [QuantLoss=0.06472][QuantReg:0.20706][saved best model in this epoch]
[SST-5] Starting epoch 12...
[SST-5] Elapsed training time:2.47s
[SST-5] Starting validation...
[SST-5] Elapsed validation time:0.32s
[SST-5] [Epoch=012] Train Loss=[QuantLoss=0.04230]Val loss = [QuantLoss=0.06299][QuantReg:0.20524][saved best model in this epoch]
[SST-5] Starting epoch 13...
[SST-5] Elapsed training time:2.45s
[SST-5] Starting validation...
[SST-5] Elapsed validation time:0.28s
[SST-5] [Epoch=013] Train Loss=[QuantLoss=0.04331]Val loss = [QuantLoss=0.06561][QuantReg:0.20961]
[SST-5] Starting epoch 14...
[SST-5] Elapsed training time:2.54s
[SST-5] Starting validation...
[SST-5] Elapsed validation time:0.27s
[SST-5] [Epoch=014] Train Loss=[QuantLoss=0.04180]Val loss = [QuantLoss=0.06513][QuantReg:0.20869]
[SST-5] Starting epoch 15...
[SST-5] Elapsed training time:2.45s
[SST-5] Starting validation...
[SST-5] Elapsed validation time:0.28s
[SST-5] [Epoch=015] Train Loss=[QuantLoss=0.04011]Val loss = [QuantLoss=0.07219][QuantReg:0.20462]
[SST-5] Starting epoch 16...
[SST-5] Elapsed training time:2.37s
[SST-5] Starting validation...
[SST-5] Elapsed validation time:0.37s
[SST-5] [Epoch=016] Train Loss=[QuantLoss=0.04011]Val loss = [QuantLoss=0.06621][QuantReg:0.20982]
[SST-5] Starting epoch 17...
[SST-5] Elapsed training time:2.40s
[SST-5] Starting validation...
[SST-5] Elapsed validation time:0.27s
[SST-5] [Epoch=017] Train Loss=[QuantLoss=0.04114]Val loss = [QuantLoss=0.06264][QuantReg:0.20573][saved best model in this epoch]
[SST-5] Starting epoch 18...
[SST-5] Elapsed training time:2.58s
[SST-5] Starting validation...
[SST-5] Elapsed validation time:0.32s
[SST-5] [Epoch=018] Train Loss=[QuantLoss=0.04205]Val loss = [QuantLoss=0.07287][QuantReg:0.20812]
[SST-5] Starting epoch 19...
[SST-5] Elapsed training time:2.42s
[SST-5] Starting validation...
[SST-5] Elapsed validation time:0.31s
[SST-5] [Epoch=019] Train Loss=[QuantLoss=0.04016]Val loss = [QuantLoss=0.06447][QuantReg:0.20223]
[SST-5] Starting epoch 20...
[SST-5] Elapsed training time:2.44s
[SST-5] Starting validation...
[SST-5] Elapsed validation time:0.27s
[SST-5] [Epoch=020] Train Loss=[QuantLoss=0.03889]Val loss = [QuantLoss=0.06343][QuantReg:0.20268]
[SST-5] Starting epoch 21...
[SST-5] Elapsed training time:2.58s
[SST-5] Starting validation...
[SST-5] Elapsed validation time:0.31s
[SST-5] [Epoch=021] Train Loss=[QuantLoss=0.03897]Val loss = [QuantLoss=0.06823][QuantReg:0.20425]
[SST-5] Starting epoch 22...
[SST-5] Elapsed training time:2.47s
[SST-5] Starting validation...
[SST-5] Elapsed validation time:0.31s
[SST-5] [Epoch=022] Train Loss=[QuantLoss=0.04071]Val loss = [QuantLoss=0.05973][QuantReg:0.20742][saved best model in this epoch]
[SST-5] Starting epoch 23...
[SST-5] Elapsed training time:2.48s
[SST-5] Starting validation...
[SST-5] Elapsed validation time:0.29s
[SST-5] [Epoch=023] Train Loss=[QuantLoss=0.03645]Val loss = [QuantLoss=0.06374][QuantReg:0.20819]
[SST-5] Starting epoch 24...
[SST-5] Elapsed training time:2.45s
[SST-5] Starting validation...
[SST-5] Elapsed validation time:0.35s
[SST-5] [Epoch=024] Train Loss=[QuantLoss=0.03911]Val loss = [QuantLoss=0.05940][QuantReg:0.20761][saved best model in this epoch]
[SST-5] Starting epoch 25...
[SST-5] Elapsed training time:2.49s
[SST-5] Starting validation...
[SST-5] Elapsed validation time:0.31s
[SST-5] [Epoch=025] Train Loss=[QuantLoss=0.03933]Val loss = [QuantLoss=0.06700][QuantReg:0.20235]
[SST-5] Starting epoch 26...
[SST-5] Elapsed training time:2.41s
[SST-5] Starting validation...
[SST-5] Elapsed validation time:0.35s
[SST-5] [Epoch=026] Train Loss=[QuantLoss=0.03918]Val loss = [QuantLoss=0.06563][QuantReg:0.20661]
[SST-5] Starting epoch 27...
[SST-5] Elapsed training time:2.43s
[SST-5] Starting validation...
[SST-5] Elapsed validation time:0.26s
[SST-5] [Epoch=027] Train Loss=[QuantLoss=0.04013]Val loss = [QuantLoss=0.06454][QuantReg:0.20341]
[SST-5] Starting epoch 28...
[SST-5] Elapsed training time:2.44s
[SST-5] Starting validation...
[SST-5] Elapsed validation time:0.28s
[SST-5] [Epoch=028] Train Loss=[QuantLoss=0.03860]Val loss = [QuantLoss=0.06912][QuantReg:0.20874]
[SST-5] Starting epoch 29...
[SST-5] Elapsed training time:2.57s
[SST-5] Starting validation...
[SST-5] Elapsed validation time:0.32s
[SST-5] [Epoch=029] Train Loss=[QuantLoss=0.03708]Val loss = [QuantLoss=0.05723][QuantReg:0.21368][saved best model in this epoch]
[SST-5] Starting epoch 30...
[SST-5] Elapsed training time:2.44s
[SST-5] Starting validation...
[SST-5] Elapsed validation time:0.26s
[SST-5] [Epoch=030] Train Loss=[QuantLoss=0.03768]Val loss = [QuantLoss=0.05541][QuantReg:0.21120][saved best model in this epoch]
[SST-5] Starting epoch 31...
[SST-5] Elapsed training time:2.60s
[SST-5] Starting validation...
[SST-5] Elapsed validation time:0.30s
[SST-5] [Epoch=031] Train Loss=[QuantLoss=0.03695]Val loss = [QuantLoss=0.05258][QuantReg:0.20402][saved best model in this epoch]
[SST-5] Starting epoch 32...
[SST-5] Elapsed training time:2.60s
[SST-5] Starting validation...
[SST-5] Elapsed validation time:0.32s
[SST-5] [Epoch=032] Train Loss=[QuantLoss=0.03621]Val loss = [QuantLoss=0.05338][QuantReg:0.20336]
[SST-5] Starting epoch 33...
[SST-5] Elapsed training time:2.40s
[SST-5] Starting validation...
[SST-5] Elapsed validation time:0.29s
[SST-5] [Epoch=033] Train Loss=[QuantLoss=0.03539]Val loss = [QuantLoss=0.06850][QuantReg:0.20119]
[SST-5] Starting epoch 34...
[SST-5] Elapsed training time:2.43s
[SST-5] Starting validation...
[SST-5] Elapsed validation time:0.30s
[SST-5] [Epoch=034] Train Loss=[QuantLoss=0.03604]Val loss = [QuantLoss=0.05086][QuantReg:0.20348][saved best model in this epoch]
[SST-5] Starting epoch 35...
[SST-5] Elapsed training time:2.42s
[SST-5] Starting validation...
[SST-5] Elapsed validation time:0.30s
[SST-5] [Epoch=035] Train Loss=[QuantLoss=0.03581]Val loss = [QuantLoss=0.05600][QuantReg:0.19917]
[SST-5] Starting epoch 36...
[SST-5] Elapsed training time:2.49s
[SST-5] Starting validation...
[SST-5] Elapsed validation time:0.29s
[SST-5] [Epoch=036] Train Loss=[QuantLoss=0.03470]Val loss = [QuantLoss=0.05607][QuantReg:0.20083]
[SST-5] Starting epoch 37...
[SST-5] Elapsed training time:2.44s
[SST-5] Starting validation...
[SST-5] Elapsed validation time:0.37s
[SST-5] [Epoch=037] Train Loss=[QuantLoss=0.03835]Val loss = [QuantLoss=0.05875][QuantReg:0.20072]
[SST-5] Starting epoch 38...
[SST-5] Elapsed training time:2.47s
[SST-5] Starting validation...
[SST-5] Elapsed validation time:0.28s
[SST-5] [Epoch=038] Train Loss=[QuantLoss=0.03505]Val loss = [QuantLoss=0.05967][QuantReg:0.20087]
[SST-5] Starting epoch 39...
[SST-5] Elapsed training time:2.53s
[SST-5] Starting validation...
[SST-5] Elapsed validation time:0.32s
[SST-5] [Epoch=039] Train Loss=[QuantLoss=0.03272]Val loss = [QuantLoss=0.04990][QuantReg:0.20012][saved best model in this epoch]
[SST-5] Starting epoch 40...
[SST-5] Elapsed training time:2.48s
[SST-5] Starting validation...
[SST-5] Elapsed validation time:0.29s
[SST-5] [Epoch=040] Train Loss=[QuantLoss=0.03258]Val loss = [QuantLoss=0.04879][QuantReg:0.20078][saved best model in this epoch]
[SST-5] Starting epoch 41...
[SST-5] Elapsed training time:2.45s
[SST-5] Starting validation...
[SST-5] Elapsed validation time:0.30s
[SST-5] [Epoch=041] Train Loss=[QuantLoss=0.03339]Val loss = [QuantLoss=0.05749][QuantReg:0.20365]
[SST-5] Starting epoch 42...
[SST-5] Elapsed training time:2.47s
[SST-5] Starting validation...
[SST-5] Elapsed validation time:0.34s
[SST-5] [Epoch=042] Train Loss=[QuantLoss=0.03544]Val loss = [QuantLoss=0.05017][QuantReg:0.20028]
[SST-5] Starting epoch 43...
[SST-5] Elapsed training time:2.57s
[SST-5] Starting validation...
[SST-5] Elapsed validation time:0.31s
[SST-5] [Epoch=043] Train Loss=[QuantLoss=0.03424]Val loss = [QuantLoss=0.05114][QuantReg:0.20306]
[SST-5] Starting epoch 44...
[SST-5] Elapsed training time:2.45s
[SST-5] Starting validation...
[SST-5] Elapsed validation time:0.36s
[SST-5] [Epoch=044] Train Loss=[QuantLoss=0.03372]Val loss = [QuantLoss=0.04633][QuantReg:0.20452][saved best model in this epoch]
[SST-5] Starting epoch 45...
[SST-5] Elapsed training time:2.48s
[SST-5] Starting validation...
[SST-5] Elapsed validation time:0.41s
[SST-5] [Epoch=045] Train Loss=[QuantLoss=0.03055]Val loss = [QuantLoss=0.04483][QuantReg:0.20619][saved best model in this epoch]
[SST-5] Starting epoch 46...
[SST-5] Elapsed training time:2.44s
[SST-5] Starting validation...
[SST-5] Elapsed validation time:0.27s
[SST-5] [Epoch=046] Train Loss=[QuantLoss=0.03139]Val loss = [QuantLoss=0.05078][QuantReg:0.20544]
[SST-5] Starting epoch 47...
[SST-5] Elapsed training time:2.44s
[SST-5] Starting validation...
[SST-5] Elapsed validation time:0.41s
[SST-5] [Epoch=047] Train Loss=[QuantLoss=0.03276]Val loss = [QuantLoss=0.04910][QuantReg:0.20556]
[SST-5] Starting epoch 48...
[SST-5] Elapsed training time:2.54s
[SST-5] Starting validation...
[SST-5] Elapsed validation time:0.31s
[SST-5] [Epoch=048] Train Loss=[QuantLoss=0.03290]Val loss = [QuantLoss=0.05667][QuantReg:0.20614]
[SST-5] Starting epoch 49...
[SST-5] Elapsed training time:2.58s
[SST-5] Starting validation...
[SST-5] Elapsed validation time:0.40s
[SST-5] [Epoch=049] Train Loss=[QuantLoss=0.03441]Val loss = [QuantLoss=0.05031][QuantReg:0.20267]
[SST-5] Starting epoch 50...
[SST-5] Elapsed training time:2.48s
[SST-5] Starting validation...
[SST-5] Elapsed validation time:0.41s
[SST-5] [Epoch=050] Train Loss=[QuantLoss=0.03285]Val loss = [QuantLoss=0.04582][QuantReg:0.20780]
[SST-5] Starting epoch 51...
[SST-5] Elapsed training time:2.43s
[SST-5] Starting validation...
[SST-5] Elapsed validation time:0.40s
[SST-5] [Epoch=051] Train Loss=[QuantLoss=0.03278]Val loss = [QuantLoss=0.05050][QuantReg:0.20519]
[SST-5] Starting epoch 52...
[SST-5] Elapsed training time:2.47s
[SST-5] Starting validation...
[SST-5] Elapsed validation time:0.40s
[SST-5] [Epoch=052] Train Loss=[QuantLoss=0.03363]Val loss = [QuantLoss=0.04863][QuantReg:0.20818]
[SST-5] Starting epoch 53...
[SST-5] Elapsed training time:2.40s
[SST-5] Starting validation...
[SST-5] Elapsed validation time:0.32s
[SST-5] [Epoch=053] Train Loss=[QuantLoss=0.03344]Val loss = [QuantLoss=0.04611][QuantReg:0.20482]
[SST-5] Starting epoch 54...
[SST-5] Elapsed training time:2.44s
[SST-5] Starting validation...
[SST-5] Elapsed validation time:0.32s
[SST-5] [Epoch=054] Train Loss=[QuantLoss=0.03078]Val loss = [QuantLoss=0.04577][QuantReg:0.21145]
[SST-5] Starting epoch 55...
[SST-5] Elapsed training time:2.55s
[SST-5] Starting validation...
[SST-5] Elapsed validation time:0.39s
[SST-5] [Epoch=055] Train Loss=[QuantLoss=0.03485]Val loss = [QuantLoss=0.04676][QuantReg:0.21080]
[SST-5] Starting epoch 56...
[SST-5] Elapsed training time:2.50s
[SST-5] Starting validation...
[SST-5] Elapsed validation time:0.41s
[SST-5] [Epoch=056] Train Loss=[QuantLoss=0.03408]Val loss = [QuantLoss=0.04874][QuantReg:0.20361]
[SST-5] Starting epoch 57...
[SST-5] Elapsed training time:2.42s
[SST-5] Starting validation...
[SST-5] Elapsed validation time:0.36s
[SST-5] [Epoch=057] Train Loss=[QuantLoss=0.03238]Val loss = [QuantLoss=0.04554][QuantReg:0.20687]
[SST-5] Starting epoch 58...
[SST-5] Elapsed training time:2.48s
[SST-5] Starting validation...
[SST-5] Elapsed validation time:0.41s
[SST-5] [Epoch=058] Train Loss=[QuantLoss=0.03091]Val loss = [QuantLoss=0.05650][QuantReg:0.20353]
[SST-5] Starting epoch 59...
[SST-5] Elapsed training time:2.55s
[SST-5] Starting validation...
[SST-5] Elapsed validation time:0.35s
[SST-5] [Epoch=059] Train Loss=[QuantLoss=0.03256]Val loss = [QuantLoss=0.05069][QuantReg:0.20446]
[SST-5] Starting epoch 60...
[SST-5] Elapsed training time:2.45s
[SST-5] Starting validation...
[SST-5] Elapsed validation time:0.41s
[SST-5] [Epoch=060] Train Loss=[QuantLoss=0.03449]Val loss = [QuantLoss=0.04734][QuantReg:0.20146]
[SST-5] Starting epoch 61...
[SST-5] Elapsed training time:2.47s
[SST-5] Starting validation...
[SST-5] Elapsed validation time:0.40s
[SST-5] [Epoch=061] Train Loss=[QuantLoss=0.03313]Val loss = [QuantLoss=0.04430][QuantReg:0.20524][saved best model in this epoch]
[SST-5] Starting epoch 62...
[SST-5] Elapsed training time:2.40s
[SST-5] Starting validation...
[SST-5] Elapsed validation time:0.40s
[SST-5] [Epoch=062] Train Loss=[QuantLoss=0.03098]Val loss = [QuantLoss=0.04891][QuantReg:0.20378]
[SST-5] Starting epoch 63...
[SST-5] Elapsed training time:2.45s
[SST-5] Starting validation...
[SST-5] Elapsed validation time:0.37s
[SST-5] [Epoch=063] Train Loss=[QuantLoss=0.03449]Val loss = [QuantLoss=0.05903][QuantReg:0.19866]
[SST-5] Starting epoch 64...
[SST-5] Elapsed training time:2.42s
[SST-5] Starting validation...
[SST-5] Elapsed validation time:0.41s
[SST-5] [Epoch=064] Train Loss=[QuantLoss=0.03185]Val loss = [QuantLoss=0.05702][QuantReg:0.19943]
[SST-5] Starting epoch 65...
[SST-5] Elapsed training time:2.47s
[SST-5] Starting validation...
[SST-5] Elapsed validation time:0.41s
[SST-5] [Epoch=065] Train Loss=[QuantLoss=0.03237]Val loss = [QuantLoss=0.05016][QuantReg:0.20656]
[SST-5] Starting epoch 66...
[SST-5] Elapsed training time:2.42s
[SST-5] Starting validation...
[SST-5] Elapsed validation time:0.43s
[SST-5] [Epoch=066] Train Loss=[QuantLoss=0.03175]Val loss = [QuantLoss=0.04742][QuantReg:0.20322]
[SST-5] Starting epoch 67...
[SST-5] Elapsed training time:2.55s
[SST-5] Starting validation...
[SST-5] Elapsed validation time:0.36s
[SST-5] [Epoch=067] Train Loss=[QuantLoss=0.03089]Val loss = [QuantLoss=0.04693][QuantReg:0.20424]
[SST-5] Starting epoch 68...
[SST-5] Elapsed training time:2.45s
[SST-5] Starting validation...
[SST-5] Elapsed validation time:0.40s
[SST-5] [Epoch=068] Train Loss=[QuantLoss=0.02954]Val loss = [QuantLoss=0.04721][QuantReg:0.20261]
[SST-5] Starting epoch 69...
[SST-5] Elapsed training time:2.63s
[SST-5] Starting validation...
[SST-5] Elapsed validation time:0.38s
[SST-5] [Epoch=069] Train Loss=[QuantLoss=0.03242]Val loss = [QuantLoss=0.04777][QuantReg:0.20010]
[SST-5] Starting epoch 70...
[SST-5] Elapsed training time:2.43s
[SST-5] Starting validation...
[SST-5] Elapsed validation time:0.43s
[SST-5] [Epoch=070] Train Loss=[QuantLoss=0.03107]Val loss = [QuantLoss=0.04621][QuantReg:0.20099]
[SST-5] Starting epoch 71...
[SST-5] Elapsed training time:2.56s
[SST-5] Starting validation...
[SST-5] Elapsed validation time:0.40s
[SST-5] [Epoch=071] Train Loss=[QuantLoss=0.03205]Val loss = [QuantLoss=0.06016][QuantReg:0.19959]
[SST-5] Starting epoch 72...
[SST-5] Elapsed training time:2.57s
[SST-5] Starting validation...
[SST-5] Elapsed validation time:0.36s
[SST-5] [Epoch=072] Train Loss=[QuantLoss=0.03165]Val loss = [QuantLoss=0.06157][QuantReg:0.20019]
[SST-5] Starting epoch 73...
[SST-5] Elapsed training time:2.43s
[SST-5] Starting validation...
[SST-5] Elapsed validation time:0.42s
[SST-5] [Epoch=073] Train Loss=[QuantLoss=0.03442]Val loss = [QuantLoss=0.06041][QuantReg:0.19906]
[SST-5] Starting epoch 74...
[SST-5] Elapsed training time:2.46s
[SST-5] Starting validation...
[SST-5] Elapsed validation time:0.41s
[SST-5] [Epoch=074] Train Loss=[QuantLoss=0.03311]Val loss = [QuantLoss=0.04674][QuantReg:0.19622]
[SST-5] Starting epoch 75...
[SST-5] Elapsed training time:2.49s
[SST-5] Starting validation...
[SST-5] Elapsed validation time:0.39s
[SST-5] [Epoch=075] Train Loss=[QuantLoss=0.03053]Val loss = [QuantLoss=0.05289][QuantReg:0.20060]
[SST-5] Starting epoch 76...
[SST-5] Elapsed training time:2.45s
[SST-5] Starting validation...
[SST-5] Elapsed validation time:0.39s
[SST-5] [Epoch=076] Train Loss=[QuantLoss=0.03149]Val loss = [QuantLoss=0.04030][QuantReg:0.20207][saved best model in this epoch]
[SST-5] Starting epoch 77...
[SST-5] Elapsed training time:2.57s
[SST-5] Starting validation...
[SST-5] Elapsed validation time:0.38s
[SST-5] [Epoch=077] Train Loss=[QuantLoss=0.02892]Val loss = [QuantLoss=0.04544][QuantReg:0.20374]
[SST-5] Starting epoch 78...
[SST-5] Elapsed training time:2.38s
[SST-5] Starting validation...
[SST-5] Elapsed validation time:0.39s
[SST-5] [Epoch=078] Train Loss=[QuantLoss=0.03063]Val loss = [QuantLoss=0.04478][QuantReg:0.20025]
[SST-5] Starting epoch 79...
[SST-5] Elapsed training time:2.52s
[SST-5] Starting validation...
[SST-5] Elapsed validation time:0.33s
[SST-5] [Epoch=079] Train Loss=[QuantLoss=0.03184]Val loss = [QuantLoss=0.04707][QuantReg:0.19767]
[SST-5] Starting epoch 80...
[SST-5] Elapsed training time:2.57s
[SST-5] Starting validation...
[SST-5] Elapsed validation time:0.35s
[SST-5] [Epoch=080] Train Loss=[QuantLoss=0.02968]Val loss = [QuantLoss=0.05609][QuantReg:0.20114]
[SST-5] Starting epoch 81...
[SST-5] Elapsed training time:2.55s
[SST-5] Starting validation...
[SST-5] Elapsed validation time:0.33s
[SST-5] [Epoch=081] Train Loss=[QuantLoss=0.02963]Val loss = [QuantLoss=0.04471][QuantReg:0.20189]
[SST-5] Starting epoch 82...
[SST-5] Elapsed training time:2.60s
[SST-5] Starting validation...
[SST-5] Elapsed validation time:0.40s
[SST-5] [Epoch=082] Train Loss=[QuantLoss=0.03231]Val loss = [QuantLoss=0.04610][QuantReg:0.20158]
[SST-5] Starting epoch 83...
[SST-5] Elapsed training time:2.60s
[SST-5] Starting validation...
[SST-5] Elapsed validation time:0.34s
[SST-5] [Epoch=083] Train Loss=[QuantLoss=0.03125]Val loss = [QuantLoss=0.04741][QuantReg:0.20117]
[SST-5] Starting epoch 84...
[SST-5] Elapsed training time:2.59s
[SST-5] Starting validation...
[SST-5] Elapsed validation time:0.40s
[SST-5] [Epoch=084] Train Loss=[QuantLoss=0.03117]Val loss = [QuantLoss=0.04352][QuantReg:0.20476]
[SST-5] Starting epoch 85...
[SST-5] Elapsed training time:2.49s
[SST-5] Starting validation...
[SST-5] Elapsed validation time:0.38s
[SST-5] [Epoch=085] Train Loss=[QuantLoss=0.03105]Val loss = [QuantLoss=0.04162][QuantReg:0.20546]
[SST-5] Starting epoch 86...
[SST-5] Elapsed training time:2.46s
[SST-5] Starting validation...
[SST-5] Elapsed validation time:0.41s
[SST-5] [Epoch=086] Train Loss=[QuantLoss=0.03366]Val loss = [QuantLoss=0.05357][QuantReg:0.20205]
[SST-5] Starting epoch 87...
[SST-5] Elapsed training time:2.53s
[SST-5] Starting validation...
[SST-5] Elapsed validation time:0.34s
[SST-5] [Epoch=087] Train Loss=[QuantLoss=0.03236]Val loss = [QuantLoss=0.05196][QuantReg:0.20420]
[SST-5] Starting epoch 88...
[SST-5] Elapsed training time:2.59s
[SST-5] Starting validation...
[SST-5] Elapsed validation time:0.43s
[SST-5] [Epoch=088] Train Loss=[QuantLoss=0.03185]Val loss = [QuantLoss=0.04595][QuantReg:0.20745]
[SST-5] Starting epoch 89...
[SST-5] Elapsed training time:2.57s
[SST-5] Starting validation...
[SST-5] Elapsed validation time:0.41s
[SST-5] [Epoch=089] Train Loss=[QuantLoss=0.02895]Val loss = [QuantLoss=0.04595][QuantReg:0.19994]
[SST-5] Starting epoch 90...
[SST-5] Elapsed training time:2.53s
[SST-5] Starting validation...
[SST-5] Elapsed validation time:0.39s
[SST-5] [Epoch=090] Train Loss=[QuantLoss=0.03176]Val loss = [QuantLoss=0.04682][QuantReg:0.20811]
[SST-5] Starting epoch 91...
[SST-5] Elapsed training time:2.45s
[SST-5] Starting validation...
[SST-5] Elapsed validation time:0.38s
[SST-5] [Epoch=091] Train Loss=[QuantLoss=0.02999]Val loss = [QuantLoss=0.04708][QuantReg:0.20286]
[SST-5] Starting epoch 92...
[SST-5] Elapsed training time:2.64s
[SST-5] Starting validation...
[SST-5] Elapsed validation time:0.39s
[SST-5] [Epoch=092] Train Loss=[QuantLoss=0.02886]Val loss = [QuantLoss=0.04676][QuantReg:0.20530]
[SST-5] Starting epoch 93...
[SST-5] Elapsed training time:2.40s
[SST-5] Starting validation...
[SST-5] Elapsed validation time:0.39s
[SST-5] [Epoch=093] Train Loss=[QuantLoss=0.02849]Val loss = [QuantLoss=0.04319][QuantReg:0.20417]
[SST-5] Starting epoch 94...
[SST-5] Elapsed training time:2.51s
[SST-5] Starting validation...
[SST-5] Elapsed validation time:0.42s
[SST-5] [Epoch=094] Train Loss=[QuantLoss=0.02950]Val loss = [QuantLoss=0.04901][QuantReg:0.20834]
[SST-5] Starting epoch 95...
[SST-5] Elapsed training time:2.43s
[SST-5] Starting validation...
[SST-5] Elapsed validation time:0.37s
[SST-5] [Epoch=095] Train Loss=[QuantLoss=0.02955]Val loss = [QuantLoss=0.04461][QuantReg:0.21266]
[SST-5] Starting epoch 96...
[SST-5] Elapsed training time:2.44s
[SST-5] Starting validation...
[SST-5] Elapsed validation time:0.39s
[SST-5] [Epoch=096] Train Loss=[QuantLoss=0.03080]Val loss = [QuantLoss=0.04800][QuantReg:0.20732]
[SST-5] Starting epoch 97...
[SST-5] Elapsed training time:2.64s
[SST-5] Starting validation...
[SST-5] Elapsed validation time:0.38s
[SST-5] [Epoch=097] Train Loss=[QuantLoss=0.02888]Val loss = [QuantLoss=0.04892][QuantReg:0.20947]
[SST-5] Starting epoch 98...
[SST-5] Elapsed training time:2.45s
[SST-5] Starting validation...
[SST-5] Elapsed validation time:0.40s
[SST-5] [Epoch=098] Train Loss=[QuantLoss=0.02829]Val loss = [QuantLoss=0.05179][QuantReg:0.21237]
[SST-5] Starting epoch 99...
[SST-5] Elapsed training time:2.59s
[SST-5] Starting validation...
[SST-5] Elapsed validation time:0.42s
[SST-5] [Epoch=099] Train Loss=[QuantLoss=0.02567]Val loss = [QuantLoss=0.04717][QuantReg:0.21211]
[SST-5] Starting epoch 100...
[SST-5] Elapsed training time:2.53s
[SST-5] Starting validation...
[SST-5] Elapsed validation time:0.34s
[SST-5] [Epoch=100] Train Loss=[QuantLoss=0.02539]Val loss = [QuantLoss=0.04606][QuantReg:0.21166]
[SST-5] Starting epoch 101...
[SST-5] Elapsed training time:2.42s
[SST-5] Starting validation...
[SST-5] Elapsed validation time:0.38s
[SST-5] [Epoch=101] Train Loss=[QuantLoss=0.02540]Val loss = [QuantLoss=0.04918][QuantReg:0.21391]
[SST-5] Starting epoch 102...
[SST-5] Elapsed training time:2.52s
[SST-5] Starting validation...
[SST-5] Elapsed validation time:0.40s
[SST-5] [Epoch=102] Train Loss=[QuantLoss=0.02495]Val loss = [QuantLoss=0.04665][QuantReg:0.21253]
[SST-5] Starting epoch 103...
[SST-5] Elapsed training time:2.48s
[SST-5] Starting validation...
[SST-5] Elapsed validation time:0.40s
[SST-5] [Epoch=103] Train Loss=[QuantLoss=0.02503]Val loss = [QuantLoss=0.04925][QuantReg:0.21276]
[SST-5] Starting epoch 104...
[SST-5] Elapsed training time:2.45s
[SST-5] Starting validation...
[SST-5] Elapsed validation time:0.36s
[SST-5] [Epoch=104] Train Loss=[QuantLoss=0.02421]Val loss = [QuantLoss=0.04362][QuantReg:0.21062]
[SST-5] Starting epoch 105...
[SST-5] Elapsed training time:2.55s
[SST-5] Starting validation...
[SST-5] Elapsed validation time:0.43s
[SST-5] [Epoch=105] Train Loss=[QuantLoss=0.02383]Val loss = [QuantLoss=0.04784][QuantReg:0.21059]
[SST-5] Starting epoch 106...
[SST-5] Elapsed training time:2.47s
[SST-5] Starting validation...
[SST-5] Elapsed validation time:0.41s
[SST-5] [Epoch=106] Train Loss=[QuantLoss=0.02616]Val loss = [QuantLoss=0.04180][QuantReg:0.21187]
[SST-5] Starting epoch 107...
[SST-5] Elapsed training time:2.40s
[SST-5] Starting validation...
[SST-5] Elapsed validation time:0.42s
[SST-5] [Epoch=107] Train Loss=[QuantLoss=0.02390]Val loss = [QuantLoss=0.04530][QuantReg:0.21091]
[SST-5] Starting epoch 108...
[SST-5] Elapsed training time:2.42s
[SST-5] Starting validation...
[SST-5] Elapsed validation time:0.42s
[SST-5] [Epoch=108] Train Loss=[QuantLoss=0.02525]Val loss = [QuantLoss=0.04714][QuantReg:0.21246]
[SST-5] Starting epoch 109...
[SST-5] Elapsed training time:2.50s
[SST-5] Starting validation...
[SST-5] Elapsed validation time:0.40s
[SST-5] [Epoch=109] Train Loss=[QuantLoss=0.02560]Val loss = [QuantLoss=0.04757][QuantReg:0.21084]
[SST-5] Starting epoch 110...
[SST-5] Elapsed training time:2.58s
[SST-5] Starting validation...
[SST-5] Elapsed validation time:0.32s
[SST-5] [Epoch=110] Train Loss=[QuantLoss=0.02394]Val loss = [QuantLoss=0.03914][QuantReg:0.21069][saved best model in this epoch]
[SST-5] Starting epoch 111...
[SST-5] Elapsed training time:2.51s
[SST-5] Starting validation...
[SST-5] Elapsed validation time:0.32s
[SST-5] [Epoch=111] Train Loss=[QuantLoss=0.02214]Val loss = [QuantLoss=0.04148][QuantReg:0.21118]
[SST-5] Starting epoch 112...
[SST-5] Elapsed training time:2.60s
[SST-5] Starting validation...
[SST-5] Elapsed validation time:0.31s
[SST-5] [Epoch=112] Train Loss=[QuantLoss=0.02273]Val loss = [QuantLoss=0.04213][QuantReg:0.21027]
[SST-5] Starting epoch 113...
[SST-5] Elapsed training time:2.31s
[SST-5] Starting validation...
[SST-5] Elapsed validation time:0.31s
[SST-5] [Epoch=113] Train Loss=[QuantLoss=0.02326]Val loss = [QuantLoss=0.04849][QuantReg:0.21161]
[SST-5] Starting epoch 114...
[SST-5] Elapsed training time:2.45s
[SST-5] Starting validation...
[SST-5] Elapsed validation time:0.30s
[SST-5] [Epoch=114] Train Loss=[QuantLoss=0.02353]Val loss = [QuantLoss=0.04234][QuantReg:0.21111]
[SST-5] Starting epoch 115...
[SST-5] Elapsed training time:2.43s
[SST-5] Starting validation...
[SST-5] Elapsed validation time:0.29s
[SST-5] [Epoch=115] Train Loss=[QuantLoss=0.02363]Val loss = [QuantLoss=0.04730][QuantReg:0.21144]
[SST-5] Starting epoch 116...
[SST-5] Elapsed training time:2.45s
[SST-5] Starting validation...
[SST-5] Elapsed validation time:0.30s
[SST-5] [Epoch=116] Train Loss=[QuantLoss=0.02292]Val loss = [QuantLoss=0.04737][QuantReg:0.21239]
[SST-5] Starting epoch 117...
[SST-5] Elapsed training time:2.52s
[SST-5] Starting validation...
[SST-5] Elapsed validation time:0.28s
[SST-5] [Epoch=117] Train Loss=[QuantLoss=0.02361]Val loss = [QuantLoss=0.04682][QuantReg:0.21105]
[SST-5] Starting epoch 118...
[SST-5] Elapsed training time:2.43s
[SST-5] Starting validation...
[SST-5] Elapsed validation time:0.29s
[SST-5] [Epoch=118] Train Loss=[QuantLoss=0.02329]Val loss = [QuantLoss=0.04363][QuantReg:0.20976]
[SST-5] Starting epoch 119...
[SST-5] Elapsed training time:2.47s
[SST-5] Starting validation...
[SST-5] Elapsed validation time:0.35s
[SST-5] [Epoch=119] Train Loss=[QuantLoss=0.02170]Val loss = [QuantLoss=0.04517][QuantReg:0.21046]
[SST-5] Starting epoch 120...
[SST-5] Elapsed training time:2.61s
[SST-5] Starting validation...
[SST-5] Elapsed validation time:0.27s
[SST-5] [Epoch=120] Train Loss=[QuantLoss=0.02189]Val loss = [QuantLoss=0.04684][QuantReg:0.20993]
[SST-5] Starting epoch 121...
[SST-5] Elapsed training time:2.43s
[SST-5] Starting validation...
[SST-5] Elapsed validation time:0.32s
[SST-5] [Epoch=121] Train Loss=[QuantLoss=0.02295]Val loss = [QuantLoss=0.04212][QuantReg:0.20970]
[SST-5] Starting epoch 122...
[SST-5] Elapsed training time:2.48s
[SST-5] Starting validation...
[SST-5] Elapsed validation time:0.30s
[SST-5] [Epoch=122] Train Loss=[QuantLoss=0.02179]Val loss = [QuantLoss=0.04550][QuantReg:0.20972]
[SST-5] Starting epoch 123...
[SST-5] Elapsed training time:2.47s
[SST-5] Starting validation...
[SST-5] Elapsed validation time:0.27s
[SST-5] [Epoch=123] Train Loss=[QuantLoss=0.02125]Val loss = [QuantLoss=0.04738][QuantReg:0.21028]
[SST-5] Starting epoch 124...
[SST-5] Elapsed training time:2.54s
[SST-5] Starting validation...
[SST-5] Elapsed validation time:0.27s
[SST-5] [Epoch=124] Train Loss=[QuantLoss=0.02139]Val loss = [QuantLoss=0.04294][QuantReg:0.20925]
[SST-5] Starting epoch 125...
[SST-5] Elapsed training time:2.56s
[SST-5] Starting validation...
[SST-5] Elapsed validation time:0.29s
[SST-5] [Epoch=125] Train Loss=[QuantLoss=0.02167]Val loss = [QuantLoss=0.04408][QuantReg:0.20916]
[SST-5] Starting epoch 126...
[SST-5] Elapsed training time:2.56s
[SST-5] Starting validation...
[SST-5] Elapsed validation time:0.36s
[SST-5] [Epoch=126] Train Loss=[QuantLoss=0.02235]Val loss = [QuantLoss=0.04536][QuantReg:0.20851]
[SST-5] Starting epoch 127...
[SST-5] Elapsed training time:2.58s
[SST-5] Starting validation...
[SST-5] Elapsed validation time:0.27s
[SST-5] [Epoch=127] Train Loss=[QuantLoss=0.02261]Val loss = [QuantLoss=0.04805][QuantReg:0.20856]
[SST-5] Starting epoch 128...
[SST-5] Elapsed training time:2.43s
[SST-5] Starting validation...
[SST-5] Elapsed validation time:0.27s
[SST-5] [Epoch=128] Train Loss=[QuantLoss=0.02214]Val loss = [QuantLoss=0.04517][QuantReg:0.20988]
[SST-5] Starting epoch 129...
[SST-5] Elapsed training time:2.62s
[SST-5] Starting validation...
[SST-5] Elapsed validation time:0.31s
[SST-5] [Epoch=129] Train Loss=[QuantLoss=0.02184]Val loss = [QuantLoss=0.04588][QuantReg:0.20886]
[SST-5] Starting epoch 130...
[SST-5] Elapsed training time:2.55s
[SST-5] Starting validation...
[SST-5] Elapsed validation time:0.36s
[SST-5] [Epoch=130] Train Loss=[QuantLoss=0.02143]Val loss = [QuantLoss=0.04438][QuantReg:0.21004]
[SST-5] Starting epoch 131...
[SST-5] Elapsed training time:2.44s
[SST-5] Starting validation...
[SST-5] Elapsed validation time:0.34s
[SST-5] [Epoch=131] Train Loss=[QuantLoss=0.02189]Val loss = [QuantLoss=0.04163][QuantReg:0.20955]
[SST-5] Early stopping in epoch 131!
[SST-5] Restoring best model...
MAE médio: 0.1094 ± 0.0428
Tempo de execução (KL easiest): 379 segundos.
/home/nildaimon/anaconda3/envs/gpu-gmnet/lib/python3.9/site-packages/pandas/core/computation/expressions.py:21: UserWarning: Pandas requires version '2.8.4' or newer of 'numexpr' (version '2.7.3' currently installed).
  from pandas.core.computation.check import NUMEXPR_INSTALLED
/home/nildaimon/anaconda3/envs/gpu-gmnet/lib/python3.9/site-packages/pandas/core/arrays/masked.py:60: UserWarning: Pandas requires version '1.3.6' or newer of 'bottleneck' (version '1.3.2' currently installed).
  from pandas.core import (
Dataset: SST-5
Dificuldade: l1, modo: hardest, top_k: None
Dispositivo de treino: cuda
Baixando Stanford Sentiment Treebank (SST-5) do Hugging Face...
Repo card metadata block was not found. Setting CardData to empty.
/home/nildaimon/gmnet/experiments/train_curl/train_sst.py:94: FutureWarning: You are using `torch.load` with `weights_only=False` (the current default value), which uses the default pickle module implicitly. It is possible to construct malicious pickle data which will execute arbitrary code during unpickling (See https://github.com/pytorch/pytorch/blob/main/SECURITY.md#untrusted-models for more details). In a future release, the default value for `weights_only` will be flipped to `True`. This limits the functions that could be executed during unpickling. Arbitrary objects will no longer be allowed to be loaded via this mode unless they are explicitly allowlisted by the user via `torch.serialization.add_safe_globals`. We recommend you start setting `weights_only=True` for any use case where you don't have full control of the loaded file. Please open an issue on GitHub for any issues related to this experimental feature.
  cache = torch.load(SPLIT_CACHE)
Carregando embeddings e splits do cache...
Ignoring val_split as train and val datasets where given to fit function
We have two datasets: training 17044 examples. validation 1100 examples.]
Using device cuda
/home/nildaimon/anaconda3/envs/gpu-gmnet/lib/python3.9/site-packages/torch/optim/lr_scheduler.py:62: UserWarning: The verbose parameter is deprecated. Please use get_last_lr() to access the learning rate.
  warnings.warn(
/home/nildaimon/gmnet/dlquantification/main.py:835: FutureWarning: `torch.cuda.amp.GradScaler(args...)` is deprecated. Please use `torch.amp.GradScaler('cuda', args...)` instead.
  scaler = torch.cuda.amp.GradScaler(enabled=self.use_fp16)
[SST-5] Starting epoch 0...
/home/nildaimon/gmnet/dlquantification/main.py:888: FutureWarning: `torch.cuda.amp.autocast(args...)` is deprecated. Please use `torch.amp.autocast('cuda', args...)` instead.
  with torch.cuda.amp.autocast(enabled=self.use_fp16):
[SST-5] Elapsed training time:2.66s
[SST-5] Starting validation...
[SST-5] Elapsed validation time:0.32s
[SST-5] [Epoch=000] Train Loss=[QuantLoss=0.08414]Val loss = [QuantLoss=0.05596][QuantReg:0.33880][saved best model in this epoch]
[SST-5] Starting epoch 1...
[SST-5] Elapsed training time:2.46s
[SST-5] Starting validation...
[SST-5] Elapsed validation time:0.31s
[SST-5] [Epoch=001] Train Loss=[QuantLoss=0.06681]Val loss = [QuantLoss=0.05649][QuantReg:0.26354]
[SST-5] Starting epoch 2...
[SST-5] Elapsed training time:2.56s
[SST-5] Starting validation...
[SST-5] Elapsed validation time:0.35s
[SST-5] [Epoch=002] Train Loss=[QuantLoss=0.05976]Val loss = [QuantLoss=0.05255][QuantReg:0.25448][saved best model in this epoch]
[SST-5] Starting epoch 3...
[SST-5] Elapsed training time:2.61s
[SST-5] Starting validation...
[SST-5] Elapsed validation time:0.27s
[SST-5] [Epoch=003] Train Loss=[QuantLoss=0.05561]Val loss = [QuantLoss=0.04467][QuantReg:0.25983][saved best model in this epoch]
[SST-5] Starting epoch 4...
[SST-5] Elapsed training time:2.38s
[SST-5] Starting validation...
[SST-5] Elapsed validation time:0.33s
[SST-5] [Epoch=004] Train Loss=[QuantLoss=0.05308]Val loss = [QuantLoss=0.04716][QuantReg:0.26306]
[SST-5] Starting epoch 5...
[SST-5] Elapsed training time:2.42s
[SST-5] Starting validation...
[SST-5] Elapsed validation time:0.30s
[SST-5] [Epoch=005] Train Loss=[QuantLoss=0.05044]Val loss = [QuantLoss=0.04677][QuantReg:0.24702]
[SST-5] Starting epoch 6...
[SST-5] Elapsed training time:2.60s
[SST-5] Starting validation...
[SST-5] Elapsed validation time:0.31s
[SST-5] [Epoch=006] Train Loss=[QuantLoss=0.04786]Val loss = [QuantLoss=0.04626][QuantReg:0.24656]
[SST-5] Starting epoch 7...
[SST-5] Elapsed training time:2.48s
[SST-5] Starting validation...
[SST-5] Elapsed validation time:0.27s
[SST-5] [Epoch=007] Train Loss=[QuantLoss=0.04780]Val loss = [QuantLoss=0.05611][QuantReg:0.25469]
[SST-5] Starting epoch 8...
[SST-5] Elapsed training time:2.47s
[SST-5] Starting validation...
[SST-5] Elapsed validation time:0.27s
[SST-5] [Epoch=008] Train Loss=[QuantLoss=0.04653]Val loss = [QuantLoss=0.04896][QuantReg:0.24908]
[SST-5] Starting epoch 9...
[SST-5] Elapsed training time:2.45s
[SST-5] Starting validation...
[SST-5] Elapsed validation time:0.28s
[SST-5] [Epoch=009] Train Loss=[QuantLoss=0.04422]Val loss = [QuantLoss=0.05080][QuantReg:0.24369]
[SST-5] Starting epoch 10...
[SST-5] Elapsed training time:2.42s
[SST-5] Starting validation...
[SST-5] Elapsed validation time:0.32s
[SST-5] [Epoch=010] Train Loss=[QuantLoss=0.04223]Val loss = [QuantLoss=0.04898][QuantReg:0.24316]
[SST-5] Starting epoch 11...
[SST-5] Elapsed training time:2.55s
[SST-5] Starting validation...
[SST-5] Elapsed validation time:0.36s
[SST-5] [Epoch=011] Train Loss=[QuantLoss=0.04144]Val loss = [QuantLoss=0.04662][QuantReg:0.24638]
[SST-5] Starting epoch 12...
[SST-5] Elapsed training time:2.46s
[SST-5] Starting validation...
[SST-5] Elapsed validation time:0.32s
[SST-5] [Epoch=012] Train Loss=[QuantLoss=0.04117]Val loss = [QuantLoss=0.05033][QuantReg:0.24953]
[SST-5] Starting epoch 13...
[SST-5] Elapsed training time:2.45s
[SST-5] Starting validation...
[SST-5] Elapsed validation time:0.32s
[SST-5] [Epoch=013] Train Loss=[QuantLoss=0.03979]Val loss = [QuantLoss=0.05253][QuantReg:0.24856]
[SST-5] Starting epoch 14...
[SST-5] Elapsed training time:2.61s
[SST-5] Starting validation...
[SST-5] Elapsed validation time:0.33s
[SST-5] [Epoch=014] Train Loss=[QuantLoss=0.03902]Val loss = [QuantLoss=0.04494][QuantReg:0.25361]
[SST-5] Starting epoch 15...
[SST-5] Elapsed training time:2.41s
[SST-5] Starting validation...
[SST-5] Elapsed validation time:0.29s
[SST-5] [Epoch=015] Train Loss=[QuantLoss=0.03949]Val loss = [QuantLoss=0.04868][QuantReg:0.24904]
[SST-5] Starting epoch 16...
[SST-5] Elapsed training time:2.60s
[SST-5] Starting validation...
[SST-5] Elapsed validation time:0.27s
[SST-5] [Epoch=016] Train Loss=[QuantLoss=0.04056]Val loss = [QuantLoss=0.04900][QuantReg:0.24768]
[SST-5] Starting epoch 17...
[SST-5] Elapsed training time:2.45s
[SST-5] Starting validation...
[SST-5] Elapsed validation time:0.29s
[SST-5] [Epoch=017] Train Loss=[QuantLoss=0.03734]Val loss = [QuantLoss=0.04970][QuantReg:0.24025]
[SST-5] Starting epoch 18...
[SST-5] Elapsed training time:2.44s
[SST-5] Starting validation...
[SST-5] Elapsed validation time:0.30s
[SST-5] [Epoch=018] Train Loss=[QuantLoss=0.03836]Val loss = [QuantLoss=0.04826][QuantReg:0.24714]
[SST-5] Starting epoch 19...
[SST-5] Elapsed training time:2.44s
[SST-5] Starting validation...
[SST-5] Elapsed validation time:0.28s
[SST-5] [Epoch=019] Train Loss=[QuantLoss=0.03754]Val loss = [QuantLoss=0.05102][QuantReg:0.24747]
[SST-5] Starting epoch 20...
[SST-5] Elapsed training time:2.42s
[SST-5] Starting validation...
[SST-5] Elapsed validation time:0.27s
[SST-5] [Epoch=020] Train Loss=[QuantLoss=0.03772]Val loss = [QuantLoss=0.04552][QuantReg:0.24701]
[SST-5] Starting epoch 21...
[SST-5] Elapsed training time:2.40s
[SST-5] Starting validation...
[SST-5] Elapsed validation time:0.30s
[SST-5] [Epoch=021] Train Loss=[QuantLoss=0.03694]Val loss = [QuantLoss=0.04884][QuantReg:0.24948]
[SST-5] Starting epoch 22...
[SST-5] Elapsed training time:2.47s
[SST-5] Starting validation...
[SST-5] Elapsed validation time:0.30s
[SST-5] [Epoch=022] Train Loss=[QuantLoss=0.03701]Val loss = [QuantLoss=0.04585][QuantReg:0.24383]
[SST-5] Starting epoch 23...
[SST-5] Elapsed training time:2.44s
[SST-5] Starting validation...
[SST-5] Elapsed validation time:0.36s
[SST-5] [Epoch=023] Train Loss=[QuantLoss=0.03443]Val loss = [QuantLoss=0.04793][QuantReg:0.24887]
[SST-5] Starting epoch 24...
[SST-5] Elapsed training time:2.57s
[SST-5] Starting validation...
[SST-5] Elapsed validation time:0.27s
[SST-5] [Epoch=024] Train Loss=[QuantLoss=0.03544]Val loss = [QuantLoss=0.04887][QuantReg:0.24239]
[SST-5] Starting epoch 25...
[SST-5] Elapsed training time:2.57s
[SST-5] Starting validation...
[SST-5] Elapsed validation time:0.25s
[SST-5] [Epoch=025] Train Loss=[QuantLoss=0.03185]Val loss = [QuantLoss=0.05184][QuantReg:0.24467]
[SST-5] Starting epoch 26...
[SST-5] Elapsed training time:2.43s
[SST-5] Starting validation...
[SST-5] Elapsed validation time:0.31s
[SST-5] [Epoch=026] Train Loss=[QuantLoss=0.02944]Val loss = [QuantLoss=0.05281][QuantReg:0.24406]
[SST-5] Starting epoch 27...
[SST-5] Elapsed training time:2.48s
[SST-5] Starting validation...
[SST-5] Elapsed validation time:0.29s
[SST-5] [Epoch=027] Train Loss=[QuantLoss=0.02946]Val loss = [QuantLoss=0.05238][QuantReg:0.24489]
[SST-5] Starting epoch 28...
[SST-5] Elapsed training time:2.44s
[SST-5] Starting validation...
[SST-5] Elapsed validation time:0.30s
[SST-5] [Epoch=028] Train Loss=[QuantLoss=0.02887]Val loss = [QuantLoss=0.04846][QuantReg:0.24554]
[SST-5] Starting epoch 29...
[SST-5] Elapsed training time:2.44s
[SST-5] Starting validation...
[SST-5] Elapsed validation time:0.32s
[SST-5] [Epoch=029] Train Loss=[QuantLoss=0.02837]Val loss = [QuantLoss=0.04874][QuantReg:0.24502]
[SST-5] Starting epoch 30...
[SST-5] Elapsed training time:2.56s
[SST-5] Starting validation...
[SST-5] Elapsed validation time:0.27s
[SST-5] [Epoch=030] Train Loss=[QuantLoss=0.02751]Val loss = [QuantLoss=0.05101][QuantReg:0.24581]
[SST-5] Starting epoch 31...
[SST-5] Elapsed training time:2.43s
[SST-5] Starting validation...
[SST-5] Elapsed validation time:0.26s
[SST-5] [Epoch=031] Train Loss=[QuantLoss=0.02731]Val loss = [QuantLoss=0.04985][QuantReg:0.24460]
[SST-5] Starting epoch 32...
[SST-5] Elapsed training time:2.50s
[SST-5] Starting validation...
[SST-5] Elapsed validation time:0.31s
[SST-5] [Epoch=032] Train Loss=[QuantLoss=0.02715]Val loss = [QuantLoss=0.05021][QuantReg:0.24435]
[SST-5] Starting epoch 33...
[SST-5] Elapsed training time:2.44s
[SST-5] Starting validation...
[SST-5] Elapsed validation time:0.31s
[SST-5] [Epoch=033] Train Loss=[QuantLoss=0.02767]Val loss = [QuantLoss=0.04798][QuantReg:0.24187]
[SST-5] Starting epoch 34...
[SST-5] Elapsed training time:2.60s
[SST-5] Starting validation...
[SST-5] Elapsed validation time:0.27s
[SST-5] [Epoch=034] Train Loss=[QuantLoss=0.02628]Val loss = [QuantLoss=0.04876][QuantReg:0.24236]
[SST-5] Starting epoch 35...
[SST-5] Elapsed training time:2.39s
[SST-5] Starting validation...
[SST-5] Elapsed validation time:0.26s
[SST-5] [Epoch=035] Train Loss=[QuantLoss=0.02630]Val loss = [QuantLoss=0.04913][QuantReg:0.24153]
[SST-5] Starting epoch 36...
[SST-5] Elapsed training time:2.52s
[SST-5] Starting validation...
[SST-5] Elapsed validation time:0.29s
[SST-5] [Epoch=036] Train Loss=[QuantLoss=0.02643]Val loss = [QuantLoss=0.04773][QuantReg:0.24151]
[SST-5] Starting epoch 37...
[SST-5] Elapsed training time:2.60s
[SST-5] Starting validation...
[SST-5] Elapsed validation time:0.28s
[SST-5] [Epoch=037] Train Loss=[QuantLoss=0.02588]Val loss = [QuantLoss=0.04712][QuantReg:0.23985]
[SST-5] Starting epoch 38...
[SST-5] Elapsed training time:2.43s
[SST-5] Starting validation...
[SST-5] Elapsed validation time:0.32s
[SST-5] [Epoch=038] Train Loss=[QuantLoss=0.02587]Val loss = [QuantLoss=0.04687][QuantReg:0.23975]
[SST-5] Starting epoch 39...
[SST-5] Elapsed training time:2.50s
[SST-5] Starting validation...
[SST-5] Elapsed validation time:0.31s
[SST-5] [Epoch=039] Train Loss=[QuantLoss=0.02610]Val loss = [QuantLoss=0.04679][QuantReg:0.23905]
[SST-5] Starting epoch 40...
[SST-5] Elapsed training time:2.45s
[SST-5] Starting validation...
[SST-5] Elapsed validation time:0.26s
[SST-5] [Epoch=040] Train Loss=[QuantLoss=0.02604]Val loss = [QuantLoss=0.04540][QuantReg:0.24166]
[SST-5] Starting epoch 41...
[SST-5] Elapsed training time:2.61s
[SST-5] Starting validation...
[SST-5] Elapsed validation time:0.33s
[SST-5] [Epoch=041] Train Loss=[QuantLoss=0.02569]Val loss = [QuantLoss=0.04996][QuantReg:0.24111]
[SST-5] Starting epoch 42...
[SST-5] Elapsed training time:2.44s
[SST-5] Starting validation...
[SST-5] Elapsed validation time:0.27s
[SST-5] [Epoch=042] Train Loss=[QuantLoss=0.02571]Val loss = [QuantLoss=0.04695][QuantReg:0.23995]
[SST-5] Starting epoch 43...
[SST-5] Elapsed training time:2.58s
[SST-5] Starting validation...
[SST-5] Elapsed validation time:0.32s
[SST-5] [Epoch=043] Train Loss=[QuantLoss=0.02573]Val loss = [QuantLoss=0.04572][QuantReg:0.23972]
[SST-5] Starting epoch 44...
[SST-5] Elapsed training time:2.56s
[SST-5] Starting validation...
[SST-5] Elapsed validation time:0.32s
[SST-5] [Epoch=044] Train Loss=[QuantLoss=0.02530]Val loss = [QuantLoss=0.04819][QuantReg:0.23984]
[SST-5] Starting epoch 45...
[SST-5] Elapsed training time:2.63s
[SST-5] Starting validation...
[SST-5] Elapsed validation time:0.31s
[SST-5] [Epoch=045] Train Loss=[QuantLoss=0.02605]Val loss = [QuantLoss=0.04540][QuantReg:0.23904]
[SST-5] Early stopping in epoch 45!
[SST-5] Restoring best model...
MAE médio: 0.1051 ± 0.0396
Tempo de execução (L1 hardest): 134 segundos.
/home/nildaimon/anaconda3/envs/gpu-gmnet/lib/python3.9/site-packages/pandas/core/computation/expressions.py:21: UserWarning: Pandas requires version '2.8.4' or newer of 'numexpr' (version '2.7.3' currently installed).
  from pandas.core.computation.check import NUMEXPR_INSTALLED
/home/nildaimon/anaconda3/envs/gpu-gmnet/lib/python3.9/site-packages/pandas/core/arrays/masked.py:60: UserWarning: Pandas requires version '1.3.6' or newer of 'bottleneck' (version '1.3.2' currently installed).
  from pandas.core import (
Dataset: SST-5
Dificuldade: l1, modo: easiest, top_k: None
Dispositivo de treino: cuda
Baixando Stanford Sentiment Treebank (SST-5) do Hugging Face...
Repo card metadata block was not found. Setting CardData to empty.
/home/nildaimon/gmnet/experiments/train_curl/train_sst.py:94: FutureWarning: You are using `torch.load` with `weights_only=False` (the current default value), which uses the default pickle module implicitly. It is possible to construct malicious pickle data which will execute arbitrary code during unpickling (See https://github.com/pytorch/pytorch/blob/main/SECURITY.md#untrusted-models for more details). In a future release, the default value for `weights_only` will be flipped to `True`. This limits the functions that could be executed during unpickling. Arbitrary objects will no longer be allowed to be loaded via this mode unless they are explicitly allowlisted by the user via `torch.serialization.add_safe_globals`. We recommend you start setting `weights_only=True` for any use case where you don't have full control of the loaded file. Please open an issue on GitHub for any issues related to this experimental feature.
  cache = torch.load(SPLIT_CACHE)
Carregando embeddings e splits do cache...
Ignoring val_split as train and val datasets where given to fit function
We have two datasets: training 17044 examples. validation 1100 examples.]
Using device cuda
/home/nildaimon/anaconda3/envs/gpu-gmnet/lib/python3.9/site-packages/torch/optim/lr_scheduler.py:62: UserWarning: The verbose parameter is deprecated. Please use get_last_lr() to access the learning rate.
  warnings.warn(
/home/nildaimon/gmnet/dlquantification/main.py:835: FutureWarning: `torch.cuda.amp.GradScaler(args...)` is deprecated. Please use `torch.amp.GradScaler('cuda', args...)` instead.
  scaler = torch.cuda.amp.GradScaler(enabled=self.use_fp16)
[SST-5] Starting epoch 0...
/home/nildaimon/gmnet/dlquantification/main.py:888: FutureWarning: `torch.cuda.amp.autocast(args...)` is deprecated. Please use `torch.amp.autocast('cuda', args...)` instead.
  with torch.cuda.amp.autocast(enabled=self.use_fp16):
[SST-5] Elapsed training time:2.49s
[SST-5] Starting validation...
[SST-5] Elapsed validation time:0.30s
[SST-5] [Epoch=000] Train Loss=[QuantLoss=0.06793]Val loss = [QuantLoss=0.10072][QuantReg:0.24607][saved best model in this epoch]
[SST-5] Starting epoch 1...
[SST-5] Elapsed training time:2.45s
[SST-5] Starting validation...
[SST-5] Elapsed validation time:0.29s
[SST-5] [Epoch=001] Train Loss=[QuantLoss=0.06400]Val loss = [QuantLoss=0.09123][QuantReg:0.25253][saved best model in this epoch]
[SST-5] Starting epoch 2...
[SST-5] Elapsed training time:2.55s
[SST-5] Starting validation...
[SST-5] Elapsed validation time:0.30s
[SST-5] [Epoch=002] Train Loss=[QuantLoss=0.05882]Val loss = [QuantLoss=0.09788][QuantReg:0.24673]
[SST-5] Starting epoch 3...
[SST-5] Elapsed training time:2.39s
[SST-5] Starting validation...
[SST-5] Elapsed validation time:0.28s
[SST-5] [Epoch=003] Train Loss=[QuantLoss=0.05482]Val loss = [QuantLoss=0.08222][QuantReg:0.22707][saved best model in this epoch]
[SST-5] Starting epoch 4...
[SST-5] Elapsed training time:2.37s
[SST-5] Starting validation...
[SST-5] Elapsed validation time:0.29s
[SST-5] [Epoch=004] Train Loss=[QuantLoss=0.05079]Val loss = [QuantLoss=0.09855][QuantReg:0.22113]
[SST-5] Starting epoch 5...
[SST-5] Elapsed training time:2.43s
[SST-5] Starting validation...
[SST-5] Elapsed validation time:0.31s
[SST-5] [Epoch=005] Train Loss=[QuantLoss=0.04909]Val loss = [QuantLoss=0.08678][QuantReg:0.21546]
[SST-5] Starting epoch 6...
[SST-5] Elapsed training time:2.43s
[SST-5] Starting validation...
[SST-5] Elapsed validation time:0.31s
[SST-5] [Epoch=006] Train Loss=[QuantLoss=0.04769]Val loss = [QuantLoss=0.07758][QuantReg:0.21771][saved best model in this epoch]
[SST-5] Starting epoch 7...
[SST-5] Elapsed training time:2.41s
[SST-5] Starting validation...
[SST-5] Elapsed validation time:0.31s
[SST-5] [Epoch=007] Train Loss=[QuantLoss=0.04904]Val loss = [QuantLoss=0.07178][QuantReg:0.22409][saved best model in this epoch]
[SST-5] Starting epoch 8...
[SST-5] Elapsed training time:2.58s
[SST-5] Starting validation...
[SST-5] Elapsed validation time:0.27s
[SST-5] [Epoch=008] Train Loss=[QuantLoss=0.04833]Val loss = [QuantLoss=0.06494][QuantReg:0.23223][saved best model in this epoch]
[SST-5] Starting epoch 9...
[SST-5] Elapsed training time:2.57s
[SST-5] Starting validation...
[SST-5] Elapsed validation time:0.31s
[SST-5] [Epoch=009] Train Loss=[QuantLoss=0.04574]Val loss = [QuantLoss=0.07415][QuantReg:0.23043]
[SST-5] Starting epoch 10...
[SST-5] Elapsed training time:2.44s
[SST-5] Starting validation...
[SST-5] Elapsed validation time:0.30s
[SST-5] [Epoch=010] Train Loss=[QuantLoss=0.04516]Val loss = [QuantLoss=0.06497][QuantReg:0.22878]
[SST-5] Starting epoch 11...
[SST-5] Elapsed training time:2.42s
[SST-5] Starting validation...
[SST-5] Elapsed validation time:0.27s
[SST-5] [Epoch=011] Train Loss=[QuantLoss=0.04102]Val loss = [QuantLoss=0.06850][QuantReg:0.23081]
[SST-5] Starting epoch 12...
[SST-5] Elapsed training time:2.46s
[SST-5] Starting validation...
[SST-5] Elapsed validation time:0.27s
[SST-5] [Epoch=012] Train Loss=[QuantLoss=0.04249]Val loss = [QuantLoss=0.06896][QuantReg:0.22953]
[SST-5] Starting epoch 13...
[SST-5] Elapsed training time:2.40s
[SST-5] Starting validation...
[SST-5] Elapsed validation time:0.27s
[SST-5] [Epoch=013] Train Loss=[QuantLoss=0.04365]Val loss = [QuantLoss=0.06306][QuantReg:0.23307][saved best model in this epoch]
[SST-5] Starting epoch 14...
[SST-5] Elapsed training time:2.60s
[SST-5] Starting validation...
[SST-5] Elapsed validation time:0.31s
[SST-5] [Epoch=014] Train Loss=[QuantLoss=0.04284]Val loss = [QuantLoss=0.07426][QuantReg:0.24139]
[SST-5] Starting epoch 15...
[SST-5] Elapsed training time:2.47s
[SST-5] Starting validation...
[SST-5] Elapsed validation time:0.29s
[SST-5] [Epoch=015] Train Loss=[QuantLoss=0.04290]Val loss = [QuantLoss=0.06452][QuantReg:0.23103]
[SST-5] Starting epoch 16...
[SST-5] Elapsed training time:2.44s
[SST-5] Starting validation...
[SST-5] Elapsed validation time:0.26s
[SST-5] [Epoch=016] Train Loss=[QuantLoss=0.04193]Val loss = [QuantLoss=0.06647][QuantReg:0.23263]
[SST-5] Starting epoch 17...
[SST-5] Elapsed training time:2.57s
[SST-5] Starting validation...
[SST-5] Elapsed validation time:0.32s
[SST-5] [Epoch=017] Train Loss=[QuantLoss=0.04236]Val loss = [QuantLoss=0.06522][QuantReg:0.22895]
[SST-5] Starting epoch 18...
[SST-5] Elapsed training time:2.42s
[SST-5] Starting validation...
[SST-5] Elapsed validation time:0.31s
[SST-5] [Epoch=018] Train Loss=[QuantLoss=0.03958]Val loss = [QuantLoss=0.06669][QuantReg:0.22945]
[SST-5] Starting epoch 19...
[SST-5] Elapsed training time:2.44s
[SST-5] Starting validation...
[SST-5] Elapsed validation time:0.26s
[SST-5] [Epoch=019] Train Loss=[QuantLoss=0.03739]Val loss = [QuantLoss=0.05938][QuantReg:0.23614][saved best model in this epoch]
[SST-5] Starting epoch 20...
[SST-5] Elapsed training time:2.45s
[SST-5] Starting validation...
[SST-5] Elapsed validation time:0.30s
[SST-5] [Epoch=020] Train Loss=[QuantLoss=0.03805]Val loss = [QuantLoss=0.06147][QuantReg:0.23163]
[SST-5] Starting epoch 21...
[SST-5] Elapsed training time:2.45s
[SST-5] Starting validation...
[SST-5] Elapsed validation time:0.26s
[SST-5] [Epoch=021] Train Loss=[QuantLoss=0.04105]Val loss = [QuantLoss=0.06439][QuantReg:0.23695]
[SST-5] Starting epoch 22...
[SST-5] Elapsed training time:2.51s
[SST-5] Starting validation...
[SST-5] Elapsed validation time:0.30s
[SST-5] [Epoch=022] Train Loss=[QuantLoss=0.03955]Val loss = [QuantLoss=0.05660][QuantReg:0.23907][saved best model in this epoch]
[SST-5] Starting epoch 23...
[SST-5] Elapsed training time:2.46s
[SST-5] Starting validation...
[SST-5] Elapsed validation time:0.29s
[SST-5] [Epoch=023] Train Loss=[QuantLoss=0.03910]Val loss = [QuantLoss=0.05631][QuantReg:0.23639][saved best model in this epoch]
[SST-5] Starting epoch 24...
[SST-5] Elapsed training time:2.44s
[SST-5] Starting validation...
[SST-5] Elapsed validation time:0.28s
[SST-5] [Epoch=024] Train Loss=[QuantLoss=0.03841]Val loss = [QuantLoss=0.05154][QuantReg:0.23416][saved best model in this epoch]
[SST-5] Starting epoch 25...
[SST-5] Elapsed training time:2.56s
[SST-5] Starting validation...
[SST-5] Elapsed validation time:0.26s
[SST-5] [Epoch=025] Train Loss=[QuantLoss=0.04035]Val loss = [QuantLoss=0.06142][QuantReg:0.22927]
[SST-5] Starting epoch 26...
[SST-5] Elapsed training time:2.38s
[SST-5] Starting validation...
[SST-5] Elapsed validation time:0.35s
[SST-5] [Epoch=026] Train Loss=[QuantLoss=0.03668]Val loss = [QuantLoss=0.06249][QuantReg:0.22783]
[SST-5] Starting epoch 27...
[SST-5] Elapsed training time:2.60s
[SST-5] Starting validation...
[SST-5] Elapsed validation time:0.29s
[SST-5] [Epoch=027] Train Loss=[QuantLoss=0.03949]Val loss = [QuantLoss=0.05902][QuantReg:0.22600]
[SST-5] Starting epoch 28...
[SST-5] Elapsed training time:2.57s
[SST-5] Starting validation...
[SST-5] Elapsed validation time:0.30s
[SST-5] [Epoch=028] Train Loss=[QuantLoss=0.03862]Val loss = [QuantLoss=0.06191][QuantReg:0.22976]
[SST-5] Starting epoch 29...
[SST-5] Elapsed training time:2.55s
[SST-5] Starting validation...
[SST-5] Elapsed validation time:0.28s
[SST-5] [Epoch=029] Train Loss=[QuantLoss=0.03608]Val loss = [QuantLoss=0.06000][QuantReg:0.23111]
[SST-5] Starting epoch 30...
[SST-5] Elapsed training time:2.45s
[SST-5] Starting validation...
[SST-5] Elapsed validation time:0.30s
[SST-5] [Epoch=030] Train Loss=[QuantLoss=0.03392]Val loss = [QuantLoss=0.05745][QuantReg:0.23376]
[SST-5] Starting epoch 31...
[SST-5] Elapsed training time:2.41s
[SST-5] Starting validation...
[SST-5] Elapsed validation time:0.29s
[SST-5] [Epoch=031] Train Loss=[QuantLoss=0.03564]Val loss = [QuantLoss=0.05355][QuantReg:0.23386]
[SST-5] Starting epoch 32...
[SST-5] Elapsed training time:2.39s
[SST-5] Starting validation...
[SST-5] Elapsed validation time:0.27s
[SST-5] [Epoch=032] Train Loss=[QuantLoss=0.03584]Val loss = [QuantLoss=0.06700][QuantReg:0.23916]
[SST-5] Starting epoch 33...
[SST-5] Elapsed training time:2.47s
[SST-5] Starting validation...
[SST-5] Elapsed validation time:0.31s
[SST-5] [Epoch=033] Train Loss=[QuantLoss=0.03608]Val loss = [QuantLoss=0.05376][QuantReg:0.23219]
[SST-5] Starting epoch 34...
[SST-5] Elapsed training time:2.46s
[SST-5] Starting validation...
[SST-5] Elapsed validation time:0.31s
[SST-5] [Epoch=034] Train Loss=[QuantLoss=0.03569]Val loss = [QuantLoss=0.05830][QuantReg:0.23049]
[SST-5] Starting epoch 35...
[SST-5] Elapsed training time:2.44s
[SST-5] Starting validation...
[SST-5] Elapsed validation time:0.31s
[SST-5] [Epoch=035] Train Loss=[QuantLoss=0.03525]Val loss = [QuantLoss=0.05887][QuantReg:0.22558]
[SST-5] Starting epoch 36...
[SST-5] Elapsed training time:2.49s
[SST-5] Starting validation...
[SST-5] Elapsed validation time:0.35s
[SST-5] [Epoch=036] Train Loss=[QuantLoss=0.03496]Val loss = [QuantLoss=0.05189][QuantReg:0.22977]
[SST-5] Starting epoch 37...
[SST-5] Elapsed training time:2.47s
[SST-5] Starting validation...
[SST-5] Elapsed validation time:0.31s
[SST-5] [Epoch=037] Train Loss=[QuantLoss=0.03653]Val loss = [QuantLoss=0.05060][QuantReg:0.23428][saved best model in this epoch]
[SST-5] Starting epoch 38...
[SST-5] Elapsed training time:2.43s
[SST-5] Starting validation...
[SST-5] Elapsed validation time:0.32s
[SST-5] [Epoch=038] Train Loss=[QuantLoss=0.03183]Val loss = [QuantLoss=0.05683][QuantReg:0.23091]
[SST-5] Starting epoch 39...
[SST-5] Elapsed training time:2.57s
[SST-5] Starting validation...
[SST-5] Elapsed validation time:0.30s
[SST-5] [Epoch=039] Train Loss=[QuantLoss=0.03199]Val loss = [QuantLoss=0.05549][QuantReg:0.22925]
[SST-5] Starting epoch 40...
[SST-5] Elapsed training time:2.46s
[SST-5] Starting validation...
[SST-5] Elapsed validation time:0.30s
[SST-5] [Epoch=040] Train Loss=[QuantLoss=0.03223]Val loss = [QuantLoss=0.04969][QuantReg:0.23175][saved best model in this epoch]
[SST-5] Starting epoch 41...
[SST-5] Elapsed training time:2.58s
[SST-5] Starting validation...
[SST-5] Elapsed validation time:0.28s
[SST-5] [Epoch=041] Train Loss=[QuantLoss=0.03345]Val loss = [QuantLoss=0.05374][QuantReg:0.23164]
[SST-5] Starting epoch 42...
[SST-5] Elapsed training time:2.46s
[SST-5] Starting validation...
[SST-5] Elapsed validation time:0.31s
[SST-5] [Epoch=042] Train Loss=[QuantLoss=0.03241]Val loss = [QuantLoss=0.05263][QuantReg:0.23601]
[SST-5] Starting epoch 43...
[SST-5] Elapsed training time:2.43s
[SST-5] Starting validation...
[SST-5] Elapsed validation time:0.34s
[SST-5] [Epoch=043] Train Loss=[QuantLoss=0.03323]Val loss = [QuantLoss=0.05458][QuantReg:0.23290]
[SST-5] Starting epoch 44...
[SST-5] Elapsed training time:2.58s
[SST-5] Starting validation...
[SST-5] Elapsed validation time:0.28s
[SST-5] [Epoch=044] Train Loss=[QuantLoss=0.03318]Val loss = [QuantLoss=0.04776][QuantReg:0.23555][saved best model in this epoch]
[SST-5] Starting epoch 45...
[SST-5] Elapsed training time:2.56s
[SST-5] Starting validation...
[SST-5] Elapsed validation time:0.33s
[SST-5] [Epoch=045] Train Loss=[QuantLoss=0.03286]Val loss = [QuantLoss=0.04436][QuantReg:0.23502][saved best model in this epoch]
[SST-5] Starting epoch 46...
[SST-5] Elapsed training time:2.44s
[SST-5] Starting validation...
[SST-5] Elapsed validation time:0.31s
[SST-5] [Epoch=046] Train Loss=[QuantLoss=0.03165]Val loss = [QuantLoss=0.04553][QuantReg:0.23174]
[SST-5] Starting epoch 47...
[SST-5] Elapsed training time:2.56s
[SST-5] Starting validation...
[SST-5] Elapsed validation time:0.30s
[SST-5] [Epoch=047] Train Loss=[QuantLoss=0.03291]Val loss = [QuantLoss=0.05242][QuantReg:0.22975]
[SST-5] Starting epoch 48...
[SST-5] Elapsed training time:2.44s
[SST-5] Starting validation...
[SST-5] Elapsed validation time:0.31s
[SST-5] [Epoch=048] Train Loss=[QuantLoss=0.03252]Val loss = [QuantLoss=0.05836][QuantReg:0.23413]
[SST-5] Starting epoch 49...
[SST-5] Elapsed training time:2.47s
[SST-5] Starting validation...
[SST-5] Elapsed validation time:0.26s
[SST-5] [Epoch=049] Train Loss=[QuantLoss=0.03293]Val loss = [QuantLoss=0.05572][QuantReg:0.23009]
[SST-5] Starting epoch 50...
[SST-5] Elapsed training time:2.63s
[SST-5] Starting validation...
[SST-5] Elapsed validation time:0.38s
[SST-5] [Epoch=050] Train Loss=[QuantLoss=0.03291]Val loss = [QuantLoss=0.05264][QuantReg:0.23210]
[SST-5] Starting epoch 51...
[SST-5] Elapsed training time:2.35s
[SST-5] Starting validation...
[SST-5] Elapsed validation time:0.27s
[SST-5] [Epoch=051] Train Loss=[QuantLoss=0.03272]Val loss = [QuantLoss=0.04846][QuantReg:0.22877]
[SST-5] Starting epoch 52...
[SST-5] Elapsed training time:2.43s
[SST-5] Starting validation...
[SST-5] Elapsed validation time:0.35s
[SST-5] [Epoch=052] Train Loss=[QuantLoss=0.03305]Val loss = [QuantLoss=0.05142][QuantReg:0.22556]
[SST-5] Starting epoch 53...
[SST-5] Elapsed training time:2.41s
[SST-5] Starting validation...
[SST-5] Elapsed validation time:0.33s
[SST-5] [Epoch=053] Train Loss=[QuantLoss=0.03198]Val loss = [QuantLoss=0.05073][QuantReg:0.22248]
[SST-5] Starting epoch 54...
[SST-5] Elapsed training time:2.45s
[SST-5] Starting validation...
[SST-5] Elapsed validation time:0.45s
[SST-5] [Epoch=054] Train Loss=[QuantLoss=0.03101]Val loss = [QuantLoss=0.04743][QuantReg:0.23083]
[SST-5] Starting epoch 55...
[SST-5] Elapsed training time:2.37s
[SST-5] Starting validation...
[SST-5] Elapsed validation time:0.43s
[SST-5] [Epoch=055] Train Loss=[QuantLoss=0.03343]Val loss = [QuantLoss=0.04730][QuantReg:0.22356]
[SST-5] Starting epoch 56...
[SST-5] Elapsed training time:2.44s
[SST-5] Starting validation...
[SST-5] Elapsed validation time:0.40s
[SST-5] [Epoch=056] Train Loss=[QuantLoss=0.03157]Val loss = [QuantLoss=0.04525][QuantReg:0.22642]
[SST-5] Starting epoch 57...
[SST-5] Elapsed training time:2.44s
[SST-5] Starting validation...
[SST-5] Elapsed validation time:0.40s
[SST-5] [Epoch=057] Train Loss=[QuantLoss=0.03188]Val loss = [QuantLoss=0.04651][QuantReg:0.22870]
[SST-5] Starting epoch 58...
[SST-5] Elapsed training time:2.57s
[SST-5] Starting validation...
[SST-5] Elapsed validation time:0.36s
[SST-5] [Epoch=058] Train Loss=[QuantLoss=0.03224]Val loss = [QuantLoss=0.04858][QuantReg:0.22445]
[SST-5] Starting epoch 59...
[SST-5] Elapsed training time:2.38s
[SST-5] Starting validation...
[SST-5] Elapsed validation time:0.35s
[SST-5] [Epoch=059] Train Loss=[QuantLoss=0.03218]Val loss = [QuantLoss=0.04970][QuantReg:0.22277]
[SST-5] Starting epoch 60...
[SST-5] Elapsed training time:2.42s
[SST-5] Starting validation...
[SST-5] Elapsed validation time:0.34s
[SST-5] [Epoch=060] Train Loss=[QuantLoss=0.03249]Val loss = [QuantLoss=0.04101][QuantReg:0.22064][saved best model in this epoch]
[SST-5] Starting epoch 61...
[SST-5] Elapsed training time:2.45s
[SST-5] Starting validation...
[SST-5] Elapsed validation time:0.42s
[SST-5] [Epoch=061] Train Loss=[QuantLoss=0.03456]Val loss = [QuantLoss=0.05589][QuantReg:0.22184]
[SST-5] Starting epoch 62...
[SST-5] Elapsed training time:2.41s
[SST-5] Starting validation...
[SST-5] Elapsed validation time:0.40s
[SST-5] [Epoch=062] Train Loss=[QuantLoss=0.03033]Val loss = [QuantLoss=0.04858][QuantReg:0.21803]
[SST-5] Starting epoch 63...
[SST-5] Elapsed training time:2.60s
[SST-5] Starting validation...
[SST-5] Elapsed validation time:0.39s
[SST-5] [Epoch=063] Train Loss=[QuantLoss=0.03091]Val loss = [QuantLoss=0.06750][QuantReg:0.22182]
[SST-5] Starting epoch 64...
[SST-5] Elapsed training time:2.46s
[SST-5] Starting validation...
[SST-5] Elapsed validation time:0.39s
[SST-5] [Epoch=064] Train Loss=[QuantLoss=0.03083]Val loss = [QuantLoss=0.05860][QuantReg:0.22107]
[SST-5] Starting epoch 65...
[SST-5] Elapsed training time:2.56s
[SST-5] Starting validation...
[SST-5] Elapsed validation time:0.38s
[SST-5] [Epoch=065] Train Loss=[QuantLoss=0.03161]Val loss = [QuantLoss=0.05498][QuantReg:0.22395]
[SST-5] Starting epoch 66...
[SST-5] Elapsed training time:2.44s
[SST-5] Starting validation...
[SST-5] Elapsed validation time:0.40s
[SST-5] [Epoch=066] Train Loss=[QuantLoss=0.02956]Val loss = [QuantLoss=0.04717][QuantReg:0.22106]
[SST-5] Starting epoch 67...
[SST-5] Elapsed training time:2.44s
[SST-5] Starting validation...
[SST-5] Elapsed validation time:0.38s
[SST-5] [Epoch=067] Train Loss=[QuantLoss=0.02958]Val loss = [QuantLoss=0.04614][QuantReg:0.21891]
[SST-5] Starting epoch 68...
[SST-5] Elapsed training time:2.37s
[SST-5] Starting validation...
[SST-5] Elapsed validation time:0.37s
[SST-5] [Epoch=068] Train Loss=[QuantLoss=0.02946]Val loss = [QuantLoss=0.04266][QuantReg:0.21893]
[SST-5] Starting epoch 69...
[SST-5] Elapsed training time:2.62s
[SST-5] Starting validation...
[SST-5] Elapsed validation time:0.35s
[SST-5] [Epoch=069] Train Loss=[QuantLoss=0.03014]Val loss = [QuantLoss=0.04756][QuantReg:0.22211]
[SST-5] Starting epoch 70...
[SST-5] Elapsed training time:2.58s
[SST-5] Starting validation...
[SST-5] Elapsed validation time:0.40s
[SST-5] [Epoch=070] Train Loss=[QuantLoss=0.03018]Val loss = [QuantLoss=0.04530][QuantReg:0.21872]
[SST-5] Starting epoch 71...
[SST-5] Elapsed training time:2.58s
[SST-5] Starting validation...
[SST-5] Elapsed validation time:0.33s
[SST-5] [Epoch=071] Train Loss=[QuantLoss=0.03063]Val loss = [QuantLoss=0.05932][QuantReg:0.22093]
[SST-5] Starting epoch 72...
[SST-5] Elapsed training time:2.37s
[SST-5] Starting validation...
[SST-5] Elapsed validation time:0.39s
[SST-5] [Epoch=072] Train Loss=[QuantLoss=0.03232]Val loss = [QuantLoss=0.06702][QuantReg:0.21917]
[SST-5] Starting epoch 73...
[SST-5] Elapsed training time:2.57s
[SST-5] Starting validation...
[SST-5] Elapsed validation time:0.42s
[SST-5] [Epoch=073] Train Loss=[QuantLoss=0.03486]Val loss = [QuantLoss=0.05414][QuantReg:0.21608]
[SST-5] Starting epoch 74...
[SST-5] Elapsed training time:2.51s
[SST-5] Starting validation...
[SST-5] Elapsed validation time:0.44s
[SST-5] [Epoch=074] Train Loss=[QuantLoss=0.03109]Val loss = [QuantLoss=0.04541][QuantReg:0.22007]
[SST-5] Starting epoch 75...
[SST-5] Elapsed training time:2.47s
[SST-5] Starting validation...
[SST-5] Elapsed validation time:0.41s
[SST-5] [Epoch=075] Train Loss=[QuantLoss=0.03025]Val loss = [QuantLoss=0.04777][QuantReg:0.21944]
[SST-5] Starting epoch 76...
[SST-5] Elapsed training time:2.51s
[SST-5] Starting validation...
[SST-5] Elapsed validation time:0.42s
[SST-5] [Epoch=076] Train Loss=[QuantLoss=0.03187]Val loss = [QuantLoss=0.04338][QuantReg:0.22069]
[SST-5] Starting epoch 77...
[SST-5] Elapsed training time:2.43s
[SST-5] Starting validation...
[SST-5] Elapsed validation time:0.32s
[SST-5] [Epoch=077] Train Loss=[QuantLoss=0.02971]Val loss = [QuantLoss=0.04639][QuantReg:0.21928]
[SST-5] Starting epoch 78...
[SST-5] Elapsed training time:2.50s
[SST-5] Starting validation...
[SST-5] Elapsed validation time:0.35s
[SST-5] [Epoch=078] Train Loss=[QuantLoss=0.03023]Val loss = [QuantLoss=0.04331][QuantReg:0.22142]
[SST-5] Starting epoch 79...
[SST-5] Elapsed training time:2.38s
[SST-5] Starting validation...
[SST-5] Elapsed validation time:0.39s
[SST-5] [Epoch=079] Train Loss=[QuantLoss=0.03117]Val loss = [QuantLoss=0.05956][QuantReg:0.22455]
[SST-5] Starting epoch 80...
[SST-5] Elapsed training time:2.49s
[SST-5] Starting validation...
[SST-5] Elapsed validation time:0.38s
[SST-5] [Epoch=080] Train Loss=[QuantLoss=0.02999]Val loss = [QuantLoss=0.05206][QuantReg:0.21611]
[SST-5] Starting epoch 81...
[SST-5] Elapsed training time:2.47s
[SST-5] Starting validation...
[SST-5] Elapsed validation time:0.43s
[SST-5] [Epoch=081] Train Loss=[QuantLoss=0.02866]Val loss = [QuantLoss=0.04804][QuantReg:0.21562]
[SST-5] Starting epoch 82...
[SST-5] Elapsed training time:2.60s
[SST-5] Starting validation...
[SST-5] Elapsed validation time:0.39s
[SST-5] [Epoch=082] Train Loss=[QuantLoss=0.02755]Val loss = [QuantLoss=0.04126][QuantReg:0.21946]
[SST-5] Starting epoch 83...
[SST-5] Elapsed training time:2.59s
[SST-5] Starting validation...
[SST-5] Elapsed validation time:0.41s
[SST-5] [Epoch=083] Train Loss=[QuantLoss=0.02752]Val loss = [QuantLoss=0.04607][QuantReg:0.21753]
[SST-5] Starting epoch 84...
[SST-5] Elapsed training time:2.52s
[SST-5] Starting validation...
[SST-5] Elapsed validation time:0.40s
[SST-5] [Epoch=084] Train Loss=[QuantLoss=0.02585]Val loss = [QuantLoss=0.04589][QuantReg:0.21805]
[SST-5] Starting epoch 85...
[SST-5] Elapsed training time:2.51s
[SST-5] Starting validation...
[SST-5] Elapsed validation time:0.36s
[SST-5] [Epoch=085] Train Loss=[QuantLoss=0.02512]Val loss = [QuantLoss=0.04508][QuantReg:0.21883]
[SST-5] Starting epoch 86...
[SST-5] Elapsed training time:2.48s
[SST-5] Starting validation...
[SST-5] Elapsed validation time:0.36s
[SST-5] [Epoch=086] Train Loss=[QuantLoss=0.02455]Val loss = [QuantLoss=0.04942][QuantReg:0.21827]
[SST-5] Starting epoch 87...
[SST-5] Elapsed training time:2.50s
[SST-5] Starting validation...
[SST-5] Elapsed validation time:0.33s
[SST-5] [Epoch=087] Train Loss=[QuantLoss=0.02308]Val loss = [QuantLoss=0.04476][QuantReg:0.21737]
[SST-5] Starting epoch 88...
[SST-5] Elapsed training time:2.46s
[SST-5] Starting validation...
[SST-5] Elapsed validation time:0.33s
[SST-5] [Epoch=088] Train Loss=[QuantLoss=0.02447]Val loss = [QuantLoss=0.04113][QuantReg:0.21767]
[SST-5] Starting epoch 89...
[SST-5] Elapsed training time:2.44s
[SST-5] Starting validation...
[SST-5] Elapsed validation time:0.39s
[SST-5] [Epoch=089] Train Loss=[QuantLoss=0.02300]Val loss = [QuantLoss=0.04102][QuantReg:0.21804]
[SST-5] Starting epoch 90...
[SST-5] Elapsed training time:2.44s
[SST-5] Starting validation...
[SST-5] Elapsed validation time:0.39s
[SST-5] [Epoch=090] Train Loss=[QuantLoss=0.02468]Val loss = [QuantLoss=0.04478][QuantReg:0.22044]
[SST-5] Starting epoch 91...
[SST-5] Elapsed training time:2.47s
[SST-5] Starting validation...
[SST-5] Elapsed validation time:0.39s
[SST-5] [Epoch=091] Train Loss=[QuantLoss=0.02211]Val loss = [QuantLoss=0.04047][QuantReg:0.21802][saved best model in this epoch]
[SST-5] Starting epoch 92...
[SST-5] Elapsed training time:2.50s
[SST-5] Starting validation...
[SST-5] Elapsed validation time:0.38s
[SST-5] [Epoch=092] Train Loss=[QuantLoss=0.02229]Val loss = [QuantLoss=0.03954][QuantReg:0.21755][saved best model in this epoch]
[SST-5] Starting epoch 93...
[SST-5] Elapsed training time:2.51s
[SST-5] Starting validation...
[SST-5] Elapsed validation time:0.35s
[SST-5] [Epoch=093] Train Loss=[QuantLoss=0.02231]Val loss = [QuantLoss=0.04219][QuantReg:0.21675]
[SST-5] Starting epoch 94...
[SST-5] Elapsed training time:2.39s
[SST-5] Starting validation...
[SST-5] Elapsed validation time:0.35s
[SST-5] [Epoch=094] Train Loss=[QuantLoss=0.02226]Val loss = [QuantLoss=0.04254][QuantReg:0.21859]
[SST-5] Starting epoch 95...
[SST-5] Elapsed training time:2.42s
[SST-5] Starting validation...
[SST-5] Elapsed validation time:0.41s
[SST-5] [Epoch=095] Train Loss=[QuantLoss=0.02443]Val loss = [QuantLoss=0.04443][QuantReg:0.21932]
[SST-5] Starting epoch 96...
[SST-5] Elapsed training time:2.60s
[SST-5] Starting validation...
[SST-5] Elapsed validation time:0.41s
[SST-5] [Epoch=096] Train Loss=[QuantLoss=0.02219]Val loss = [QuantLoss=0.04491][QuantReg:0.21730]
[SST-5] Starting epoch 97...
[SST-5] Elapsed training time:2.36s
[SST-5] Starting validation...
[SST-5] Elapsed validation time:0.41s
[SST-5] [Epoch=097] Train Loss=[QuantLoss=0.02320]Val loss = [QuantLoss=0.03816][QuantReg:0.21770][saved best model in this epoch]
[SST-5] Starting epoch 98...
[SST-5] Elapsed training time:2.60s
[SST-5] Starting validation...
[SST-5] Elapsed validation time:0.41s
[SST-5] [Epoch=098] Train Loss=[QuantLoss=0.02423]Val loss = [QuantLoss=0.04233][QuantReg:0.21905]
[SST-5] Starting epoch 99...
[SST-5] Elapsed training time:2.40s
[SST-5] Starting validation...
[SST-5] Elapsed validation time:0.38s
[SST-5] [Epoch=099] Train Loss=[QuantLoss=0.02176]Val loss = [QuantLoss=0.03960][QuantReg:0.21688]
[SST-5] Starting epoch 100...
[SST-5] Elapsed training time:2.53s
[SST-5] Starting validation...
[SST-5] Elapsed validation time:0.37s
[SST-5] [Epoch=100] Train Loss=[QuantLoss=0.02253]Val loss = [QuantLoss=0.03934][QuantReg:0.21676]
[SST-5] Starting epoch 101...
[SST-5] Elapsed training time:2.48s
[SST-5] Starting validation...
[SST-5] Elapsed validation time:0.35s
[SST-5] [Epoch=101] Train Loss=[QuantLoss=0.02186]Val loss = [QuantLoss=0.04328][QuantReg:0.21999]
[SST-5] Starting epoch 102...
[SST-5] Elapsed training time:2.47s
[SST-5] Starting validation...
[SST-5] Elapsed validation time:0.34s
[SST-5] [Epoch=102] Train Loss=[QuantLoss=0.02346]Val loss = [QuantLoss=0.04192][QuantReg:0.21726]
[SST-5] Starting epoch 103...
[SST-5] Elapsed training time:2.43s
[SST-5] Starting validation...
[SST-5] Elapsed validation time:0.39s
[SST-5] [Epoch=103] Train Loss=[QuantLoss=0.02286]Val loss = [QuantLoss=0.04314][QuantReg:0.21833]
[SST-5] Starting epoch 104...
[SST-5] Elapsed training time:2.52s
[SST-5] Starting validation...
[SST-5] Elapsed validation time:0.42s
[SST-5] [Epoch=104] Train Loss=[QuantLoss=0.02244]Val loss = [QuantLoss=0.04175][QuantReg:0.21702]
[SST-5] Starting epoch 105...
[SST-5] Elapsed training time:2.34s
[SST-5] Starting validation...
[SST-5] Elapsed validation time:0.39s
[SST-5] [Epoch=105] Train Loss=[QuantLoss=0.02203]Val loss = [QuantLoss=0.04097][QuantReg:0.21690]
[SST-5] Starting epoch 106...
[SST-5] Elapsed training time:2.42s
[SST-5] Starting validation...
[SST-5] Elapsed validation time:0.39s
[SST-5] [Epoch=106] Train Loss=[QuantLoss=0.02489]Val loss = [QuantLoss=0.03962][QuantReg:0.21800]
[SST-5] Starting epoch 107...
[SST-5] Elapsed training time:2.49s
[SST-5] Starting validation...
[SST-5] Elapsed validation time:0.42s
[SST-5] [Epoch=107] Train Loss=[QuantLoss=0.02108]Val loss = [QuantLoss=0.04268][QuantReg:0.21613]
[SST-5] Starting epoch 108...
[SST-5] Elapsed training time:2.41s
[SST-5] Starting validation...
[SST-5] Elapsed validation time:0.39s
[SST-5] [Epoch=108] Train Loss=[QuantLoss=0.02464]Val loss = [QuantLoss=0.04600][QuantReg:0.21847]
[SST-5] Starting epoch 109...
[SST-5] Elapsed training time:2.40s
[SST-5] Starting validation...
[SST-5] Elapsed validation time:0.39s
[SST-5] [Epoch=109] Train Loss=[QuantLoss=0.02330]Val loss = [QuantLoss=0.04261][QuantReg:0.21807]
[SST-5] Starting epoch 110...
[SST-5] Elapsed training time:2.39s
[SST-5] Starting validation...
[SST-5] Elapsed validation time:0.38s
[SST-5] [Epoch=110] Train Loss=[QuantLoss=0.02205]Val loss = [QuantLoss=0.03737][QuantReg:0.21814][saved best model in this epoch]
[SST-5] Starting epoch 111...
[SST-5] Elapsed training time:2.55s
[SST-5] Starting validation...
[SST-5] Elapsed validation time:0.39s
[SST-5] [Epoch=111] Train Loss=[QuantLoss=0.02029]Val loss = [QuantLoss=0.03740][QuantReg:0.21859]
[SST-5] Starting epoch 112...
[SST-5] Elapsed training time:2.34s
[SST-5] Starting validation...
[SST-5] Elapsed validation time:0.47s
[SST-5] [Epoch=112] Train Loss=[QuantLoss=0.02177]Val loss = [QuantLoss=0.03894][QuantReg:0.21758]
[SST-5] Starting epoch 113...
[SST-5] Elapsed training time:2.43s
[SST-5] Starting validation...
[SST-5] Elapsed validation time:0.35s
[SST-5] [Epoch=113] Train Loss=[QuantLoss=0.02240]Val loss = [QuantLoss=0.04560][QuantReg:0.21903]
[SST-5] Starting epoch 114...
[SST-5] Elapsed training time:2.57s
[SST-5] Starting validation...
[SST-5] Elapsed validation time:0.33s
[SST-5] [Epoch=114] Train Loss=[QuantLoss=0.02330]Val loss = [QuantLoss=0.03939][QuantReg:0.21861]
[SST-5] Starting epoch 115...
[SST-5] Elapsed training time:2.48s
[SST-5] Starting validation...
[SST-5] Elapsed validation time:0.30s
[SST-5] [Epoch=115] Train Loss=[QuantLoss=0.02232]Val loss = [QuantLoss=0.04391][QuantReg:0.21777]
[SST-5] Starting epoch 116...
[SST-5] Elapsed training time:2.51s
[SST-5] Starting validation...
[SST-5] Elapsed validation time:0.30s
[SST-5] [Epoch=116] Train Loss=[QuantLoss=0.02260]Val loss = [QuantLoss=0.04620][QuantReg:0.21693]
[SST-5] Starting epoch 117...
[SST-5] Elapsed training time:2.46s
[SST-5] Starting validation...
[SST-5] Elapsed validation time:0.31s
[SST-5] [Epoch=117] Train Loss=[QuantLoss=0.02216]Val loss = [QuantLoss=0.04095][QuantReg:0.21693]
[SST-5] Starting epoch 118...
[SST-5] Elapsed training time:2.36s
[SST-5] Starting validation...
[SST-5] Elapsed validation time:0.29s
[SST-5] [Epoch=118] Train Loss=[QuantLoss=0.02247]Val loss = [QuantLoss=0.04229][QuantReg:0.21581]
[SST-5] Starting epoch 119...
[SST-5] Elapsed training time:2.43s
[SST-5] Starting validation...
[SST-5] Elapsed validation time:0.34s
[SST-5] [Epoch=119] Train Loss=[QuantLoss=0.02106]Val loss = [QuantLoss=0.04507][QuantReg:0.21771]
[SST-5] Starting epoch 120...
[SST-5] Elapsed training time:2.38s
[SST-5] Starting validation...
[SST-5] Elapsed validation time:0.28s
[SST-5] [Epoch=120] Train Loss=[QuantLoss=0.02052]Val loss = [QuantLoss=0.04044][QuantReg:0.21679]
[SST-5] Starting epoch 121...
[SST-5] Elapsed training time:2.48s
[SST-5] Starting validation...
[SST-5] Elapsed validation time:0.31s
[SST-5] [Epoch=121] Train Loss=[QuantLoss=0.02210]Val loss = [QuantLoss=0.04001][QuantReg:0.21718]
[SST-5] Starting epoch 122...
[SST-5] Elapsed training time:2.43s
[SST-5] Starting validation...
[SST-5] Elapsed validation time:0.29s
[SST-5] [Epoch=122] Train Loss=[QuantLoss=0.02163]Val loss = [QuantLoss=0.03974][QuantReg:0.21810]
[SST-5] Starting epoch 123...
[SST-5] Elapsed training time:2.41s
[SST-5] Starting validation...
[SST-5] Elapsed validation time:0.28s
[SST-5] [Epoch=123] Train Loss=[QuantLoss=0.02186]Val loss = [QuantLoss=0.04452][QuantReg:0.22036]
[SST-5] Starting epoch 124...
[SST-5] Elapsed training time:2.53s
[SST-5] Starting validation...
[SST-5] Elapsed validation time:0.31s
[SST-5] [Epoch=124] Train Loss=[QuantLoss=0.02048]Val loss = [QuantLoss=0.03778][QuantReg:0.21742]
[SST-5] Starting epoch 125...
[SST-5] Elapsed training time:2.47s
[SST-5] Starting validation...
[SST-5] Elapsed validation time:0.35s
[SST-5] [Epoch=125] Train Loss=[QuantLoss=0.02083]Val loss = [QuantLoss=0.04405][QuantReg:0.21715]
[SST-5] Starting epoch 126...
[SST-5] Elapsed training time:2.60s
[SST-5] Starting validation...
[SST-5] Elapsed validation time:0.31s
[SST-5] [Epoch=126] Train Loss=[QuantLoss=0.02239]Val loss = [QuantLoss=0.04257][QuantReg:0.21566]
[SST-5] Starting epoch 127...
[SST-5] Elapsed training time:2.52s
[SST-5] Starting validation...
[SST-5] Elapsed validation time:0.34s
[SST-5] [Epoch=127] Train Loss=[QuantLoss=0.02139]Val loss = [QuantLoss=0.04610][QuantReg:0.21747]
[SST-5] Starting epoch 128...
[SST-5] Elapsed training time:2.58s
[SST-5] Starting validation...
[SST-5] Elapsed validation time:0.26s
[SST-5] [Epoch=128] Train Loss=[QuantLoss=0.02380]Val loss = [QuantLoss=0.04702][QuantReg:0.21701]
[SST-5] Starting epoch 129...
[SST-5] Elapsed training time:2.63s
[SST-5] Starting validation...
[SST-5] Elapsed validation time:0.33s
[SST-5] [Epoch=129] Train Loss=[QuantLoss=0.01993]Val loss = [QuantLoss=0.04080][QuantReg:0.21674]
[SST-5] Starting epoch 130...
[SST-5] Elapsed training time:2.56s
[SST-5] Starting validation...
[SST-5] Elapsed validation time:0.30s
[SST-5] [Epoch=130] Train Loss=[QuantLoss=0.02038]Val loss = [QuantLoss=0.04041][QuantReg:0.21769]
[SST-5] Starting epoch 131...
[SST-5] Elapsed training time:2.51s
[SST-5] Starting validation...
[SST-5] Elapsed validation time:0.27s
[SST-5] [Epoch=131] Train Loss=[QuantLoss=0.02260]Val loss = [QuantLoss=0.03892][QuantReg:0.21568]
[SST-5] Early stopping in epoch 131!
[SST-5] Restoring best model...
MAE médio: 0.1110 ± 0.0426
Tempo de execução (L1 easiest): 376 segundos.
Tempo total de execução: 1404 segundos.
=== Todas as execuções do SST-5 foram concluídas. ===
