=== Apagando modelos salvos do Yelp ===
Modelos do Yelp apagados com sucesso.
/home/nildaimon/anaconda3/envs/gpu-gmnet/lib/python3.9/site-packages/pandas/core/computation/expressions.py:21: UserWarning: Pandas requires version '2.8.4' or newer of 'numexpr' (version '2.7.3' currently installed).
  from pandas.core.computation.check import NUMEXPR_INSTALLED
/home/nildaimon/anaconda3/envs/gpu-gmnet/lib/python3.9/site-packages/pandas/core/arrays/masked.py:60: UserWarning: Pandas requires version '1.3.6' or newer of 'bottleneck' (version '1.3.2' currently installed).
  from pandas.core import (
Dataset: yelp
Dificuldade: None, modo: None, top_k: None
Dispositivo de treino: cuda
Baixando Yelp Review Full do Hugging Face...
Carregando embeddings do cache...
/home/nildaimon/gmnet/experiments/train_curl/train_yelp.py:108: FutureWarning: You are using `torch.load` with `weights_only=False` (the current default value), which uses the default pickle module implicitly. It is possible to construct malicious pickle data which will execute arbitrary code during unpickling (See https://github.com/pytorch/pytorch/blob/main/SECURITY.md#untrusted-models for more details). In a future release, the default value for `weights_only` will be flipped to `True`. This limits the functions that could be executed during unpickling. Arbitrary objects will no longer be allowed to be loaded via this mode unless they are explicitly allowlisted by the user via `torch.serialization.add_safe_globals`. We recommend you start setting `weights_only=True` for any use case where you don't have full control of the loaded file. Please open an issue on GitHub for any issues related to this experimental feature.
  embeddings = torch.load(EMBEDDING_CACHE)
/home/nildaimon/gmnet/experiments/train_curl/train_yelp.py:109: FutureWarning: You are using `torch.load` with `weights_only=False` (the current default value), which uses the default pickle module implicitly. It is possible to construct malicious pickle data which will execute arbitrary code during unpickling (See https://github.com/pytorch/pytorch/blob/main/SECURITY.md#untrusted-models for more details). In a future release, the default value for `weights_only` will be flipped to `True`. This limits the functions that could be executed during unpickling. Arbitrary objects will no longer be allowed to be loaded via this mode unless they are explicitly allowlisted by the user via `torch.serialization.add_safe_globals`. We recommend you start setting `weights_only=True` for any use case where you don't have full control of the loaded file. Please open an issue on GitHub for any issues related to this experimental feature.
  labels = torch.load(LABELS_CACHE)
Ignoring val_split as train and val datasets where given to fit function
We have two datasets: training 5390000 examples. validation 300000 examples.]
Using device cuda
/home/nildaimon/anaconda3/envs/gpu-gmnet/lib/python3.9/site-packages/torch/optim/lr_scheduler.py:62: UserWarning: The verbose parameter is deprecated. Please use get_last_lr() to access the learning rate.
  warnings.warn(
/home/nildaimon/gmnet/dlquantification/main.py:835: FutureWarning: `torch.cuda.amp.GradScaler(args...)` is deprecated. Please use `torch.amp.GradScaler('cuda', args...)` instead.
  scaler = torch.cuda.amp.GradScaler(enabled=self.use_fp16)
[Yelp] Starting epoch 0...
/home/nildaimon/gmnet/dlquantification/main.py:888: FutureWarning: `torch.cuda.amp.autocast(args...)` is deprecated. Please use `torch.amp.autocast('cuda', args...)` instead.
  with torch.cuda.amp.autocast(enabled=self.use_fp16):
[Yelp] Elapsed training time:38.16s
[Yelp] Starting validation...
[Yelp] Elapsed validation time:2.35s
[Yelp] [Epoch=000] Train Loss=[QuantLoss=0.07537]Val loss = [QuantLoss=0.04988][QuantReg:0.49966][saved best model in this epoch]
[Yelp] Starting epoch 1...
[Yelp] Elapsed training time:38.19s
[Yelp] Starting validation...
[Yelp] Elapsed validation time:2.30s
[Yelp] [Epoch=001] Train Loss=[QuantLoss=0.04189]Val loss = [QuantLoss=0.05874][QuantReg:0.42405]
[Yelp] Starting epoch 2...
[Yelp] Elapsed training time:38.48s
[Yelp] Starting validation...
[Yelp] Elapsed validation time:2.42s
[Yelp] [Epoch=002] Train Loss=[QuantLoss=0.05015]Val loss = [QuantLoss=0.03881][QuantReg:0.39317][saved best model in this epoch]
[Yelp] Starting epoch 3...
[Yelp] Elapsed training time:38.74s
[Yelp] Starting validation...
[Yelp] Elapsed validation time:2.40s
[Yelp] [Epoch=003] Train Loss=[QuantLoss=0.04006]Val loss = [QuantLoss=0.03877][QuantReg:0.37800][saved best model in this epoch]
[Yelp] Starting epoch 4...
[Yelp] Elapsed training time:38.85s
[Yelp] Starting validation...
[Yelp] Elapsed validation time:2.31s
[Yelp] [Epoch=004] Train Loss=[QuantLoss=0.03779]Val loss = [QuantLoss=0.03740][QuantReg:0.37024][saved best model in this epoch]
[Yelp] Starting epoch 5...
[Yelp] Elapsed training time:38.83s
[Yelp] Starting validation...
[Yelp] Elapsed validation time:2.31s
[Yelp] [Epoch=005] Train Loss=[QuantLoss=0.03984]Val loss = [QuantLoss=0.03246][QuantReg:0.34113][saved best model in this epoch]
[Yelp] Starting epoch 6...
[Yelp] Elapsed training time:38.85s
[Yelp] Starting validation...
[Yelp] Elapsed validation time:2.22s
[Yelp] [Epoch=006] Train Loss=[QuantLoss=0.04124]Val loss = [QuantLoss=0.03549][QuantReg:0.32997]
[Yelp] Starting epoch 7...
[Yelp] Elapsed training time:38.76s
[Yelp] Starting validation...
[Yelp] Elapsed validation time:2.28s
[Yelp] [Epoch=007] Train Loss=[QuantLoss=0.03735]Val loss = [QuantLoss=0.04047][QuantReg:0.33713]
[Yelp] Starting epoch 8...
[Yelp] Elapsed training time:38.66s
[Yelp] Starting validation...
[Yelp] Elapsed validation time:2.28s
[Yelp] [Epoch=008] Train Loss=[QuantLoss=0.03766]Val loss = [QuantLoss=0.04004][QuantReg:0.34172]
[Yelp] Starting epoch 9...
[Yelp] Elapsed training time:38.90s
[Yelp] Starting validation...
[Yelp] Elapsed validation time:2.34s
[Yelp] [Epoch=009] Train Loss=[QuantLoss=0.04249]Val loss = [QuantLoss=0.02994][QuantReg:0.34908][saved best model in this epoch]
[Yelp] Starting epoch 10...
[Yelp] Elapsed training time:38.81s
[Yelp] Starting validation...
[Yelp] Elapsed validation time:2.28s
[Yelp] [Epoch=010] Train Loss=[QuantLoss=0.03715]Val loss = [QuantLoss=0.03297][QuantReg:0.34236]
[Yelp] Starting epoch 11...
[Yelp] Elapsed training time:38.75s
[Yelp] Starting validation...
[Yelp] Elapsed validation time:2.26s
[Yelp] [Epoch=011] Train Loss=[QuantLoss=0.03571]Val loss = [QuantLoss=0.03269][QuantReg:0.34538]
[Yelp] Starting epoch 12...
[Yelp] Elapsed training time:38.86s
[Yelp] Starting validation...
[Yelp] Elapsed validation time:2.23s
[Yelp] [Epoch=012] Train Loss=[QuantLoss=0.03770]Val loss = [QuantLoss=0.03056][QuantReg:0.33919]
[Yelp] Starting epoch 13...
[Yelp] Elapsed training time:38.74s
[Yelp] Starting validation...
[Yelp] Elapsed validation time:2.44s
[Yelp] [Epoch=013] Train Loss=[QuantLoss=0.03446]Val loss = [QuantLoss=0.03046][QuantReg:0.33400]
[Yelp] Starting epoch 14...
[Yelp] Elapsed training time:38.76s
[Yelp] Starting validation...
[Yelp] Elapsed validation time:2.50s
[Yelp] [Epoch=014] Train Loss=[QuantLoss=0.03665]Val loss = [QuantLoss=0.03366][QuantReg:0.32257]
[Yelp] Starting epoch 15...
[Yelp] Elapsed training time:38.78s
[Yelp] Starting validation...
[Yelp] Elapsed validation time:2.22s
[Yelp] [Epoch=015] Train Loss=[QuantLoss=0.03442]Val loss = [QuantLoss=0.03047][QuantReg:0.31420]
[Yelp] Starting epoch 16...
[Yelp] Elapsed training time:38.76s
[Yelp] Starting validation...
[Yelp] Elapsed validation time:2.28s
[Yelp] [Epoch=016] Train Loss=[QuantLoss=0.03541]Val loss = [QuantLoss=0.04507][QuantReg:0.30319]
[Yelp] Starting epoch 17...
[Yelp] Elapsed training time:38.70s
[Yelp] Starting validation...
[Yelp] Elapsed validation time:2.53s
[Yelp] [Epoch=017] Train Loss=[QuantLoss=0.03793]Val loss = [QuantLoss=0.03799][QuantReg:0.30801]
[Yelp] Starting epoch 18...
[Yelp] Elapsed training time:38.90s
[Yelp] Starting validation...
[Yelp] Elapsed validation time:2.29s
[Yelp] [Epoch=018] Train Loss=[QuantLoss=0.03409]Val loss = [QuantLoss=0.02815][QuantReg:0.29802][saved best model in this epoch]
[Yelp] Starting epoch 19...
[Yelp] Elapsed training time:38.85s
[Yelp] Starting validation...
[Yelp] Elapsed validation time:2.56s
[Yelp] [Epoch=019] Train Loss=[QuantLoss=0.03800]Val loss = [QuantLoss=0.03522][QuantReg:0.29060]
[Yelp] Starting epoch 20...
[Yelp] Elapsed training time:38.83s
[Yelp] Starting validation...
[Yelp] Elapsed validation time:2.24s
[Yelp] [Epoch=020] Train Loss=[QuantLoss=0.03659]Val loss = [QuantLoss=0.03216][QuantReg:0.28462]
[Yelp] Starting epoch 21...
[Yelp] Elapsed training time:38.85s
[Yelp] Starting validation...
[Yelp] Elapsed validation time:2.39s
[Yelp] [Epoch=021] Train Loss=[QuantLoss=0.03631]Val loss = [QuantLoss=0.03451][QuantReg:0.28372]
[Yelp] Starting epoch 22...
[Yelp] Elapsed training time:38.77s
[Yelp] Starting validation...
[Yelp] Elapsed validation time:2.37s
[Yelp] [Epoch=022] Train Loss=[QuantLoss=0.03971]Val loss = [QuantLoss=0.03469][QuantReg:0.28712]
[Yelp] Starting epoch 23...
[Yelp] Elapsed training time:38.75s
[Yelp] Starting validation...
[Yelp] Elapsed validation time:2.37s
[Yelp] [Epoch=023] Train Loss=[QuantLoss=0.03353]Val loss = [QuantLoss=0.02901][QuantReg:0.29854]
[Yelp] Starting epoch 24...
[Yelp] Elapsed training time:38.88s
[Yelp] Starting validation...
[Yelp] Elapsed validation time:2.31s
[Yelp] [Epoch=024] Train Loss=[QuantLoss=0.03544]Val loss = [QuantLoss=0.02858][QuantReg:0.29647]
[Yelp] Starting epoch 25...
[Yelp] Elapsed training time:38.62s
[Yelp] Starting validation...
[Yelp] Elapsed validation time:2.26s
[Yelp] [Epoch=025] Train Loss=[QuantLoss=0.03699]Val loss = [QuantLoss=0.02778][QuantReg:0.29848][saved best model in this epoch]
[Yelp] Starting epoch 26...
[Yelp] Elapsed training time:38.95s
[Yelp] Starting validation...
[Yelp] Elapsed validation time:2.51s
[Yelp] [Epoch=026] Train Loss=[QuantLoss=0.03869]Val loss = [QuantLoss=0.03468][QuantReg:0.31302]
[Yelp] Starting epoch 27...
[Yelp] Elapsed training time:39.02s
[Yelp] Starting validation...
[Yelp] Elapsed validation time:2.36s
[Yelp] [Epoch=027] Train Loss=[QuantLoss=0.03967]Val loss = [QuantLoss=0.02971][QuantReg:0.30632]
[Yelp] Starting epoch 28...
[Yelp] Elapsed training time:39.07s
[Yelp] Starting validation...
[Yelp] Elapsed validation time:2.35s
[Yelp] [Epoch=028] Train Loss=[QuantLoss=0.03234]Val loss = [QuantLoss=0.03904][QuantReg:0.29688]
[Yelp] Starting epoch 29...
[Yelp] Elapsed training time:38.91s
[Yelp] Starting validation...
[Yelp] Elapsed validation time:2.34s
[Yelp] [Epoch=029] Train Loss=[QuantLoss=0.03674]Val loss = [QuantLoss=0.03286][QuantReg:0.29452]
[Yelp] Starting epoch 30...
[Yelp] Elapsed training time:38.80s
[Yelp] Starting validation...
[Yelp] Elapsed validation time:2.43s
[Yelp] [Epoch=030] Train Loss=[QuantLoss=0.03441]Val loss = [QuantLoss=0.03860][QuantReg:0.29405]
[Yelp] Starting epoch 31...
[Yelp] Elapsed training time:38.89s
[Yelp] Starting validation...
[Yelp] Elapsed validation time:2.48s
[Yelp] [Epoch=031] Train Loss=[QuantLoss=0.03521]Val loss = [QuantLoss=0.02820][QuantReg:0.29485]
[Yelp] Starting epoch 32...
[Yelp] Elapsed training time:38.87s
[Yelp] Starting validation...
[Yelp] Elapsed validation time:2.22s
[Yelp] [Epoch=032] Train Loss=[QuantLoss=0.03402]Val loss = [QuantLoss=0.03674][QuantReg:0.29991]
[Yelp] Starting epoch 33...
[Yelp] Elapsed training time:38.67s
[Yelp] Starting validation...
[Yelp] Elapsed validation time:2.35s
[Yelp] [Epoch=033] Train Loss=[QuantLoss=0.03204]Val loss = [QuantLoss=0.03433][QuantReg:0.30650]
[Yelp] Starting epoch 34...
[Yelp] Elapsed training time:38.78s
[Yelp] Starting validation...
[Yelp] Elapsed validation time:2.31s
[Yelp] [Epoch=034] Train Loss=[QuantLoss=0.03282]Val loss = [QuantLoss=0.03076][QuantReg:0.31701]
[Yelp] Starting epoch 35...
[Yelp] Elapsed training time:38.74s
[Yelp] Starting validation...
[Yelp] Elapsed validation time:2.23s
[Yelp] [Epoch=035] Train Loss=[QuantLoss=0.03467]Val loss = [QuantLoss=0.02704][QuantReg:0.30345][saved best model in this epoch]
[Yelp] Starting epoch 36...
[Yelp] Elapsed training time:38.90s
[Yelp] Starting validation...
[Yelp] Elapsed validation time:2.37s
[Yelp] [Epoch=036] Train Loss=[QuantLoss=0.03520]Val loss = [QuantLoss=0.02926][QuantReg:0.29729]
[Yelp] Starting epoch 37...
[Yelp] Elapsed training time:39.05s
[Yelp] Starting validation...
[Yelp] Elapsed validation time:2.60s
[Yelp] [Epoch=037] Train Loss=[QuantLoss=0.03502]Val loss = [QuantLoss=0.04524][QuantReg:0.30520]
[Yelp] Starting epoch 38...
[Yelp] Elapsed training time:39.01s
[Yelp] Starting validation...
[Yelp] Elapsed validation time:2.41s
[Yelp] [Epoch=038] Train Loss=[QuantLoss=0.03231]Val loss = [QuantLoss=0.04133][QuantReg:0.30907]
[Yelp] Starting epoch 39...
[Yelp] Elapsed training time:39.21s
[Yelp] Starting validation...
[Yelp] Elapsed validation time:2.23s
[Yelp] [Epoch=039] Train Loss=[QuantLoss=0.03426]Val loss = [QuantLoss=0.05572][QuantReg:0.31147]
[Yelp] Starting epoch 40...
[Yelp] Elapsed training time:38.67s
[Yelp] Starting validation...
[Yelp] Elapsed validation time:2.55s
[Yelp] [Epoch=040] Train Loss=[QuantLoss=0.04445]Val loss = [QuantLoss=0.03040][QuantReg:0.31980]
[Yelp] Starting epoch 41...
[Yelp] Elapsed training time:38.77s
[Yelp] Starting validation...
[Yelp] Elapsed validation time:2.25s
[Yelp] [Epoch=041] Train Loss=[QuantLoss=0.03196]Val loss = [QuantLoss=0.04477][QuantReg:0.31978]
[Yelp] Starting epoch 42...
[Yelp] Elapsed training time:38.84s
[Yelp] Starting validation...
[Yelp] Elapsed validation time:2.38s
[Yelp] [Epoch=042] Train Loss=[QuantLoss=0.03094]Val loss = [QuantLoss=0.03916][QuantReg:0.31747]
[Yelp] Starting epoch 43...
[Yelp] Elapsed training time:38.62s
[Yelp] Starting validation...
[Yelp] Elapsed validation time:2.46s
[Yelp] [Epoch=043] Train Loss=[QuantLoss=0.03370]Val loss = [QuantLoss=0.03395][QuantReg:0.32090]
[Yelp] Starting epoch 44...
[Yelp] Elapsed training time:39.01s
[Yelp] Starting validation...
[Yelp] Elapsed validation time:2.31s
[Yelp] [Epoch=044] Train Loss=[QuantLoss=0.03200]Val loss = [QuantLoss=0.04091][QuantReg:0.32979]
[Yelp] Starting epoch 45...
[Yelp] Elapsed training time:38.87s
[Yelp] Starting validation...
[Yelp] Elapsed validation time:2.29s
[Yelp] [Epoch=045] Train Loss=[QuantLoss=0.03707]Val loss = [QuantLoss=0.02783][QuantReg:0.32722]
[Yelp] Starting epoch 46...
[Yelp] Elapsed training time:38.68s
[Yelp] Starting validation...
[Yelp] Elapsed validation time:2.37s
[Yelp] [Epoch=046] Train Loss=[QuantLoss=0.03633]Val loss = [QuantLoss=0.03025][QuantReg:0.33072]
[Yelp] Starting epoch 47...
[Yelp] Elapsed training time:38.95s
[Yelp] Starting validation...
[Yelp] Elapsed validation time:2.39s
[Yelp] [Epoch=047] Train Loss=[QuantLoss=0.03479]Val loss = [QuantLoss=0.02611][QuantReg:0.32716][saved best model in this epoch]
[Yelp] Starting epoch 48...
[Yelp] Elapsed training time:38.83s
[Yelp] Starting validation...
[Yelp] Elapsed validation time:2.23s
[Yelp] [Epoch=048] Train Loss=[QuantLoss=0.03261]Val loss = [QuantLoss=0.03088][QuantReg:0.32549]
[Yelp] Starting epoch 49...
[Yelp] Elapsed training time:38.83s
[Yelp] Starting validation...
[Yelp] Elapsed validation time:2.37s
[Yelp] [Epoch=049] Train Loss=[QuantLoss=0.03490]Val loss = [QuantLoss=0.03013][QuantReg:0.32083]
[Yelp] Starting epoch 50...
[Yelp] Elapsed training time:38.96s
[Yelp] Starting validation...
[Yelp] Elapsed validation time:2.43s
[Yelp] [Epoch=050] Train Loss=[QuantLoss=0.03186]Val loss = [QuantLoss=0.03553][QuantReg:0.32363]
[Yelp] Starting epoch 51...
[Yelp] Elapsed training time:38.82s
[Yelp] Starting validation...
[Yelp] Elapsed validation time:2.31s
[Yelp] [Epoch=051] Train Loss=[QuantLoss=0.03275]Val loss = [QuantLoss=0.02740][QuantReg:0.33596]
[Yelp] Starting epoch 52...
[Yelp] Elapsed training time:38.84s
[Yelp] Starting validation...
[Yelp] Elapsed validation time:2.22s
[Yelp] [Epoch=052] Train Loss=[QuantLoss=0.03206]Val loss = [QuantLoss=0.03142][QuantReg:0.34106]
[Yelp] Starting epoch 53...
[Yelp] Elapsed training time:38.76s
[Yelp] Starting validation...
[Yelp] Elapsed validation time:2.39s
[Yelp] [Epoch=053] Train Loss=[QuantLoss=0.03001]Val loss = [QuantLoss=0.06805][QuantReg:0.34072]
[Yelp] Starting epoch 54...
[Yelp] Elapsed training time:38.71s
[Yelp] Starting validation...
[Yelp] Elapsed validation time:2.44s
[Yelp] [Epoch=054] Train Loss=[QuantLoss=0.03428]Val loss = [QuantLoss=0.02960][QuantReg:0.34370]
[Yelp] Starting epoch 55...
[Yelp] Elapsed training time:38.86s
[Yelp] Starting validation...
[Yelp] Elapsed validation time:2.32s
[Yelp] [Epoch=055] Train Loss=[QuantLoss=0.03465]Val loss = [QuantLoss=0.03417][QuantReg:0.34496]
[Yelp] Starting epoch 56...
[Yelp] Elapsed training time:38.83s
[Yelp] Starting validation...
[Yelp] Elapsed validation time:2.35s
[Yelp] [Epoch=056] Train Loss=[QuantLoss=0.03167]Val loss = [QuantLoss=0.02830][QuantReg:0.35131]
[Yelp] Starting epoch 57...
[Yelp] Elapsed training time:38.68s
[Yelp] Starting validation...
[Yelp] Elapsed validation time:2.35s
[Yelp] [Epoch=057] Train Loss=[QuantLoss=0.03680]Val loss = [QuantLoss=0.03652][QuantReg:0.35012]
[Yelp] Starting epoch 58...
[Yelp] Elapsed training time:38.77s
[Yelp] Starting validation...
[Yelp] Elapsed validation time:2.34s
[Yelp] [Epoch=058] Train Loss=[QuantLoss=0.03086]Val loss = [QuantLoss=0.02683][QuantReg:0.34254]
[Yelp] Starting epoch 59...
[Yelp] Elapsed training time:38.73s
[Yelp] Starting validation...
[Yelp] Elapsed validation time:2.52s
[Yelp] [Epoch=059] Train Loss=[QuantLoss=0.02920]Val loss = [QuantLoss=0.02781][QuantReg:0.33814]
[Yelp] Starting epoch 60...
[Yelp] Elapsed training time:38.85s
[Yelp] Starting validation...
[Yelp] Elapsed validation time:2.38s
[Yelp] [Epoch=060] Train Loss=[QuantLoss=0.02954]Val loss = [QuantLoss=0.02395][QuantReg:0.33636][saved best model in this epoch]
[Yelp] Starting epoch 61...
[Yelp] Elapsed training time:38.76s
[Yelp] Starting validation...
[Yelp] Elapsed validation time:2.32s
[Yelp] [Epoch=061] Train Loss=[QuantLoss=0.03306]Val loss = [QuantLoss=0.02507][QuantReg:0.33839]
[Yelp] Starting epoch 62...
[Yelp] Elapsed training time:38.78s
[Yelp] Starting validation...
[Yelp] Elapsed validation time:2.46s
[Yelp] [Epoch=062] Train Loss=[QuantLoss=0.03228]Val loss = [QuantLoss=0.03526][QuantReg:0.33652]
[Yelp] Starting epoch 63...
[Yelp] Elapsed training time:38.89s
[Yelp] Starting validation...
[Yelp] Elapsed validation time:2.31s
[Yelp] [Epoch=063] Train Loss=[QuantLoss=0.03296]Val loss = [QuantLoss=0.02820][QuantReg:0.33638]
[Yelp] Starting epoch 64...
[Yelp] Elapsed training time:38.97s
[Yelp] Starting validation...
[Yelp] Elapsed validation time:2.43s
[Yelp] [Epoch=064] Train Loss=[QuantLoss=0.03062]Val loss = [QuantLoss=0.02646][QuantReg:0.33634]
[Yelp] Starting epoch 65...
[Yelp] Elapsed training time:38.74s
[Yelp] Starting validation...
[Yelp] Elapsed validation time:2.39s
[Yelp] [Epoch=065] Train Loss=[QuantLoss=0.02874]Val loss = [QuantLoss=0.03423][QuantReg:0.33583]
[Yelp] Starting epoch 66...
[Yelp] Elapsed training time:38.78s
[Yelp] Starting validation...
[Yelp] Elapsed validation time:2.44s
[Yelp] [Epoch=066] Train Loss=[QuantLoss=0.03248]Val loss = [QuantLoss=0.03072][QuantReg:0.33098]
[Yelp] Starting epoch 67...
[Yelp] Elapsed training time:38.90s
[Yelp] Starting validation...
[Yelp] Elapsed validation time:2.43s
[Yelp] [Epoch=067] Train Loss=[QuantLoss=0.03506]Val loss = [QuantLoss=0.03268][QuantReg:0.33241]
[Yelp] Starting epoch 68...
[Yelp] Elapsed training time:38.83s
[Yelp] Starting validation...
[Yelp] Elapsed validation time:2.60s
[Yelp] [Epoch=068] Train Loss=[QuantLoss=0.03337]Val loss = [QuantLoss=0.03081][QuantReg:0.33774]
[Yelp] Starting epoch 69...
[Yelp] Elapsed training time:38.79s
[Yelp] Starting validation...
[Yelp] Elapsed validation time:2.50s
[Yelp] [Epoch=069] Train Loss=[QuantLoss=0.03379]Val loss = [QuantLoss=0.03301][QuantReg:0.33451]
[Yelp] Starting epoch 70...
[Yelp] Elapsed training time:38.86s
[Yelp] Starting validation...
[Yelp] Elapsed validation time:2.48s
[Yelp] [Epoch=070] Train Loss=[QuantLoss=0.03000]Val loss = [QuantLoss=0.04927][QuantReg:0.33200]
[Yelp] Starting epoch 71...
[Yelp] Elapsed training time:38.67s
[Yelp] Starting validation...
[Yelp] Elapsed validation time:2.34s
[Yelp] [Epoch=071] Train Loss=[QuantLoss=0.03828]Val loss = [QuantLoss=0.02878][QuantReg:0.32910]
[Yelp] Starting epoch 72...
[Yelp] Elapsed training time:38.81s
[Yelp] Starting validation...
[Yelp] Elapsed validation time:2.43s
[Yelp] [Epoch=072] Train Loss=[QuantLoss=0.03186]Val loss = [QuantLoss=0.02707][QuantReg:0.32983]
[Yelp] Starting epoch 73...
[Yelp] Elapsed training time:38.97s
[Yelp] Starting validation...
[Yelp] Elapsed validation time:2.33s
[Yelp] [Epoch=073] Train Loss=[QuantLoss=0.02801]Val loss = [QuantLoss=0.03077][QuantReg:0.32329]
[Yelp] Starting epoch 74...
[Yelp] Elapsed training time:38.91s
[Yelp] Starting validation...
[Yelp] Elapsed validation time:2.55s
[Yelp] [Epoch=074] Train Loss=[QuantLoss=0.03145]Val loss = [QuantLoss=0.02636][QuantReg:0.31974]
[Yelp] Starting epoch 75...
[Yelp] Elapsed training time:38.71s
[Yelp] Starting validation...
[Yelp] Elapsed validation time:2.47s
[Yelp] [Epoch=075] Train Loss=[QuantLoss=0.03359]Val loss = [QuantLoss=0.03907][QuantReg:0.32282]
[Yelp] Starting epoch 76...
[Yelp] Elapsed training time:38.89s
[Yelp] Starting validation...
[Yelp] Elapsed validation time:2.43s
[Yelp] [Epoch=076] Train Loss=[QuantLoss=0.02991]Val loss = [QuantLoss=0.03553][QuantReg:0.32382]
[Yelp] Starting epoch 77...
[Yelp] Elapsed training time:38.86s
[Yelp] Starting validation...
[Yelp] Elapsed validation time:2.45s
[Yelp] [Epoch=077] Train Loss=[QuantLoss=0.02968]Val loss = [QuantLoss=0.03100][QuantReg:0.32532]
[Yelp] Starting epoch 78...
[Yelp] Elapsed training time:38.77s
[Yelp] Starting validation...
[Yelp] Elapsed validation time:2.35s
[Yelp] [Epoch=078] Train Loss=[QuantLoss=0.03182]Val loss = [QuantLoss=0.02577][QuantReg:0.32891]
[Yelp] Starting epoch 79...
[Yelp] Elapsed training time:38.93s
[Yelp] Starting validation...
[Yelp] Elapsed validation time:2.41s
[Yelp] [Epoch=079] Train Loss=[QuantLoss=0.03437]Val loss = [QuantLoss=0.02800][QuantReg:0.33014]
[Yelp] Starting epoch 80...
[Yelp] Elapsed training time:38.77s
[Yelp] Starting validation...
[Yelp] Elapsed validation time:2.31s
[Yelp] [Epoch=080] Train Loss=[QuantLoss=0.03101]Val loss = [QuantLoss=0.02874][QuantReg:0.32936]
[Yelp] Starting epoch 81...
[Yelp] Elapsed training time:38.68s
[Yelp] Starting validation...
[Yelp] Elapsed validation time:2.35s
[Yelp] [Epoch=081] Train Loss=[QuantLoss=0.02929]Val loss = [QuantLoss=0.02506][QuantReg:0.33008]
[Yelp] Starting epoch 82...
[Yelp] Elapsed training time:38.88s
[Yelp] Starting validation...
[Yelp] Elapsed validation time:2.41s
[Yelp] [Epoch=082] Train Loss=[QuantLoss=0.02877]Val loss = [QuantLoss=0.02807][QuantReg:0.33225]
[Yelp] Starting epoch 83...
[Yelp] Elapsed training time:38.74s
[Yelp] Starting validation...
[Yelp] Elapsed validation time:2.39s
[Yelp] [Epoch=083] Train Loss=[QuantLoss=0.02665]Val loss = [QuantLoss=0.02667][QuantReg:0.33234]
[Yelp] Starting epoch 84...
[Yelp] Elapsed training time:39.02s
[Yelp] Starting validation...
[Yelp] Elapsed validation time:2.39s
[Yelp] [Epoch=084] Train Loss=[QuantLoss=0.02596]Val loss = [QuantLoss=0.02558][QuantReg:0.33255]
[Yelp] Starting epoch 85...
[Yelp] Elapsed training time:38.97s
[Yelp] Starting validation...
[Yelp] Elapsed validation time:2.53s
[Yelp] [Epoch=085] Train Loss=[QuantLoss=0.02729]Val loss = [QuantLoss=0.02643][QuantReg:0.33209]
[Yelp] Starting epoch 86...
[Yelp] Elapsed training time:38.94s
[Yelp] Starting validation...
[Yelp] Elapsed validation time:2.40s
[Yelp] [Epoch=086] Train Loss=[QuantLoss=0.02637]Val loss = [QuantLoss=0.02697][QuantReg:0.33209]
[Yelp] Starting epoch 87...
[Yelp] Elapsed training time:38.96s
[Yelp] Starting validation...
[Yelp] Elapsed validation time:2.35s
[Yelp] [Epoch=087] Train Loss=[QuantLoss=0.02581]Val loss = [QuantLoss=0.02468][QuantReg:0.33229]
[Yelp] Starting epoch 88...
[Yelp] Elapsed training time:38.95s
[Yelp] Starting validation...
[Yelp] Elapsed validation time:2.48s
[Yelp] [Epoch=088] Train Loss=[QuantLoss=0.02586]Val loss = [QuantLoss=0.02410][QuantReg:0.33290]
[Yelp] Starting epoch 89...
[Yelp] Elapsed training time:39.04s
[Yelp] Starting validation...
[Yelp] Elapsed validation time:2.44s
[Yelp] [Epoch=089] Train Loss=[QuantLoss=0.02693]Val loss = [QuantLoss=0.02418][QuantReg:0.33194]
[Yelp] Starting epoch 90...
[Yelp] Elapsed training time:39.05s
[Yelp] Starting validation...
[Yelp] Elapsed validation time:2.32s
[Yelp] [Epoch=090] Train Loss=[QuantLoss=0.02554]Val loss = [QuantLoss=0.02558][QuantReg:0.33175]
[Yelp] Starting epoch 91...
[Yelp] Elapsed training time:39.10s
[Yelp] Starting validation...
[Yelp] Elapsed validation time:2.30s
[Yelp] [Epoch=091] Train Loss=[QuantLoss=0.02738]Val loss = [QuantLoss=0.02591][QuantReg:0.33198]
[Yelp] Starting epoch 92...
[Yelp] Elapsed training time:38.88s
[Yelp] Starting validation...
[Yelp] Elapsed validation time:2.44s
[Yelp] [Epoch=092] Train Loss=[QuantLoss=0.02647]Val loss = [QuantLoss=0.02545][QuantReg:0.33204]
[Yelp] Starting epoch 93...
[Yelp] Elapsed training time:38.90s
[Yelp] Starting validation...
[Yelp] Elapsed validation time:2.32s
[Yelp] [Epoch=093] Train Loss=[QuantLoss=0.02753]Val loss = [QuantLoss=0.02479][QuantReg:0.33232]
[Yelp] Starting epoch 94...
[Yelp] Elapsed training time:38.89s
[Yelp] Starting validation...
[Yelp] Elapsed validation time:2.57s
[Yelp] [Epoch=094] Train Loss=[QuantLoss=0.02603]Val loss = [QuantLoss=0.02565][QuantReg:0.33160]
[Yelp] Starting epoch 95...
[Yelp] Elapsed training time:38.91s
[Yelp] Starting validation...
[Yelp] Elapsed validation time:2.30s
[Yelp] [Epoch=095] Train Loss=[QuantLoss=0.02802]Val loss = [QuantLoss=0.02708][QuantReg:0.33196]
[Yelp] Starting epoch 96...
[Yelp] Elapsed training time:38.84s
[Yelp] Starting validation...
[Yelp] Elapsed validation time:2.35s
[Yelp] [Epoch=096] Train Loss=[QuantLoss=0.02586]Val loss = [QuantLoss=0.02536][QuantReg:0.33176]
[Yelp] Starting epoch 97...
[Yelp] Elapsed training time:38.82s
[Yelp] Starting validation...
[Yelp] Elapsed validation time:2.45s
[Yelp] [Epoch=097] Train Loss=[QuantLoss=0.02615]Val loss = [QuantLoss=0.02572][QuantReg:0.33197]
[Yelp] Starting epoch 98...
[Yelp] Elapsed training time:39.02s
[Yelp] Starting validation...
[Yelp] Elapsed validation time:2.32s
[Yelp] [Epoch=098] Train Loss=[QuantLoss=0.02527]Val loss = [QuantLoss=0.02502][QuantReg:0.33177]
[Yelp] Starting epoch 99...
[Yelp] Elapsed training time:38.82s
[Yelp] Starting validation...
[Yelp] Elapsed validation time:2.32s
[Yelp] [Epoch=099] Train Loss=[QuantLoss=0.02695]Val loss = [QuantLoss=0.02650][QuantReg:0.33177]
[Yelp] Starting epoch 100...
[Yelp] Elapsed training time:38.88s
[Yelp] Starting validation...
[Yelp] Elapsed validation time:2.30s
[Yelp] [Epoch=100] Train Loss=[QuantLoss=0.02617]Val loss = [QuantLoss=0.02523][QuantReg:0.33146]
[Yelp] Starting epoch 101...
[Yelp] Elapsed training time:38.71s
[Yelp] Starting validation...
[Yelp] Elapsed validation time:2.37s
[Yelp] [Epoch=101] Train Loss=[QuantLoss=0.02628]Val loss = [QuantLoss=0.02540][QuantReg:0.33130]
[Yelp] Starting epoch 102...
[Yelp] Elapsed training time:38.91s
[Yelp] Starting validation...
[Yelp] Elapsed validation time:2.36s
[Yelp] [Epoch=102] Train Loss=[QuantLoss=0.02593]Val loss = [QuantLoss=0.02554][QuantReg:0.33140]
[Yelp] Early stopping in epoch 102!
[Yelp] Restoring best model...
MAE médio: 0.0189 ± 0.0110
Tempo de execução (sem curriculum): 4256 segundos.
/home/nildaimon/anaconda3/envs/gpu-gmnet/lib/python3.9/site-packages/pandas/core/computation/expressions.py:21: UserWarning: Pandas requires version '2.8.4' or newer of 'numexpr' (version '2.7.3' currently installed).
  from pandas.core.computation.check import NUMEXPR_INSTALLED
/home/nildaimon/anaconda3/envs/gpu-gmnet/lib/python3.9/site-packages/pandas/core/arrays/masked.py:60: UserWarning: Pandas requires version '1.3.6' or newer of 'bottleneck' (version '1.3.2' currently installed).
  from pandas.core import (
Dataset: yelp
Dificuldade: kl, modo: hardest, top_k: 50
Dispositivo de treino: cuda
Baixando Yelp Review Full do Hugging Face...
Carregando embeddings do cache...
/home/nildaimon/gmnet/experiments/train_curl/train_yelp.py:108: FutureWarning: You are using `torch.load` with `weights_only=False` (the current default value), which uses the default pickle module implicitly. It is possible to construct malicious pickle data which will execute arbitrary code during unpickling (See https://github.com/pytorch/pytorch/blob/main/SECURITY.md#untrusted-models for more details). In a future release, the default value for `weights_only` will be flipped to `True`. This limits the functions that could be executed during unpickling. Arbitrary objects will no longer be allowed to be loaded via this mode unless they are explicitly allowlisted by the user via `torch.serialization.add_safe_globals`. We recommend you start setting `weights_only=True` for any use case where you don't have full control of the loaded file. Please open an issue on GitHub for any issues related to this experimental feature.
  embeddings = torch.load(EMBEDDING_CACHE)
/home/nildaimon/gmnet/experiments/train_curl/train_yelp.py:109: FutureWarning: You are using `torch.load` with `weights_only=False` (the current default value), which uses the default pickle module implicitly. It is possible to construct malicious pickle data which will execute arbitrary code during unpickling (See https://github.com/pytorch/pytorch/blob/main/SECURITY.md#untrusted-models for more details). In a future release, the default value for `weights_only` will be flipped to `True`. This limits the functions that could be executed during unpickling. Arbitrary objects will no longer be allowed to be loaded via this mode unless they are explicitly allowlisted by the user via `torch.serialization.add_safe_globals`. We recommend you start setting `weights_only=True` for any use case where you don't have full control of the loaded file. Please open an issue on GitHub for any issues related to this experimental feature.
  labels = torch.load(LABELS_CACHE)
Ignoring val_split as train and val datasets where given to fit function
We have two datasets: training 5390000 examples. validation 300000 examples.]
Using device cuda
/home/nildaimon/anaconda3/envs/gpu-gmnet/lib/python3.9/site-packages/torch/optim/lr_scheduler.py:62: UserWarning: The verbose parameter is deprecated. Please use get_last_lr() to access the learning rate.
  warnings.warn(
/home/nildaimon/gmnet/dlquantification/main.py:835: FutureWarning: `torch.cuda.amp.GradScaler(args...)` is deprecated. Please use `torch.amp.GradScaler('cuda', args...)` instead.
  scaler = torch.cuda.amp.GradScaler(enabled=self.use_fp16)
[Yelp] Starting epoch 0...
/home/nildaimon/gmnet/dlquantification/main.py:888: FutureWarning: `torch.cuda.amp.autocast(args...)` is deprecated. Please use `torch.amp.autocast('cuda', args...)` instead.
  with torch.cuda.amp.autocast(enabled=self.use_fp16):
[Yelp] Elapsed training time:2.23s
[Yelp] Starting validation...
[Yelp] Elapsed validation time:2.34s
[Yelp] [Epoch=000] Train Loss=[QuantLoss=0.01018]Val loss = [QuantLoss=0.27505][QuantReg:0.00214][saved best model in this epoch]
[Yelp] Starting epoch 1...
[Yelp] Elapsed training time:1.92s
[Yelp] Starting validation...
[Yelp] Elapsed validation time:2.24s
[Yelp] [Epoch=001] Train Loss=[QuantLoss=0.00360]Val loss = [QuantLoss=0.31451][QuantReg:0.01223]
[Yelp] Starting epoch 2...
[Yelp] Elapsed training time:2.05s
[Yelp] Starting validation...
[Yelp] Elapsed validation time:2.43s
[Yelp] [Epoch=002] Train Loss=[QuantLoss=0.00064]Val loss = [QuantLoss=0.26340][QuantReg:0.01400][saved best model in this epoch]
[Yelp] Starting epoch 3...
[Yelp] Elapsed training time:1.96s
[Yelp] Starting validation...
[Yelp] Elapsed validation time:2.25s
[Yelp] [Epoch=003] Train Loss=[QuantLoss=0.00064]Val loss = [QuantLoss=0.29565][QuantReg:0.01486]
[Yelp] Starting epoch 4...
[Yelp] Elapsed training time:1.93s
[Yelp] Starting validation...
[Yelp] Elapsed validation time:2.48s
[Yelp] [Epoch=004] Train Loss=[QuantLoss=0.00477]Val loss = [QuantLoss=0.24412][QuantReg:0.01597][saved best model in this epoch]
[Yelp] Starting epoch 5...
[Yelp] Elapsed training time:1.93s
[Yelp] Starting validation...
[Yelp] Elapsed validation time:2.34s
[Yelp] [Epoch=005] Train Loss=[QuantLoss=0.00085]Val loss = [QuantLoss=0.25654][QuantReg:0.01676]
[Yelp] Starting epoch 6...
[Yelp] Elapsed training time:1.88s
[Yelp] Starting validation...
[Yelp] Elapsed validation time:2.38s
[Yelp] [Epoch=006] Train Loss=[QuantLoss=0.00088]Val loss = [QuantLoss=0.27753][QuantReg:0.01684]
[Yelp] Starting epoch 7...
[Yelp] Elapsed training time:1.91s
[Yelp] Starting validation...
[Yelp] Elapsed validation time:2.61s
[Yelp] [Epoch=007] Train Loss=[QuantLoss=0.00087]Val loss = [QuantLoss=0.28485][QuantReg:0.01691]
[Yelp] Starting epoch 8...
[Yelp] Elapsed training time:2.06s
[Yelp] Starting validation...
[Yelp] Elapsed validation time:2.25s
[Yelp] [Epoch=008] Train Loss=[QuantLoss=0.00094]Val loss = [QuantLoss=0.28980][QuantReg:0.01663]
[Yelp] Starting epoch 9...
[Yelp] Elapsed training time:1.96s
[Yelp] Starting validation...
[Yelp] Elapsed validation time:2.25s
[Yelp] [Epoch=009] Train Loss=[QuantLoss=0.00078]Val loss = [QuantLoss=0.29006][QuantReg:0.01689]
[Yelp] Starting epoch 10...
[Yelp] Elapsed training time:2.00s
[Yelp] Starting validation...
[Yelp] Elapsed validation time:2.56s
[Yelp] [Epoch=010] Train Loss=[QuantLoss=0.00093]Val loss = [QuantLoss=0.29631][QuantReg:0.01716]
[Yelp] Starting epoch 11...
[Yelp] Elapsed training time:1.91s
[Yelp] Starting validation...
[Yelp] Elapsed validation time:2.30s
[Yelp] [Epoch=011] Train Loss=[QuantLoss=0.00095]Val loss = [QuantLoss=0.30874][QuantReg:0.01630]
[Yelp] Starting epoch 12...
[Yelp] Elapsed training time:1.92s
[Yelp] Starting validation...
[Yelp] Elapsed validation time:2.39s
[Yelp] [Epoch=012] Train Loss=[QuantLoss=0.00088]Val loss = [QuantLoss=0.29894][QuantReg:0.01665]
[Yelp] Starting epoch 13...
[Yelp] Elapsed training time:2.12s
[Yelp] Starting validation...
[Yelp] Elapsed validation time:2.40s
[Yelp] [Epoch=013] Train Loss=[QuantLoss=0.00084]Val loss = [QuantLoss=0.31125][QuantReg:0.01692]
[Yelp] Starting epoch 14...
[Yelp] Elapsed training time:1.93s
[Yelp] Starting validation...
[Yelp] Elapsed validation time:2.29s
[Yelp] [Epoch=014] Train Loss=[QuantLoss=0.00081]Val loss = [QuantLoss=0.30762][QuantReg:0.01635]
[Yelp] Starting epoch 15...
[Yelp] Elapsed training time:2.00s
[Yelp] Starting validation...
[Yelp] Elapsed validation time:2.24s
[Yelp] [Epoch=015] Train Loss=[QuantLoss=0.00086]Val loss = [QuantLoss=0.31629][QuantReg:0.01673]
[Yelp] Starting epoch 16...
[Yelp] Elapsed training time:2.08s
[Yelp] Starting validation...
[Yelp] Elapsed validation time:2.37s
[Yelp] [Epoch=016] Train Loss=[QuantLoss=0.00085]Val loss = [QuantLoss=0.31312][QuantReg:0.01717]
[Yelp] Starting epoch 17...
[Yelp] Elapsed training time:2.10s
[Yelp] Starting validation...
[Yelp] Elapsed validation time:2.31s
[Yelp] [Epoch=017] Train Loss=[QuantLoss=0.00100]Val loss = [QuantLoss=0.31222][QuantReg:0.01714]
[Yelp] Starting epoch 18...
[Yelp] Elapsed training time:2.01s
[Yelp] Starting validation...
[Yelp] Elapsed validation time:2.29s
[Yelp] [Epoch=018] Train Loss=[QuantLoss=0.00094]Val loss = [QuantLoss=0.31754][QuantReg:0.01720]
[Yelp] Starting epoch 19...
[Yelp] Elapsed training time:1.96s
[Yelp] Starting validation...
[Yelp] Elapsed validation time:2.24s
[Yelp] [Epoch=019] Train Loss=[QuantLoss=0.00101]Val loss = [QuantLoss=0.32520][QuantReg:0.01702]
[Yelp] Starting epoch 20...
[Yelp] Elapsed training time:2.04s
[Yelp] Starting validation...
[Yelp] Elapsed validation time:2.34s
[Yelp] [Epoch=020] Train Loss=[QuantLoss=0.00080]Val loss = [QuantLoss=0.33903][QuantReg:0.01672]
[Yelp] Starting epoch 21...
[Yelp] Elapsed training time:2.16s
[Yelp] Starting validation...
[Yelp] Elapsed validation time:2.44s
[Yelp] [Epoch=021] Train Loss=[QuantLoss=0.00082]Val loss = [QuantLoss=0.35426][QuantReg:0.01660]
[Yelp] Starting epoch 22...
[Yelp] Elapsed training time:1.95s
[Yelp] Starting validation...
[Yelp] Elapsed validation time:2.33s
[Yelp] [Epoch=022] Train Loss=[QuantLoss=0.00087]Val loss = [QuantLoss=0.37353][QuantReg:0.01653]
[Yelp] Starting epoch 23...
[Yelp] Elapsed training time:2.01s
[Yelp] Starting validation...
[Yelp] Elapsed validation time:2.31s
[Yelp] [Epoch=023] Train Loss=[QuantLoss=0.00087]Val loss = [QuantLoss=0.38875][QuantReg:0.01662]
[Yelp] Starting epoch 24...
[Yelp] Elapsed training time:1.92s
[Yelp] Starting validation...
[Yelp] Elapsed validation time:2.42s
[Yelp] [Epoch=024] Train Loss=[QuantLoss=0.00084]Val loss = [QuantLoss=0.39184][QuantReg:0.01651]
[Yelp] Starting epoch 25...
[Yelp] Elapsed training time:1.91s
[Yelp] Starting validation...
[Yelp] Elapsed validation time:2.39s
[Yelp] [Epoch=025] Train Loss=[QuantLoss=0.00113]Val loss = [QuantLoss=0.36518][QuantReg:0.01613]
[Yelp] Starting epoch 26...
[Yelp] Elapsed training time:1.94s
[Yelp] Starting validation...
[Yelp] Elapsed validation time:2.40s
[Yelp] [Epoch=026] Train Loss=[QuantLoss=0.00080]Val loss = [QuantLoss=0.35117][QuantReg:0.01651]
[Yelp] Starting epoch 27...
[Yelp] Elapsed training time:2.03s
[Yelp] Starting validation...
[Yelp] Elapsed validation time:2.58s
[Yelp] [Epoch=027] Train Loss=[QuantLoss=0.00102]Val loss = [QuantLoss=0.34540][QuantReg:0.01608]
[Yelp] Starting epoch 28...
[Yelp] Elapsed training time:2.07s
[Yelp] Starting validation...
[Yelp] Elapsed validation time:2.33s
[Yelp] [Epoch=028] Train Loss=[QuantLoss=0.00089]Val loss = [QuantLoss=0.34172][QuantReg:0.01642]
[Yelp] Starting epoch 29...
[Yelp] Elapsed training time:1.93s
[Yelp] Starting validation...
[Yelp] Elapsed validation time:2.28s
[Yelp] [Epoch=029] Train Loss=[QuantLoss=0.00081]Val loss = [QuantLoss=0.33402][QuantReg:0.01603]
[Yelp] Starting epoch 30...
[Yelp] Elapsed training time:1.96s
[Yelp] Starting validation...
[Yelp] Elapsed validation time:2.42s
[Yelp] [Epoch=030] Train Loss=[QuantLoss=0.00080]Val loss = [QuantLoss=0.34257][QuantReg:0.01602]
[Yelp] Starting epoch 31...
[Yelp] Elapsed training time:1.93s
[Yelp] Starting validation...
[Yelp] Elapsed validation time:2.38s
[Yelp] [Epoch=031] Train Loss=[QuantLoss=0.00081]Val loss = [QuantLoss=0.34188][QuantReg:0.01558]
[Yelp] Starting epoch 32...
[Yelp] Elapsed training time:2.12s
[Yelp] Starting validation...
[Yelp] Elapsed validation time:2.49s
[Yelp] [Epoch=032] Train Loss=[QuantLoss=0.00087]Val loss = [QuantLoss=0.33701][QuantReg:0.01568]
[Yelp] Starting epoch 33...
[Yelp] Elapsed training time:2.02s
[Yelp] Starting validation...
[Yelp] Elapsed validation time:2.42s
[Yelp] [Epoch=033] Train Loss=[QuantLoss=0.00088]Val loss = [QuantLoss=0.35003][QuantReg:0.01595]
[Yelp] Starting epoch 34...
[Yelp] Elapsed training time:1.96s
[Yelp] Starting validation...
[Yelp] Elapsed validation time:2.44s
[Yelp] [Epoch=034] Train Loss=[QuantLoss=0.00085]Val loss = [QuantLoss=0.34969][QuantReg:0.01561]
[Yelp] Starting epoch 35...
[Yelp] Elapsed training time:2.13s
[Yelp] Starting validation...
[Yelp] Elapsed validation time:2.42s
[Yelp] [Epoch=035] Train Loss=[QuantLoss=0.00095]Val loss = [QuantLoss=0.35182][QuantReg:0.01593]
[Yelp] Starting epoch 36...
[Yelp] Elapsed training time:1.92s
[Yelp] Starting validation...
[Yelp] Elapsed validation time:2.42s
[Yelp] [Epoch=036] Train Loss=[QuantLoss=0.00092]Val loss = [QuantLoss=0.34545][QuantReg:0.01577]
[Yelp] Starting epoch 37...
[Yelp] Elapsed training time:2.03s
[Yelp] Starting validation...
[Yelp] Elapsed validation time:2.38s
[Yelp] [Epoch=037] Train Loss=[QuantLoss=0.00081]Val loss = [QuantLoss=0.34490][QuantReg:0.01581]
[Yelp] Starting epoch 38...
[Yelp] Elapsed training time:2.06s
[Yelp] Starting validation...
[Yelp] Elapsed validation time:2.61s
[Yelp] [Epoch=038] Train Loss=[QuantLoss=0.00084]Val loss = [QuantLoss=0.33489][QuantReg:0.01587]
[Yelp] Starting epoch 39...
[Yelp] Elapsed training time:1.92s
[Yelp] Starting validation...
[Yelp] Elapsed validation time:2.35s
[Yelp] [Epoch=039] Train Loss=[QuantLoss=0.00086]Val loss = [QuantLoss=0.33914][QuantReg:0.01626]
[Yelp] Starting epoch 40...
[Yelp] Elapsed training time:2.11s
[Yelp] Starting validation...
[Yelp] Elapsed validation time:2.24s
[Yelp] [Epoch=040] Train Loss=[QuantLoss=0.00084]Val loss = [QuantLoss=0.34336][QuantReg:0.01583]
[Yelp] Starting epoch 41...
[Yelp] Elapsed training time:2.02s
[Yelp] Starting validation...
[Yelp] Elapsed validation time:2.62s
[Yelp] [Epoch=041] Train Loss=[QuantLoss=0.00077]Val loss = [QuantLoss=0.33270][QuantReg:0.01613]
[Yelp] Starting epoch 42...
[Yelp] Elapsed training time:1.92s
[Yelp] Starting validation...
[Yelp] Elapsed validation time:2.44s
[Yelp] [Epoch=042] Train Loss=[QuantLoss=0.00080]Val loss = [QuantLoss=0.33550][QuantReg:0.01609]
[Yelp] Starting epoch 43...
[Yelp] Elapsed training time:2.04s
[Yelp] Starting validation...
[Yelp] Elapsed validation time:2.37s
[Yelp] [Epoch=043] Train Loss=[QuantLoss=0.00087]Val loss = [QuantLoss=0.34351][QuantReg:0.01610]
[Yelp] Starting epoch 44...
[Yelp] Elapsed training time:1.92s
[Yelp] Starting validation...
[Yelp] Elapsed validation time:2.34s
[Yelp] [Epoch=044] Train Loss=[QuantLoss=0.00091]Val loss = [QuantLoss=0.32936][QuantReg:0.01553]
[Yelp] Starting epoch 45...
[Yelp] Elapsed training time:2.07s
[Yelp] Starting validation...
[Yelp] Elapsed validation time:2.24s
[Yelp] [Epoch=045] Train Loss=[QuantLoss=0.00076]Val loss = [QuantLoss=0.34122][QuantReg:0.01621]
[Yelp] Starting epoch 46...
[Yelp] Elapsed training time:2.08s
[Yelp] Starting validation...
[Yelp] Elapsed validation time:2.25s
[Yelp] [Epoch=046] Train Loss=[QuantLoss=0.00083]Val loss = [QuantLoss=0.32786][QuantReg:0.01585]
[Yelp] Early stopping in epoch 46!
[Yelp] Restoring best model...
MAE médio: 0.2144 ± 0.0835
Tempo de execução (KL hardest): 218 segundos.
/home/nildaimon/anaconda3/envs/gpu-gmnet/lib/python3.9/site-packages/pandas/core/computation/expressions.py:21: UserWarning: Pandas requires version '2.8.4' or newer of 'numexpr' (version '2.7.3' currently installed).
  from pandas.core.computation.check import NUMEXPR_INSTALLED
/home/nildaimon/anaconda3/envs/gpu-gmnet/lib/python3.9/site-packages/pandas/core/arrays/masked.py:60: UserWarning: Pandas requires version '1.3.6' or newer of 'bottleneck' (version '1.3.2' currently installed).
  from pandas.core import (
Dataset: yelp
Dificuldade: kl, modo: easiest, top_k: 50
Dispositivo de treino: cuda
Baixando Yelp Review Full do Hugging Face...
Carregando embeddings do cache...
/home/nildaimon/gmnet/experiments/train_curl/train_yelp.py:108: FutureWarning: You are using `torch.load` with `weights_only=False` (the current default value), which uses the default pickle module implicitly. It is possible to construct malicious pickle data which will execute arbitrary code during unpickling (See https://github.com/pytorch/pytorch/blob/main/SECURITY.md#untrusted-models for more details). In a future release, the default value for `weights_only` will be flipped to `True`. This limits the functions that could be executed during unpickling. Arbitrary objects will no longer be allowed to be loaded via this mode unless they are explicitly allowlisted by the user via `torch.serialization.add_safe_globals`. We recommend you start setting `weights_only=True` for any use case where you don't have full control of the loaded file. Please open an issue on GitHub for any issues related to this experimental feature.
  embeddings = torch.load(EMBEDDING_CACHE)
/home/nildaimon/gmnet/experiments/train_curl/train_yelp.py:109: FutureWarning: You are using `torch.load` with `weights_only=False` (the current default value), which uses the default pickle module implicitly. It is possible to construct malicious pickle data which will execute arbitrary code during unpickling (See https://github.com/pytorch/pytorch/blob/main/SECURITY.md#untrusted-models for more details). In a future release, the default value for `weights_only` will be flipped to `True`. This limits the functions that could be executed during unpickling. Arbitrary objects will no longer be allowed to be loaded via this mode unless they are explicitly allowlisted by the user via `torch.serialization.add_safe_globals`. We recommend you start setting `weights_only=True` for any use case where you don't have full control of the loaded file. Please open an issue on GitHub for any issues related to this experimental feature.
  labels = torch.load(LABELS_CACHE)
Ignoring val_split as train and val datasets where given to fit function
We have two datasets: training 5390000 examples. validation 300000 examples.]
Using device cuda
/home/nildaimon/anaconda3/envs/gpu-gmnet/lib/python3.9/site-packages/torch/optim/lr_scheduler.py:62: UserWarning: The verbose parameter is deprecated. Please use get_last_lr() to access the learning rate.
  warnings.warn(
/home/nildaimon/gmnet/dlquantification/main.py:835: FutureWarning: `torch.cuda.amp.GradScaler(args...)` is deprecated. Please use `torch.amp.GradScaler('cuda', args...)` instead.
  scaler = torch.cuda.amp.GradScaler(enabled=self.use_fp16)
[Yelp] Starting epoch 0...
/home/nildaimon/gmnet/dlquantification/main.py:888: FutureWarning: `torch.cuda.amp.autocast(args...)` is deprecated. Please use `torch.amp.autocast('cuda', args...)` instead.
  with torch.cuda.amp.autocast(enabled=self.use_fp16):
[Yelp] Elapsed training time:2.11s
[Yelp] Starting validation...
[Yelp] Elapsed validation time:2.24s
[Yelp] [Epoch=000] Train Loss=[QuantLoss=0.00040]Val loss = [QuantLoss=0.35073][QuantReg:0.00215][saved best model in this epoch]
[Yelp] Starting epoch 1...
[Yelp] Elapsed training time:1.99s
[Yelp] Starting validation...
[Yelp] Elapsed validation time:2.38s
[Yelp] [Epoch=001] Train Loss=[QuantLoss=0.00141]Val loss = [QuantLoss=0.16714][QuantReg:0.00415][saved best model in this epoch]
[Yelp] Starting epoch 2...
[Yelp] Elapsed training time:2.13s
[Yelp] Starting validation...
[Yelp] Elapsed validation time:2.32s
[Yelp] [Epoch=002] Train Loss=[QuantLoss=0.00072]Val loss = [QuantLoss=0.13519][QuantReg:0.00584][saved best model in this epoch]
[Yelp] Starting epoch 3...
[Yelp] Elapsed training time:2.08s
[Yelp] Starting validation...
[Yelp] Elapsed validation time:2.49s
[Yelp] [Epoch=003] Train Loss=[QuantLoss=0.00112]Val loss = [QuantLoss=0.13773][QuantReg:0.00634]
[Yelp] Starting epoch 4...
[Yelp] Elapsed training time:2.04s
[Yelp] Starting validation...
[Yelp] Elapsed validation time:2.32s
[Yelp] [Epoch=004] Train Loss=[QuantLoss=0.00046]Val loss = [QuantLoss=0.12213][QuantReg:0.00665][saved best model in this epoch]
[Yelp] Starting epoch 5...
[Yelp] Elapsed training time:2.08s
[Yelp] Starting validation...
[Yelp] Elapsed validation time:2.43s
[Yelp] [Epoch=005] Train Loss=[QuantLoss=0.00069]Val loss = [QuantLoss=0.11694][QuantReg:0.00673][saved best model in this epoch]
[Yelp] Starting epoch 6...
[Yelp] Elapsed training time:1.94s
[Yelp] Starting validation...
[Yelp] Elapsed validation time:2.40s
[Yelp] [Epoch=006] Train Loss=[QuantLoss=0.00066]Val loss = [QuantLoss=0.11188][QuantReg:0.00713][saved best model in this epoch]
[Yelp] Starting epoch 7...
[Yelp] Elapsed training time:2.02s
[Yelp] Starting validation...
[Yelp] Elapsed validation time:2.49s
[Yelp] [Epoch=007] Train Loss=[QuantLoss=0.00051]Val loss = [QuantLoss=0.12155][QuantReg:0.00755]
[Yelp] Starting epoch 8...
[Yelp] Elapsed training time:1.91s
[Yelp] Starting validation...
[Yelp] Elapsed validation time:2.43s
[Yelp] [Epoch=008] Train Loss=[QuantLoss=0.00043]Val loss = [QuantLoss=0.12161][QuantReg:0.00791]
[Yelp] Starting epoch 9...
[Yelp] Elapsed training time:2.01s
[Yelp] Starting validation...
[Yelp] Elapsed validation time:2.38s
[Yelp] [Epoch=009] Train Loss=[QuantLoss=0.00045]Val loss = [QuantLoss=0.12926][QuantReg:0.00815]
[Yelp] Starting epoch 10...
[Yelp] Elapsed training time:2.04s
[Yelp] Starting validation...
[Yelp] Elapsed validation time:2.27s
[Yelp] [Epoch=010] Train Loss=[QuantLoss=0.00042]Val loss = [QuantLoss=0.12685][QuantReg:0.00834]
[Yelp] Starting epoch 11...
[Yelp] Elapsed training time:2.18s
[Yelp] Starting validation...
[Yelp] Elapsed validation time:2.47s
[Yelp] [Epoch=011] Train Loss=[QuantLoss=0.00044]Val loss = [QuantLoss=0.11544][QuantReg:0.00847]
[Yelp] Starting epoch 12...
[Yelp] Elapsed training time:1.94s
[Yelp] Starting validation...
[Yelp] Elapsed validation time:2.38s
[Yelp] [Epoch=012] Train Loss=[QuantLoss=0.00036]Val loss = [QuantLoss=0.10802][QuantReg:0.00855][saved best model in this epoch]
[Yelp] Starting epoch 13...
[Yelp] Elapsed training time:1.93s
[Yelp] Starting validation...
[Yelp] Elapsed validation time:2.57s
[Yelp] [Epoch=013] Train Loss=[QuantLoss=0.00039]Val loss = [QuantLoss=0.10671][QuantReg:0.00863][saved best model in this epoch]
[Yelp] Starting epoch 14...
[Yelp] Elapsed training time:2.27s
[Yelp] Starting validation...
[Yelp] Elapsed validation time:2.44s
[Yelp] [Epoch=014] Train Loss=[QuantLoss=0.00039]Val loss = [QuantLoss=0.10168][QuantReg:0.00868][saved best model in this epoch]
[Yelp] Starting epoch 15...
[Yelp] Elapsed training time:2.19s
[Yelp] Starting validation...
[Yelp] Elapsed validation time:2.37s
[Yelp] [Epoch=015] Train Loss=[QuantLoss=0.00037]Val loss = [QuantLoss=0.09127][QuantReg:0.00875][saved best model in this epoch]
[Yelp] Starting epoch 16...
[Yelp] Elapsed training time:2.16s
[Yelp] Starting validation...
[Yelp] Elapsed validation time:2.38s
[Yelp] [Epoch=016] Train Loss=[QuantLoss=0.00041]Val loss = [QuantLoss=0.09885][QuantReg:0.00872]
[Yelp] Starting epoch 17...
[Yelp] Elapsed training time:1.93s
[Yelp] Starting validation...
[Yelp] Elapsed validation time:2.60s
[Yelp] [Epoch=017] Train Loss=[QuantLoss=0.00043]Val loss = [QuantLoss=0.09605][QuantReg:0.00865]
[Yelp] Starting epoch 18...
[Yelp] Elapsed training time:2.08s
[Yelp] Starting validation...
[Yelp] Elapsed validation time:2.38s
[Yelp] [Epoch=018] Train Loss=[QuantLoss=0.00043]Val loss = [QuantLoss=0.09527][QuantReg:0.00868]
[Yelp] Starting epoch 19...
[Yelp] Elapsed training time:2.19s
[Yelp] Starting validation...
[Yelp] Elapsed validation time:2.43s
[Yelp] [Epoch=019] Train Loss=[QuantLoss=0.00040]Val loss = [QuantLoss=0.09427][QuantReg:0.00868]
[Yelp] Starting epoch 20...
[Yelp] Elapsed training time:2.21s
[Yelp] Starting validation...
[Yelp] Elapsed validation time:2.47s
[Yelp] [Epoch=020] Train Loss=[QuantLoss=0.00045]Val loss = [QuantLoss=0.09400][QuantReg:0.00864]
[Yelp] Starting epoch 21...
[Yelp] Elapsed training time:1.95s
[Yelp] Starting validation...
[Yelp] Elapsed validation time:2.49s
[Yelp] [Epoch=021] Train Loss=[QuantLoss=0.00042]Val loss = [QuantLoss=0.09867][QuantReg:0.00857]
[Yelp] Starting epoch 22...
[Yelp] Elapsed training time:2.03s
[Yelp] Starting validation...
[Yelp] Elapsed validation time:2.28s
[Yelp] [Epoch=022] Train Loss=[QuantLoss=0.00039]Val loss = [QuantLoss=0.09628][QuantReg:0.00848]
[Yelp] Starting epoch 23...
[Yelp] Elapsed training time:1.95s
[Yelp] Starting validation...
[Yelp] Elapsed validation time:2.34s
[Yelp] [Epoch=023] Train Loss=[QuantLoss=0.00046]Val loss = [QuantLoss=0.09306][QuantReg:0.00843]
[Yelp] Starting epoch 24...
[Yelp] Elapsed training time:1.93s
[Yelp] Starting validation...
[Yelp] Elapsed validation time:2.25s
[Yelp] [Epoch=024] Train Loss=[QuantLoss=0.00037]Val loss = [QuantLoss=0.10320][QuantReg:0.00835]
[Yelp] Starting epoch 25...
[Yelp] Elapsed training time:2.00s
[Yelp] Starting validation...
[Yelp] Elapsed validation time:2.42s
[Yelp] [Epoch=025] Train Loss=[QuantLoss=0.00041]Val loss = [QuantLoss=0.10163][QuantReg:0.00823]
[Yelp] Starting epoch 26...
[Yelp] Elapsed training time:2.03s
[Yelp] Starting validation...
[Yelp] Elapsed validation time:2.25s
[Yelp] [Epoch=026] Train Loss=[QuantLoss=0.00043]Val loss = [QuantLoss=0.10313][QuantReg:0.00814]
[Yelp] Starting epoch 27...
[Yelp] Elapsed training time:1.93s
[Yelp] Starting validation...
[Yelp] Elapsed validation time:2.29s
[Yelp] [Epoch=027] Train Loss=[QuantLoss=0.00042]Val loss = [QuantLoss=0.10466][QuantReg:0.00809]
[Yelp] Starting epoch 28...
[Yelp] Elapsed training time:1.93s
[Yelp] Starting validation...
[Yelp] Elapsed validation time:2.40s
[Yelp] [Epoch=028] Train Loss=[QuantLoss=0.00037]Val loss = [QuantLoss=0.09799][QuantReg:0.00798]
[Yelp] Starting epoch 29...
[Yelp] Elapsed training time:1.93s
[Yelp] Starting validation...
[Yelp] Elapsed validation time:2.46s
[Yelp] [Epoch=029] Train Loss=[QuantLoss=0.00042]Val loss = [QuantLoss=0.09777][QuantReg:0.00807]
[Yelp] Starting epoch 30...
[Yelp] Elapsed training time:2.05s
[Yelp] Starting validation...
[Yelp] Elapsed validation time:2.27s
[Yelp] [Epoch=030] Train Loss=[QuantLoss=0.00040]Val loss = [QuantLoss=0.09671][QuantReg:0.00812]
[Yelp] Starting epoch 31...
[Yelp] Elapsed training time:2.15s
[Yelp] Starting validation...
[Yelp] Elapsed validation time:2.35s
[Yelp] [Epoch=031] Train Loss=[QuantLoss=0.00037]Val loss = [QuantLoss=0.09557][QuantReg:0.00812]
[Yelp] Starting epoch 32...
[Yelp] Elapsed training time:2.07s
[Yelp] Starting validation...
[Yelp] Elapsed validation time:2.38s
[Yelp] [Epoch=032] Train Loss=[QuantLoss=0.00040]Val loss = [QuantLoss=0.09636][QuantReg:0.00821]
[Yelp] Starting epoch 33...
[Yelp] Elapsed training time:2.12s
[Yelp] Starting validation...
[Yelp] Elapsed validation time:2.41s
[Yelp] [Epoch=033] Train Loss=[QuantLoss=0.00045]Val loss = [QuantLoss=0.09011][QuantReg:0.00808][saved best model in this epoch]
[Yelp] Starting epoch 34...
[Yelp] Elapsed training time:1.93s
[Yelp] Starting validation...
[Yelp] Elapsed validation time:2.57s
[Yelp] [Epoch=034] Train Loss=[QuantLoss=0.00037]Val loss = [QuantLoss=0.08901][QuantReg:0.00811][saved best model in this epoch]
[Yelp] Starting epoch 35...
[Yelp] Elapsed training time:2.09s
[Yelp] Starting validation...
[Yelp] Elapsed validation time:2.45s
[Yelp] [Epoch=035] Train Loss=[QuantLoss=0.00033]Val loss = [QuantLoss=0.09417][QuantReg:0.00810]
[Yelp] Starting epoch 36...
[Yelp] Elapsed training time:1.94s
[Yelp] Starting validation...
[Yelp] Elapsed validation time:2.37s
[Yelp] [Epoch=036] Train Loss=[QuantLoss=0.00035]Val loss = [QuantLoss=0.09505][QuantReg:0.00815]
[Yelp] Starting epoch 37...
[Yelp] Elapsed training time:2.03s
[Yelp] Starting validation...
[Yelp] Elapsed validation time:2.27s
[Yelp] [Epoch=037] Train Loss=[QuantLoss=0.00040]Val loss = [QuantLoss=0.09783][QuantReg:0.00821]
[Yelp] Starting epoch 38...
[Yelp] Elapsed training time:1.99s
[Yelp] Starting validation...
[Yelp] Elapsed validation time:2.61s
[Yelp] [Epoch=038] Train Loss=[QuantLoss=0.00045]Val loss = [QuantLoss=0.10152][QuantReg:0.00811]
[Yelp] Starting epoch 39...
[Yelp] Elapsed training time:2.11s
[Yelp] Starting validation...
[Yelp] Elapsed validation time:2.30s
[Yelp] [Epoch=039] Train Loss=[QuantLoss=0.00045]Val loss = [QuantLoss=0.10326][QuantReg:0.00816]
[Yelp] Starting epoch 40...
[Yelp] Elapsed training time:1.95s
[Yelp] Starting validation...
[Yelp] Elapsed validation time:2.46s
[Yelp] [Epoch=040] Train Loss=[QuantLoss=0.00040]Val loss = [QuantLoss=0.09670][QuantReg:0.00813]
[Yelp] Starting epoch 41...
[Yelp] Elapsed training time:2.20s
[Yelp] Starting validation...
[Yelp] Elapsed validation time:2.47s
[Yelp] [Epoch=041] Train Loss=[QuantLoss=0.00037]Val loss = [QuantLoss=0.10237][QuantReg:0.00831]
[Yelp] Starting epoch 42...
[Yelp] Elapsed training time:2.11s
[Yelp] Starting validation...
[Yelp] Elapsed validation time:2.52s
[Yelp] [Epoch=042] Train Loss=[QuantLoss=0.00043]Val loss = [QuantLoss=0.10017][QuantReg:0.00830]
[Yelp] Starting epoch 43...
[Yelp] Elapsed training time:1.92s
[Yelp] Starting validation...
[Yelp] Elapsed validation time:2.45s
[Yelp] [Epoch=043] Train Loss=[QuantLoss=0.00041]Val loss = [QuantLoss=0.10031][QuantReg:0.00839]
[Yelp] Starting epoch 44...
[Yelp] Elapsed training time:2.04s
[Yelp] Starting validation...
[Yelp] Elapsed validation time:2.39s
[Yelp] [Epoch=044] Train Loss=[QuantLoss=0.00038]Val loss = [QuantLoss=0.10335][QuantReg:0.00840]
[Yelp] Starting epoch 45...
[Yelp] Elapsed training time:1.92s
[Yelp] Starting validation...
[Yelp] Elapsed validation time:2.32s
[Yelp] [Epoch=045] Train Loss=[QuantLoss=0.00040]Val loss = [QuantLoss=0.09932][QuantReg:0.00845]
[Yelp] Starting epoch 46...
[Yelp] Elapsed training time:2.07s
[Yelp] Starting validation...
[Yelp] Elapsed validation time:2.27s
[Yelp] [Epoch=046] Train Loss=[QuantLoss=0.00049]Val loss = [QuantLoss=0.10808][QuantReg:0.00850]
[Yelp] Starting epoch 47...
[Yelp] Elapsed training time:1.93s
[Yelp] Starting validation...
[Yelp] Elapsed validation time:2.38s
[Yelp] [Epoch=047] Train Loss=[QuantLoss=0.00037]Val loss = [QuantLoss=0.10099][QuantReg:0.00848]
[Yelp] Starting epoch 48...
[Yelp] Elapsed training time:1.93s
[Yelp] Starting validation...
[Yelp] Elapsed validation time:2.37s
[Yelp] [Epoch=048] Train Loss=[QuantLoss=0.00043]Val loss = [QuantLoss=0.10193][QuantReg:0.00857]
[Yelp] Starting epoch 49...
[Yelp] Elapsed training time:1.94s
[Yelp] Starting validation...
[Yelp] Elapsed validation time:2.36s
[Yelp] [Epoch=049] Train Loss=[QuantLoss=0.00046]Val loss = [QuantLoss=0.09988][QuantReg:0.00855]
[Yelp] Starting epoch 50...
[Yelp] Elapsed training time:1.93s
[Yelp] Starting validation...
[Yelp] Elapsed validation time:2.29s
[Yelp] [Epoch=050] Train Loss=[QuantLoss=0.00036]Val loss = [QuantLoss=0.09942][QuantReg:0.00860]
[Yelp] Starting epoch 51...
[Yelp] Elapsed training time:1.93s
[Yelp] Starting validation...
[Yelp] Elapsed validation time:2.27s
[Yelp] [Epoch=051] Train Loss=[QuantLoss=0.00042]Val loss = [QuantLoss=0.09150][QuantReg:0.00868]
[Yelp] Starting epoch 52...
[Yelp] Elapsed training time:2.01s
[Yelp] Starting validation...
[Yelp] Elapsed validation time:2.26s
[Yelp] [Epoch=052] Train Loss=[QuantLoss=0.00046]Val loss = [QuantLoss=0.10128][QuantReg:0.00877]
[Yelp] Starting epoch 53...
[Yelp] Elapsed training time:1.95s
[Yelp] Starting validation...
[Yelp] Elapsed validation time:2.38s
[Yelp] [Epoch=053] Train Loss=[QuantLoss=0.00049]Val loss = [QuantLoss=0.09115][QuantReg:0.00876]
[Yelp] Starting epoch 54...
[Yelp] Elapsed training time:1.94s
[Yelp] Starting validation...
[Yelp] Elapsed validation time:2.35s
[Yelp] [Epoch=054] Train Loss=[QuantLoss=0.00038]Val loss = [QuantLoss=0.08748][QuantReg:0.00877][saved best model in this epoch]
[Yelp] Starting epoch 55...
[Yelp] Elapsed training time:1.93s
[Yelp] Starting validation...
[Yelp] Elapsed validation time:2.33s
[Yelp] [Epoch=055] Train Loss=[QuantLoss=0.00039]Val loss = [QuantLoss=0.08948][QuantReg:0.00882]
[Yelp] Starting epoch 56...
[Yelp] Elapsed training time:1.94s
[Yelp] Starting validation...
[Yelp] Elapsed validation time:2.41s
[Yelp] [Epoch=056] Train Loss=[QuantLoss=0.00048]Val loss = [QuantLoss=0.08911][QuantReg:0.00882]
[Yelp] Starting epoch 57...
[Yelp] Elapsed training time:1.93s
[Yelp] Starting validation...
[Yelp] Elapsed validation time:2.39s
[Yelp] [Epoch=057] Train Loss=[QuantLoss=0.00042]Val loss = [QuantLoss=0.09309][QuantReg:0.00886]
[Yelp] Starting epoch 58...
[Yelp] Elapsed training time:1.93s
[Yelp] Starting validation...
[Yelp] Elapsed validation time:2.31s
[Yelp] [Epoch=058] Train Loss=[QuantLoss=0.00048]Val loss = [QuantLoss=0.09201][QuantReg:0.00885]
[Yelp] Starting epoch 59...
[Yelp] Elapsed training time:1.98s
[Yelp] Starting validation...
[Yelp] Elapsed validation time:2.36s
[Yelp] [Epoch=059] Train Loss=[QuantLoss=0.00044]Val loss = [QuantLoss=0.09834][QuantReg:0.00882]
[Yelp] Starting epoch 60...
[Yelp] Elapsed training time:2.10s
[Yelp] Starting validation...
[Yelp] Elapsed validation time:2.23s
[Yelp] [Epoch=060] Train Loss=[QuantLoss=0.00043]Val loss = [QuantLoss=0.09374][QuantReg:0.00886]
[Yelp] Starting epoch 61...
[Yelp] Elapsed training time:2.05s
[Yelp] Starting validation...
[Yelp] Elapsed validation time:2.34s
[Yelp] [Epoch=061] Train Loss=[QuantLoss=0.00039]Val loss = [QuantLoss=0.09410][QuantReg:0.00884]
[Yelp] Starting epoch 62...
[Yelp] Elapsed training time:2.04s
[Yelp] Starting validation...
[Yelp] Elapsed validation time:2.28s
[Yelp] [Epoch=062] Train Loss=[QuantLoss=0.00043]Val loss = [QuantLoss=0.09070][QuantReg:0.00892]
[Yelp] Starting epoch 63...
[Yelp] Elapsed training time:2.01s
[Yelp] Starting validation...
[Yelp] Elapsed validation time:2.48s
[Yelp] [Epoch=063] Train Loss=[QuantLoss=0.00034]Val loss = [QuantLoss=0.09355][QuantReg:0.00892]
[Yelp] Starting epoch 64...
[Yelp] Elapsed training time:1.93s
[Yelp] Starting validation...
[Yelp] Elapsed validation time:2.25s
[Yelp] [Epoch=064] Train Loss=[QuantLoss=0.00038]Val loss = [QuantLoss=0.09205][QuantReg:0.00899]
[Yelp] Starting epoch 65...
[Yelp] Elapsed training time:2.07s
[Yelp] Starting validation...
[Yelp] Elapsed validation time:2.29s
[Yelp] [Epoch=065] Train Loss=[QuantLoss=0.00040]Val loss = [QuantLoss=0.09497][QuantReg:0.00899]
[Yelp] Starting epoch 66...
[Yelp] Elapsed training time:2.02s
[Yelp] Starting validation...
[Yelp] Elapsed validation time:2.31s
[Yelp] [Epoch=066] Train Loss=[QuantLoss=0.00044]Val loss = [QuantLoss=0.09208][QuantReg:0.00900]
[Yelp] Starting epoch 67...
[Yelp] Elapsed training time:2.05s
[Yelp] Starting validation...
[Yelp] Elapsed validation time:2.55s
[Yelp] [Epoch=067] Train Loss=[QuantLoss=0.00041]Val loss = [QuantLoss=0.09470][QuantReg:0.00900]
[Yelp] Starting epoch 68...
[Yelp] Elapsed training time:1.94s
[Yelp] Starting validation...
[Yelp] Elapsed validation time:2.24s
[Yelp] [Epoch=068] Train Loss=[QuantLoss=0.00044]Val loss = [QuantLoss=0.09328][QuantReg:0.00903]
[Yelp] Starting epoch 69...
[Yelp] Elapsed training time:2.19s
[Yelp] Starting validation...
[Yelp] Elapsed validation time:2.57s
[Yelp] [Epoch=069] Train Loss=[QuantLoss=0.00042]Val loss = [QuantLoss=0.09422][QuantReg:0.00909]
[Yelp] Starting epoch 70...
[Yelp] Elapsed training time:2.15s
[Yelp] Starting validation...
[Yelp] Elapsed validation time:2.41s
[Yelp] [Epoch=070] Train Loss=[QuantLoss=0.00041]Val loss = [QuantLoss=0.08419][QuantReg:0.00911][saved best model in this epoch]
[Yelp] Starting epoch 71...
[Yelp] Elapsed training time:2.20s
[Yelp] Starting validation...
[Yelp] Elapsed validation time:2.29s
[Yelp] [Epoch=071] Train Loss=[QuantLoss=0.00040]Val loss = [QuantLoss=0.08952][QuantReg:0.00905]
[Yelp] Starting epoch 72...
[Yelp] Elapsed training time:2.28s
[Yelp] Starting validation...
[Yelp] Elapsed validation time:2.43s
[Yelp] [Epoch=072] Train Loss=[QuantLoss=0.00040]Val loss = [QuantLoss=0.08524][QuantReg:0.00906]
[Yelp] Starting epoch 73...
[Yelp] Elapsed training time:2.26s
[Yelp] Starting validation...
[Yelp] Elapsed validation time:2.54s
[Yelp] [Epoch=073] Train Loss=[QuantLoss=0.00039]Val loss = [QuantLoss=0.08341][QuantReg:0.00905][saved best model in this epoch]
[Yelp] Starting epoch 74...
[Yelp] Elapsed training time:2.01s
[Yelp] Starting validation...
[Yelp] Elapsed validation time:2.29s
[Yelp] [Epoch=074] Train Loss=[QuantLoss=0.00045]Val loss = [QuantLoss=0.08709][QuantReg:0.00899]
[Yelp] Starting epoch 75...
[Yelp] Elapsed training time:2.16s
[Yelp] Starting validation...
[Yelp] Elapsed validation time:2.35s
[Yelp] [Epoch=075] Train Loss=[QuantLoss=0.00050]Val loss = [QuantLoss=0.08738][QuantReg:0.00894]
[Yelp] Starting epoch 76...
[Yelp] Elapsed training time:2.10s
[Yelp] Starting validation...
[Yelp] Elapsed validation time:2.42s
[Yelp] [Epoch=076] Train Loss=[QuantLoss=0.00041]Val loss = [QuantLoss=0.09264][QuantReg:0.00892]
[Yelp] Starting epoch 77...
[Yelp] Elapsed training time:1.95s
[Yelp] Starting validation...
[Yelp] Elapsed validation time:2.35s
[Yelp] [Epoch=077] Train Loss=[QuantLoss=0.00045]Val loss = [QuantLoss=0.09221][QuantReg:0.00892]
[Yelp] Starting epoch 78...
[Yelp] Elapsed training time:2.33s
[Yelp] Starting validation...
[Yelp] Elapsed validation time:2.54s
[Yelp] [Epoch=078] Train Loss=[QuantLoss=0.00044]Val loss = [QuantLoss=0.09662][QuantReg:0.00883]
[Yelp] Starting epoch 79...
[Yelp] Elapsed training time:2.08s
[Yelp] Starting validation...
[Yelp] Elapsed validation time:2.45s
[Yelp] [Epoch=079] Train Loss=[QuantLoss=0.00035]Val loss = [QuantLoss=0.09739][QuantReg:0.00880]
[Yelp] Starting epoch 80...
[Yelp] Elapsed training time:2.03s
[Yelp] Starting validation...
[Yelp] Elapsed validation time:2.38s
[Yelp] [Epoch=080] Train Loss=[QuantLoss=0.00043]Val loss = [QuantLoss=0.10161][QuantReg:0.00872]
[Yelp] Starting epoch 81...
[Yelp] Elapsed training time:2.01s
[Yelp] Starting validation...
[Yelp] Elapsed validation time:2.31s
[Yelp] [Epoch=081] Train Loss=[QuantLoss=0.00039]Val loss = [QuantLoss=0.09209][QuantReg:0.00859]
[Yelp] Starting epoch 82...
[Yelp] Elapsed training time:2.11s
[Yelp] Starting validation...
[Yelp] Elapsed validation time:2.29s
[Yelp] [Epoch=082] Train Loss=[QuantLoss=0.00038]Val loss = [QuantLoss=0.10264][QuantReg:0.00854]
[Yelp] Starting epoch 83...
[Yelp] Elapsed training time:1.94s
[Yelp] Starting validation...
[Yelp] Elapsed validation time:2.30s
[Yelp] [Epoch=083] Train Loss=[QuantLoss=0.00043]Val loss = [QuantLoss=0.09331][QuantReg:0.00847]
[Yelp] Starting epoch 84...
[Yelp] Elapsed training time:2.04s
[Yelp] Starting validation...
[Yelp] Elapsed validation time:2.37s
[Yelp] [Epoch=084] Train Loss=[QuantLoss=0.00038]Val loss = [QuantLoss=0.10388][QuantReg:0.00841]
[Yelp] Starting epoch 85...
[Yelp] Elapsed training time:1.94s
[Yelp] Starting validation...
[Yelp] Elapsed validation time:2.27s
[Yelp] [Epoch=085] Train Loss=[QuantLoss=0.00042]Val loss = [QuantLoss=0.09895][QuantReg:0.00819]
[Yelp] Starting epoch 86...
[Yelp] Elapsed training time:2.17s
[Yelp] Starting validation...
[Yelp] Elapsed validation time:2.35s
[Yelp] [Epoch=086] Train Loss=[QuantLoss=0.00041]Val loss = [QuantLoss=0.09358][QuantReg:0.00818]
[Yelp] Starting epoch 87...
[Yelp] Elapsed training time:2.18s
[Yelp] Starting validation...
[Yelp] Elapsed validation time:2.51s
[Yelp] [Epoch=087] Train Loss=[QuantLoss=0.00040]Val loss = [QuantLoss=0.09044][QuantReg:0.00816]
[Yelp] Starting epoch 88...
[Yelp] Elapsed training time:1.92s
[Yelp] Starting validation...
[Yelp] Elapsed validation time:2.40s
[Yelp] [Epoch=088] Train Loss=[QuantLoss=0.00044]Val loss = [QuantLoss=0.09212][QuantReg:0.00806]
[Yelp] Starting epoch 89...
[Yelp] Elapsed training time:2.17s
[Yelp] Starting validation...
[Yelp] Elapsed validation time:2.39s
[Yelp] [Epoch=089] Train Loss=[QuantLoss=0.00042]Val loss = [QuantLoss=0.08927][QuantReg:0.00800]
[Yelp] Starting epoch 90...
[Yelp] Elapsed training time:2.03s
[Yelp] Starting validation...
[Yelp] Elapsed validation time:2.31s
[Yelp] [Epoch=090] Train Loss=[QuantLoss=0.00044]Val loss = [QuantLoss=0.09291][QuantReg:0.00797]
[Yelp] Starting epoch 91...
[Yelp] Elapsed training time:2.14s
[Yelp] Starting validation...
[Yelp] Elapsed validation time:2.24s
[Yelp] [Epoch=091] Train Loss=[QuantLoss=0.00041]Val loss = [QuantLoss=0.09151][QuantReg:0.00796]
[Yelp] Starting epoch 92...
[Yelp] Elapsed training time:1.94s
[Yelp] Starting validation...
[Yelp] Elapsed validation time:2.36s
[Yelp] [Epoch=092] Train Loss=[QuantLoss=0.00043]Val loss = [QuantLoss=0.08525][QuantReg:0.00791]
[Yelp] Starting epoch 93...
[Yelp] Elapsed training time:2.05s
[Yelp] Starting validation...
[Yelp] Elapsed validation time:2.44s
[Yelp] [Epoch=093] Train Loss=[QuantLoss=0.00043]Val loss = [QuantLoss=0.09011][QuantReg:0.00796]
[Yelp] Starting epoch 94...
[Yelp] Elapsed training time:2.25s
[Yelp] Starting validation...
[Yelp] Elapsed validation time:2.32s
[Yelp] [Epoch=094] Train Loss=[QuantLoss=0.00041]Val loss = [QuantLoss=0.08484][QuantReg:0.00798]
[Yelp] Starting epoch 95...
[Yelp] Elapsed training time:1.94s
[Yelp] Starting validation...
[Yelp] Elapsed validation time:2.39s
[Yelp] [Epoch=095] Train Loss=[QuantLoss=0.00041]Val loss = [QuantLoss=0.09017][QuantReg:0.00801]
[Yelp] Starting epoch 96...
[Yelp] Elapsed training time:2.11s
[Yelp] Starting validation...
[Yelp] Elapsed validation time:2.36s
[Yelp] [Epoch=096] Train Loss=[QuantLoss=0.00040]Val loss = [QuantLoss=0.09107][QuantReg:0.00802]
[Yelp] Starting epoch 97...
[Yelp] Elapsed training time:1.94s
[Yelp] Starting validation...
[Yelp] Elapsed validation time:2.27s
[Yelp] [Epoch=097] Train Loss=[QuantLoss=0.00041]Val loss = [QuantLoss=0.08854][QuantReg:0.00801]
[Yelp] Starting epoch 98...
[Yelp] Elapsed training time:1.93s
[Yelp] Starting validation...
[Yelp] Elapsed validation time:2.36s
[Yelp] [Epoch=098] Train Loss=[QuantLoss=0.00042]Val loss = [QuantLoss=0.09027][QuantReg:0.00803]
[Yelp] Starting epoch 99...
[Yelp] Elapsed training time:2.14s
[Yelp] Starting validation...
[Yelp] Elapsed validation time:2.26s
[Yelp] [Epoch=099] Train Loss=[QuantLoss=0.00039]Val loss = [QuantLoss=0.08406][QuantReg:0.00806]
[Yelp] Starting epoch 100...
[Yelp] Elapsed training time:2.17s
[Yelp] Starting validation...
[Yelp] Elapsed validation time:2.42s
[Yelp] [Epoch=100] Train Loss=[QuantLoss=0.00036]Val loss = [QuantLoss=0.09060][QuantReg:0.00802]
[Yelp] Starting epoch 101...
[Yelp] Elapsed training time:2.12s
[Yelp] Starting validation...
[Yelp] Elapsed validation time:2.34s
[Yelp] [Epoch=101] Train Loss=[QuantLoss=0.00045]Val loss = [QuantLoss=0.08798][QuantReg:0.00805]
[Yelp] Starting epoch 102...
[Yelp] Elapsed training time:2.08s
[Yelp] Starting validation...
[Yelp] Elapsed validation time:2.25s
[Yelp] [Epoch=102] Train Loss=[QuantLoss=0.00042]Val loss = [QuantLoss=0.08556][QuantReg:0.00805]
[Yelp] Starting epoch 103...
[Yelp] Elapsed training time:2.02s
[Yelp] Starting validation...
[Yelp] Elapsed validation time:2.45s
[Yelp] [Epoch=103] Train Loss=[QuantLoss=0.00038]Val loss = [QuantLoss=0.08772][QuantReg:0.00806]
[Yelp] Starting epoch 104...
[Yelp] Elapsed training time:1.95s
[Yelp] Starting validation...
[Yelp] Elapsed validation time:2.40s
[Yelp] [Epoch=104] Train Loss=[QuantLoss=0.00047]Val loss = [QuantLoss=0.08610][QuantReg:0.00804]
[Yelp] Starting epoch 105...
[Yelp] Elapsed training time:2.02s
[Yelp] Starting validation...
[Yelp] Elapsed validation time:2.39s
[Yelp] [Epoch=105] Train Loss=[QuantLoss=0.00041]Val loss = [QuantLoss=0.08478][QuantReg:0.00805]
[Yelp] Starting epoch 106...
[Yelp] Elapsed training time:2.05s
[Yelp] Starting validation...
[Yelp] Elapsed validation time:2.32s
[Yelp] [Epoch=106] Train Loss=[QuantLoss=0.00041]Val loss = [QuantLoss=0.08265][QuantReg:0.00806][saved best model in this epoch]
[Yelp] Starting epoch 107...
[Yelp] Elapsed training time:2.23s
[Yelp] Starting validation...
[Yelp] Elapsed validation time:2.46s
[Yelp] [Epoch=107] Train Loss=[QuantLoss=0.00032]Val loss = [QuantLoss=0.09118][QuantReg:0.00803]
[Yelp] Starting epoch 108...
[Yelp] Elapsed training time:2.02s
[Yelp] Starting validation...
[Yelp] Elapsed validation time:2.37s
[Yelp] [Epoch=108] Train Loss=[QuantLoss=0.00040]Val loss = [QuantLoss=0.08490][QuantReg:0.00807]
[Yelp] Starting epoch 109...
[Yelp] Elapsed training time:2.01s
[Yelp] Starting validation...
[Yelp] Elapsed validation time:2.55s
[Yelp] [Epoch=109] Train Loss=[QuantLoss=0.00043]Val loss = [QuantLoss=0.09027][QuantReg:0.00803]
[Yelp] Starting epoch 110...
[Yelp] Elapsed training time:2.00s
[Yelp] Starting validation...
[Yelp] Elapsed validation time:2.36s
[Yelp] [Epoch=110] Train Loss=[QuantLoss=0.00038]Val loss = [QuantLoss=0.09038][QuantReg:0.00798]
[Yelp] Starting epoch 111...
[Yelp] Elapsed training time:2.19s
[Yelp] Starting validation...
[Yelp] Elapsed validation time:2.45s
[Yelp] [Epoch=111] Train Loss=[QuantLoss=0.00039]Val loss = [QuantLoss=0.08809][QuantReg:0.00797]
[Yelp] Starting epoch 112...
[Yelp] Elapsed training time:2.22s
[Yelp] Starting validation...
[Yelp] Elapsed validation time:2.39s
[Yelp] [Epoch=112] Train Loss=[QuantLoss=0.00042]Val loss = [QuantLoss=0.08504][QuantReg:0.00808]
[Yelp] Starting epoch 113...
[Yelp] Elapsed training time:1.99s
[Yelp] Starting validation...
[Yelp] Elapsed validation time:2.25s
[Yelp] [Epoch=113] Train Loss=[QuantLoss=0.00036]Val loss = [QuantLoss=0.08168][QuantReg:0.00798][saved best model in this epoch]
[Yelp] Starting epoch 114...
[Yelp] Elapsed training time:2.03s
[Yelp] Starting validation...
[Yelp] Elapsed validation time:2.44s
[Yelp] [Epoch=114] Train Loss=[QuantLoss=0.00046]Val loss = [QuantLoss=0.08764][QuantReg:0.00797]
[Yelp] Starting epoch 115...
[Yelp] Elapsed training time:2.01s
[Yelp] Starting validation...
[Yelp] Elapsed validation time:2.33s
[Yelp] [Epoch=115] Train Loss=[QuantLoss=0.00035]Val loss = [QuantLoss=0.08764][QuantReg:0.00802]
[Yelp] Starting epoch 116...
[Yelp] Elapsed training time:2.00s
[Yelp] Starting validation...
[Yelp] Elapsed validation time:2.38s
[Yelp] [Epoch=116] Train Loss=[QuantLoss=0.00050]Val loss = [QuantLoss=0.08902][QuantReg:0.00798]
[Yelp] Starting epoch 117...
[Yelp] Elapsed training time:2.21s
[Yelp] Starting validation...
[Yelp] Elapsed validation time:2.32s
[Yelp] [Epoch=117] Train Loss=[QuantLoss=0.00037]Val loss = [QuantLoss=0.08446][QuantReg:0.00797]
[Yelp] Starting epoch 118...
[Yelp] Elapsed training time:2.02s
[Yelp] Starting validation...
[Yelp] Elapsed validation time:2.36s
[Yelp] [Epoch=118] Train Loss=[QuantLoss=0.00041]Val loss = [QuantLoss=0.08425][QuantReg:0.00798]
[Yelp] Starting epoch 119...
[Yelp] Elapsed training time:2.02s
[Yelp] Starting validation...
[Yelp] Elapsed validation time:2.36s
[Yelp] [Epoch=119] Train Loss=[QuantLoss=0.00037]Val loss = [QuantLoss=0.08567][QuantReg:0.00796]
[Yelp] Starting epoch 120...
[Yelp] Elapsed training time:2.08s
[Yelp] Starting validation...
[Yelp] Elapsed validation time:2.55s
[Yelp] [Epoch=120] Train Loss=[QuantLoss=0.00043]Val loss = [QuantLoss=0.09215][QuantReg:0.00800]
[Yelp] Starting epoch 121...
[Yelp] Elapsed training time:2.02s
[Yelp] Starting validation...
[Yelp] Elapsed validation time:2.30s
[Yelp] [Epoch=121] Train Loss=[QuantLoss=0.00043]Val loss = [QuantLoss=0.08381][QuantReg:0.00800]
[Yelp] Starting epoch 122...
[Yelp] Elapsed training time:2.14s
[Yelp] Starting validation...
[Yelp] Elapsed validation time:2.29s
[Yelp] [Epoch=122] Train Loss=[QuantLoss=0.00035]Val loss = [QuantLoss=0.08572][QuantReg:0.00802]
[Yelp] Starting epoch 123...
[Yelp] Elapsed training time:1.97s
[Yelp] Starting validation...
[Yelp] Elapsed validation time:2.24s
[Yelp] [Epoch=123] Train Loss=[QuantLoss=0.00041]Val loss = [QuantLoss=0.08718][QuantReg:0.00796]
[Yelp] Starting epoch 124...
[Yelp] Elapsed training time:2.24s
[Yelp] Starting validation...
[Yelp] Elapsed validation time:2.57s
[Yelp] [Epoch=124] Train Loss=[QuantLoss=0.00034]Val loss = [QuantLoss=0.08074][QuantReg:0.00797][saved best model in this epoch]
[Yelp] Starting epoch 125...
[Yelp] Elapsed training time:2.00s
[Yelp] Starting validation...
[Yelp] Elapsed validation time:2.47s
[Yelp] [Epoch=125] Train Loss=[QuantLoss=0.00039]Val loss = [QuantLoss=0.08362][QuantReg:0.00795]
[Yelp] Starting epoch 126...
[Yelp] Elapsed training time:2.05s
[Yelp] Starting validation...
[Yelp] Elapsed validation time:2.47s
[Yelp] [Epoch=126] Train Loss=[QuantLoss=0.00042]Val loss = [QuantLoss=0.08381][QuantReg:0.00799]
[Yelp] Starting epoch 127...
[Yelp] Elapsed training time:2.00s
[Yelp] Starting validation...
[Yelp] Elapsed validation time:2.33s
[Yelp] [Epoch=127] Train Loss=[QuantLoss=0.00040]Val loss = [QuantLoss=0.08568][QuantReg:0.00794]
[Yelp] Starting epoch 128...
[Yelp] Elapsed training time:2.02s
[Yelp] Starting validation...
[Yelp] Elapsed validation time:2.35s
[Yelp] [Epoch=128] Train Loss=[QuantLoss=0.00042]Val loss = [QuantLoss=0.08410][QuantReg:0.00788]
[Yelp] Starting epoch 129...
[Yelp] Elapsed training time:2.17s
[Yelp] Starting validation...
[Yelp] Elapsed validation time:2.39s
[Yelp] [Epoch=129] Train Loss=[QuantLoss=0.00035]Val loss = [QuantLoss=0.08389][QuantReg:0.00797]
[Yelp] Starting epoch 130...
[Yelp] Elapsed training time:2.10s
[Yelp] Starting validation...
[Yelp] Elapsed validation time:2.31s
[Yelp] [Epoch=130] Train Loss=[QuantLoss=0.00037]Val loss = [QuantLoss=0.08722][QuantReg:0.00796]
[Yelp] Starting epoch 131...
[Yelp] Elapsed training time:2.12s
[Yelp] Starting validation...
[Yelp] Elapsed validation time:2.42s
[Yelp] [Epoch=131] Train Loss=[QuantLoss=0.00039]Val loss = [QuantLoss=0.08113][QuantReg:0.00794]
[Yelp] Starting epoch 132...
[Yelp] Elapsed training time:2.06s
[Yelp] Starting validation...
[Yelp] Elapsed validation time:2.42s
[Yelp] [Epoch=132] Train Loss=[QuantLoss=0.00044]Val loss = [QuantLoss=0.08443][QuantReg:0.00799]
[Yelp] Starting epoch 133...
[Yelp] Elapsed training time:2.15s
[Yelp] Starting validation...
[Yelp] Elapsed validation time:2.37s
[Yelp] [Epoch=133] Train Loss=[QuantLoss=0.00032]Val loss = [QuantLoss=0.08753][QuantReg:0.00797]
[Yelp] Starting epoch 134...
[Yelp] Elapsed training time:2.00s
[Yelp] Starting validation...
[Yelp] Elapsed validation time:2.37s
[Yelp] [Epoch=134] Train Loss=[QuantLoss=0.00039]Val loss = [QuantLoss=0.08176][QuantReg:0.00788]
[Yelp] Starting epoch 135...
[Yelp] Elapsed training time:2.10s
[Yelp] Starting validation...
[Yelp] Elapsed validation time:2.33s
[Yelp] [Epoch=135] Train Loss=[QuantLoss=0.00041]Val loss = [QuantLoss=0.08762][QuantReg:0.00795]
[Yelp] Starting epoch 136...
[Yelp] Elapsed training time:2.13s
[Yelp] Starting validation...
[Yelp] Elapsed validation time:2.36s
[Yelp] [Epoch=136] Train Loss=[QuantLoss=0.00039]Val loss = [QuantLoss=0.08344][QuantReg:0.00790]
[Yelp] Starting epoch 137...
[Yelp] Elapsed training time:2.03s
[Yelp] Starting validation...
[Yelp] Elapsed validation time:2.41s
[Yelp] [Epoch=137] Train Loss=[QuantLoss=0.00036]Val loss = [QuantLoss=0.08537][QuantReg:0.00794]
[Yelp] Starting epoch 138...
[Yelp] Elapsed training time:2.10s
[Yelp] Starting validation...
[Yelp] Elapsed validation time:2.49s
[Yelp] [Epoch=138] Train Loss=[QuantLoss=0.00043]Val loss = [QuantLoss=0.08388][QuantReg:0.00796]
[Yelp] Starting epoch 139...
[Yelp] Elapsed training time:2.15s
[Yelp] Starting validation...
[Yelp] Elapsed validation time:2.37s
[Yelp] [Epoch=139] Train Loss=[QuantLoss=0.00043]Val loss = [QuantLoss=0.07987][QuantReg:0.00791][saved best model in this epoch]
[Yelp] Starting epoch 140...
[Yelp] Elapsed training time:2.05s
[Yelp] Starting validation...
[Yelp] Elapsed validation time:2.31s
[Yelp] [Epoch=140] Train Loss=[QuantLoss=0.00039]Val loss = [QuantLoss=0.08430][QuantReg:0.00788]
[Yelp] Starting epoch 141...
[Yelp] Elapsed training time:2.18s
[Yelp] Starting validation...
[Yelp] Elapsed validation time:2.28s
[Yelp] [Epoch=141] Train Loss=[QuantLoss=0.00038]Val loss = [QuantLoss=0.07937][QuantReg:0.00790][saved best model in this epoch]
[Yelp] Starting epoch 142...
[Yelp] Elapsed training time:1.99s
[Yelp] Starting validation...
[Yelp] Elapsed validation time:2.52s
[Yelp] [Epoch=142] Train Loss=[QuantLoss=0.00035]Val loss = [QuantLoss=0.07811][QuantReg:0.00791][saved best model in this epoch]
[Yelp] Starting epoch 143...
[Yelp] Elapsed training time:2.10s
[Yelp] Starting validation...
[Yelp] Elapsed validation time:2.34s
[Yelp] [Epoch=143] Train Loss=[QuantLoss=0.00033]Val loss = [QuantLoss=0.08361][QuantReg:0.00799]
[Yelp] Starting epoch 144...
[Yelp] Elapsed training time:2.01s
[Yelp] Starting validation...
[Yelp] Elapsed validation time:2.28s
[Yelp] [Epoch=144] Train Loss=[QuantLoss=0.00041]Val loss = [QuantLoss=0.08494][QuantReg:0.00796]
[Yelp] Starting epoch 145...
[Yelp] Elapsed training time:1.99s
[Yelp] Starting validation...
[Yelp] Elapsed validation time:2.38s
[Yelp] [Epoch=145] Train Loss=[QuantLoss=0.00041]Val loss = [QuantLoss=0.08396][QuantReg:0.00789]
[Yelp] Starting epoch 146...
[Yelp] Elapsed training time:2.04s
[Yelp] Starting validation...
[Yelp] Elapsed validation time:2.51s
[Yelp] [Epoch=146] Train Loss=[QuantLoss=0.00034]Val loss = [QuantLoss=0.07635][QuantReg:0.00791][saved best model in this epoch]
[Yelp] Starting epoch 147...
[Yelp] Elapsed training time:2.35s
[Yelp] Starting validation...
[Yelp] Elapsed validation time:2.32s
[Yelp] [Epoch=147] Train Loss=[QuantLoss=0.00042]Val loss = [QuantLoss=0.08142][QuantReg:0.00793]
[Yelp] Starting epoch 148...
[Yelp] Elapsed training time:2.09s
[Yelp] Starting validation...
[Yelp] Elapsed validation time:2.36s
[Yelp] [Epoch=148] Train Loss=[QuantLoss=0.00042]Val loss = [QuantLoss=0.08244][QuantReg:0.00798]
[Yelp] Starting epoch 149...
[Yelp] Elapsed training time:2.04s
[Yelp] Starting validation...
[Yelp] Elapsed validation time:2.41s
[Yelp] [Epoch=149] Train Loss=[QuantLoss=0.00035]Val loss = [QuantLoss=0.08368][QuantReg:0.00793]
[Yelp] Starting epoch 150...
[Yelp] Elapsed training time:2.04s
[Yelp] Starting validation...
[Yelp] Elapsed validation time:2.36s
[Yelp] [Epoch=150] Train Loss=[QuantLoss=0.00040]Val loss = [QuantLoss=0.08179][QuantReg:0.00795]
[Yelp] Starting epoch 151...
[Yelp] Elapsed training time:2.26s
[Yelp] Starting validation...
[Yelp] Elapsed validation time:2.39s
[Yelp] [Epoch=151] Train Loss=[QuantLoss=0.00038]Val loss = [QuantLoss=0.07649][QuantReg:0.00793]
[Yelp] Starting epoch 152...
[Yelp] Elapsed training time:2.11s
[Yelp] Starting validation...
[Yelp] Elapsed validation time:2.33s
[Yelp] [Epoch=152] Train Loss=[QuantLoss=0.00040]Val loss = [QuantLoss=0.08631][QuantReg:0.00796]
[Yelp] Starting epoch 153...
[Yelp] Elapsed training time:2.10s
[Yelp] Starting validation...
[Yelp] Elapsed validation time:2.54s
[Yelp] [Epoch=153] Train Loss=[QuantLoss=0.00038]Val loss = [QuantLoss=0.08232][QuantReg:0.00794]
[Yelp] Starting epoch 154...
[Yelp] Elapsed training time:2.08s
[Yelp] Starting validation...
[Yelp] Elapsed validation time:2.26s
[Yelp] [Epoch=154] Train Loss=[QuantLoss=0.00042]Val loss = [QuantLoss=0.08056][QuantReg:0.00795]
[Yelp] Starting epoch 155...
[Yelp] Elapsed training time:2.01s
[Yelp] Starting validation...
[Yelp] Elapsed validation time:2.48s
[Yelp] [Epoch=155] Train Loss=[QuantLoss=0.00042]Val loss = [QuantLoss=0.08872][QuantReg:0.00798]
[Yelp] Starting epoch 156...
[Yelp] Elapsed training time:2.15s
[Yelp] Starting validation...
[Yelp] Elapsed validation time:2.48s
[Yelp] [Epoch=156] Train Loss=[QuantLoss=0.00037]Val loss = [QuantLoss=0.07777][QuantReg:0.00796]
[Yelp] Starting epoch 157...
[Yelp] Elapsed training time:2.02s
[Yelp] Starting validation...
[Yelp] Elapsed validation time:2.47s
[Yelp] [Epoch=157] Train Loss=[QuantLoss=0.00039]Val loss = [QuantLoss=0.07886][QuantReg:0.00797]
[Yelp] Starting epoch 158...
[Yelp] Elapsed training time:2.18s
[Yelp] Starting validation...
[Yelp] Elapsed validation time:2.48s
[Yelp] [Epoch=158] Train Loss=[QuantLoss=0.00037]Val loss = [QuantLoss=0.08516][QuantReg:0.00800]
[Yelp] Starting epoch 159...
[Yelp] Elapsed training time:2.02s
[Yelp] Starting validation...
[Yelp] Elapsed validation time:2.39s
[Yelp] [Epoch=159] Train Loss=[QuantLoss=0.00040]Val loss = [QuantLoss=0.08067][QuantReg:0.00798]
[Yelp] Starting epoch 160...
[Yelp] Elapsed training time:2.08s
[Yelp] Starting validation...
[Yelp] Elapsed validation time:2.25s
[Yelp] [Epoch=160] Train Loss=[QuantLoss=0.00041]Val loss = [QuantLoss=0.08427][QuantReg:0.00798]
[Yelp] Starting epoch 161...
[Yelp] Elapsed training time:2.11s
[Yelp] Starting validation...
[Yelp] Elapsed validation time:2.41s
[Yelp] [Epoch=161] Train Loss=[QuantLoss=0.00041]Val loss = [QuantLoss=0.08388][QuantReg:0.00797]
[Yelp] Starting epoch 162...
[Yelp] Elapsed training time:2.14s
[Yelp] Starting validation...
[Yelp] Elapsed validation time:2.38s
[Yelp] [Epoch=162] Train Loss=[QuantLoss=0.00036]Val loss = [QuantLoss=0.08138][QuantReg:0.00794]
[Yelp] Starting epoch 163...
[Yelp] Elapsed training time:2.05s
[Yelp] Starting validation...
[Yelp] Elapsed validation time:2.39s
[Yelp] [Epoch=163] Train Loss=[QuantLoss=0.00039]Val loss = [QuantLoss=0.07781][QuantReg:0.00797]
[Yelp] Starting epoch 164...
[Yelp] Elapsed training time:2.12s
[Yelp] Starting validation...
[Yelp] Elapsed validation time:2.34s
[Yelp] [Epoch=164] Train Loss=[QuantLoss=0.00036]Val loss = [QuantLoss=0.08379][QuantReg:0.00796]
[Yelp] Starting epoch 165...
[Yelp] Elapsed training time:2.10s
[Yelp] Starting validation...
[Yelp] Elapsed validation time:2.37s
[Yelp] [Epoch=165] Train Loss=[QuantLoss=0.00038]Val loss = [QuantLoss=0.07699][QuantReg:0.00796]
[Yelp] Starting epoch 166...
[Yelp] Elapsed training time:2.10s
[Yelp] Starting validation...
[Yelp] Elapsed validation time:2.45s
[Yelp] [Epoch=166] Train Loss=[QuantLoss=0.00039]Val loss = [QuantLoss=0.08103][QuantReg:0.00796]
[Yelp] Starting epoch 167...
[Yelp] Elapsed training time:2.09s
[Yelp] Starting validation...
[Yelp] Elapsed validation time:2.35s
[Yelp] [Epoch=167] Train Loss=[QuantLoss=0.00036]Val loss = [QuantLoss=0.08066][QuantReg:0.00794]
[Yelp] Early stopping in epoch 167!
[Yelp] Restoring best model...
MAE médio: 0.1070 ± 0.0627
Tempo de execução (KL easiest): 759 segundos.
/home/nildaimon/anaconda3/envs/gpu-gmnet/lib/python3.9/site-packages/pandas/core/computation/expressions.py:21: UserWarning: Pandas requires version '2.8.4' or newer of 'numexpr' (version '2.7.3' currently installed).
  from pandas.core.computation.check import NUMEXPR_INSTALLED
/home/nildaimon/anaconda3/envs/gpu-gmnet/lib/python3.9/site-packages/pandas/core/arrays/masked.py:60: UserWarning: Pandas requires version '1.3.6' or newer of 'bottleneck' (version '1.3.2' currently installed).
  from pandas.core import (
Dataset: yelp
Dificuldade: l1, modo: hardest, top_k: 50
Dispositivo de treino: cuda
Baixando Yelp Review Full do Hugging Face...
Carregando embeddings do cache...
/home/nildaimon/gmnet/experiments/train_curl/train_yelp.py:108: FutureWarning: You are using `torch.load` with `weights_only=False` (the current default value), which uses the default pickle module implicitly. It is possible to construct malicious pickle data which will execute arbitrary code during unpickling (See https://github.com/pytorch/pytorch/blob/main/SECURITY.md#untrusted-models for more details). In a future release, the default value for `weights_only` will be flipped to `True`. This limits the functions that could be executed during unpickling. Arbitrary objects will no longer be allowed to be loaded via this mode unless they are explicitly allowlisted by the user via `torch.serialization.add_safe_globals`. We recommend you start setting `weights_only=True` for any use case where you don't have full control of the loaded file. Please open an issue on GitHub for any issues related to this experimental feature.
  embeddings = torch.load(EMBEDDING_CACHE)
/home/nildaimon/gmnet/experiments/train_curl/train_yelp.py:109: FutureWarning: You are using `torch.load` with `weights_only=False` (the current default value), which uses the default pickle module implicitly. It is possible to construct malicious pickle data which will execute arbitrary code during unpickling (See https://github.com/pytorch/pytorch/blob/main/SECURITY.md#untrusted-models for more details). In a future release, the default value for `weights_only` will be flipped to `True`. This limits the functions that could be executed during unpickling. Arbitrary objects will no longer be allowed to be loaded via this mode unless they are explicitly allowlisted by the user via `torch.serialization.add_safe_globals`. We recommend you start setting `weights_only=True` for any use case where you don't have full control of the loaded file. Please open an issue on GitHub for any issues related to this experimental feature.
  labels = torch.load(LABELS_CACHE)
Ignoring val_split as train and val datasets where given to fit function
We have two datasets: training 5390000 examples. validation 300000 examples.]
Using device cuda
/home/nildaimon/anaconda3/envs/gpu-gmnet/lib/python3.9/site-packages/torch/optim/lr_scheduler.py:62: UserWarning: The verbose parameter is deprecated. Please use get_last_lr() to access the learning rate.
  warnings.warn(
/home/nildaimon/gmnet/dlquantification/main.py:835: FutureWarning: `torch.cuda.amp.GradScaler(args...)` is deprecated. Please use `torch.amp.GradScaler('cuda', args...)` instead.
  scaler = torch.cuda.amp.GradScaler(enabled=self.use_fp16)
[Yelp] Starting epoch 0...
/home/nildaimon/gmnet/dlquantification/main.py:888: FutureWarning: `torch.cuda.amp.autocast(args...)` is deprecated. Please use `torch.amp.autocast('cuda', args...)` instead.
  with torch.cuda.amp.autocast(enabled=self.use_fp16):
[Yelp] Elapsed training time:2.12s
[Yelp] Starting validation...
[Yelp] Elapsed validation time:2.51s
[Yelp] [Epoch=000] Train Loss=[QuantLoss=0.01019]Val loss = [QuantLoss=0.27390][QuantReg:0.00214][saved best model in this epoch]
[Yelp] Starting epoch 1...
[Yelp] Elapsed training time:2.29s
[Yelp] Starting validation...
[Yelp] Elapsed validation time:2.65s
[Yelp] [Epoch=001] Train Loss=[QuantLoss=0.00395]Val loss = [QuantLoss=0.32851][QuantReg:0.01229]
[Yelp] Starting epoch 2...
[Yelp] Elapsed training time:2.00s
[Yelp] Starting validation...
[Yelp] Elapsed validation time:2.37s
[Yelp] [Epoch=002] Train Loss=[QuantLoss=0.00068]Val loss = [QuantLoss=0.30906][QuantReg:0.01383]
[Yelp] Starting epoch 3...
[Yelp] Elapsed training time:2.04s
[Yelp] Starting validation...
[Yelp] Elapsed validation time:2.30s
[Yelp] [Epoch=003] Train Loss=[QuantLoss=0.00082]Val loss = [QuantLoss=0.29182][QuantReg:0.01460]
[Yelp] Starting epoch 4...
[Yelp] Elapsed training time:2.01s
[Yelp] Starting validation...
[Yelp] Elapsed validation time:2.29s
[Yelp] [Epoch=004] Train Loss=[QuantLoss=0.00094]Val loss = [QuantLoss=0.29289][QuantReg:0.01583]
[Yelp] Starting epoch 5...
[Yelp] Elapsed training time:1.93s
[Yelp] Starting validation...
[Yelp] Elapsed validation time:2.44s
[Yelp] [Epoch=005] Train Loss=[QuantLoss=0.00085]Val loss = [QuantLoss=0.28112][QuantReg:0.01667]
[Yelp] Starting epoch 6...
[Yelp] Elapsed training time:1.93s
[Yelp] Starting validation...
[Yelp] Elapsed validation time:2.45s
[Yelp] [Epoch=006] Train Loss=[QuantLoss=0.00087]Val loss = [QuantLoss=0.28187][QuantReg:0.01698]
[Yelp] Starting epoch 7...
[Yelp] Elapsed training time:1.92s
[Yelp] Starting validation...
[Yelp] Elapsed validation time:2.36s
[Yelp] [Epoch=007] Train Loss=[QuantLoss=0.00087]Val loss = [QuantLoss=0.28455][QuantReg:0.01713]
[Yelp] Starting epoch 8...
[Yelp] Elapsed training time:2.07s
[Yelp] Starting validation...
[Yelp] Elapsed validation time:2.31s
[Yelp] [Epoch=008] Train Loss=[QuantLoss=0.00094]Val loss = [QuantLoss=0.29433][QuantReg:0.01687]
[Yelp] Starting epoch 9...
[Yelp] Elapsed training time:1.96s
[Yelp] Starting validation...
[Yelp] Elapsed validation time:2.48s
[Yelp] [Epoch=009] Train Loss=[QuantLoss=0.00077]Val loss = [QuantLoss=0.29494][QuantReg:0.01715]
[Yelp] Starting epoch 10...
[Yelp] Elapsed training time:1.94s
[Yelp] Starting validation...
[Yelp] Elapsed validation time:2.48s
[Yelp] [Epoch=010] Train Loss=[QuantLoss=0.00093]Val loss = [QuantLoss=0.29860][QuantReg:0.01731]
[Yelp] Starting epoch 11...
[Yelp] Elapsed training time:2.03s
[Yelp] Starting validation...
[Yelp] Elapsed validation time:2.43s
[Yelp] [Epoch=011] Train Loss=[QuantLoss=0.00095]Val loss = [QuantLoss=0.31087][QuantReg:0.01666]
[Yelp] Starting epoch 12...
[Yelp] Elapsed training time:1.93s
[Yelp] Starting validation...
[Yelp] Elapsed validation time:2.50s
[Yelp] [Epoch=012] Train Loss=[QuantLoss=0.00088]Val loss = [QuantLoss=0.30920][QuantReg:0.01689]
[Yelp] Starting epoch 13...
[Yelp] Elapsed training time:1.97s
[Yelp] Starting validation...
[Yelp] Elapsed validation time:2.38s
[Yelp] [Epoch=013] Train Loss=[QuantLoss=0.00084]Val loss = [QuantLoss=0.31266][QuantReg:0.01731]
[Yelp] Starting epoch 14...
[Yelp] Elapsed training time:2.05s
[Yelp] Starting validation...
[Yelp] Elapsed validation time:2.36s
[Yelp] [Epoch=014] Train Loss=[QuantLoss=0.00080]Val loss = [QuantLoss=0.33194][QuantReg:0.01663]
[Yelp] Starting epoch 15...
[Yelp] Elapsed training time:2.08s
[Yelp] Starting validation...
[Yelp] Elapsed validation time:2.29s
[Yelp] [Epoch=015] Train Loss=[QuantLoss=0.00085]Val loss = [QuantLoss=0.33588][QuantReg:0.01703]
[Yelp] Starting epoch 16...
[Yelp] Elapsed training time:2.04s
[Yelp] Starting validation...
[Yelp] Elapsed validation time:2.40s
[Yelp] [Epoch=016] Train Loss=[QuantLoss=0.00084]Val loss = [QuantLoss=0.32823][QuantReg:0.01771]
[Yelp] Starting epoch 17...
[Yelp] Elapsed training time:1.99s
[Yelp] Starting validation...
[Yelp] Elapsed validation time:2.58s
[Yelp] [Epoch=017] Train Loss=[QuantLoss=0.00099]Val loss = [QuantLoss=0.33116][QuantReg:0.01764]
[Yelp] Starting epoch 18...
[Yelp] Elapsed training time:1.94s
[Yelp] Starting validation...
[Yelp] Elapsed validation time:2.26s
[Yelp] [Epoch=018] Train Loss=[QuantLoss=0.00078]Val loss = [QuantLoss=0.33060][QuantReg:0.01772]
[Yelp] Starting epoch 19...
[Yelp] Elapsed training time:1.95s
[Yelp] Starting validation...
[Yelp] Elapsed validation time:2.37s
[Yelp] [Epoch=019] Train Loss=[QuantLoss=0.00100]Val loss = [QuantLoss=0.32623][QuantReg:0.01764]
[Yelp] Starting epoch 20...
[Yelp] Elapsed training time:2.14s
[Yelp] Starting validation...
[Yelp] Elapsed validation time:2.47s
[Yelp] [Epoch=020] Train Loss=[QuantLoss=0.00080]Val loss = [QuantLoss=0.32376][QuantReg:0.01724]
[Yelp] Starting epoch 21...
[Yelp] Elapsed training time:1.92s
[Yelp] Starting validation...
[Yelp] Elapsed validation time:2.42s
[Yelp] [Epoch=021] Train Loss=[QuantLoss=0.00082]Val loss = [QuantLoss=0.34033][QuantReg:0.01722]
[Yelp] Starting epoch 22...
[Yelp] Elapsed training time:2.08s
[Yelp] Starting validation...
[Yelp] Elapsed validation time:2.34s
[Yelp] [Epoch=022] Train Loss=[QuantLoss=0.00086]Val loss = [QuantLoss=0.33301][QuantReg:0.01732]
[Yelp] Starting epoch 23...
[Yelp] Elapsed training time:2.12s
[Yelp] Starting validation...
[Yelp] Elapsed validation time:2.27s
[Yelp] [Epoch=023] Train Loss=[QuantLoss=0.00086]Val loss = [QuantLoss=0.34132][QuantReg:0.01750]
[Yelp] Starting epoch 24...
[Yelp] Elapsed training time:2.05s
[Yelp] Starting validation...
[Yelp] Elapsed validation time:2.55s
[Yelp] [Epoch=024] Train Loss=[QuantLoss=0.00084]Val loss = [QuantLoss=0.34293][QuantReg:0.01713]
[Yelp] Starting epoch 25...
[Yelp] Elapsed training time:1.98s
[Yelp] Starting validation...
[Yelp] Elapsed validation time:2.34s
[Yelp] [Epoch=025] Train Loss=[QuantLoss=0.00087]Val loss = [QuantLoss=0.33254][QuantReg:0.01703]
[Yelp] Starting epoch 26...
[Yelp] Elapsed training time:2.21s
[Yelp] Starting validation...
[Yelp] Elapsed validation time:2.31s
[Yelp] [Epoch=026] Train Loss=[QuantLoss=0.00079]Val loss = [QuantLoss=0.33182][QuantReg:0.01786]
[Yelp] Starting epoch 27...
[Yelp] Elapsed training time:2.05s
[Yelp] Starting validation...
[Yelp] Elapsed validation time:2.46s
[Yelp] [Epoch=027] Train Loss=[QuantLoss=0.00102]Val loss = [QuantLoss=0.33182][QuantReg:0.01743]
[Yelp] Starting epoch 28...
[Yelp] Elapsed training time:2.21s
[Yelp] Starting validation...
[Yelp] Elapsed validation time:2.43s
[Yelp] [Epoch=028] Train Loss=[QuantLoss=0.00089]Val loss = [QuantLoss=0.33411][QuantReg:0.01776]
[Yelp] Starting epoch 29...
[Yelp] Elapsed training time:1.99s
[Yelp] Starting validation...
[Yelp] Elapsed validation time:2.38s
[Yelp] [Epoch=029] Train Loss=[QuantLoss=0.00080]Val loss = [QuantLoss=0.33446][QuantReg:0.01732]
[Yelp] Starting epoch 30...
[Yelp] Elapsed training time:2.05s
[Yelp] Starting validation...
[Yelp] Elapsed validation time:2.50s
[Yelp] [Epoch=030] Train Loss=[QuantLoss=0.00080]Val loss = [QuantLoss=0.33552][QuantReg:0.01728]
[Yelp] Starting epoch 31...
[Yelp] Elapsed training time:1.95s
[Yelp] Starting validation...
[Yelp] Elapsed validation time:2.33s
[Yelp] [Epoch=031] Train Loss=[QuantLoss=0.00080]Val loss = [QuantLoss=0.33048][QuantReg:0.01663]
[Yelp] Starting epoch 32...
[Yelp] Elapsed training time:2.01s
[Yelp] Starting validation...
[Yelp] Elapsed validation time:2.34s
[Yelp] [Epoch=032] Train Loss=[QuantLoss=0.00087]Val loss = [QuantLoss=0.34115][QuantReg:0.01699]
[Yelp] Starting epoch 33...
[Yelp] Elapsed training time:2.06s
[Yelp] Starting validation...
[Yelp] Elapsed validation time:2.46s
[Yelp] [Epoch=033] Train Loss=[QuantLoss=0.00087]Val loss = [QuantLoss=0.34494][QuantReg:0.01737]
[Yelp] Starting epoch 34...
[Yelp] Elapsed training time:2.10s
[Yelp] Starting validation...
[Yelp] Elapsed validation time:2.30s
[Yelp] [Epoch=034] Train Loss=[QuantLoss=0.00084]Val loss = [QuantLoss=0.33851][QuantReg:0.01699]
[Yelp] Starting epoch 35...
[Yelp] Elapsed training time:2.12s
[Yelp] Starting validation...
[Yelp] Elapsed validation time:2.49s
[Yelp] [Epoch=035] Train Loss=[QuantLoss=0.00094]Val loss = [QuantLoss=0.33371][QuantReg:0.01744]
[Yelp] Starting epoch 36...
[Yelp] Elapsed training time:2.10s
[Yelp] Starting validation...
[Yelp] Elapsed validation time:2.30s
[Yelp] [Epoch=036] Train Loss=[QuantLoss=0.00092]Val loss = [QuantLoss=0.34181][QuantReg:0.01719]
[Yelp] Starting epoch 37...
[Yelp] Elapsed training time:1.92s
[Yelp] Starting validation...
[Yelp] Elapsed validation time:2.24s
[Yelp] [Epoch=037] Train Loss=[QuantLoss=0.00081]Val loss = [QuantLoss=0.34156][QuantReg:0.01709]
[Yelp] Starting epoch 38...
[Yelp] Elapsed training time:1.94s
[Yelp] Starting validation...
[Yelp] Elapsed validation time:2.25s
[Yelp] [Epoch=038] Train Loss=[QuantLoss=0.00083]Val loss = [QuantLoss=0.33091][QuantReg:0.01719]
[Yelp] Starting epoch 39...
[Yelp] Elapsed training time:1.92s
[Yelp] Starting validation...
[Yelp] Elapsed validation time:2.50s
[Yelp] [Epoch=039] Train Loss=[QuantLoss=0.00086]Val loss = [QuantLoss=0.33415][QuantReg:0.01763]
[Yelp] Starting epoch 40...
[Yelp] Elapsed training time:1.94s
[Yelp] Starting validation...
[Yelp] Elapsed validation time:2.29s
[Yelp] [Epoch=040] Train Loss=[QuantLoss=0.00084]Val loss = [QuantLoss=0.34340][QuantReg:0.01711]
[Yelp] Starting epoch 41...
[Yelp] Elapsed training time:1.93s
[Yelp] Starting validation...
[Yelp] Elapsed validation time:2.48s
[Yelp] [Epoch=041] Train Loss=[QuantLoss=0.00077]Val loss = [QuantLoss=0.33052][QuantReg:0.01750]
[Yelp] Starting epoch 42...
[Yelp] Elapsed training time:1.97s
[Yelp] Starting validation...
[Yelp] Elapsed validation time:2.32s
[Yelp] [Epoch=042] Train Loss=[QuantLoss=0.00080]Val loss = [QuantLoss=0.34292][QuantReg:0.01738]
[Yelp] Early stopping in epoch 42!
[Yelp] Restoring best model...
MAE médio: 0.2613 ± 0.1168
Tempo de execução (L1 hardest): 203 segundos.
/home/nildaimon/anaconda3/envs/gpu-gmnet/lib/python3.9/site-packages/pandas/core/computation/expressions.py:21: UserWarning: Pandas requires version '2.8.4' or newer of 'numexpr' (version '2.7.3' currently installed).
  from pandas.core.computation.check import NUMEXPR_INSTALLED
/home/nildaimon/anaconda3/envs/gpu-gmnet/lib/python3.9/site-packages/pandas/core/arrays/masked.py:60: UserWarning: Pandas requires version '1.3.6' or newer of 'bottleneck' (version '1.3.2' currently installed).
  from pandas.core import (
Dataset: yelp
Dificuldade: l1, modo: easiest, top_k: 50
Dispositivo de treino: cuda
Baixando Yelp Review Full do Hugging Face...
Carregando embeddings do cache...
/home/nildaimon/gmnet/experiments/train_curl/train_yelp.py:108: FutureWarning: You are using `torch.load` with `weights_only=False` (the current default value), which uses the default pickle module implicitly. It is possible to construct malicious pickle data which will execute arbitrary code during unpickling (See https://github.com/pytorch/pytorch/blob/main/SECURITY.md#untrusted-models for more details). In a future release, the default value for `weights_only` will be flipped to `True`. This limits the functions that could be executed during unpickling. Arbitrary objects will no longer be allowed to be loaded via this mode unless they are explicitly allowlisted by the user via `torch.serialization.add_safe_globals`. We recommend you start setting `weights_only=True` for any use case where you don't have full control of the loaded file. Please open an issue on GitHub for any issues related to this experimental feature.
  embeddings = torch.load(EMBEDDING_CACHE)
/home/nildaimon/gmnet/experiments/train_curl/train_yelp.py:109: FutureWarning: You are using `torch.load` with `weights_only=False` (the current default value), which uses the default pickle module implicitly. It is possible to construct malicious pickle data which will execute arbitrary code during unpickling (See https://github.com/pytorch/pytorch/blob/main/SECURITY.md#untrusted-models for more details). In a future release, the default value for `weights_only` will be flipped to `True`. This limits the functions that could be executed during unpickling. Arbitrary objects will no longer be allowed to be loaded via this mode unless they are explicitly allowlisted by the user via `torch.serialization.add_safe_globals`. We recommend you start setting `weights_only=True` for any use case where you don't have full control of the loaded file. Please open an issue on GitHub for any issues related to this experimental feature.
  labels = torch.load(LABELS_CACHE)
Ignoring val_split as train and val datasets where given to fit function
We have two datasets: training 5390000 examples. validation 300000 examples.]
Using device cuda
/home/nildaimon/anaconda3/envs/gpu-gmnet/lib/python3.9/site-packages/torch/optim/lr_scheduler.py:62: UserWarning: The verbose parameter is deprecated. Please use get_last_lr() to access the learning rate.
  warnings.warn(
/home/nildaimon/gmnet/dlquantification/main.py:835: FutureWarning: `torch.cuda.amp.GradScaler(args...)` is deprecated. Please use `torch.amp.GradScaler('cuda', args...)` instead.
  scaler = torch.cuda.amp.GradScaler(enabled=self.use_fp16)
[Yelp] Starting epoch 0...
/home/nildaimon/gmnet/dlquantification/main.py:888: FutureWarning: `torch.cuda.amp.autocast(args...)` is deprecated. Please use `torch.amp.autocast('cuda', args...)` instead.
  with torch.cuda.amp.autocast(enabled=self.use_fp16):
[Yelp] Elapsed training time:2.13s
[Yelp] Starting validation...
[Yelp] Elapsed validation time:2.44s
[Yelp] [Epoch=000] Train Loss=[QuantLoss=0.00040]Val loss = [QuantLoss=0.26464][QuantReg:0.00214][saved best model in this epoch]
[Yelp] Starting epoch 1...
[Yelp] Elapsed training time:2.15s
[Yelp] Starting validation...
[Yelp] Elapsed validation time:2.39s
[Yelp] [Epoch=001] Train Loss=[QuantLoss=0.00152]Val loss = [QuantLoss=0.18692][QuantReg:0.00423][saved best model in this epoch]
[Yelp] Starting epoch 2...
[Yelp] Elapsed training time:2.06s
[Yelp] Starting validation...
[Yelp] Elapsed validation time:2.35s
[Yelp] [Epoch=002] Train Loss=[QuantLoss=0.00054]Val loss = [QuantLoss=0.11800][QuantReg:0.00570][saved best model in this epoch]
[Yelp] Starting epoch 3...
[Yelp] Elapsed training time:2.04s
[Yelp] Starting validation...
[Yelp] Elapsed validation time:2.48s
[Yelp] [Epoch=003] Train Loss=[QuantLoss=0.00078]Val loss = [QuantLoss=0.19636][QuantReg:0.00648]
[Yelp] Starting epoch 4...
[Yelp] Elapsed training time:1.95s
[Yelp] Starting validation...
[Yelp] Elapsed validation time:2.41s
[Yelp] [Epoch=004] Train Loss=[QuantLoss=0.00051]Val loss = [QuantLoss=0.18349][QuantReg:0.00678]
[Yelp] Starting epoch 5...
[Yelp] Elapsed training time:1.96s
[Yelp] Starting validation...
[Yelp] Elapsed validation time:2.47s
[Yelp] [Epoch=005] Train Loss=[QuantLoss=0.00061]Val loss = [QuantLoss=0.13041][QuantReg:0.00723]
[Yelp] Starting epoch 6...
[Yelp] Elapsed training time:2.04s
[Yelp] Starting validation...
[Yelp] Elapsed validation time:2.45s
[Yelp] [Epoch=006] Train Loss=[QuantLoss=0.00046]Val loss = [QuantLoss=0.11906][QuantReg:0.00756]
[Yelp] Starting epoch 7...
[Yelp] Elapsed training time:2.17s
[Yelp] Starting validation...
[Yelp] Elapsed validation time:2.36s
[Yelp] [Epoch=007] Train Loss=[QuantLoss=0.00049]Val loss = [QuantLoss=0.13599][QuantReg:0.00770]
[Yelp] Starting epoch 8...
[Yelp] Elapsed training time:1.98s
[Yelp] Starting validation...
[Yelp] Elapsed validation time:2.30s
[Yelp] [Epoch=008] Train Loss=[QuantLoss=0.00051]Val loss = [QuantLoss=0.12785][QuantReg:0.00782]
[Yelp] Starting epoch 9...
[Yelp] Elapsed training time:2.16s
[Yelp] Starting validation...
[Yelp] Elapsed validation time:2.40s
[Yelp] [Epoch=009] Train Loss=[QuantLoss=0.00048]Val loss = [QuantLoss=0.12094][QuantReg:0.00796]
[Yelp] Starting epoch 10...
[Yelp] Elapsed training time:1.94s
[Yelp] Starting validation...
[Yelp] Elapsed validation time:2.51s
[Yelp] [Epoch=010] Train Loss=[QuantLoss=0.00037]Val loss = [QuantLoss=0.11370][QuantReg:0.00810][saved best model in this epoch]
[Yelp] Starting epoch 11...
[Yelp] Elapsed training time:1.98s
[Yelp] Starting validation...
[Yelp] Elapsed validation time:2.48s
[Yelp] [Epoch=011] Train Loss=[QuantLoss=0.00041]Val loss = [QuantLoss=0.11153][QuantReg:0.00820][saved best model in this epoch]
[Yelp] Starting epoch 12...
[Yelp] Elapsed training time:1.93s
[Yelp] Starting validation...
[Yelp] Elapsed validation time:2.39s
[Yelp] [Epoch=012] Train Loss=[QuantLoss=0.00039]Val loss = [QuantLoss=0.10957][QuantReg:0.00826][saved best model in this epoch]
[Yelp] Starting epoch 13...
[Yelp] Elapsed training time:2.09s
[Yelp] Starting validation...
[Yelp] Elapsed validation time:2.35s
[Yelp] [Epoch=013] Train Loss=[QuantLoss=0.00043]Val loss = [QuantLoss=0.11378][QuantReg:0.00834]
[Yelp] Starting epoch 14...
[Yelp] Elapsed training time:2.14s
[Yelp] Starting validation...
[Yelp] Elapsed validation time:2.32s
[Yelp] [Epoch=014] Train Loss=[QuantLoss=0.00040]Val loss = [QuantLoss=0.11441][QuantReg:0.00831]
[Yelp] Starting epoch 15...
[Yelp] Elapsed training time:2.00s
[Yelp] Starting validation...
[Yelp] Elapsed validation time:2.29s
[Yelp] [Epoch=015] Train Loss=[QuantLoss=0.00039]Val loss = [QuantLoss=0.10719][QuantReg:0.00836][saved best model in this epoch]
[Yelp] Starting epoch 16...
[Yelp] Elapsed training time:2.16s
[Yelp] Starting validation...
[Yelp] Elapsed validation time:2.36s
[Yelp] [Epoch=016] Train Loss=[QuantLoss=0.00041]Val loss = [QuantLoss=0.11098][QuantReg:0.00840]
[Yelp] Starting epoch 17...
[Yelp] Elapsed training time:1.94s
[Yelp] Starting validation...
[Yelp] Elapsed validation time:2.48s
[Yelp] [Epoch=017] Train Loss=[QuantLoss=0.00044]Val loss = [QuantLoss=0.11037][QuantReg:0.00839]
[Yelp] Starting epoch 18...
[Yelp] Elapsed training time:1.96s
[Yelp] Starting validation...
[Yelp] Elapsed validation time:2.53s
[Yelp] [Epoch=018] Train Loss=[QuantLoss=0.00048]Val loss = [QuantLoss=0.10741][QuantReg:0.00835]
[Yelp] Starting epoch 19...
[Yelp] Elapsed training time:1.97s
[Yelp] Starting validation...
[Yelp] Elapsed validation time:2.51s
[Yelp] [Epoch=019] Train Loss=[QuantLoss=0.00042]Val loss = [QuantLoss=0.09949][QuantReg:0.00832][saved best model in this epoch]
[Yelp] Starting epoch 20...
[Yelp] Elapsed training time:1.95s
[Yelp] Starting validation...
[Yelp] Elapsed validation time:2.45s
[Yelp] [Epoch=020] Train Loss=[QuantLoss=0.00043]Val loss = [QuantLoss=0.09958][QuantReg:0.00836]
[Yelp] Starting epoch 21...
[Yelp] Elapsed training time:2.04s
[Yelp] Starting validation...
[Yelp] Elapsed validation time:2.28s
[Yelp] [Epoch=021] Train Loss=[QuantLoss=0.00044]Val loss = [QuantLoss=0.09691][QuantReg:0.00837][saved best model in this epoch]
[Yelp] Starting epoch 22...
[Yelp] Elapsed training time:2.07s
[Yelp] Starting validation...
[Yelp] Elapsed validation time:2.52s
[Yelp] [Epoch=022] Train Loss=[QuantLoss=0.00039]Val loss = [QuantLoss=0.09574][QuantReg:0.00838][saved best model in this epoch]
[Yelp] Starting epoch 23...
[Yelp] Elapsed training time:2.04s
[Yelp] Starting validation...
[Yelp] Elapsed validation time:2.48s
[Yelp] [Epoch=023] Train Loss=[QuantLoss=0.00047]Val loss = [QuantLoss=0.09547][QuantReg:0.00840][saved best model in this epoch]
[Yelp] Starting epoch 24...
[Yelp] Elapsed training time:2.28s
[Yelp] Starting validation...
[Yelp] Elapsed validation time:2.42s
[Yelp] [Epoch=024] Train Loss=[QuantLoss=0.00042]Val loss = [QuantLoss=0.10116][QuantReg:0.00845]
[Yelp] Starting epoch 25...
[Yelp] Elapsed training time:1.93s
[Yelp] Starting validation...
[Yelp] Elapsed validation time:2.38s
[Yelp] [Epoch=025] Train Loss=[QuantLoss=0.00043]Val loss = [QuantLoss=0.10593][QuantReg:0.00848]
[Yelp] Starting epoch 26...
[Yelp] Elapsed training time:2.08s
[Yelp] Starting validation...
[Yelp] Elapsed validation time:2.26s
[Yelp] [Epoch=026] Train Loss=[QuantLoss=0.00042]Val loss = [QuantLoss=0.10657][QuantReg:0.00853]
[Yelp] Starting epoch 27...
[Yelp] Elapsed training time:2.06s
[Yelp] Starting validation...
[Yelp] Elapsed validation time:2.39s
[Yelp] [Epoch=027] Train Loss=[QuantLoss=0.00039]Val loss = [QuantLoss=0.10652][QuantReg:0.00859]
[Yelp] Starting epoch 28...
[Yelp] Elapsed training time:2.24s
[Yelp] Starting validation...
[Yelp] Elapsed validation time:2.33s
[Yelp] [Epoch=028] Train Loss=[QuantLoss=0.00041]Val loss = [QuantLoss=0.10109][QuantReg:0.00855]
[Yelp] Starting epoch 29...
[Yelp] Elapsed training time:1.94s
[Yelp] Starting validation...
[Yelp] Elapsed validation time:2.26s
[Yelp] [Epoch=029] Train Loss=[QuantLoss=0.00042]Val loss = [QuantLoss=0.09990][QuantReg:0.00862]
[Yelp] Starting epoch 30...
[Yelp] Elapsed training time:2.11s
[Yelp] Starting validation...
[Yelp] Elapsed validation time:2.48s
[Yelp] [Epoch=030] Train Loss=[QuantLoss=0.00040]Val loss = [QuantLoss=0.09677][QuantReg:0.00870]
[Yelp] Starting epoch 31...
[Yelp] Elapsed training time:2.06s
[Yelp] Starting validation...
[Yelp] Elapsed validation time:2.29s
[Yelp] [Epoch=031] Train Loss=[QuantLoss=0.00041]Val loss = [QuantLoss=0.09739][QuantReg:0.00872]
[Yelp] Starting epoch 32...
[Yelp] Elapsed training time:1.99s
[Yelp] Starting validation...
[Yelp] Elapsed validation time:2.36s
[Yelp] [Epoch=032] Train Loss=[QuantLoss=0.00041]Val loss = [QuantLoss=0.09778][QuantReg:0.00877]
[Yelp] Starting epoch 33...
[Yelp] Elapsed training time:2.08s
[Yelp] Starting validation...
[Yelp] Elapsed validation time:2.58s
[Yelp] [Epoch=033] Train Loss=[QuantLoss=0.00041]Val loss = [QuantLoss=0.09295][QuantReg:0.00871][saved best model in this epoch]
[Yelp] Starting epoch 34...
[Yelp] Elapsed training time:1.96s
[Yelp] Starting validation...
[Yelp] Elapsed validation time:2.50s
[Yelp] [Epoch=034] Train Loss=[QuantLoss=0.00036]Val loss = [QuantLoss=0.09439][QuantReg:0.00878]
[Yelp] Starting epoch 35...
[Yelp] Elapsed training time:1.95s
[Yelp] Starting validation...
[Yelp] Elapsed validation time:2.28s
[Yelp] [Epoch=035] Train Loss=[QuantLoss=0.00039]Val loss = [QuantLoss=0.09589][QuantReg:0.00876]
[Yelp] Starting epoch 36...
[Yelp] Elapsed training time:2.06s
[Yelp] Starting validation...
[Yelp] Elapsed validation time:2.36s
[Yelp] [Epoch=036] Train Loss=[QuantLoss=0.00034]Val loss = [QuantLoss=0.09654][QuantReg:0.00874]
[Yelp] Starting epoch 37...
[Yelp] Elapsed training time:2.04s
[Yelp] Starting validation...
[Yelp] Elapsed validation time:2.29s
[Yelp] [Epoch=037] Train Loss=[QuantLoss=0.00044]Val loss = [QuantLoss=0.09764][QuantReg:0.00874]
[Yelp] Starting epoch 38...
[Yelp] Elapsed training time:2.03s
[Yelp] Starting validation...
[Yelp] Elapsed validation time:2.42s
[Yelp] [Epoch=038] Train Loss=[QuantLoss=0.00045]Val loss = [QuantLoss=0.10130][QuantReg:0.00868]
[Yelp] Starting epoch 39...
[Yelp] Elapsed training time:2.14s
[Yelp] Starting validation...
[Yelp] Elapsed validation time:2.40s
[Yelp] [Epoch=039] Train Loss=[QuantLoss=0.00048]Val loss = [QuantLoss=0.10151][QuantReg:0.00863]
[Yelp] Starting epoch 40...
[Yelp] Elapsed training time:1.94s
[Yelp] Starting validation...
[Yelp] Elapsed validation time:2.35s
[Yelp] [Epoch=040] Train Loss=[QuantLoss=0.00041]Val loss = [QuantLoss=0.09417][QuantReg:0.00855]
[Yelp] Starting epoch 41...
[Yelp] Elapsed training time:2.08s
[Yelp] Starting validation...
[Yelp] Elapsed validation time:2.48s
[Yelp] [Epoch=041] Train Loss=[QuantLoss=0.00037]Val loss = [QuantLoss=0.09913][QuantReg:0.00859]
[Yelp] Starting epoch 42...
[Yelp] Elapsed training time:2.13s
[Yelp] Starting validation...
[Yelp] Elapsed validation time:2.56s
[Yelp] [Epoch=042] Train Loss=[QuantLoss=0.00037]Val loss = [QuantLoss=0.09553][QuantReg:0.00861]
[Yelp] Starting epoch 43...
[Yelp] Elapsed training time:1.97s
[Yelp] Starting validation...
[Yelp] Elapsed validation time:2.46s
[Yelp] [Epoch=043] Train Loss=[QuantLoss=0.00041]Val loss = [QuantLoss=0.09309][QuantReg:0.00865]
[Yelp] Starting epoch 44...
[Yelp] Elapsed training time:2.03s
[Yelp] Starting validation...
[Yelp] Elapsed validation time:2.45s
[Yelp] [Epoch=044] Train Loss=[QuantLoss=0.00040]Val loss = [QuantLoss=0.09565][QuantReg:0.00866]
[Yelp] Starting epoch 45...
[Yelp] Elapsed training time:2.03s
[Yelp] Starting validation...
[Yelp] Elapsed validation time:2.61s
[Yelp] [Epoch=045] Train Loss=[QuantLoss=0.00043]Val loss = [QuantLoss=0.09128][QuantReg:0.00867][saved best model in this epoch]
[Yelp] Starting epoch 46...
[Yelp] Elapsed training time:1.94s
[Yelp] Starting validation...
[Yelp] Elapsed validation time:2.26s
[Yelp] [Epoch=046] Train Loss=[QuantLoss=0.00051]Val loss = [QuantLoss=0.10277][QuantReg:0.00865]
[Yelp] Starting epoch 47...
[Yelp] Elapsed training time:1.95s
[Yelp] Starting validation...
[Yelp] Elapsed validation time:2.53s
[Yelp] [Epoch=047] Train Loss=[QuantLoss=0.00040]Val loss = [QuantLoss=0.09467][QuantReg:0.00863]
[Yelp] Starting epoch 48...
[Yelp] Elapsed training time:2.05s
[Yelp] Starting validation...
[Yelp] Elapsed validation time:2.42s
[Yelp] [Epoch=048] Train Loss=[QuantLoss=0.00046]Val loss = [QuantLoss=0.09774][QuantReg:0.00866]
[Yelp] Starting epoch 49...
[Yelp] Elapsed training time:2.09s
[Yelp] Starting validation...
[Yelp] Elapsed validation time:2.40s
[Yelp] [Epoch=049] Train Loss=[QuantLoss=0.00042]Val loss = [QuantLoss=0.09532][QuantReg:0.00865]
[Yelp] Starting epoch 50...
[Yelp] Elapsed training time:1.93s
[Yelp] Starting validation...
[Yelp] Elapsed validation time:2.40s
[Yelp] [Epoch=050] Train Loss=[QuantLoss=0.00042]Val loss = [QuantLoss=0.09862][QuantReg:0.00865]
[Yelp] Starting epoch 51...
[Yelp] Elapsed training time:2.05s
[Yelp] Starting validation...
[Yelp] Elapsed validation time:2.40s
[Yelp] [Epoch=051] Train Loss=[QuantLoss=0.00045]Val loss = [QuantLoss=0.09107][QuantReg:0.00863][saved best model in this epoch]
[Yelp] Starting epoch 52...
[Yelp] Elapsed training time:2.12s
[Yelp] Starting validation...
[Yelp] Elapsed validation time:2.47s
[Yelp] [Epoch=052] Train Loss=[QuantLoss=0.00046]Val loss = [QuantLoss=0.09944][QuantReg:0.00869]
[Yelp] Starting epoch 53...
[Yelp] Elapsed training time:2.05s
[Yelp] Starting validation...
[Yelp] Elapsed validation time:2.39s
[Yelp] [Epoch=053] Train Loss=[QuantLoss=0.00045]Val loss = [QuantLoss=0.08868][QuantReg:0.00861][saved best model in this epoch]
[Yelp] Starting epoch 54...
[Yelp] Elapsed training time:2.18s
[Yelp] Starting validation...
[Yelp] Elapsed validation time:2.43s
[Yelp] [Epoch=054] Train Loss=[QuantLoss=0.00036]Val loss = [QuantLoss=0.08843][QuantReg:0.00858][saved best model in this epoch]
[Yelp] Starting epoch 55...
[Yelp] Elapsed training time:2.21s
[Yelp] Starting validation...
[Yelp] Elapsed validation time:2.25s
[Yelp] [Epoch=055] Train Loss=[QuantLoss=0.00037]Val loss = [QuantLoss=0.09027][QuantReg:0.00857]
[Yelp] Starting epoch 56...
[Yelp] Elapsed training time:2.16s
[Yelp] Starting validation...
[Yelp] Elapsed validation time:2.35s
[Yelp] [Epoch=056] Train Loss=[QuantLoss=0.00044]Val loss = [QuantLoss=0.08972][QuantReg:0.00858]
[Yelp] Starting epoch 57...
[Yelp] Elapsed training time:2.05s
[Yelp] Starting validation...
[Yelp] Elapsed validation time:2.55s
[Yelp] [Epoch=057] Train Loss=[QuantLoss=0.00044]Val loss = [QuantLoss=0.09097][QuantReg:0.00853]
[Yelp] Starting epoch 58...
[Yelp] Elapsed training time:2.17s
[Yelp] Starting validation...
[Yelp] Elapsed validation time:2.42s
[Yelp] [Epoch=058] Train Loss=[QuantLoss=0.00046]Val loss = [QuantLoss=0.08861][QuantReg:0.00847]
[Yelp] Starting epoch 59...
[Yelp] Elapsed training time:2.02s
[Yelp] Starting validation...
[Yelp] Elapsed validation time:2.54s
[Yelp] [Epoch=059] Train Loss=[QuantLoss=0.00044]Val loss = [QuantLoss=0.09524][QuantReg:0.00849]
[Yelp] Starting epoch 60...
[Yelp] Elapsed training time:2.03s
[Yelp] Starting validation...
[Yelp] Elapsed validation time:2.34s
[Yelp] [Epoch=060] Train Loss=[QuantLoss=0.00046]Val loss = [QuantLoss=0.09107][QuantReg:0.00841]
[Yelp] Starting epoch 61...
[Yelp] Elapsed training time:2.11s
[Yelp] Starting validation...
[Yelp] Elapsed validation time:2.46s
[Yelp] [Epoch=061] Train Loss=[QuantLoss=0.00045]Val loss = [QuantLoss=0.09246][QuantReg:0.00839]
[Yelp] Starting epoch 62...
[Yelp] Elapsed training time:2.08s
[Yelp] Starting validation...
[Yelp] Elapsed validation time:2.41s
[Yelp] [Epoch=062] Train Loss=[QuantLoss=0.00042]Val loss = [QuantLoss=0.09078][QuantReg:0.00837]
[Yelp] Starting epoch 63...
[Yelp] Elapsed training time:2.10s
[Yelp] Starting validation...
[Yelp] Elapsed validation time:2.41s
[Yelp] [Epoch=063] Train Loss=[QuantLoss=0.00036]Val loss = [QuantLoss=0.09621][QuantReg:0.00833]
[Yelp] Starting epoch 64...
[Yelp] Elapsed training time:1.96s
[Yelp] Starting validation...
[Yelp] Elapsed validation time:2.43s
[Yelp] [Epoch=064] Train Loss=[QuantLoss=0.00038]Val loss = [QuantLoss=0.09427][QuantReg:0.00842]
[Yelp] Starting epoch 65...
[Yelp] Elapsed training time:1.97s
[Yelp] Starting validation...
[Yelp] Elapsed validation time:2.37s
[Yelp] [Epoch=065] Train Loss=[QuantLoss=0.00042]Val loss = [QuantLoss=0.09960][QuantReg:0.00842]
[Yelp] Starting epoch 66...
[Yelp] Elapsed training time:2.11s
[Yelp] Starting validation...
[Yelp] Elapsed validation time:2.57s
[Yelp] [Epoch=066] Train Loss=[QuantLoss=0.00046]Val loss = [QuantLoss=0.09758][QuantReg:0.00839]
[Yelp] Starting epoch 67...
[Yelp] Elapsed training time:2.22s
[Yelp] Starting validation...
[Yelp] Elapsed validation time:2.53s
[Yelp] [Epoch=067] Train Loss=[QuantLoss=0.00045]Val loss = [QuantLoss=0.10243][QuantReg:0.00839]
[Yelp] Starting epoch 68...
[Yelp] Elapsed training time:1.95s
[Yelp] Starting validation...
[Yelp] Elapsed validation time:2.27s
[Yelp] [Epoch=068] Train Loss=[QuantLoss=0.00044]Val loss = [QuantLoss=0.10108][QuantReg:0.00840]
[Yelp] Starting epoch 69...
[Yelp] Elapsed training time:2.00s
[Yelp] Starting validation...
[Yelp] Elapsed validation time:2.43s
[Yelp] [Epoch=069] Train Loss=[QuantLoss=0.00037]Val loss = [QuantLoss=0.10025][QuantReg:0.00842]
[Yelp] Starting epoch 70...
[Yelp] Elapsed training time:2.00s
[Yelp] Starting validation...
[Yelp] Elapsed validation time:2.36s
[Yelp] [Epoch=070] Train Loss=[QuantLoss=0.00049]Val loss = [QuantLoss=0.09372][QuantReg:0.00837]
[Yelp] Starting epoch 71...
[Yelp] Elapsed training time:2.01s
[Yelp] Starting validation...
[Yelp] Elapsed validation time:2.35s
[Yelp] [Epoch=071] Train Loss=[QuantLoss=0.00046]Val loss = [QuantLoss=0.09816][QuantReg:0.00844]
[Yelp] Starting epoch 72...
[Yelp] Elapsed training time:2.01s
[Yelp] Starting validation...
[Yelp] Elapsed validation time:2.45s
[Yelp] [Epoch=072] Train Loss=[QuantLoss=0.00044]Val loss = [QuantLoss=0.09034][QuantReg:0.00846]
[Yelp] Starting epoch 73...
[Yelp] Elapsed training time:1.95s
[Yelp] Starting validation...
[Yelp] Elapsed validation time:2.33s
[Yelp] [Epoch=073] Train Loss=[QuantLoss=0.00038]Val loss = [QuantLoss=0.08706][QuantReg:0.00845][saved best model in this epoch]
[Yelp] Starting epoch 74...
[Yelp] Elapsed training time:1.94s
[Yelp] Starting validation...
[Yelp] Elapsed validation time:2.38s
[Yelp] [Epoch=074] Train Loss=[QuantLoss=0.00046]Val loss = [QuantLoss=0.08993][QuantReg:0.00847]
[Yelp] Starting epoch 75...
[Yelp] Elapsed training time:2.20s
[Yelp] Starting validation...
[Yelp] Elapsed validation time:2.51s
[Yelp] [Epoch=075] Train Loss=[QuantLoss=0.00045]Val loss = [QuantLoss=0.08820][QuantReg:0.00843]
[Yelp] Starting epoch 76...
[Yelp] Elapsed training time:2.09s
[Yelp] Starting validation...
[Yelp] Elapsed validation time:2.36s
[Yelp] [Epoch=076] Train Loss=[QuantLoss=0.00040]Val loss = [QuantLoss=0.08963][QuantReg:0.00844]
[Yelp] Starting epoch 77...
[Yelp] Elapsed training time:2.08s
[Yelp] Starting validation...
[Yelp] Elapsed validation time:2.48s
[Yelp] [Epoch=077] Train Loss=[QuantLoss=0.00044]Val loss = [QuantLoss=0.08793][QuantReg:0.00840]
[Yelp] Starting epoch 78...
[Yelp] Elapsed training time:2.02s
[Yelp] Starting validation...
[Yelp] Elapsed validation time:2.39s
[Yelp] [Epoch=078] Train Loss=[QuantLoss=0.00044]Val loss = [QuantLoss=0.08984][QuantReg:0.00841]
[Yelp] Starting epoch 79...
[Yelp] Elapsed training time:2.18s
[Yelp] Starting validation...
[Yelp] Elapsed validation time:2.41s
[Yelp] [Epoch=079] Train Loss=[QuantLoss=0.00040]Val loss = [QuantLoss=0.08629][QuantReg:0.00835][saved best model in this epoch]
[Yelp] Starting epoch 80...
[Yelp] Elapsed training time:1.95s
[Yelp] Starting validation...
[Yelp] Elapsed validation time:2.27s
[Yelp] [Epoch=080] Train Loss=[QuantLoss=0.00040]Val loss = [QuantLoss=0.09078][QuantReg:0.00837]
[Yelp] Starting epoch 81...
[Yelp] Elapsed training time:2.04s
[Yelp] Starting validation...
[Yelp] Elapsed validation time:2.31s
[Yelp] [Epoch=081] Train Loss=[QuantLoss=0.00038]Val loss = [QuantLoss=0.08158][QuantReg:0.00833][saved best model in this epoch]
[Yelp] Starting epoch 82...
[Yelp] Elapsed training time:2.06s
[Yelp] Starting validation...
[Yelp] Elapsed validation time:2.30s
[Yelp] [Epoch=082] Train Loss=[QuantLoss=0.00036]Val loss = [QuantLoss=0.09383][QuantReg:0.00831]
[Yelp] Starting epoch 83...
[Yelp] Elapsed training time:2.04s
[Yelp] Starting validation...
[Yelp] Elapsed validation time:2.28s
[Yelp] [Epoch=083] Train Loss=[QuantLoss=0.00044]Val loss = [QuantLoss=0.08639][QuantReg:0.00832]
[Yelp] Starting epoch 84...
[Yelp] Elapsed training time:1.94s
[Yelp] Starting validation...
[Yelp] Elapsed validation time:2.59s
[Yelp] [Epoch=084] Train Loss=[QuantLoss=0.00038]Val loss = [QuantLoss=0.09487][QuantReg:0.00828]
[Yelp] Starting epoch 85...
[Yelp] Elapsed training time:2.08s
[Yelp] Starting validation...
[Yelp] Elapsed validation time:2.59s
[Yelp] [Epoch=085] Train Loss=[QuantLoss=0.00044]Val loss = [QuantLoss=0.09158][QuantReg:0.00823]
[Yelp] Starting epoch 86...
[Yelp] Elapsed training time:2.11s
[Yelp] Starting validation...
[Yelp] Elapsed validation time:2.59s
[Yelp] [Epoch=086] Train Loss=[QuantLoss=0.00035]Val loss = [QuantLoss=0.08662][QuantReg:0.00826]
[Yelp] Starting epoch 87...
[Yelp] Elapsed training time:1.96s
[Yelp] Starting validation...
[Yelp] Elapsed validation time:2.32s
[Yelp] [Epoch=087] Train Loss=[QuantLoss=0.00043]Val loss = [QuantLoss=0.08238][QuantReg:0.00825]
[Yelp] Starting epoch 88...
[Yelp] Elapsed training time:1.94s
[Yelp] Starting validation...
[Yelp] Elapsed validation time:2.30s
[Yelp] [Epoch=088] Train Loss=[QuantLoss=0.00044]Val loss = [QuantLoss=0.08734][QuantReg:0.00821]
[Yelp] Starting epoch 89...
[Yelp] Elapsed training time:1.99s
[Yelp] Starting validation...
[Yelp] Elapsed validation time:2.45s
[Yelp] [Epoch=089] Train Loss=[QuantLoss=0.00037]Val loss = [QuantLoss=0.08469][QuantReg:0.00818]
[Yelp] Starting epoch 90...
[Yelp] Elapsed training time:1.95s
[Yelp] Starting validation...
[Yelp] Elapsed validation time:2.27s
[Yelp] [Epoch=090] Train Loss=[QuantLoss=0.00035]Val loss = [QuantLoss=0.09006][QuantReg:0.00818]
[Yelp] Starting epoch 91...
[Yelp] Elapsed training time:1.92s
[Yelp] Starting validation...
[Yelp] Elapsed validation time:2.52s
[Yelp] [Epoch=091] Train Loss=[QuantLoss=0.00045]Val loss = [QuantLoss=0.08970][QuantReg:0.00816]
[Yelp] Starting epoch 92...
[Yelp] Elapsed training time:2.04s
[Yelp] Starting validation...
[Yelp] Elapsed validation time:2.29s
[Yelp] [Epoch=092] Train Loss=[QuantLoss=0.00038]Val loss = [QuantLoss=0.08147][QuantReg:0.00820][saved best model in this epoch]
[Yelp] Starting epoch 93...
[Yelp] Elapsed training time:1.94s
[Yelp] Starting validation...
[Yelp] Elapsed validation time:2.41s
[Yelp] [Epoch=093] Train Loss=[QuantLoss=0.00037]Val loss = [QuantLoss=0.08613][QuantReg:0.00819]
[Yelp] Starting epoch 94...
[Yelp] Elapsed training time:2.12s
[Yelp] Starting validation...
[Yelp] Elapsed validation time:2.61s
[Yelp] [Epoch=094] Train Loss=[QuantLoss=0.00039]Val loss = [QuantLoss=0.08143][QuantReg:0.00820][saved best model in this epoch]
[Yelp] Starting epoch 95...
[Yelp] Elapsed training time:2.19s
[Yelp] Starting validation...
[Yelp] Elapsed validation time:2.44s
[Yelp] [Epoch=095] Train Loss=[QuantLoss=0.00044]Val loss = [QuantLoss=0.08800][QuantReg:0.00819]
[Yelp] Starting epoch 96...
[Yelp] Elapsed training time:1.94s
[Yelp] Starting validation...
[Yelp] Elapsed validation time:2.53s
[Yelp] [Epoch=096] Train Loss=[QuantLoss=0.00042]Val loss = [QuantLoss=0.08919][QuantReg:0.00820]
[Yelp] Starting epoch 97...
[Yelp] Elapsed training time:1.95s
[Yelp] Starting validation...
[Yelp] Elapsed validation time:2.31s
[Yelp] [Epoch=097] Train Loss=[QuantLoss=0.00037]Val loss = [QuantLoss=0.08774][QuantReg:0.00820]
[Yelp] Starting epoch 98...
[Yelp] Elapsed training time:2.18s
[Yelp] Starting validation...
[Yelp] Elapsed validation time:2.41s
[Yelp] [Epoch=098] Train Loss=[QuantLoss=0.00039]Val loss = [QuantLoss=0.09102][QuantReg:0.00818]
[Yelp] Starting epoch 99...
[Yelp] Elapsed training time:2.15s
[Yelp] Starting validation...
[Yelp] Elapsed validation time:2.39s
[Yelp] [Epoch=099] Train Loss=[QuantLoss=0.00035]Val loss = [QuantLoss=0.08671][QuantReg:0.00811]
[Yelp] Starting epoch 100...
[Yelp] Elapsed training time:2.08s
[Yelp] Starting validation...
[Yelp] Elapsed validation time:2.26s
[Yelp] [Epoch=100] Train Loss=[QuantLoss=0.00041]Val loss = [QuantLoss=0.09442][QuantReg:0.00813]
[Yelp] Starting epoch 101...
[Yelp] Elapsed training time:2.26s
[Yelp] Starting validation...
[Yelp] Elapsed validation time:2.31s
[Yelp] [Epoch=101] Train Loss=[QuantLoss=0.00043]Val loss = [QuantLoss=0.09093][QuantReg:0.00811]
[Yelp] Starting epoch 102...
[Yelp] Elapsed training time:2.12s
[Yelp] Starting validation...
[Yelp] Elapsed validation time:2.28s
[Yelp] [Epoch=102] Train Loss=[QuantLoss=0.00040]Val loss = [QuantLoss=0.08796][QuantReg:0.00815]
[Yelp] Starting epoch 103...
[Yelp] Elapsed training time:1.94s
[Yelp] Starting validation...
[Yelp] Elapsed validation time:2.53s
[Yelp] [Epoch=103] Train Loss=[QuantLoss=0.00038]Val loss = [QuantLoss=0.08723][QuantReg:0.00816]
[Yelp] Starting epoch 104...
[Yelp] Elapsed training time:2.25s
[Yelp] Starting validation...
[Yelp] Elapsed validation time:2.54s
[Yelp] [Epoch=104] Train Loss=[QuantLoss=0.00047]Val loss = [QuantLoss=0.08666][QuantReg:0.00819]
[Yelp] Starting epoch 105...
[Yelp] Elapsed training time:2.05s
[Yelp] Starting validation...
[Yelp] Elapsed validation time:2.46s
[Yelp] [Epoch=105] Train Loss=[QuantLoss=0.00041]Val loss = [QuantLoss=0.08431][QuantReg:0.00824]
[Yelp] Starting epoch 106...
[Yelp] Elapsed training time:2.25s
[Yelp] Starting validation...
[Yelp] Elapsed validation time:2.37s
[Yelp] [Epoch=106] Train Loss=[QuantLoss=0.00038]Val loss = [QuantLoss=0.08466][QuantReg:0.00823]
[Yelp] Starting epoch 107...
[Yelp] Elapsed training time:2.02s
[Yelp] Starting validation...
[Yelp] Elapsed validation time:2.53s
[Yelp] [Epoch=107] Train Loss=[QuantLoss=0.00035]Val loss = [QuantLoss=0.09042][QuantReg:0.00824]
[Yelp] Starting epoch 108...
[Yelp] Elapsed training time:2.11s
[Yelp] Starting validation...
[Yelp] Elapsed validation time:2.57s
[Yelp] [Epoch=108] Train Loss=[QuantLoss=0.00037]Val loss = [QuantLoss=0.08296][QuantReg:0.00827]
[Yelp] Starting epoch 109...
[Yelp] Elapsed training time:2.19s
[Yelp] Starting validation...
[Yelp] Elapsed validation time:2.26s
[Yelp] [Epoch=109] Train Loss=[QuantLoss=0.00043]Val loss = [QuantLoss=0.08601][QuantReg:0.00825]
[Yelp] Starting epoch 110...
[Yelp] Elapsed training time:1.94s
[Yelp] Starting validation...
[Yelp] Elapsed validation time:2.47s
[Yelp] [Epoch=110] Train Loss=[QuantLoss=0.00042]Val loss = [QuantLoss=0.08811][QuantReg:0.00820]
[Yelp] Starting epoch 111...
[Yelp] Elapsed training time:1.96s
[Yelp] Starting validation...
[Yelp] Elapsed validation time:2.35s
[Yelp] [Epoch=111] Train Loss=[QuantLoss=0.00042]Val loss = [QuantLoss=0.08593][QuantReg:0.00816]
[Yelp] Starting epoch 112...
[Yelp] Elapsed training time:1.93s
[Yelp] Starting validation...
[Yelp] Elapsed validation time:2.30s
[Yelp] [Epoch=112] Train Loss=[QuantLoss=0.00039]Val loss = [QuantLoss=0.08388][QuantReg:0.00824]
[Yelp] Starting epoch 113...
[Yelp] Elapsed training time:2.38s
[Yelp] Starting validation...
[Yelp] Elapsed validation time:2.36s
[Yelp] [Epoch=113] Train Loss=[QuantLoss=0.00033]Val loss = [QuantLoss=0.08161][QuantReg:0.00813]
[Yelp] Starting epoch 114...
[Yelp] Elapsed training time:2.17s
[Yelp] Starting validation...
[Yelp] Elapsed validation time:2.26s
[Yelp] [Epoch=114] Train Loss=[QuantLoss=0.00046]Val loss = [QuantLoss=0.08698][QuantReg:0.00810]
[Yelp] Starting epoch 115...
[Yelp] Elapsed training time:2.09s
[Yelp] Starting validation...
[Yelp] Elapsed validation time:2.41s
[Yelp] [Epoch=115] Train Loss=[QuantLoss=0.00038]Val loss = [QuantLoss=0.09030][QuantReg:0.00809]
[Yelp] Starting epoch 116...
[Yelp] Elapsed training time:2.15s
[Yelp] Starting validation...
[Yelp] Elapsed validation time:2.32s
[Yelp] [Epoch=116] Train Loss=[QuantLoss=0.00044]Val loss = [QuantLoss=0.09049][QuantReg:0.00802]
[Yelp] Starting epoch 117...
[Yelp] Elapsed training time:1.94s
[Yelp] Starting validation...
[Yelp] Elapsed validation time:2.28s
[Yelp] [Epoch=117] Train Loss=[QuantLoss=0.00040]Val loss = [QuantLoss=0.08483][QuantReg:0.00808]
[Yelp] Starting epoch 118...
[Yelp] Elapsed training time:2.11s
[Yelp] Starting validation...
[Yelp] Elapsed validation time:2.30s
[Yelp] [Epoch=118] Train Loss=[QuantLoss=0.00041]Val loss = [QuantLoss=0.08497][QuantReg:0.00805]
[Yelp] Starting epoch 119...
[Yelp] Elapsed training time:2.02s
[Yelp] Starting validation...
[Yelp] Elapsed validation time:2.31s
[Yelp] [Epoch=119] Train Loss=[QuantLoss=0.00033]Val loss = [QuantLoss=0.08707][QuantReg:0.00808]
[Yelp] Starting epoch 120...
[Yelp] Elapsed training time:2.00s
[Yelp] Starting validation...
[Yelp] Elapsed validation time:2.60s
[Yelp] [Epoch=120] Train Loss=[QuantLoss=0.00041]Val loss = [QuantLoss=0.09345][QuantReg:0.00809]
[Yelp] Starting epoch 121...
[Yelp] Elapsed training time:2.13s
[Yelp] Starting validation...
[Yelp] Elapsed validation time:2.29s
[Yelp] [Epoch=121] Train Loss=[QuantLoss=0.00040]Val loss = [QuantLoss=0.08583][QuantReg:0.00810]
[Yelp] Starting epoch 122...
[Yelp] Elapsed training time:2.08s
[Yelp] Starting validation...
[Yelp] Elapsed validation time:2.42s
[Yelp] [Epoch=122] Train Loss=[QuantLoss=0.00034]Val loss = [QuantLoss=0.08652][QuantReg:0.00811]
[Yelp] Starting epoch 123...
[Yelp] Elapsed training time:2.01s
[Yelp] Starting validation...
[Yelp] Elapsed validation time:2.26s
[Yelp] [Epoch=123] Train Loss=[QuantLoss=0.00041]Val loss = [QuantLoss=0.08698][QuantReg:0.00804]
[Yelp] Starting epoch 124...
[Yelp] Elapsed training time:2.07s
[Yelp] Starting validation...
[Yelp] Elapsed validation time:2.32s
[Yelp] [Epoch=124] Train Loss=[QuantLoss=0.00041]Val loss = [QuantLoss=0.08179][QuantReg:0.00806]
[Yelp] Starting epoch 125...
[Yelp] Elapsed training time:2.03s
[Yelp] Starting validation...
[Yelp] Elapsed validation time:2.26s
[Yelp] [Epoch=125] Train Loss=[QuantLoss=0.00040]Val loss = [QuantLoss=0.08438][QuantReg:0.00803]
[Yelp] Starting epoch 126...
[Yelp] Elapsed training time:2.06s
[Yelp] Starting validation...
[Yelp] Elapsed validation time:2.27s
[Yelp] [Epoch=126] Train Loss=[QuantLoss=0.00038]Val loss = [QuantLoss=0.08626][QuantReg:0.00810]
[Yelp] Starting epoch 127...
[Yelp] Elapsed training time:2.03s
[Yelp] Starting validation...
[Yelp] Elapsed validation time:2.36s
[Yelp] [Epoch=127] Train Loss=[QuantLoss=0.00036]Val loss = [QuantLoss=0.08607][QuantReg:0.00807]
[Yelp] Starting epoch 128...
[Yelp] Elapsed training time:2.28s
[Yelp] Starting validation...
[Yelp] Elapsed validation time:2.60s
[Yelp] [Epoch=128] Train Loss=[QuantLoss=0.00040]Val loss = [QuantLoss=0.08571][QuantReg:0.00801]
[Yelp] Starting epoch 129...
[Yelp] Elapsed training time:2.19s
[Yelp] Starting validation...
[Yelp] Elapsed validation time:2.49s
[Yelp] [Epoch=129] Train Loss=[QuantLoss=0.00040]Val loss = [QuantLoss=0.08639][QuantReg:0.00804]
[Yelp] Starting epoch 130...
[Yelp] Elapsed training time:2.01s
[Yelp] Starting validation...
[Yelp] Elapsed validation time:2.39s
[Yelp] [Epoch=130] Train Loss=[QuantLoss=0.00036]Val loss = [QuantLoss=0.08950][QuantReg:0.00806]
[Yelp] Starting epoch 131...
[Yelp] Elapsed training time:2.05s
[Yelp] Starting validation...
[Yelp] Elapsed validation time:2.42s
[Yelp] [Epoch=131] Train Loss=[QuantLoss=0.00041]Val loss = [QuantLoss=0.08258][QuantReg:0.00803]
[Yelp] Starting epoch 132...
[Yelp] Elapsed training time:2.03s
[Yelp] Starting validation...
[Yelp] Elapsed validation time:2.47s
[Yelp] [Epoch=132] Train Loss=[QuantLoss=0.00040]Val loss = [QuantLoss=0.08611][QuantReg:0.00810]
[Yelp] Starting epoch 133...
[Yelp] Elapsed training time:2.01s
[Yelp] Starting validation...
[Yelp] Elapsed validation time:2.26s
[Yelp] [Epoch=133] Train Loss=[QuantLoss=0.00034]Val loss = [QuantLoss=0.08936][QuantReg:0.00810]
[Yelp] Starting epoch 134...
[Yelp] Elapsed training time:2.02s
[Yelp] Starting validation...
[Yelp] Elapsed validation time:2.56s
[Yelp] [Epoch=134] Train Loss=[QuantLoss=0.00041]Val loss = [QuantLoss=0.08492][QuantReg:0.00803]
[Yelp] Starting epoch 135...
[Yelp] Elapsed training time:2.24s
[Yelp] Starting validation...
[Yelp] Elapsed validation time:2.35s
[Yelp] [Epoch=135] Train Loss=[QuantLoss=0.00040]Val loss = [QuantLoss=0.08860][QuantReg:0.00812]
[Yelp] Starting epoch 136...
[Yelp] Elapsed training time:2.13s
[Yelp] Starting validation...
[Yelp] Elapsed validation time:2.45s
[Yelp] [Epoch=136] Train Loss=[QuantLoss=0.00039]Val loss = [QuantLoss=0.08559][QuantReg:0.00807]
[Yelp] Early stopping in epoch 136!
[Yelp] Restoring best model...
MAE médio: 0.1117 ± 0.0623
Tempo de execução (L1 easiest): 624 segundos.
Tempo total de execução: 6060 segundos.
=== Todas as execuções do Yelp foram concluídas. ===
